id,drain,shotRepeat,multi,weaponAnimation,max,tx,ty,aim,attack,del,sx,sy,bx,by,sg,acceleration,accelerationX,circleSize,sound,trail,shipBlastFilter
0,0,0,0,0,0,0,0,0,0|0|0|0|0|0|0|0,0|0|0|0|0|0|0|0,0|0|0|0|0|0|0|0,0|0|0|0|0|0|0|0,0|0|0|0|0|0|0|0,0|0|0|0|0|0|0|0,0|0|0|0|0|0|0|0,0,0,0,0,255,240
1,10,5,1,0,1,0,0,0,1|0|0|0|0|0|0|0,255|0|0|0|0|0|0|0,0|0|0|0|0|0|0|0,12|0|0|0|0|0|0|0,0|0|0|0|0|0|0|0,0|0|0|0|0|0|0|0,67|0|0|0|0|0|0|0,0,0,0,28,255,208
2,0,7,3,0,3,0,0,0,1|1|1|0|0|0|0|0,255|255|255|0|0|0|0|0,-6|-5|0|0|0|0|0|0,0|5|6|0|0|0|0|0,-6|-6|14|0|0|0|0|0,0|20|28|0|0|0|0|0,227|227|227|0|0|0|0|0,0,0,0,26,255,208
3,0,7,3,0,3,0,0,0,1|1|1|0|0|0|0|0,255|255|255|0|0|0|0|0,6|5|0|0|0|0|0|0,0|5|6|0|0|0|0|0,6|6|-14|0|0|0|0|0,0|20|28|0|0|0|0|0,227|227|227|0|0|0|0|0,0,0,0,26,255,208
4,0,6,7,0,7,0,0,0,2|2|3|2|2|2|3|0,255|255|255|255|255|255|255|0,-2|2|1|-1|1|-1|0|0,2|2|1|1|2|2|3|0,0|0|0|0|0|0|0|0,0|0|0|0|0|0|0|0,244|244|244|244|244|244|244|0,0,0,0,26,255,208
5,20,5,1,0,1,0,0,0,2|0|0|0|0|0|0|0,255|0|0|0|0|0|0|0,0|0|0|0|0|0|0|0,12|0|0|0|0|0|0|0,0|0|0|0|0|0|0|0,0|0|0|0|0|0|0|0,245|0|0|0|0|0|0|0,0,0,0,28,255,208
6,10,1,1,2,1,0,0,5,3|0|0|0|0|0|0|0,255|0|0|0|0|0|0|0,0|0|0|0|0|0|0|0,0|0|0|0|0|0|0|0,0|0|0|0|0|0|0|0,0|0|0|0|0|0|0|0,112|0|0|0|0|0|0|0,0,0,0,13,255,208
7,10,1,1,2,1,0,0,4,1|0|0|0|0|0|0|0,255|0|0|0|0|0|0|0,0|0|0|0|0|0|0|0,0|0|0|0|0|0|0|0,0|0|0|0|0|0|0|0,0|0|0|0|0|0|0|0,112|0|0|0|0|0|0|0,0,0,0,13,255,208
8,10,1,1,2,1,0,0,3,1|0|0|0|0|0|0|0,255|0|0|0|0|0|0|0,0|0|0|0|0|0|0|0,0|0|0|0|0|0|0|0,0|0|0|0|0|0|0|0,0|0|0|0|0|0|0|0,112|0|0|0|0|0|0|0,0,0,0,13,255,208
9,30,4,1,0,1,0,0,0,3|0|0|0|0|0|0|0,255|0|0|0|0|0|0|0,0|0|0|0|0|0|0|0,6|0|0|0|0|0|0|0,0|0|0|0|0|0|0|0,0|0|0|0|0|0|0|0,60|0|0|0|0|0|0|0,0,0,0,28,255,208
10,120,3,4,0,4,0,0,0,3|3|3|3|0|0|0|0,255|255|255|255|0|0|0|0,-3|3|-3|3|0|0|0|0,3|3|-3|-3|0|0|0|0,0|0|0|0|0|0|0|0,0|0|0|0|0|0|0|0,302|0|0|0|0|0|0|0,0,0,0,1,255,208
11,30,2,1,0,1,0,0,0,2|0|0|0|0|0|0|0,255|0|0|0|0|0|0|0,0|0|0|0|0|0|0|0,20|0|0|0|0|0|0|0,0|0|0|0|0|0|0|0,0|0|0|0|0|0|0|0,148|0|0|0|0|0|0|0,-1,0,0,28,255,208
12,0,0,1,0,1,0,0,0,2|0|0|0|0|0|0|0,8|0|0|0|0|0|0|0,0|0|0|0|0|0|0|0,-1|0|0|0|0|0|0|0,0|0|0|0|0|0|0|0,0|0|0|0|0|0|0|0,20|0|0|0|0|0|0|0,0,0,0,9,1,112
13,0,0,8,0,8,0,0,0,1|1|2|1|2|1|1|1,8|8|8|8|8|8|8|8,0|0|3|5|-3|-5|-6|6,2|-2|0|0|0|0|0|0,0|0|0|4|0|-4|-4|4,0|0|0|0|0|0|0|0,21|21|21|20|21|20|20|20,0,0,0,12,1,112
14,0,0,8,0,8,0,0,0,1|1|1|1|2|2|2|2,8|8|8|8|8|8|8|8,6|-6|6|-6|0|8|-8|0,6|6|-6|-6|8|0|0|-8,6|-6|6|-6|0|8|-8|0,6|6|-6|-6|8|0|0|-8,21|21|21|21|20|20|20|20,0,0,0,12,1,112
15,0,8,5,0,5,1,0,0,114|114|114|114|114|0|0|0,255|255|255|255|255|0|0|0,0|0|0|0|0|0|0|0,0|-1|-1|-4|-4|0|0|0,0|-4|4|-7|7|0|0|0,0|0|0|0|0|0|0|0,34|34|34|34|34|0|0|0,1,0,0,7,6,208
16,0,0,8,0,8,0,0,0,1|1|1|1|1|1|1|1,8|8|8|8|8|8|8|8,2|-2|2|-2|3|-3|0|0,2|2|-2|-2|0|0|3|-3,2|-2|2|-2|3|-3|0|0,2|2|-2|-2|0|0|3|-3,21|21|21|21|20|20|20|20,0,0,0,12,1,112
17,10,1,1,2,1,0,0,2,10|0|0|0|0|0|0|0,255|0|0|0|0|0|0|0,0|0|0|0|0|0|0|0,0|0|0|0|0|0|0|0,0|0|0|0|0|0|0|0,0|0|0|0|0|0|0|0,112|0|0|0|0|0|0|0,0,0,0,26,255,208
18,0,5,4,0,4,1,0,0,6|6|6|6|0|0|0|0,255|255|255|255|0|0|0|0,-1|1|-3|3|0|0|0|0,-2|-2|-3|-3|0|0|0|0,0|0|0|0|0|0|0|0,0|0|0|0|0|0|0|0,72|72|72|72|0|0|0|0,1,0,0,7,6,208
19,0,10,2,0,2,0,0,0,120|120|0|0|0|0|0|0,255|255|0|0|0|0|0|0,1|-1|0|0|0|0|0|0,7|7|0|0|0|0|0|0,0|0|0|0|0|0|0|0,0|0|0|0|0|0|0|0,142|142|0|0|0|0|0|0,0,0,0,7,6,208
20,0,0,4,0,4,0,0,0,121|121|121|121|0|0|0|0,255|255|255|255|0|0|0|0,4|-4|4|-4|0|0|0|0,4|4|-4|-4|0|0|0|0,0|0|0|0|0|0|0|0,0|0|0|0|0|0|0|0,100|100|100|100|0|0|0|0,0,0,0,6,255,208
21,0,0,8,0,8,0,0,0,1|1|1|1|1|1|1|1,255|255|255|255|255|255|255|255,3|-3|3|-3|5|-5|0|0,3|3|-3|-3|0|0|5|-5,0|0|0|0|0|0|0|0,0|0|0|0|0|0|0|0,99|99|99|99|99|99|99|99,0,0,0,6,255,208
22,0,50,4,0,4,0,0,0,136|136|136|136|0|0|0|0,255|255|255|255|0|0|0|0,0|-6|6|0|0|0|0|0,6|0|0|-6|0|0|0|0,0|0|0|0|0|0|0|0,0|0|0|0|0|0|0|0,75|56|18|94|0|0|0|0,0,0,0,11,1,208
23,40,8,2,0,2,0,0,0,1|1|0|0|0|0|0|0,255|255|0|0|0|0|0|0,-14|-14|0|0|0|0|0|0,0|0|0|0|0|0|0|0,-8|8|0|0|0|0|0|0,0|0|0|0|0|0|0|0,99|99|0|0|0|0|0|0,0,0,0,13,255,192
24,0,8,1,0,1,0,0,0,4|0|0|0|0|0|0|0,255|0|0|0|0|0|0|0,0|0|0|0|0|0|0|0,6|0|0|0|0|0|0|0,0|0|0|0|0|0|0|0,0|0|0|0|0|0|0|0,91|0|0|0|0|0|0|0,0,0,0,11,255,208
25,40,3,1,0,1,0,0,0,8|0|0|0|0|0|0|0,255|0|0|0|0|0|0|0,0|0|0|0|0|0|0|0,13|0|0|0|0|0|0|0,0|0|0|0|0|0|0|0,0|0|0|0|0|0|0|0,73|0|0|0|0|0|0|0,0,0,0,13,255,192
26,30,2,1,0,5,0,0,0,112|112|112|112|112|0|0|0,255|255|255|255|255|0|0|0,0|-2|2|1|-1|0|0|0,-3|-3|-3|-3|-3|0|0|0,0|0|0|0|0|0|0|0,0|0|0|0|0|0|0|0,52|52|52|52|52|0|0|0,1,0,0,7,6,208
27,0,0,1,0,1,0,0,0,4|0|0|0|0|0|0|0,8|0|0|0|0|0|0|0,0|0|0|0|0|0|0|0,-1|0|0|0|0|0|0|0,0|0|0|0|0|0|0|0,0|0|0|0|0|0|0|0,21|0|0|0|0|0|0|0,0,0,0,9,1,112
28,0,0,8,0,8,0,0,0,1|1|1|1|0|0|0|0,8|8|8|8|4|4|4|4,3|-3|3|-3|0|4|-4|0,3|3|-3|-3|4|0|0|-4,3|-3|3|-3|0|4|-4|0,3|3|-3|-3|4|0|0|-4,21|21|21|21|20|20|20|20,0,0,0,12,1,112
29,10,20,1,3,1,0,0,0,128|0|0|0|0|0|0|0,255|0|0|0|0|0|0|0,0|0|0|0|0|0|0|0,1|0|0|0|0|0|0|0,0|0|0|0|0|0|0|0,0|0|0|0|0|0|0|0,271|0|0|0|0|0|0|0,0,0,0,8,255,208
30,0,5,8,3,8,0,0,0,2|2|2|2|2|2|2|2,255|255|255|255|255|255|255|255,0|0|1|-1|2|-2|3|-3,9|9|8|8|7|7|6|6,6|-6|6|-6|6|-6|6|-6,0|0|0|0|0|0|0|0,153|153|153|153|153|153|153|153,0,0,0,2,255,0
31,30,3,3,0,3,0,0,0,1|1|1|0|0|0|0|0,255|255|255|0|0|0|0|0,0|0|0|0|0|0|0|0,12|13|14|0|0|0|0|0,0|0|0|0|0|0|0|0,0|0|0|0|0|0|0|0,135|116|97|0|0|0|0|0,0,0,0,8,255,144
32,40,4,4,0,4,0,0,0,1|1|1|1|0|0|0|0,255|255|255|255|0|0|0|0,-1|-1|1|1|0|0|0|0,13|14|13|14|0|0|0|0,0|0|0|0|0|0|0|0,0|0|0|0|0|0|0|0,135|97|135|97|0|0|0|0,0,0,0,8,255,144
33,50,5,5,0,5,0,0,0,1|1|1|1|1|0|0|0,255|255|255|255|255|0|0|0,0|0|0|0|0|0|0|0,12|13|14|15|16|0|0|0,0|0|0|0|0|0|0|0,0|0|0|0|0|0|0|0,135|116|116|116|97|0|0|0,0,0,0,8,255,144
34,60,3,3,0,3,0,0,0,2|2|2|0|0|0|0|0,255|255|255|0|0|0|0|0,0|0|0|0|0|0|0|0,14|12|13|0|0|0|0|0,0|0|0|0|0|0|0|0,0|0|0|0|0|0|0|0,101|139|120|0|0|0|0|0,0,0,0,8,255,144
35,80,4,4,0,4,0,0,0,2|2|2|2|0|0|0|0,255|255|255|255|0|0|0|0,-1|-1|1|1|0|0|0|0,13|14|13|14|0|0|0|0,0|0|0|0|0|0|0|0,0|0|0|0|0|0|0|0,139|101|139|101|0|0|0|0,0,0,0,8,255,144
36,0,50,6,0,6,0,0,0,116|116|116|116|116|116|0|0,255|255|255|255|255|255|0|0,-6|6|5|-5|5|-5|0|0,0|0|5|5|-5|-5|0|0,-8|8|5|-5|5|-5|0|0,0|0|5|5|-5|-5|0|0,102|104|122|121|141|140|0|0,0,0,0,11,1,208
37,0,7,2,0,2,0,0,0,1|1|0|0|0|0|0|0,255|255|0|0|0|0|0|0,0|0|0|0|0|0|0|0,6|6|0|0|0|0|0|0,0|0|0|0|0|0|0|0,4|-4|0|0|0|0|0|0,227|227|0|0|0|0|0|0,0,0,0,26,255,208
38,0,7,2,0,2,0,0,0,1|1|0|0|0|0|0|0,255|255|0|0|0|0|0|0,0|0|0|0|0|0|0|0,-6|-6|0|0|0|0|0|0,0|0|0|0|0|0|0|0,4|-4|0|0|0|0|0|0,227|227|0|0|0|0|0|0,0,0,0,26,255,208
39,0,0,0,0,0,0,0,0,0|0|0|0|0|0|0|0,0|0|0|0|0|0|0|0,0|0|0|0|0|0|0|0,0|0|0|0|0|0|0|0,0|0|0|0|0|0|0|0,0|0|0|0|0|0|0|0,0|0|0|0|0|0|0|0,0,0,0,1,255,208
40,60,4,1,0,2,0,0,0,8|8|0|0|0|0|0|0,255|255|0|0|0|0|0|0,4|-4|0|0|0|0|0|0,10|10|0|0|0|0|0|0,0|0|0|0|0|0|0|0,0|0|0|0|0|0|0|0,68|69|0|0|0|0|0|0,0,0,0,1,255,208
41,120,2,2,0,2,0,0,0,8|8|0|0|0|0|0|0,255|255|0|0|0|0|0|0,5|-5|0|0|0|0|0|0,11|11|0|0|0|0|0|0,0|0|0|0|0|0|0|0,0|0|0|0|0|0|0|0,68|69|0|0|0|0|0|0,0,0,0,1,255,208
42,120,0,2,0,2,0,0,0,8|8|0|0|0|0|0|0,255|255|0|0|0|0|0|0,5|-5|0|0|0|0|0|0,11|11|0|0|0|0|0|0,0|0|0|0|0|0|0|0,0|0|0|0|0|0|0|0,68|69|0|0|0|0|0|0,0,0,0,1,255,208
43,130,4,1,0,1,0,0,0,5|0|0|0|0|0|0|0,255|0|0|0|0|0|0|0,0|0|0|0|0|0|0|0,7|0|0|0|0|0|0|0,0|0|0|0|0|0|0|0,0|0|0|0|0|0|0|0,94|0|0|0|0|0|0|0,0,0,0,1,255,208
44,40,20,1,3,1,0,0,0,255|0|0|0|0|0|0|0,255|0|0|0|0|0|0|0,0|0|0|0|0|0|0|0,-1|0|0|0|0|0|0|0,0|0|0|0|0|0|0|0,0|0|0|0|0|0|0|0,565|0|0|0|0|0|0|0,0,0,0,28,255,112
45,10,1,1,2,1,0,0,5,3|0|0|0|0|0|0|0,255|0|0|0|0|0|0|0,0|0|0|0|0|0|0|0,0|0|0|0|0|0|0|0,0|0|0|0|0|0|0|0,0|0|0|0|0|0|0|0,157|0|0|0|0|0|0|0,0,0,24,13,255,112
46,40,1,1,0,1,0,0,0,6|0|0|0|0|0|0|0,255|0|0|0|0|0|0|0,0|0|0|0|0|0|0|0,10|0|0|0|0|0|0|0,0|0|0|0|0|0|0|0,0|0|0|0|0|0|0|0,7|0|0|0|0|0|0|0,0,0,0,1,255,112
47,50,1,1,0,1,0,0,0,8|0|0|0|0|0|0|0,255|0|0|0|0|0|0|0,0|0|0|0|0|0|0|0,10|0|0|0|0|0|0|0,0|0|0|0|0|0|0|0,0|0|0|0|0|0|0|0,65|0|0|0|0|0|0|0,0,0,0,1,255,144
48,10,1,1,3,1,0,0,5,4|0|0|0|0|0|0|0,255|0|0|0|0|0|0|0,0|0|0|0|0|0|0|0,0|0|0|0|0|0|0|0,0|0|0|0|0|0|0|0,0|0|0|0|0|0|0|0,502|0|0|0|0|0|0|0,0,0,0,13,255,208
49,0,4,2,0,2,0,0,0,1|1|0|0|0|0|0|0,255|255|0|0|0|0|0|0,-10|10|0|0|0|0|0|0,0|0|0|0|0|0|0|0,0|0|0|0|0|0|0|0,0|0|0|0|0|0|0|0,39|1|0|0|0|0|0|0,0,0,0,8,255,48
50,0,6,4,0,4,0,0,0,1|1|1|1|0|0|0|0,255|255|255|255|0|0|0|0,-9|9|9|-9|0|0|0|0,2|2|-2|-2|0|0|0|0,-2|2|2|-2|0|0|0|0,0|0|0|0|0|0|0|0,281|282|301|300|0|0|0|0,0,0,0,8,255,48
51,0,6,8,0,8,0,0,0,1|1|1|1|1|1|1|1,255|255|255|255|255|255|255|255,-6|6|6|-6|-9|9|0|0,6|6|-6|-6|0|0|9|-9,0|0|0|0|0|0|0|0,0|0|0|0|0|0|0|0,163|164|183|182|39|1|58|77,0,0,0,8,255,48
52,0,6,4,0,4,0,0,0,2|2|2|2|0|0|0|0,255|255|255|255|0|0|0|0,-9|9|9|-9|0|0|0|0,2|2|-2|-2|0|0|0|0,-2|2|2|-2|0|0|0|0,0|0|0|0|0|0|0|0,277|278|297|296|0|0|0|0,0,0,0,8,255,48
53,0,6,2,0,2,0,0,0,3|3|0|0|0|0|0|0,255|255|0|0|0|0|0|0,-10|10|0|0|0|0|0|0,0|0|0|0|0|0|0|0,0|0|0|0|0|0|0|0,0|0|0|0|0|0|0|0,102|104|0|0|0|0|0|0,0,0,0,8,255,48
54,0,6,4,0,4,0,0,0,3|3|3|3|0|0|0|0,255|255|255|255|0|0|0|0,-6|6|6|-6|0|0|0|0,6|6|-6|-6|0|0|0|0,0|0|0|0|0|0|0|0,0|0|0|0|0|0|0|0,121|122|141|140|0|0|0|0,0,0,0,8,255,48
55,40,1,1,0,1,0,0,0,6|0|0|0|0|0|0|0,255|0|0|0|0|0|0|0,0|0|0|0|0|0|0|0,10|0|0|0|0|0|0|0,0|0|0|0|0|0|0|0,0|0|0|0|0|0|0|0,45|0|0|0|0|0|0|0,0,0,0,1,255,112
56,20,1,1,0,1,0,0,0,2|0|0|0|0|0|0|0,255|0|0|0|0|0|0|0,-6|0|0|0|0|0|0|0,6|0|0|0|0|0|0|0,0|0|0|0|0|0|0|0,0|0|0|0|0|0|0|0,121|0|0|0|0|0|0|0,0,0,0,1,255,208
57,20,1,1,0,1,0,0,0,2|0|0|0|0|0|0|0,255|0|0|0|0|0|0|0,6|0|0|0|0|0|0|0,6|0|0|0|0|0|0|0,0|0|0|0|0|0|0|0,0|0|0|0|0|0|0|0,122|0|0|0|0|0|0|0,0,0,0,1,255,208
58,20,7,1,0,1,4,3,0,8|0|0|0|0|0|0|0,255|0|0|0|0|0|0|0,0|0|0|0|0|0|0|0,0|0|0|0|0|0|0|0,0|0|0|0|0|0|0|0,0|0|0|0|0|0|0|0,4|0|0|0|0|0|0|0,0,0,0,1,255,208
59,10,1,1,2,1,0,0,2,3|0|0|0|0|0|0|0,255|0|0|0|0|0|0|0,0|0|0|0|0|0|0|0,0|0|0|0|0|0|0|0,0|0|0|0|0|0|0|0,0|0|0|0|0|0|0|0,112|0|0|0|0|0|0|0,0,0,0,13,255,208
60,60,2,2,0,2,0,0,0,4|4|0|0|0|0|0|0,255|255|0|0|0|0|0|0,0|0|0|0|0|0|0|0,10|10|0|0|0|0|0|0,-5|5|0|0|0|0|0|0,0|0|0|0|0|0|0|0,64|64|0|0|0|0|0|0,0,0,0,1,255,208
61,100,2,2,0,2,0,0,0,6|6|0|0|0|0|0|0,255|255|0|0|0|0|0|0,0|0|0|0|0|0|0|0,10|10|0|0|0|0|0|0,-5|5|0|0|0|0|0|0,0|0|0|0|0|0|0|0,76|76|0|0|0|0|0|0,0,0,0,1,255,208
62,10,1,1,2,1,0,0,2,2|0|0|0|0|0|0|0,255|0|0|0|0|0|0|0,0|0|0|0|0|0|0|0,0|0|0|0|0|0|0|0,0|0|0|0|0|0|0|0,0|0|0|0|0|0|0|0,112|0|0|0|0|0|0|0,0,0,0,13,255,208
63,10,1,1,2,1,0,0,2,1|0|0|0|0|0|0|0,255|0|0|0|0|0|0|0,0|0|0|0|0|0|0|0,0|0|0|0|0|0|0|0,0|0|0|0|0|0|0|0,0|0|0|0|0|0|0|0,168|0|0|0|0|0|0|0,0,0,0,13,255,208
64,40,4,1,0,1,0,0,0,10|0|0|0|0|0|0|0,255|0|0|0|0|0|0|0,0|0|0|0|0|0|0|0,1|0|0|0|0|0|0|0,-20|0|0|0|0|0|0|0,10|0|0|0|0|0|0|0,207|0|0|0|0|0|0|0,0,0,8,1,255,208
65,20,2,1,0,1,0,0,0,5|0|0|0|0|0|0|0,255|0|0|0|0|0|0|0,0|0|0|0|0|0|0|0,2|0|0|0|0|0|0|0,-20|0|0|0|0|0|0|0,10|0|0|0|0|0|0|0,207|0|0|0|0|0|0|0,0,0,8,1,255,208
66,0,0,8,0,8,0,0,0,128|121|187|187|187|187|187|187,255|255|255|255|255|255|255|255,0|0|0|-1|1|0|1|-1,1|1|1|1|1|1|0|0,0|0|0|-12|12|0|20|-20,0|0|0|20|20|-20|-10|-10,171|171|100|171|171|171|171|171,0,0,0,6,255,208
67,0,0,4,0,4,0,0,0,2|2|2|2|0|0|0|0,255|255|255|255|0|0|0|0,3|-3|3|-3|0|0|0|0,3|3|-3|-3|0|0|0|0,0|0|0|0|0|0|0|0,0|0|0|0|0|0|0|0,99|99|99|99|0|0|0|0,0,0,0,6,255,208
68,20,1,2,2,2,0,0,0,2|2|0|0|0|0|0|0,255|255|0|0|0|0|0|0,1|-1|0|0|0|0|0|0,2|2|0|0|0|0|0|0,8|-8|0|0|0|0|0|0,0|0|0|0|0|0|0|0,112|112|0|0|0|0|0|0,0,0,0,1,255,208
69,0,0,2,0,2,0,0,0,4|4|0|0|0|0|0|0,255|255|0|0|0|0|0|0,0|0|0|0|0|0|0|0,3|3|0|0|0|0|0|0,-6|6|0|0|0|0|0|0,0|0|0|0|0|0|0|0,260|260|0|0|0|0|0|0,0,0,0,6,255,208
70,10,1,1,2,1,0,0,3,2|0|0|0|0|0|0|0,255|0|0|0|0|0|0|0,0|0|0|0|0|0|0|0,0|0|0|0|0|0|0|0,0|0|0|0|0|0|0|0,-2|0|0|0|0|0|0|0,112|0|0|0|0|0|0|0,0,0,0,13,255,208
71,0,0,8,3,8,0,0,0,1|1|1|1|1|1|1|1,8|8|8|8|8|8|8|8,2|-2|2|-2|3|-3|0|0,2|2|-2|-2|0|0|3|-3,2|-2|2|-2|3|-3|0|0,2|2|-2|-2|0|0|3|-3,214|214|214|214|214|214|214|214,0,0,0,12,12,112
72,60,3,3,0,3,0,0,0,4|3|3|0|0|0|0|0,255|255|255|0|0|0|0|0,0|-3|3|0|0|0|0|0,4|3|3|0|0|0|0|0,0|0|0|0|0|0|0|0,0|0|0|0|0|0|0|0,94|140|141|0|0|0|0|0,0,0,0,13,255,192
73,0,2,8,9,8,0,0,0,2|2|2|2|2|2|2|2,10|10|10|10|10|10|10|10,-9|9|-9|9|-10|10|-10|10,6|-6|-6|6|-3|3|3|-3,0|0|0|0|0|0|0|0,0|0|0|0|0|0|0|0,172|172|172|172|172|172|172|172,0,0,0,0,255,112
74,0,3,2,0,2,0,0,0,1|175|0|0|0|0|0|0,255|255|0|0|0|0|0|0,-7|6|0|0|0|0|0|0,1|6|0|0|0|0|0|0,2|0|0|0|0|0|0|0,0|0|0|0|0|0|0|0,246|255|0|0|0|0|0|0,0,0,0,8,255,208
75,0,3,2,0,2,0,0,0,174|1|0|0|0|0|0|0,255|255|0|0|0|0|0|0,-6|7|0|0|0|0|0|0,6|1|0|0|0|0|0|0,0|-2|0|0|0|0|0|0,0|0|0|0|0|0|0|0,255|246|0|0|0|0|0|0,0,0,0,8,255,208
76,40,4,4,0,4,0,0,0,4|4|4|4|0|0|0|0,255|255|255|255|0|0|0|0,-5|-5|5|5|0|0|0|0,0|0|0|0|0|0|0|0,0|0|0|0|0|0|0|0,0|14|0|14|0|0|0|0,105|124|106|125|0|0|0|0,0,0,0,6,255,208
77,0,0,8,0,8,0,0,0,5|5|5|5|5|5|5|5,16|16|16|16|16|16|16|16,6|-6|6|-6|0|8|-8|0,6|6|-6|-6|8|0|0|-8,6|-6|6|-6|0|8|-8|0,6|6|-6|-6|8|0|0|-8,244|244|244|244|244|244|244|244,0,0,0,11,1,112
78,90,1,3,2,3,0,0,0,2|2|2|0|0|0|0|0,255|255|255|0|0|0|0|0,0|1|-1|0|0|0|0|0,4|3|3|0|0|0|0|0,0|0|0|0|0|0|0|0,0|0|0|0|0|0|0|0,225|225|225|0|0|0|0|0,0,0,0,13,255,208
79,0,0,4,0,4,0,0,0,1|1|1|1|0|0|0|0,255|255|255|255|0|0|0|0,0|0|0|0|0|0|0|0,14|14|14|14|0|0|0|0,3|13|32|42|0|0|0|0,-18|-14|-12|-18|0|0|0|0,286|286|286|286|0|0|0|0,0,0,0,6,255,208
80,120,1,4,2,4,0,0,0,2|2|2|2|0|0|0|0,255|255|255|255|0|0|0|0,2|-1|2|-1|0|0|0|0,4|4|-4|-4|0|0|0|0,0|0|0|0|0|0|0|0,0|0|0|0|0|0|0|0,225|225|225|225|0|0|0|0,0,0,0,13,255,208
81,80,2,8,0,8,0,0,0,1|1|1|1|1|1|1|1,255|255|255|255|255|255|255|255,-10|10|-7|7|0|-7|7|0,0|0|7|7|-10|-7|-7|10,0|0|0|0|0|0|0|0,0|0|0|0|0|0|0|0,77|58|182|163|1|183|164|39,0,0,0,6,255,208
82,30,4,3,0,3,0,0,0,1|1|1|0|0|0|0|0,255|255|255|0|0|0|0|0,0|-10|10|0|0|0|0|0,10|0|0|0|0|0|0|0,0|0|0|0|0|0|0|0,0|0|0|0|0|0|0|0,58|39|1|0|0|0|0|0,0,0,0,6,255,208
83,40,4,2,0,2,0,0,0,1|1|0|0|0|0|0|0,255|255|0|0|0|0|0|0,5|-5|0|0|0|0|0|0,8|8|0|0|0|0|0|0,0|0|0|0|0|0|0|0,0|0|0|0|0|0|0|0,227|227|0|0|0|0|0|0,0,0,0,10,255,208
84,20,2,2,0,2,0,0,0,2|184|0|0|0|0|0|0,255|255|0|0|0|0|0|0,0|0|0|0|0|0|0|0,8|6|0|0|0|0|0|0,0|0|0|0|0|0|0|0,0|0|0|0|0|0|0|0,98|98|0|0|0|0|0|0,0,0,0,6,1,208
85,80,3,8,0,8,0,0,0,1|2|1|2|1|2|1|2,255|255|255|255|255|255|255|255,120|120|120|120|120|120|120|120,8|8|8|8|8|8|8|8,0|0|-12|-12|12|12|-24|-24,0|14|0|14|0|14|0|14,157|159|157|159|157|159|157|159,0,0,0,6,255,208
86,10,2,1,0,1,0,0,0,189|0|0|0|0|0|0|0,255|0|0|0|0|0|0|0,0|0|0|0|0|0|0|0,0|0|0|0|0|0|0|0,0|0|0|0|0|0|0|0,0|0|0|0|0|0|0|0,238|0|0|0|0|0|0|0,1,0,0,6,255,208
87,0,8,1,0,1,0,0,0,30|0|0|0|0|0|0|0,4|0|0|0|0|0|0|0,120|0|0|0|0|0|0|0,120|0|0|0|0|0|0|0,-40|0|0|0|0|0|0|0,-30|0|0|0|0|0|0|0,60034|0|0|0|0|0|0|0,0,0,0,1,255,208
88,30,3,3,0,3,0,0,0,252|251|251|0|0|0|0|0,255|255|255|0|0|0|0|0,120|120|120|0|0|0|0|0,10|10|10|0|0|0|0|0,-32|-32|-32|0|0|0|0|0,-24|0|28|0|0|0|0|0,60023|60024|60025|0|0|0|0|0,0,0,0,6,255,208
89,20,2,2,3,2,0,0,0,189|1|0|0|0|0|0|0,255|255|0|0|0|0|0|0,0|0|0|0|0|0|0|0,-1|-1|0|0|0|0|0|0,0|0|0|0|0|0|0|0,-1|-1|0|0|0|0|0|0,107|107|0|0|0|0|0|0,-1,0,0,6,255,208
90,0,0,8,3,8,0,0,0,5|5|5|5|5|5|5|5,16|16|16|16|16|16|16|16,1|-1|1|-1|0|2|-2|0,1|1|-1|-1|2|0|0|-2,6|-6|6|-6|0|8|-8|0,6|6|-6|-6|8|0|0|-8,214|214|214|214|214|214|214|214,0,0,0,11,1,112
91,40,4,4,0,4,0,0,0,3|1|1|3|0|0|0|0,255|255|255|255|0|0|0|0,0|-2|2|0|0|0|0|0,10|7|7|10|0|0|0|0,0|0|0|0|0|0|0|0,6|0|0|-6|0|0|0|0,60|201|202|60|0|0|0|0,0,0,0,6,255,208
92,0,10,2,0,2,0,0,0,192|1|0|0|0|0|0|0,255|255|0|0|0|0|0|0,0|0|0|0|0|0|0|0,8|8|0|0|0|0|0|0,0|0|0|0|0|0|0|0,0|0|0|0|0|0|0|0,65|65|0|0|0|0|0|0,0,0,0,27,255,208
93,0,10,2,0,2,0,0,0,193|2|0|0|0|0|0|0,255|255|0|0|0|0|0|0,0|0|0|0|0|0|0|0,8|8|0|0|0|0|0|0,0|0|0|0|0|0|0|0,0|0|0|0|0|0|0|0,64|64|0|0|0|0|0|0,0,0,0,27,255,208
94,0,10,1,0,1,0,0,0,195|0|0|0|0|0|0|0,255|0|0|0|0|0|0|0,0|0|0|0|0|0|0|0,0|0|0|0|0|0|0|0,0|0|0|0|0|0|0|0,0|0|0|0|0|0|0|0,71|0|0|0|0|0|0|0,1,0,0,7,6,208
95,0,10,4,0,4,0,0,0,196|197|4|4|0|0|0|0,255|255|121|121|0|0|0|0,-12|12|-6|6|0|0|0|0,0|0|0|0|0|0|0|0,0|0|0|0|0|0|0|0,0|0|0|0|0|0|0|0,45|7|45|7|0|0|0|0,0,0,0,27,1,208
96,0,10,2,0,2,0,0,0,196|4|0|0|0|0|0|0,255|121|0|0|0|0|0|0,-12|-6|0|0|0|0|0|0,0|0|0|0|0|0|0|0,0|0|0|0|0|0|0|0,0|0|0|0|0|0|0|0,45|45|0|0|0|0|0|0,0,0,0,27,1,208
97,0,10,2,0,2,0,0,0,197|4|0|0|0|0|0|0,255|121|0|0|0|0|0|0,12|6|0|0|0|0|0|0,0|0|0|0|0|0|0|0,0|0|0|0|0|0|0|0,0|0|0|0|0|0|0|0,7|7|0|0|0|0|0|0,0,0,0,27,1,208
98,20,0,1,0,8,0,0,0,2|2|2|2|2|2|2|2,255|255|255|255|255|255|255|255,0|0|0|0|0|0|0|0,14|14|14|14|14|14|14|14,-8|-4|0|4|8|4|0|-4,0|0|0|0|0|0|0|0,70|70|70|70|70|70|70|70,0,0,0,1,255,208
99,20,0,1,0,8,0,0,0,2|2|2|2|2|2|2|2,255|255|255|255|255|255|255|255,-2|-1|0|1|2|1|0|-1,14|14|14|14|14|14|14|14,-8|-4|0|4|8|4|0|-4,0|0|0|0|0|0|0|0,70|70|70|70|70|70|70|70,0,0,0,1,255,208
100,40,0,2,0,6,0,0,0,2|2|2|2|2|2|0|0,255|255|255|255|255|255|0|0,-2|2|-1|1|0|0|0|0,14|14|14|14|14|14|0|0,-8|8|-4|4|-2|2|0|0,0|0|0|0|0|0|0|0,70|70|70|70|70|70|0|0,0,0,0,1,255,208
101,10,6,1,0,1,0,0,0,2|0|0|0|0|0|0|0,255|0|0|0|0|0|0|0,0|0|0|0|0|0|0|0,12|0|0|0|0|0|0|0,0|0|0|0|0|0|0|0,0|0|0|0|0|0|0|0,252|0|0|0|0|0|0|0,0,0,0,28,255,208
102,10,10,1,0,1,0,0,0,5|0|0|0|0|0|0|0,255|0|0|0|0|0|0|0,0|0|0|0|0|0|0|0,10|0|0|0|0|0|0|0,0|0|0|0|0|0|0|0,0|0|0|0|0|0|0|0,253|0|0|0|0|0|0|0,0,0,0,27,255,208
103,10,16,1,0,1,0,0,0,10|0|0|0|0|0|0|0,255|0|0|0|0|0|0|0,0|0|0|0|0|0|0|0,8|0|0|0|0|0|0|0,0|0|0|0|0|0|0|0,0|0|0|0|0|0|0|0,254|0|0|0|0|0|0|0,0,0,0,26,255,208
104,0,0,1,0,1,0,0,0,90|0|0|0|0|0|0|0,250|0|0|0|0|0|0|0,120|0|0|0|0|0|0|0,120|0|0|0|0|0|0|0,-24|0|0|0|0|0|0|0,24|0|0|0|0|0|0|0,98|0|0|0|0|0|0|0,0,0,8,1,255,208
105,0,0,1,0,1,0,0,0,2|0|0|0|0|0|0|0,255|0|0|0|0|0|0|0,0|0|0|0|0|0|0|0,4|0|0|0|0|0|0|0,0|0|0|0|0|0|0|0,0|0|0|0|0|0|0|0,61|0|0|0|0|0|0|0,0,0,0,1,255,208
106,0,0,1,0,1,0,0,0,2|0|0|0|0|0|0|0,255|0|0|0|0|0|0|0,3|0|0|0|0|0|0|0,0|0|0|0|0|0|0|0,0|0|0|0|0|0|0|0,0|0|0|0|0|0|0|0,80|0|0|0|0|0|0|0,0,0,0,1,255,208
107,20,0,1,0,8,0,0,0,2|2|2|2|2|2|2|2,255|255|255|255|255|255|255|255,-4|-2|0|2|4|2|0|-2,14|14|14|14|14|14|14|14,-8|-4|0|4|8|4|0|-4,0|0|0|0|0|0|0|0,70|70|70|70|70|70|70|70,0,0,0,1,255,208
108,40,0,2,0,6,0,0,0,2|2|2|2|2|2|0|0,255|255|255|255|255|255|0|0,-4|4|-2|2|-1|1|0|0,14|14|14|14|14|14|0|0,-8|8|-4|4|-2|2|0|0,0|0|0|0|0|0|0|0,70|70|70|70|70|70|0|0,0,0,0,1,255,208
109,80,3,8,0,8,0,0,0,1|1|1|1|1|1|1|1,255|255|255|255|255|255|255|255,0|0|0|0|0|0|0|0,12|13|14|15|16|17|18|19,0|0|0|0|0|0|0|0,0|0|0|0|0|0|0|0,135|116|116|116|116|116|116|97,0,0,0,8,255,144
110,30,3,1,0,1,0,0,4,3|0|0|0|0|0|0|0,255|0|0|0|0|0|0|0,0|0|0|0|0|0|0|0,0|0|0|0|0|0|0|0,0|0|0|0|0|0|0|0,0|0|0|0|0|0|0|0,214|0|0|0|0|0|0|0,0,0,0,13,255,208
111,0,6,1,0,2,0,0,0,4|4|0|0|0|0|0|0,255|255|0|0|0|0|0|0,0|0|0|0|0|0|0|0,5|5|0|0|0|0|0|0,-4|4|0|0|0|0|0|0,0|0|0|0|0|0|0|0,72|72|0|0|0|0|0|0,1,0,0,5,255,208
112,10,4,1,0,1,0,0,0,1|0|0|0|0|0|0|0,255|0|0|0|0|0|0|0,0|0|0|0|0|0|0|0,8|0|0|0|0|0|0|0,-5|0|0|0|0|0|0|0,0|0|0|0|0|0|0|0,58|0|0|0|0|0|0|0,0,0,0,1,255,208
113,10,4,1,0,1,0,0,0,1|0|0|0|0|0|0|0,255|0|0|0|0|0|0|0,0|0|0|0|0|0|0|0,8|0|0|0|0|0|0|0,6|0|0|0|0|0|0|0,0|0|0|0|0|0|0|0,58|0|0|0|0|0|0|0,0,0,0,1,255,208
114,40,0,1,0,1,0,0,0,2|0|0|0|0|0|0|0,255|0|0|0|0|0|0|0,0|0|0|0|0|0|0|0,14|0|0|0|0|0|0|0,0|0|0|0|0|0|0|0,0|0|0|0|0|0|0|0,142|0|0|0|0|0|0|0,0,0,0,1,255,144
115,10,1,1,2,1,0,0,3,2|0|0|0|0|0|0|0,255|0|0|0|0|0|0|0,0|0|0|0|0|0|0|0,0|0|0|0|0|0|0|0,-8|0|0|0|0|0|0|0,-2|0|0|0|0|0|0|0,112|0|0|0|0|0|0|0,0,0,0,13,255,208
116,10,1,1,2,1,0,0,3,2|0|0|0|0|0|0|0,255|0|0|0|0|0|0|0,0|0|0|0|0|0|0|0,0|0|0|0|0|0|0|0,8|0|0|0|0|0|0|0,-2|0|0|0|0|0|0|0,112|0|0|0|0|0|0|0,0,0,0,13,255,208
117,30,1,1,0,1,0,0,4,5|0|0|0|0|0|0|0,255|0|0|0|0|0|0|0,0|0|0|0|0|0|0|0,0|0|0|0|0|0|0|0,0|0|0|0|0|0|0|0,0|0|0|0|0|0|0|0,285|0|0|0|0|0|0|0,0,0,0,13,255,208
118,40,3,2,0,2,0,0,0,3|3|0|0|0|0|0|0,255|255|0|0|0|0|0|0,0|0|0|0|0|0|0|0,14|14|0|0|0|0|0|0,-6|6|0|0|0|0|0|0,0|0|0|0|0|0|0|0,143|144|0|0|0|0|0|0,0,0,0,13,255,192
119,80,3,1,0,1,0,0,0,4|0|0|0|0|0|0|0,255|0|0|0|0|0|0|0,-2|0|0|0|0|0|0|0,4|0|0|0|0|0|0|0,0|0|0|0|0|0|0|0,0|0|0|0|0|0|0|0,166|0|0|0|0|0|0|0,0,0,0,10,255,144
120,80,4,1,0,1,0,0,0,4|0|0|0|0|0|0|0,255|0|0|0|0|0|0|0,2|0|0|0|0|0|0|0,4|0|0|0|0|0|0|0,0|0|0|0|0|0|0|0,0|0|0|0|0|0|0|0,166|0|0|0|0|0|0|0,0,0,0,10,255,112
121,10,1,1,0,8,0,0,0,1|1|1|1|1|1|1|1,8|8|8|8|8|8|8|8,-2|-1|0|1|2|1|0|-1,13|14|15|14|13|14|15|14,-4|-2|0|2|4|2|0|-2,0|0|0|0|0|0|0|0,7304|7304|7304|7304|7304|7304|7304|7304,-1,0,0,4,255,112
122,30,3,3,0,3,0,0,0,2|1|1|0|0|0|0|0,255|255|255|0|0|0|0|0,0|0|0|0|0|0|0|0,12|12|12|0|0|0|0|0,0|-6|5|0|0|0|0|0,0|4|4|0|0|0|0|0,107|108|108|0|0|0|0|0,0,0,0,1,255,112
123,0,5,8,1,8,0,0,0,1|1|1|1|1|1|1|1,255|255|255|255|255|255|255|255,-22|-22|-22|-22|-22|-22|-22|-22,0|0|0|0|0|0|0|0,0|-12|-24|-36|-48|-60|-72|-84,0|0|0|0|0|0|0|0,198|199|198|199|198|199|198|199,0,0,0,15,255,128
124,0,5,8,1,8,0,0,0,1|1|1|1|1|1|1|1,255|255|255|255|255|255|255|255,22|22|22|22|22|22|22|22,0|0|0|0|0|0|0|0,0|12|24|36|48|60|72|84,0|0|0|0|0|0|0|0,198|199|198|199|198|199|198|199,0,0,0,15,255,128
125,10,4,1,0,1,0,0,0,1|0|0|0|0|0|0|0,255|0|0|0|0|0|0|0,0|0|0|0|0|0|0|0,6|0|0|0|0|0|0|0,-8|0|0|0|0|0|0|0,0|0|0|0|0|0|0|0,58|0|0|0|0|0|0|0,0,0,0,1,255,208
126,10,4,1,0,1,0,0,0,1|0|0|0|0|0|0|0,255|0|0|0|0|0|0|0,0|0|0|0|0|0|0|0,6|0|0|0|0|0|0|0,8|0|0|0|0|0|0|0,0|0|0|0|0|0|0|0,58|0|0|0|0|0|0|0,0,0,0,1,255,208
127,50,5,5,2,5,0,0,0,3|3|3|3|3|0|0|0,255|255|255|255|255|0|0|0,0|-1|1|-2|2|0|0|0,3|2|2|1|1|0|0|0,0|0|0|0|0|0|0|0,0|0|0|0|0|0|0|0,112|112|112|112|112|0|0|0,0,0,0,6,255,208
128,30,4,1,7,1,0,0,0,4|0|0|0|0|0|0|0,255|0|0|0|0|0|0|0,0|0|0|0|0|0|0|0,7|0|0|0|0|0|0|0,0|0|0|0|0|0|0|0,0|0|0|0|0|0|0|0,601|0|0|0|0|0|0|0,0,0,3,13,11,128
129,30,4,1,3,1,0,0,0,1|0|0|0|0|0|0|0,255|0|0|0|0|0|0|0,0|0|0|0|0|0|0|0,0|0|0|0|0|0|0|0,-8|0|0|0|0|0|0|0,0|0|0|0|0|0|0|0,107|0|0|0|0|0|0|0,0,0,5,13,12,128
130,0,0,1,0,4,0,0,0,1|1|1|1|0|0|0|0,255|255|255|255|0|0|0|0,14|14|14|14|0|0|0|0,0|0|0|0|0|0|0|0,0|0|0|0|0|0|0|0,-5|-5|-5|-5|0|0|0|0,286|287|286|288|0|0|0|0,0,0,0,6,255,208
131,10,4,1,0,1,0,0,0,2|0|0|0|0|0|0|0,255|0|0|0|0|0|0|0,0|0|0|0|0|0|0|0,6|0|0|0|0|0|0|0,0|0|0|0|0|0|0|0,0|0|0|0|0|0|0|0,61|0|0|0|0|0|0|0,0,0,0,1,255,208
132,10,4,1,0,1,0,0,0,2|0|0|0|0|0|0|0,255|0|0|0|0|0|0|0,0|0|0|0|0|0|0|0,6|0|0|0|0|0|0|0,0|0|0|0|0|0|0|0,0|0|0|0|0|0|0|0,162|0|0|0|0|0|0|0,0,0,0,1,255,208
133,10,4,1,1,1,0,0,0,4|0|0|0|0|0|0|0,255|0|0|0|0|0|0|0,0|0|0|0|0|0|0|0,6|0|0|0|0|0|0|0,0|0|0|0|0|0|0|0,0|0|0|0|0|0|0|0,168|0|0|0|0|0|0|0,0,0,0,1,255,208
134,60,4,3,0,3,0,0,0,2|1|1|0|0|0|0|0,255|255|255|0|0|0|0|0,0|5|-5|0|0|0|0|0,10|8|8|0|0|0|0|0,0|0|0|0|0|0|0|0,0|0|0|0|0|0|0|0,244|227|227|0|0|0|0|0,0,0,0,1,255,208
135,60,4,3,0,3,0,0,0,2|1|1|0|0|0|0|0,255|255|255|0|0|0|0|0,0|5|-5|0|0|0|0|0,-10|-8|-8|0|0|0|0|0,0|0|0|0|0|0|0|0,0|0|0|0|0|0|0|0,244|227|227|0|0|0|0|0,0,0,0,1,255,208
136,120,3,2,2,2,0,0,0,6|6|0|0|0|0|0|0,255|255|0|0|0|0|0|0,0|0|0|0|0|0|0|0,6|6|0|0|0|0|0|0,0|0|0|0|0|0|0|0,0|14|0|0|0|0|0|0,117|136|0|0|0|0|0|0,0,0,0,0,255,192
137,80,3,4,0,8,0,0,0,3|3|1|1|3|3|1|1,255|255|255|255|255|255|255|255,-10|-10|-8|-8|10|10|8|8,0|0|4|-4|0|0|4|-4,0|-12|0|0|0|12|0|0,0|0|0|0|0|0|0|0,244|244|244|244|244|244|244|244,0,0,0,1,255,208
138,120,4,6,0,6,0,0,0,3|3|2|2|1|1|0|0,255|255|255|255|255|255|0|0,0|0|3|-3|6|-6|0|0,-10|-10|-9|-9|-8|-8|0|0,0|0|0|0|0|0|0|0,0|12|0|0|0|0|0|0,244|244|245|245|244|244|0|0,0,0,0,1,255,208
139,0,5,8,1,8,0,0,0,1|1|1|1|1|1|1|2,255|255|255|255|255|255|255|255,0|0|0|0|0|0|0|0,8|8|8|8|8|8|8|8,0|0|0|0|0|0|0|0,0|14|28|42|56|70|84|98,192|191|192|191|192|191|192|191,0,0,0,15,255,128
140,0,5,8,0,8,0,0,0,1|1|1|1|1|1|1|2,255|255|255|255|255|255|255|255,-14|-14|-14|-14|-14|-14|-14|-14,-12|-12|-12|-12|-12|-12|-12|-12,0|-12|-24|-36|-48|-60|-72|-84,0|14|28|42|56|70|84|98,196|197|196|197|196|197|196|197,0,0,0,15,255,128
141,0,5,8,0,8,0,0,0,1|1|1|1|1|1|1|2,255|255|255|255|255|255|255|255,-14|-14|-14|-14|-14|-14|-14|-14,-12|-12|-12|-12|-12|-12|-12|-12,0|12|24|36|48|60|72|84,0|14|28|42|56|70|84|98,194|195|194|195|194|195|194|195,0,0,0,15,255,128
142,10,1,1,2,1,0,0,4,1|0|0|0|0|0|0|0,255|0|0|0|0|0|0|0,0|0|0|0|0|0|0|0,0|0|0|0|0|0|0|0,0|0|0|0|0|0|0|0,0|0|0|0|0|0|0|0,226|0|0|0|0|0|0|0,0,0,0,13,255,208
143,10,0,1,0,2,1,1,7,1|1|0|0|0|0|0|0,8|8|0|0|0|0|0|0,0|0|0|0|0|0|0|0,0|0|0|0|0|0|0|0,-1|1|0|0|0|0|0|0,0|0|0|0|0|0|0|0,21|20|0|0|0|0|0|0,0,0,0,28,255,112
144,50,0,5,0,5,0,0,0,1|1|1|1|1|0|0|0,255|255|255|255|255|0|0|0,0|-1|1|-2|2|0|0|0,-1|-3|-3|-4|-4|0|0|0,0|0|0|0|0|0|0|0,0|0|0|0|0|0|0|0,304|304|304|304|304|0|0|0,1,0,0,10,255,208
145,0,0,1,0,4,0,0,0,1|1|1|1|0|0|0|0,255|255|255|255|0|0|0|0,-14|-14|-14|-14|0|0|0|0,0|0|0|0|0|0|0|0,0|0|0|0|0|0|0|0,-14|-14|-14|-14|0|0|0|0,286|287|286|288|0|0|0|0,0,0,0,6,255,208
146,10,1,1,2,1,0,0,4,2|0|0|0|0|0|0|0,255|0|0|0|0|0|0|0,0|0|0|0|0|0|0|0,0|0|0|0|0|0|0|0,0|0|0|0|0|0|0|0,0|0|0|0|0|0|0|0,112|0|0|0|0|0|0|0,0,0,0,13,255,208
147,30,7,1,2,1,0,0,0,1|0|0|0|0|0|0|0,1|0|0|0|0|0|0|0,0|0|0|0|0|0|0|0,0|0|0|0|0|0|0|0,0|0|0|0|0|0|0|0,0|0|0|0|0|0|0|0,228|0|0|0|0|0|0|0,0,0,0,0,255,128
148,40,1,1,2,1,0,0,0,0|0|0|0|0|0|0|0,1|0|0|0|0|0|0|0,0|0|0|0|0|0|0|0,0|0|0|0|0|0|0|0,0|0|0|0|0|0|0|0,0|0|0|0|0|0|0|0,247|0|0|0|0|0|0|0,0,0,0,0,255,128
149,40,9,1,8,1,0,0,0,4|0|0|0|0|0|0|0,255|0|0|0|0|0|0|0,0|0|0|0|0|0|0|0,3|0|0|0|0|0|0|0,0|0|0|0|0|0|0|0,0|0|0|0|0|0|0|0,191|0|0|0|0|0|0|0,0,0,0,1,255,128
150,120,9,3,6,3,0,0,0,4|4|4|0|0|0|0|0,255|255|255|0|0|0|0|0,0|1|-1|0|0|0|0|0,3|2|2|0|0|0|0|0,0|0|0|0|0|0|0|0,0|0|0|0|0|0|0|0,191|191|191|0|0|0|0|0,0,0,0,1,255,128
151,0,5,8,1,8,0,0,0,1|1|1|1|1|1|1|1,255|255|255|255|255|255|255|255,22|22|22|22|22|22|22|22,0|0|0|0|0|0|0|0,0|12|24|36|48|60|72|84,0|0|0|0|0|0|0|0,198|199|198|199|198|199|198|199,0,0,0,0,255,128
152,0,5,8,1,8,0,0,0,1|1|1|1|1|1|1|1,255|255|255|255|255|255|255|255,-22|-22|-22|-22|-22|-22|-22|-22,0|0|0|0|0|0|0|0,0|-12|-24|-36|-48|-60|-72|-84,0|0|0|0|0|0|0|0,198|199|198|199|198|199|198|199,0,0,0,0,255,128
153,0,2,2,3,8,2,10,0,6|8|6|6|6|6|6|6,255|255|255|255|255|255|255|255,8|-8|10|-10|10|-10|13|-13,-12|-12|-13|-13|-10|-10|-6|-6,0|0|0|0|0|0|0|0,24|24|24|24|24|24|24|24,214|214|214|214|214|214|214|214,0,0,0,1,255,208
154,120,3,2,2,2,0,0,0,3|3|0|0|0|0|0|0,255|255|0|0|0|0|0|0,0|0|0|0|0|0|0|0,6|6|0|0|0|0|0|0,0|0|0|0|0|0|0|0,-14|0|0|0|0|0|0|0,117|136|0|0|0|0|0|0,0,0,0,26,255,192
155,0,3,1,0,1,0,0,0,2|0|0|0|0|0|0|0,255|0|0|0|0|0|0|0,0|0|0|0|0|0|0|0,10|0|0|0|0|0|0|0,0|0|0|0|0|0|0|0,0|0|0|0|0|0|0|0,59|0|0|0|0|0|0|0,0,0,0,25,255,112
156,0,4,1,0,1,0,0,0,3|0|0|0|0|0|0|0,255|0|0|0|0|0|0|0,0|0|0|0|0|0|0|0,10|0|0|0|0|0|0|0,0|0|0|0|0|0|0|0,0|0|0|0|0|0|0|0,60|0|0|0|0|0|0|0,0,0,0,25,255,112
157,0,4,1,0,1,0,0,0,4|0|0|0|0|0|0|0,255|0|0|0|0|0|0|0,0|0|0|0|0|0|0|0,10|0|0|0|0|0|0|0,0|0|0|0|0|0|0|0,0|0|0|0|0|0|0|0,165|0|0|0|0|0|0|0,0,0,0,25,255,112
158,0,4,2,0,2,0,0,0,2|2|0|0|0|0|0|0,255|255|0|0|0|0|0|0,0|0|0|0|0|0|0|0,10|10|0|0|0|0|0|0,-6|6|0|0|0|0|0|0,0|0|0|0|0|0|0|0,59|59|0|0|0|0|0|0,0,0,0,25,255,112
159,0,5,3,0,3,0,0,0,3|1|1|0|0|0|0|0,255|255|255|0|0|0|0|0,0|0|0|0|0|0|0|0,10|10|10|0|0|0|0|0,0|-8|8|0|0|0|0|0,0|4|4|0|0|0|0|0,60|58|58|0|0|0|0|0,0,0,0,25,255,112
160,0,5,3,0,3,0,0,0,4|1|1|0|0|0|0|0,255|255|255|0|0|0|0|0,0|0|0|0|0|0|0|0,10|10|10|0|0|0|0|0,0|-9|9|0|0|0|0|0,0|4|4|0|0|0|0|0,165|58|58|0|0|0|0|0,0,0,0,25,255,112
161,0,5,3,0,3,0,0,0,2|2|2|0|0|0|0|0,255|255|255|0|0|0|0|0,0|0|0|0|0|0|0|0,10|10|10|0|0|0|0|0,0|-10|10|0|0|0|0|0,0|4|4|0|0|0|0|0,59|59|59|0|0|0|0|0,0,0,0,25,255,112
162,0,5,3,0,3,0,0,0,3|2|2|0|0|0|0|0,255|255|255|0|0|0|0|0,0|0|0|0|0|0|0|0,10|10|10|0|0|0|0|0,0|-10|10|0|0|0|0|0,0|4|4|0|0|0|0|0,60|59|59|0|0|0|0|0,0,0,0,25,255,112
163,0,5,5,0,5,0,0,0,3|2|2|1|1|0|0|0,255|255|255|255|255|0|0|0,0|0|0|0|0|0|0|0,10|10|10|10|10|0|0|0,0|-10|10|-18|18|0|0|0,0|4|4|8|8|0|0|0,60|59|59|58|58|0|0|0,0,0,0,25,255,112
164,0,5,5,0,5,0,0,0,3|2|2|2|2|0|0|0,255|255|255|255|255|0|0|0,0|0|0|0|0|0|0|0,10|10|10|10|10|0|0|0,0|-10|10|-20|20|0|0|0,0|4|4|8|8|0|0|0,60|59|59|59|59|0|0|0,0,0,0,25,255,112
165,0,5,5,0,5,0,0,0,5|2|2|2|2|0|0|0,255|255|255|255|255|0|0|0,0|0|0|0|0|0|0|0,10|10|10|10|10|0|0|0,0|-10|10|-24|24|0|0|0,0|4|4|8|8|0|0|0,62|59|59|59|59|0|0|0,0,0,0,25,255,112
166,0,3,1,0,1,0,0,0,2|0|0|0|0|0|0|0,255|0|0|0|0|0|0|0,0|0|0|0|0|0|0|0,10|0|0|0|0|0|0|0,0|0|0|0|0|0|0|0,0|0|0|0|0|0|0|0,59|0|0|0|0|0|0|0,0,0,0,25,255,112
167,0,3,2,0,2,0,0,0,1|1|0|0|0|0|0|0,255|255|0|0|0|0|0|0,-3|3|0|0|0|0|0|0,9|9|0|0|0|0|0|0,-4|4|0|0|0|0|0|0,0|0|0|0|0|0|0|0,201|202|0|0|0|0|0|0,0,0,0,25,255,112
168,0,4,3,0,3,0,0,0,1|1|1|0|0|0|0|0,255|255|255|0|0|0|0|0,-3|3|0|0|0|0|0|0,9|9|10|0|0|0|0|0,-4|4|0|0|0|0|0|0,0|0|0|0|0|0|0|0,201|202|58|0|0|0|0|0,0,0,0,25,255,112
169,0,4,3,0,3,0,0,0,1|1|2|0|0|0|0|0,255|255|255|0|0|0|0|0,-7|7|0|0|0|0|0|0,7|7|10|0|0|0|0|0,-5|5|0|0|0|0|0|0,0|0|0|0|0|0|0|0,163|164|59|0|0|0|0|0,0,0,0,25,255,112
170,0,5,5,0,5,0,0,0,1|1|1|1|1|0|0|0,255|255|255|255|255|0|0|0,-7|7|0|-3|3|0|0|0,7|7|10|9|9|0|0|0,-5|5|0|-4|4|0|0|0,0|0|0|0|0|0|0|0,163|164|58|201|202|0|0|0,0,0,0,25,255,112
171,0,5,5,0,5,0,0,0,1|1|2|1|1|0|0|0,255|255|255|255|255|0|0|0,-7|7|0|-3|3|0|0|0,7|7|10|9|9|0|0|0,-5|5|0|-4|4|0|0|0,0|0|0|0|0|0|0|0,163|164|59|201|202|0|0|0,0,0,0,25,255,112
172,0,5,3,0,3,0,0,0,3|3|1|0|0|0|0|0,255|255|255|0|0|0|0|0,-7|7|0|0|0|0|0|0,7|7|10|0|0|0|0|0,-5|5|0|0|0|0|0|0,0|0|0|0|0|0|0|0,121|122|58|0|0|0|0|0,0,0,0,25,255,112
173,0,5,3,0,3,0,0,0,3|3|2|0|0|0|0|0,255|255|255|0|0|0|0|0,-7|7|0|0|0|0|0|0,7|7|10|0|0|0|0|0,-5|5|0|0|0|0|0|0,0|0|0|0|0|0|0|0,121|122|59|0|0|0|0|0,0,0,0,25,255,112
174,0,5,5,0,5,0,0,0,3|3|1|1|1|0|0|0,255|255|255|255|255|0|0|0,-7|7|0|-3|3|0|0|0,7|7|10|9|9|0|0|0,-5|5|0|-4|4|0|0|0,0|0|0|0|0|0|0|0,121|122|58|201|202|0|0|0,0,0,0,25,255,112
175,0,5,5,0,5,0,0,0,3|3|2|1|1|0|0|0,255|255|255|255|255|0|0|0,-7|7|0|-3|3|0|0|0,7|7|10|9|9|0|0|0,-5|5|0|-4|4|0|0|0,0|0|0|0|0|0|0|0,121|122|59|201|202|0|0|0,0,0,0,25,255,112
176,0,5,5,0,5,0,0,0,3|3|2|2|2|0|0|0,255|255|255|255|255|0|0|0,-7|7|0|-3|3|0|0|0,7|7|10|9|9|0|0|0,-5|5|0|-4|4|0|0|0,0|0|0|0|0|0|0|0,121|122|59|279|280|0|0|0,0,0,0,25,255,112
177,0,8,1,0,1,0,0,0,251|0|0|0|0|0|0|0,255|0|0|0|0|0|0|0,0|0|0|0|0|0|0|0,2|0|0|0|0|0|0|0,0|0|0|0|0|0|0|0,0|0|0|0|0|0|0|0,65|0|0|0|0|0|0|0,1,0,0,10,255,208
178,0,8,2,0,2,0,0,0,251|251|0|0|0|0|0|0,255|255|0|0|0|0|0|0,-1|1|0|0|0|0|0|0,2|2|0|0|0|0|0|0,2|2|0|0|0|0|0|0,0|0|0|0|0|0|0|0,65|65|0|0|0|0|0|0,1,0,0,10,255,208
179,0,8,1,0,1,0,0,0,252|0|0|0|0|0|0|0,255|0|0|0|0|0|0|0,0|0|0|0|0|0|0|0,4|0|0|0|0|0|0|0,0|0|0|0|0|0|0|0,0|0|0|0|0|0|0|0,64|0|0|0|0|0|0|0,1,0,0,10,255,208
180,0,8,3,0,3,0,0,0,251|251|251|0|0|0|0|0,255|255|255|0|0|0|0|0,-2|2|0|0|0|0|0|0,2|2|2|0|0|0|0|0,-10|10|0|0|0|0|0|0,0|0|0|0|0|0|0|0,65|65|65|0|0|0|0|0,1,0,0,10,255,208
181,0,8,2,0,2,0,0,0,252|252|0|0|0|0|0|0,255|255|0|0|0|0|0|0,-1|1|0|0|0|0|0|0,2|2|0|0|0|0|0|0,-7|7|0|0|0|0|0|0,9|9|0|0|0|0|0|0,75|75|0|0|0|0|0|0,1,0,0,10,255,208
182,0,8,4,0,4,0,0,0,251|251|250|250|0|0|0|0,255|255|255|255|0|0|0|0,0|0|0|0|0|0|0|0,3|3|3|3|0|0|0|0,-6|6|-6|6|0|0|0|0,-7|-7|7|7|0|0|0|0,598|599|617|618|0|0|0|0,1,0,0,10,255,208
183,0,8,6,0,6,0,0,0,251|251|250|250|251|251|0|0,255|255|255|255|255|255|0|0,0|0|0|0|-1|1|0|0,3|3|3|3|2|2|0|0,-6|6|-6|6|-14|14|0|0,-7|-7|7|7|0|0|0|0,598|599|617|618|65|65|0|0,1,0,0,10,255,208
184,0,8,8,0,8,0,0,0,251|251|250|250|251|251|250|250,255|255|255|255|255|255|255|255,0|0|0|0|0|0|0|0,3|3|3|3|3|3|3|3,-18|-6|-18|-6|6|18|6|18,-7|-7|7|7|-7|-7|7|7,598|599|617|618|598|599|617|618,1,0,0,10,255,208
185,0,8,4,0,4,0,0,0,251|251|251|251|0|0|0|0,255|255|255|255|0|0|0|0,0|0|0|0|0|0|0|0,3|3|3|3|0|0|0|0,-6|6|-6|6|0|0|0|0,-7|-7|7|7|0|0|0|0,596|597|615|616|0|0|0|0,1,0,0,10,255,208
186,0,8,6,0,6,0,0,0,251|251|251|251|251|251|0|0,255|255|255|255|255|255|0|0,0|0|0|0|-1|1|0|0,3|3|3|3|2|2|0|0,-6|6|-6|6|-14|14|0|0,-7|-7|7|7|0|0|0|0,596|597|615|616|65|65|0|0,1,0,0,10,255,208
187,0,8,8,0,8,0,0,0,251|251|251|251|251|251|251|251,255|255|255|255|255|255|255|255,0|0|0|0|0|0|0|0,3|3|3|3|3|3|3|3,-18|-6|-18|-6|6|18|6|18,-7|-7|7|7|-7|-7|7|7,596|597|615|616|596|597|615|616,1,0,0,10,255,208
188,0,0,1,0,3,0,0,0,1|0|0|0|0|0|0|0,255|255|255|0|0|0|0|0,101|101|101|0|0|0|0|0,14|14|14|0|0|0|0|0,0|0|0|0|0|0|0|0,4|4|4|0|0|0|0|0,289|293|293|0|0|0|0|0,0,0,0,6,255,112
189,0,0,1,0,3,0,0,0,1|1|0|0|0|0|0|0,255|255|255|0|0|0|0|0,101|101|101|0|0|0|0|0,14|14|14|0|0|0|0|0,0|0|0|0|0|0|0|0,4|4|4|0|0|0|0|0,289|289|293|0|0|0|0|0,0,0,0,6,255,112
190,0,0,1,0,1,0,0,0,1|0|0|0|0|0|0|0,255|0|0|0|0|0|0|0,101|0|0|0|0|0|0|0,14|0|0|0|0|0|0|0,0|0|0|0|0|0|0|0,4|0|0|0|0|0|0|0,286|0|0|0|0|0|0|0,0,0,0,6,255,112
191,0,0,1,0,4,0,0,0,1|2|1|0|0|0|0|0,255|255|255|255|0|0|0|0,101|101|101|101|0|0|0|0,14|14|14|14|0|0|0|0,0|0|0|0|0|0|0|0,4|4|4|4|0|0|0|0,286|287|286|288|0|0|0|0,0,0,0,6,255,112
192,0,0,1,0,2,0,0,0,1|2|0|0|0|0|0|0,255|255|0|0|0|0|0|0,101|101|0|0|0|0|0|0,14|14|0|0|0|0|0|0,0|0|0|0|0|0|0|0,4|4|0|0|0|0|0|0,286|287|0|0|0|0|0|0,0,0,0,6,255,112
193,0,0,2,0,8,0,0,0,2|2|1|1|0|0|1|1,255|255|255|255|255|255|255|255,101|101|101|101|101|101|101|101,14|14|14|14|14|14|14|14,-6|6|-6|6|-6|6|-6|6,4|4|4|4|4|4|4|4,287|287|286|286|288|288|286|286,0,0,0,6,255,112
194,0,0,1,0,4,0,0,0,2|4|2|0|0|0|0|0,255|255|255|255|0|0|0|0,101|101|101|101|0|0|0|0,14|14|14|14|0|0|0|0,0|0|0|0|0|0|0|0,4|4|4|4|0|0|0|0,290|291|290|292|0|0|0|0,0,0,0,6,255,112
195,0,0,3,0,6,0,0,0,1|1|1|2|0|0|0|0,255|255|255|255|255|255|0|0,101|101|101|101|101|101|0|0,14|14|14|14|14|14|0|0,0|-10|10|0|-10|10|0|0,4|4|4|4|4|4|0|0,286|289|289|287|293|293|0|0,0,0,0,6,255,112
196,0,0,3,0,6,0,0,0,0|2|2|1|1|1|0|0,255|255|255|255|255|255|0|0,101|101|101|101|101|101|0|0,14|14|14|14|14|14|0|0,0|-10|10|0|-10|10|0|0,4|4|4|4|4|4|0|0,293|287|287|289|286|286|0|0,0,0,0,6,255,112
197,0,0,3,0,6,0,0,0,2|1|1|4|0|0|0|0,255|255|255|255|255|255|0|0,101|101|101|101|101|101|0|0,14|14|14|14|14|14|0|0,0|-10|10|0|-10|10|0|0,4|4|4|4|4|4|0|0,290|289|289|291|293|293|0|0,0,0,0,6,255,112
198,0,0,3,0,6,0,0,0,2|2|2|4|1|1|0|0,255|255|255|255|255|255|0|0,101|101|101|101|101|101|0|0,14|14|14|14|14|14|0|0,0|-10|10|0|-10|10|0|0,4|4|4|4|4|4|0|0,290|287|287|291|286|286|0|0,0,0,0,6,255,112
199,0,9,3,0,3,0,0,0,4|2|1|0|0|0|0|0,255|255|255|0|0|0|0|0,120|120|120|0|0|0|0|0,8|8|8|0|0|0|0|0,0|0|0|0|0|0|0|0,-14|0|14|0|0|0|0|0,97|116|135|0|0|0|0|0,1,0,0,14,255,160
200,0,8,4,0,4,0,0,0,4|2|2|1|0|0|0|0,255|255|255|255|0|0|0|0,120|120|120|120|0|0|0|0,9|9|8|8|0|0|0|0,0|0|0|0|0|0|0|0,-14|0|0|14|0|0|0|0,97|116|116|135|0|0|0|0,1,0,0,14,255,160
201,0,8,5,0,5,0,0,0,4|2|2|2|1|0|0|0,255|255|255|255|255|0|0|0,120|120|120|120|120|0|0|0,9|9|8|7|7|0|0|0,0|0|0|0|0|0|0|0,-14|0|0|0|14|0|0|0,97|116|116|116|135|0|0|0,1,0,0,14,255,160
202,0,7,6,0,6,0,0,0,4|2|2|2|2|1|0|0,255|255|255|255|255|255|0|0,120|120|120|120|120|120|0|0,9|9|8|7|6|6|0|0,0|0|0|0|0|0|0|0,-14|0|0|0|0|14|0|0,97|116|116|116|116|135|0|0,1,0,0,14,255,160
203,0,7,8,0,8,0,0,0,4|2|2|2|2|2|2|1,255|255|255|255|255|255|255|255,120|120|120|120|120|120|120|120,9|9|8|7|6|5|4|4,0|0|0|0|0|0|0|0,-14|0|0|0|0|0|0|14,97|116|116|116|116|116|116|135,1,0,0,14,255,160
204,0,7,8,0,8,0,0,0,4|2|2|1|4|2|2|1,255|255|255|255|255|255|255|255,-1|-1|-1|-1|1|1|1|1,14|14|13|13|14|14|13|13,0|0|0|0|0|0|0|0,-14|0|0|14|-14|0|0|14,97|116|116|135|97|116|116|135,1,0,0,14,255,160
205,0,7,8,0,8,0,0,0,4|2|1|4|2|1|4|2,255|255|255|255|255|255|255|255,-3|-3|-3|3|3|3|0|0,14|14|14|14|14|14|14|14,0|0|0|0|0|0|0|0,-14|0|14|-14|0|14|-18|-4,97|116|135|97|116|135|97|135,1,0,0,14,255,160
206,0,6,8,0,8,0,0,0,4|2|1|4|2|1|12|4,255|255|255|255|255|255|255|255,-3|-3|-3|3|3|3|0|0,14|14|14|14|14|14|14|14,0|0|0|0|0|0|0|0,-14|0|14|-14|0|14|-18|-4,97|116|135|97|116|135|101|139,1,0,0,14,255,160
207,0,6,8,0,8,0,0,0,4|2|4|2|12|4|4|2,255|255|255|255|255|255|255|255,-3|-3|3|3|0|0|0|0,14|14|14|14|14|14|13|13,0|0|0|0|0|0|0|0,0|14|0|14|-18|-4|-4|10,97|135|101|139|101|120|120|139,1,0,0,14,255,160
208,0,7,8,0,8,0,0,0,12|4|4|4|4|4|4|2,255|255|255|255|255|255|255|255,120|120|120|120|120|120|120|120,9|9|8|7|6|5|4|4,0|0|0|0|0|0|0|0,-14|0|0|0|0|0|0|14,101|120|120|120|120|120|120|139,1,0,0,14,255,160
209,0,7,8,0,8,0,0,0,12|4|4|2|12|4|4|2,255|255|255|255|255|255|255|255,-1|-1|-1|-1|1|1|1|1,14|14|13|13|14|14|13|13,0|0|0|0|0|0|0|0,-14|0|0|14|-14|0|0|14,101|120|120|139|101|120|120|139,1,0,0,14,255,160
210,0,4,1,0,1,0,0,0,3|0|0|0|0|0|0|0,255|0|0|0|0|0|0|0,0|0|0|0|0|0|0|0,10|0|0|0|0|0|0|0,0|0|0|0|0|0|0|0,0|0|0|0|0|0|0|0,227|0|0|0|0|0|0|0,1,0,0,5,255,208
211,0,5,1,0,1,0,0,0,5|0|0|0|0|0|0|0,255|0|0|0|0|0|0|0,0|0|0|0|0|0|0|0,11|0|0|0|0|0|0|0,0|0|0|0|0|0|0|0,0|0|0|0|0|0|0|0,214|0|0|0|0|0|0|0,1,0,0,5,255,208
212,0,4,1,0,1,0,0,0,3|0|0|0|0|0|0|0,98|0|0|0|0|0|0|0,0|0|0|0|0|0|0|0,10|0|0|0|0|0|0|0,0|0|0|0|0|0|0|0,0|0|0|0|0|0|0|0,227|0|0|0|0|0|0|0,1,0,0,5,255,208
213,0,4,1,0,1,0,0,0,5|0|0|0|0|0|0|0,98|0|0|0|0|0|0|0,0|0|0|0|0|0|0|0,11|0|0|0|0|0|0|0,0|0|0|0|0|0|0|0,0|0|0|0|0|0|0|0,214|0|0|0|0|0|0|0,1,0,0,5,255,208
214,0,5,2,0,2,0,0,0,3|3|0|0|0|0|0|0,98|98|0|0|0|0|0|0,0|0|0|0|0|0|0|0,10|10|0|0|0|0|0|0,-6|6|0|0|0|0|0|0,0|0|0|0|0|0|0|0,227|227|0|0|0|0|0|0,1,0,0,5,255,208
215,0,4,2,0,2,0,0,0,5|3|0|0|0|0|0|0,98|98|0|0|0|0|0|0,0|0|0|0|0|0|0|0,11|10|0|0|0|0|0|0,-2|-2|0|0|0|0|0|0,0|0|0|0|0|0|0|0,214|227|0|0|0|0|0|0,1,0,4,5,255,208
216,0,4,2,0,2,0,0,0,5|5|0|0|0|0|0|0,98|98|0|0|0|0|0|0,0|0|0|0|0|0|0|0,11|9|0|0|0|0|0|0,-2|-2|0|0|0|0|0|0,0|0|0|0|0|0|0|0,214|214|0|0|0|0|0|0,1,0,4,5,255,208
217,0,4,3,0,3,0,0,0,5|5|3|0|0|0|0|0,98|98|98|0|0|0|0|0,0|0|0|0|0|0|0|0,9|7|5|0|0|0|0|0,-2|-2|-2|0|0|0|0|0,0|0|0|0|0|0|0|0,214|214|227|0|0|0|0|0,1,0,5,5,255,208
218,0,4,4,0,4,0,0,0,5|3|3|3|0|0|0|0,98|98|98|98|0|0|0|0,0|0|-4|4|0|0|0|0,8|6|8|8|0|0|0|0,-2|-2|-2|-2|0|0|0|0,0|0|0|0|0|0|0|0,214|227|227|227|0|0|0|0,1,0,4,5,255,208
219,0,4,4,0,4,0,0,0,5|3|5|5|0|0|0|0,98|98|98|98|0|0|0|0,0|0|-4|4|0|0|0|0,8|6|8|8|0|0|0|0,-2|-2|-2|-2|0|0|0|0,0|0|0|0|0|0|0|0,214|227|214|214|0|0|0|0,1,0,1,5,255,208
220,0,4,4,0,4,0,0,0,5|3|5|5|0|0|0|0,98|98|98|98|0|0|0|0,0|0|-4|4|0|0|0|0,1|-1|0|0|0|0|0|0,-2|-2|-2|-2|0|0|0|0,0|0|0|0|0|0|0|0,214|227|214|214|0|0|0|0,1,0,4,5,255,208
221,0,1,1,0,2,0,0,0,1|1|0|0|0|0|0|0,98|98|0|0|0|0|0|0,0|0|0|0|0|0|0|0,20|20|0|0|0|0|0|0,-4|4|0|0|0|0|0|0,0|0|0|0|0|0|0|0,67|67|0|0|0|0|0|0,-1,0,0,20,255,112
222,0,1,1,0,4,0,0,0,1|1|1|1|0|0|0|0,98|98|98|98|0|0|0|0,-1|0|1|0|0|0|0|0,20|20|20|20|0|0|0|0,-6|0|6|0|0|0|0|0,0|0|0|0|0|0|0|0,67|67|67|67|0|0|0|0,-1,0,0,20,255,112
223,0,1,1,0,4,0,0,0,1|1|1|1|0|0|0|0,98|98|98|98|0|0|0|0,-2|0|2|0|0|0|0|0,20|20|20|20|0|0|0|0,-6|0|6|0|0|0|0|0,0|0|0|0|0|0|0|0,67|67|67|67|0|0|0|0,-1,0,0,20,255,112
224,0,1,1,0,6,0,0,0,1|1|1|1|1|1|0|0,98|98|98|98|98|98|0|0,-1|0|0|1|0|0|0|0,20|20|20|20|20|20|0|0,-6|-2|2|6|2|-2|0|0,0|0|0|0|0|0|0|0,67|67|67|67|67|67|0|0,-1,0,0,20,255,112
225,0,1,1,0,8,0,0,0,1|1|1|1|1|1|1|1,98|98|98|98|98|98|98|98,-2|-1|0|1|2|1|0|-1,20|20|20|20|20|20|20|20,-8|-4|0|4|8|4|0|-4,0|0|0|0|0|0|0|0,67|67|67|67|67|67|67|67,-1,0,0,20,255,112
226,0,1,1,0,8,0,0,0,1|1|1|1|1|1|1|1,98|98|98|98|98|98|98|98,-2|-1|0|1|2|1|0|-1,20|20|20|20|20|20|20|20,-8|-4|0|4|8|4|0|-4,0|0|0|0|0|0|0|0,67|67|67|67|67|67|67|67,-1,0,0,20,255,112
227,0,2,1,0,4,0,0,0,2|2|2|2|0|0|0|0,98|98|98|98|0|0|0|0,-1|0|1|0|0|0|0|0,20|20|20|20|0|0|0|0,-6|0|6|0|0|0|0|0,0|0|0|0|0|0|0|0,70|70|70|70|0|0|0|0,-1,0,0,20,255,112
228,0,2,1,0,6,0,0,0,2|2|2|2|2|2|0|0,98|98|98|98|98|98|0|0,-1|0|0|1|0|0|0|0,20|20|20|20|20|20|0|0,-6|-2|2|6|2|-2|0|0,0|0|0|0|0|0|0|0,70|70|70|70|70|70|0|0,-1,0,0,20,255,112
229,0,2,1,0,8,0,0,0,2|2|2|2|2|2|2|2,98|98|98|98|98|98|98|98,-2|-1|0|1|2|1|0|-1,20|20|20|20|20|20|20|20,-8|-4|0|4|8|4|0|-4,0|0|0|0|0|0|0|0,70|70|70|70|70|70|70|70,-1,0,0,20,255,112
230,0,1,1,0,8,0,0,0,2|2|2|2|2|2|2|2,98|98|98|98|98|98|98|98,-2|-1|0|1|2|1|0|-1,20|20|20|20|20|20|20|20,-8|-4|0|4|8|4|0|-4,0|0|0|0|0|0|0|0,70|70|70|70|70|70|70|70,-1,0,0,20,255,112
231,0,0,1,0,8,0,0,0,2|2|2|2|2|2|2|2,98|98|98|98|98|98|98|98,-2|-1|0|1|2|1|0|-1,20|20|20|20|20|20|20|20,-8|-4|0|4|8|4|0|-4,0|0|0|0|0|0|0|0,70|70|70|70|70|70|70|70,-1,0,0,20,255,112
232,0,5,3,2,3,0,0,0,1|1|1|0|0|0|0|0,255|255|255|0|0|0|0|0,0|0|0|0|0|0|0|0,22|22|22|0|0|0|0|0,0|0|0|0|0|0|0|0,-22|-8|6|0|0|0|0|0,191|191|191|0|0|0|0|0,0,0,0,15,255,128
233,0,5,4,2,4,0,0,0,1|1|1|1|0|0|0|0,255|255|255|255|0|0|0|0,0|0|0|0|0|0|0|0,22|22|22|22|0|0|0|0,0|0|0|0|0|0|0|0,-22|-8|6|20|0|0|0|0,191|191|191|191|0|0|0|0,0,0,0,15,255,128
234,0,5,6,2,6,0,0,0,1|1|1|1|1|2|0|0,255|255|255|255|255|255|0|0,0|0|0|0|0|0|0|0,22|22|22|22|22|-12|0|0,0|0|0|0|0|0|0|0,-22|-8|6|20|34|0|0|0,191|191|191|191|191|191|0|0,0,0,0,15,255,128
235,0,5,7,2,7,0,0,0,1|1|1|1|1|2|2|0,255|255|255|255|255|255|255|0,0|0|0|0|0|0|0|0,22|22|22|22|22|-12|-12|0,0|0|0|0|0|0|0|0,-22|-8|6|20|34|0|-14|0,191|191|191|191|191|191|191|0,0,0,0,15,255,128
236,0,5,6,2,6,0,0,0,1|1|1|1|2|2|0|0,255|255|255|255|101|101|0|0,0|0|0|0|-10|10|0|0,22|22|22|22|10|10|0|0,0|0|0|0|0|0|0|0,-22|-8|6|20|0|0|0|0,191|191|191|191|194|196|0|0,0,0,0,15,255,128
237,0,5,8,2,8,0,0,0,1|1|1|1|2|2|2|2,255|255|255|255|101|101|101|101,0|0|0|0|-10|10|-10|10,22|22|22|22|10|10|10|10,0|0|0|0|0|0|12|-12,-22|-8|6|20|0|0|14|14,191|191|191|191|194|196|194|196,0,0,0,15,255,128
238,0,5,6,2,6,0,0,0,3|1|1|1|2|2|0|0,103|103|103|103|101|101|0|0,0|0|0|0|-10|10|0|0,22|22|22|22|10|10|0|0,0|0|0|0|0|0|0|0,-22|-8|6|20|0|0|0|0,210|229|248|267|194|196|0|0,0,0,0,15,255,128
239,0,5,8,2,8,0,0,0,3|1|1|1|2|2|2|2,103|103|103|103|101|101|101|101,0|0|0|0|-10|10|-10|10,22|22|22|22|10|10|10|10,0|0|0|0|0|0|12|-12,-22|-8|6|20|0|0|14|14,210|229|248|267|194|196|194|196,0,0,0,15,255,128
240,0,5,8,2,8,0,0,0,3|1|1|1|2|2|2|2,103|103|103|103|101|101|101|101,0|0|0|0|-7|7|-7|7,22|22|22|22|10|10|10|10,0|0|0|0|0|0|12|-12,-22|-8|6|20|0|0|14|14,210|229|248|267|194|196|194|196,0,0,0,15,255,128
241,0,2,4,2,8,0,0,0,3|1|1|1|3|1|1|1,103|103|103|103|103|103|103|103,0|0|0|0|0|0|0|0,22|22|22|22|22|22|22|22,-8|-8|-8|-8|8|8|8|8,-22|-8|6|20|-22|-8|6|20,210|229|248|267|210|229|248|267,0,0,0,15,255,128
242,0,1,8,2,8,0,0,0,1|1|1|1|1|1|1|1,103|103|103|103|103|103|103|103,0|0|0|0|0|0|0|0,22|22|22|22|22|22|22|22,-8|-8|-8|-8|8|8|8|8,-22|-8|6|20|-22|-8|6|20,210|229|248|267|210|229|248|267,0,0,0,15,255,128
243,0,2,1,9,6,0,0,0,2|2|2|2|2|2|0|0,10|10|10|10|10|10|0|0,-10|10|-10|10|-12|12|0|0,4|-4|-4|4|0|0|0|0,0|0|0|0|0|0|0|0,0|0|0|0|0|0|0|0,172|172|172|172|172|172|0|0,0,0,0,0,255,112
244,0,2,1,9,8,0,0,0,2|2|2|2|2|2|2|2,10|10|10|10|10|10|10|10,-9|9|-9|9|-10|10|-10|10,6|-6|-6|6|-3|3|3|-3,0|0|0|0|0|0|0|0,0|0|0|0|0|0|0|0,172|172|172|172|172|172|172|172,0,0,0,0,255,112
245,0,1,1,9,6,0,0,0,2|2|2|2|2|2|0|0,10|10|10|10|10|10|0|0,-10|10|-10|10|-12|12|0|0,4|-4|-4|4|0|0|0|0,0|0|0|0|0|0|0|0,0|0|0|0|0|0|0|0,172|172|172|172|172|172|0|0,0,0,0,0,255,112
246,0,1,1,9,8,0,0,0,2|2|2|2|2|2|2|2,10|10|10|10|10|10|10|10,-9|9|-9|9|-10|10|-10|10,6|-6|-6|6|-3|3|3|-3,0|0|0|0|0|0|0|0,0|0|0|0|0|0|0|0,172|172|172|172|172|172|172|172,0,0,0,0,255,112
247,0,2,2,9,6,0,0,0,2|2|2|2|2|2|0|0,10|10|10|10|10|10|0|0,-10|10|-10|10|-12|12|0|0,4|-4|-4|4|0|0|0|0,0|0|0|0|0|0|0|0,0|0|0|0|0|0|0|0,172|172|172|172|172|172|0|0,0,0,0,0,255,112
248,0,2,2,9,8,0,0,0,2|2|2|2|2|2|2|2,10|10|10|10|10|10|10|10,-9|9|-9|9|-10|10|-10|10,6|-6|-6|6|-3|3|3|-3,0|0|0|0|0|0|0|0,0|0|0|0|0|0|0|0,172|172|172|172|172|172|172|172,0,0,0,0,255,112
249,0,1,2,9,6,0,0,0,2|2|2|2|2|2|0|0,10|10|10|10|10|10|0|0,-10|10|-10|10|-12|12|0|0,4|-4|-4|4|0|0|0|0,0|0|0|0|0|0|0|0,0|0|0|0|0|0|0|0,172|172|172|172|172|172|0|0,0,0,0,0,255,112
250,0,1,2,9,8,0,0,0,2|2|2|2|2|2|2|2,10|10|10|10|10|10|10|10,-9|9|-9|9|-10|10|-10|10,6|-6|-6|6|-3|3|3|-3,0|0|0|0|0|0|0|0,0|0|0|0|0|0|0|0,172|172|172|172|172|172|172|172,0,0,0,0,255,112
251,0,2,4,9,8,0,0,0,2|2|2|2|2|2|2|2,10|10|10|10|10|10|10|10,-9|9|-9|9|-10|10|-10|10,6|-6|-6|6|-3|3|3|-3,0|0|0|0|0|0|0|0,0|0|0|0|0|0|0|0,172|172|172|172|172|172|172|172,0,0,0,0,255,112
252,0,3,6,9,6,0,0,0,2|2|2|2|2|2|0|0,10|10|10|10|10|10|0|0,-10|10|-10|10|-12|12|0|0,4|-4|-4|4|0|0|0|0,0|0|0|0|0|0|0|0,0|0|0|0|0|0|0|0,172|172|172|172|172|172|0|0,0,0,0,0,255,112
253,0,2,8,9,8,0,0,0,2|2|2|2|2|2|2|2,10|10|10|10|10|10|10|10,-9|9|-9|9|-10|10|-10|10,6|-6|-6|6|-3|3|3|-3,0|0|0|0|0|0|0|0,0|0|0|0|0|0|0|0,172|172|172|172|172|172|172|172,0,0,0,0,255,112
254,0,4,1,0,2,0,0,0,1|1|0|0|0|0|0|0,255|255|0|0|0|0|0|0,-10|10|0|0|0|0|0|0,0|0|0|0|0|0|0|0,0|0|0|0|0|0|0|0,0|0|0|0|0|0|0|0,39|1|0|0|0|0|0|0,0,0,0,25,255,112
255,0,6,2,0,2,0,0,0,1|1|0|0|0|0|0|0,255|255|0|0|0|0|0|0,-10|10|0|0|0|0|0|0,0|0|0|0|0|0|0|0,0|0|0|0|0|0|0|0,0|0|0|0|0|0|0|0,39|1|0|0|0|0|0|0,0,0,0,25,255,112
256,0,6,2,0,2,0,0,0,2|2|0|0|0|0|0|0,255|255|0|0|0|0|0|0,-10|10|0|0|0|0|0|0,0|0|0|0|0|0|0|0,0|0|0|0|0|0|0|0,0|0|0|0|0|0|0|0,40|2|0|0|0|0|0|0,0,0,0,25,255,112
257,0,6,5,0,5,0,0,0,1|1|1|1|1|0|0|0,255|255|255|255|255|0|0|0,-9|9|9|-9|0|0|0|0,2|2|-2|-2|-10|0|0|0,-2|2|2|-2|0|0|0|0,0|0|0|0|0|0|0|0,281|282|301|300|77|0|0|0,0,0,0,25,255,112
258,0,6,2,0,2,0,0,0,3|3|0|0|0|0|0|0,255|255|0|0|0|0|0|0,-10|10|0|0|0|0|0|0,0|0|0|0|0|0|0|0,0|0|0|0|0|0|0|0,0|0|0|0|0|0|0|0,41|3|0|0|0|0|0|0,0,0,0,25,255,112
259,0,6,3,0,3,0,0,0,3|3|1|0|0|0|0|0,255|255|255|0|0|0|0|0,-10|10|0|0|0|0|0|0,0|0|-10|0|0|0|0|0,0|0|0|0|0|0|0|0,0|0|0|0|0|0|0|0,41|3|77|0|0|0|0|0,0,0,0,25,255,112
260,0,6,4,0,4,0,0,0,2|2|2|2|0|0|0|0,255|255|255|255|0|0|0|0,-9|9|9|-9|0|0|0|0,2|2|-2|-2|0|0|0|0,-2|2|2|-2|0|0|0|0,0|0|0|0|0|0|0|0,277|278|297|296|0|0|0|0,0,0,0,25,255,112
261,0,6,6,0,6,0,0,0,2|2|2|2|1|1|0|0,255|255|255|255|255|255|0|0,-9|9|9|-9|-10|10|0|0,2|2|-2|-2|0|0|0|0,-2|2|2|-2|0|0|0|0,0|0|0|0|0|0|0|0,277|278|297|296|39|1|0|0,0,0,0,25,255,112
262,0,6,6,0,6,0,0,0,2|2|2|2|3|3|0|0,255|255|255|255|255|255|0|0,-9|9|9|-9|-10|10|0|0,2|2|-2|-2|0|0|0|0,-2|2|2|-2|0|0|0|0,0|0|0|0|0|0|0|0,277|278|297|296|41|3|0|0,0,0,0,25,255,112
263,0,6,6,0,6,0,0,0,2|2|2|2|4|4|0|0,255|255|255|255|255|255|0|0,-9|9|9|-9|-10|10|0|0,2|2|-2|-2|0|0|0|0,-2|2|2|-2|0|0|0|0,0|0|0|0|0|0|0|0,277|278|297|296|203|222|0|0,0,0,0,25,255,112
264,0,6,6,0,6,0,0,0,2|2|2|2|5|5|0|0,255|255|255|255|255|255|0|0,-9|9|9|-9|-10|10|0|0,2|2|-2|-2|0|0|0|0,-2|2|2|-2|0|0|0|0,0|0|0|0|0|0|0|0,277|278|297|296|43|5|0|0,0,0,0,25,255,112
265,0,3,1,0,4,0,0,0,1|1|1|1|0|0|0|0,255|255|255|255|0|0|0|0,-9|9|9|-9|0|0|0|0,2|2|-2|-2|0|0|0|0,-2|2|2|-2|0|0|0|0,0|0|0|0|0|0|0|0,281|282|301|300|0|0|0|0,0,0,0,25,255,112
266,0,4,2,0,4,0,0,0,1|1|1|1|0|0|0|0,255|255|255|255|0|0|0|0,-9|9|9|-9|0|0|0|0,2|2|-2|-2|0|0|0|0,-2|2|2|-2|0|0|0|0,0|0|0|0|0|0|0|0,281|282|301|300|0|0|0|0,0,0,0,25,255,112
267,0,6,4,0,4,0,0,0,1|1|1|1|0|0|0|0,255|255|255|255|0|0|0|0,-9|9|9|-9|0|0|0|0,2|2|-2|-2|0|0|0|0,-2|2|2|-2|0|0|0|0,0|0|0|0|0|0|0|0,281|282|301|300|0|0|0|0,0,0,0,25,255,112
268,0,6,5,0,5,0,0,0,1|1|1|1|1|0|0|0,255|255|255|255|255|0|0|0,-6|6|6|-6|0|0|0|0,6|6|-6|-6|-10|0|0|0,-4|4|4|-4|0|0|0|0,0|0|0|0|0|0|0|0,163|164|183|182|77|0|0|0,0,0,0,25,255,112
269,0,6,4,0,4,0,0,0,2|2|1|1|0|0|0|0,255|255|255|255|0|0|0|0,-9|9|6|-6|0|0|0|0,2|2|-6|-6|0|0|0|0,-2|2|4|-4|0|0|0|0,0|0|0|0|0|0|0|0,277|278|183|182|0|0|0|0,0,0,0,25,255,112
270,0,6,5,0,5,0,0,0,2|2|1|1|1|0|0|0,255|255|255|255|255|0|0|0,-9|9|6|-6|0|0|0|0,2|2|-6|-6|-10|0|0|0,-2|2|4|-4|0|0|0|0,0|0|0|0|0|0|0|0,277|278|183|182|77|0|0|0,0,0,0,25,255,112
271,0,6,5,0,5,0,0,0,2|2|2|2|1|0|0|0,255|255|255|255|255|0|0|0,-9|9|6|-6|0|0|0|0,2|2|-6|-6|-10|0|0|0,-2|2|4|-4|0|0|0|0,0|0|0|0|0|0|0|0,277|278|295|294|77|0|0|0,0,0,0,25,255,112
272,0,6,7,0,7,0,0,0,2|2|2|2|1|1|1|0,255|255|255|255|255|255|255|0,-9|9|6|-6|0|-10|10|0,2|2|-6|-6|-10|0|0|0,-2|2|4|-4|0|0|0|0,0|0|0|0|0|0|0|0,277|278|295|294|77|39|1|0,0,0,0,25,255,112
273,0,6,7,0,7,0,0,0,2|2|2|2|1|2|2|0,255|255|255|255|255|255|255|0,-9|9|6|-6|0|-2|2|0,2|2|-6|-6|-10|-9|-9|0,-2|2|4|-4|0|-4|4|0,0|0|0|0|0|0|0|0,277|278|295|294|77|298|299|0,0,0,0,25,255,112
274,0,6,8,0,8,0,0,0,2|2|2|2|2|2|1|1,255|255|255|255|255|255|255|255,-9|9|6|-6|-2|2|-10|10,2|2|-6|-6|-9|-9|0|0,-2|2|4|-4|-4|4|0|0,0|0|0|0|0|0|0|0,277|278|295|294|298|299|39|1,0,0,0,25,255,112
275,0,6,8,0,8,0,0,0,2|2|2|2|2|2|2|2,255|255|255|255|255|255|255|255,-9|9|6|-6|-2|2|-10|10,2|2|-6|-6|-9|-9|0|0,-2|2|4|-4|-4|4|0|0,0|0|0|0|0|0|0|0,277|278|295|294|298|299|40|2,0,0,0,25,255,112
276,0,6,2,0,2,0,0,0,1|1|0|0|0|0|0|0,100|100|0|0|0|0|0|0,-13|13|0|0|0|0|0|0,0|0|0|0|0|0|0|0,-2|2|0|0|0|0|0|0,0|0|0|0|0|0|0|0,6|44|0|0|0|0|0|0,0,0,0,13,255,192
277,0,6,3,0,3,0,0,0,1|1|1|0|0|0|0|0,100|100|98|0|0|0|0|0,-13|13|0|0|0|0|0|0,0|0|13|0|0|0|0|0,-2|2|0|0|0|0|0|0,0|0|0|0|0|0|0|0,6|44|63|0|0|0|0|0,0,0,0,13,255,192
278,0,6,4,0,4,0,0,0,1|1|1|1|0|0|0|0,100|100|98|98|0|0|0|0,-13|13|-2|2|0|0|0|0,0|0|13|13|0|0|0|0,-2|2|-4|4|0|0|0|0,0|0|0|0|0|0|0|0,6|44|224|223|0|0|0|0,0,0,0,13,255,192
279,0,6,3,0,3,0,0,0,2|2|1|0|0|0|0|0,100|100|98|0|0|0|0|0,-13|13|0|0|0|0|0|0,0|0|13|0|0|0|0|0,-2|2|0|0|0|0|0|0,0|0|0|0|0|0|0|0,16|54|63|0|0|0|0|0,0,0,0,13,255,192
280,0,6,4,0,4,0,0,0,2|2|1|1|0|0|0|0,100|100|98|98|0|0|0|0,-13|13|-2|2|0|0|0|0,0|0|13|13|0|0|0|0,-2|2|-4|4|0|0|0|0,0|0|0|0|0|0|0|0,16|54|224|223|0|0|0|0,0,0,0,13,255,192
281,0,6,6,0,6,0,0,0,2|2|2|2|1|1|0|0,100|100|100|100|98|98|0|0,-13|13|-13|13|-2|2|0|0,-1|-1|1|1|13|13|0|0,-2|2|-2|2|-4|4|0|0,4|4|-4|-4|0|0|0|0,16|54|16|54|224|223|0|0,0,0,0,13,255,192
282,0,6,6,0,6,0,0,0,3|3|3|3|1|1|0|0,100|100|100|100|98|98|0|0,-13|13|-13|13|-2|2|0|0,0|0|0|0|13|13|0|0,-2|2|-2|2|-4|4|0|0,-7|-7|7|7|0|0|0|0,105|106|124|125|224|223|0|0,0,0,0,13,255,192
283,0,6,6,0,6,0,0,0,3|3|3|3|2|1|0|0,100|100|100|100|98|98|0|0,-13|13|-13|13|0|0|0|0,0|0|0|0|13|-13|0|0,-2|2|-2|2|0|0|0|0,-7|-7|7|7|0|0|0|0,105|106|124|125|73|82|0|0,0,0,0,13,255,192
284,0,6,7,0,7,0,0,0,3|3|3|3|2|1|1|0,100|100|100|100|98|98|98|0,-13|13|-13|13|0|-2|2|0,0|0|0|0|13|-13|-13|0,-2|2|-2|2|0|-4|4|0,-7|-7|7|7|0|0|0|0,105|106|124|125|73|243|242|0,0,0,0,13,255,192
285,0,6,7,0,7,0,0,0,3|3|3|3|2|2|2|0,100|100|100|100|98|98|98|0,-13|13|-13|13|0|-9|9|0,0|0|0|0|13|-9|-9|0,-2|2|-2|2|0|-9|9|0,-7|-7|7|7|0|0|0|0,105|106|124|125|73|130|131|0,0,0,0,13,255,192
286,0,6,8,0,8,0,0,0,3|3|3|3|2|2|2|2,100|100|100|100|98|98|98|98,-13|13|-13|13|-9|9|-9|9,0|0|0|0|-9|-9|9|9,-2|2|-2|2|-9|9|-9|9,-7|-7|7|7|0|0|0|0,105|106|124|125|130|131|149|150,0,0,0,13,255,192
287,0,6,1,0,1,0,0,0,2|0|0|0|0|0|0|0,98|0|0|0|0|0|0|0,0|0|0|0|0|0|0|0,0|0|0|0|0|0|0|0,0|0|0|0|0|0|0|0,0|0|0|0|0|0|0|0,73|0|0|0|0|0|0|0,1,0,0,13,255,192
288,0,6,3,0,3,0,0,0,2|1|1|0|0|0|0|0,98|98|98|0|0|0|0|0,0|-1|1|0|0|0|0|0,0|-1|-1|0|0|0|0|0,0|-4|4|0|0|0|0|0,0|0|0|0|0|0|0|0,73|63|63|0|0|0|0|0,1,0,0,13,255,192
289,0,6,4,0,4,0,0,0,1|1|1|1|0|0|0|0,98|98|98|98|0|0|0|0,-1|1|-2|2|0|0|0|0,0|0|-1|-1|0|0|0|0,-4|4|-8|8|0|0|0|0,0|0|0|0|0|0|0|0,63|63|63|63|0|0|0|0,1,0,0,13,255,192
290,0,6,5,0,5,0,0,0,1|1|1|1|1|0|0|0,98|98|98|98|98|0|0|0,-1|1|-2|2|0|0|0|0,-1|-1|-2|-2|0|0|0|0,-4|4|-8|8|0|0|0|0,0|0|0|0|0|0|0|0,63|63|63|63|63|0|0|0,1,0,0,13,255,192
291,0,6,4,0,4,0,0,0,2|2|1|1|0|0|0|0,98|98|98|98|0|0|0|0,-1|1|-3|3|0|0|0|0,0|0|-1|-1|0|0|0|0,-4|4|-8|8|0|0|0|0,0|0|0|0|0|0|0|0,73|73|63|63|0|0|0|0,1,0,0,13,255,192
292,0,6,4,0,4,0,0,0,3|3|1|1|0|0|0|0,98|98|98|98|0|0|0|0,0|0|-2|2|0|0|0|0,1|1|-1|-1|0|0|0|0,-6|6|-8|8|0|0|0|0,0|0|0|0|0|0|0|0,143|144|63|63|0|0|0|0,1,0,0,13,255,192
293,0,6,4,0,4,0,0,0,3|3|2|2|0|0|0|0,98|98|98|98|0|0|0|0,0|0|-2|2|0|0|0|0,1|1|-1|-1|0|0|0|0,-6|6|-8|8|0|0|0|0,0|0|0|0|0|0|0|0,143|144|73|73|0|0|0|0,1,0,0,13,255,192
294,0,6,6,0,6,0,0,0,3|3|1|1|1|1|0|0,98|98|98|98|98|98|0|0,0|0|-1|1|-2|2|0|0,1|1|0|0|-1|-1|0|0,-6|6|-4|4|-8|8|0|0,0|0|0|0|0|0|0|0,143|144|63|63|63|63|0|0,1,0,0,13,255,192
295,0,6,6,0,6,0,0,0,3|3|2|2|1|1|0|0,98|98|98|98|98|98|0|0,0|0|-1|1|-3|3|0|0,1|1|0|0|-1|-1|0|0,-6|6|-4|4|-8|8|0|0,0|0|0|0|0|0|0|0,143|144|73|73|63|63|0|0,1,0,0,13,255,192
296,0,6,6,0,6,0,0,0,3|3|3|3|3|3|0|0,98|98|98|98|98|98|0|0,0|0|-3|-3|3|3|0|0,1|1|-2|-2|-2|-2|0|0,-6|6|-12|0|0|12|0|0,0|0|0|0|0|0|0|0,143|144|143|144|143|144|0|0,1,0,0,13,255,192
297,0,6,8,0,8,0,0,0,3|3|3|3|3|3|3|3,98|98|98|98|98|98|98|98,-1|-1|1|1|-3|-3|3|3,0|0|0|0|-2|-2|-2|-2,-12|0|0|12|-24|-12|12|24,0|0|0|0|0|0|0|0,143|144|143|144|143|144|143|144,1,0,0,13,255,192
298,80,20,8,3,8,0,0,0,128|128|128|128|128|128|128|128,255|255|255|255|255|255|255|255,0|0|1|-1|1|-1|1|-1,1|-1|1|1|-1|-1|0|0,0|0|0|0|0|0|0|0,0|0|0|0|0|0|0|0,271|271|271|271|271|271|271|271,0,0,0,8,255,208
299,0,90,1,3,1,0,0,0,99|0|0|0|0|0|0|0,255|0|0|0|0|0|0|0,120|0|0|0|0|0|0|0,2|0|0|0|0|0|0|0,-20|0|0|0|0|0|0|0,20|0|0|0|0|0|0|0,263|0|0|0|0|0|0|0,0,0,160,0,255,208
300,0,7,2,0,2,0,0,0,1|1|0|0|0|0|0|0,255|255|0|0|0|0|0|0,-10|10|0|0|0|0|0|0,0|0|0|0|0|0|0|0,0|0|0|0|0|0|0|0,0|0|0|0|0|0|0|0,227|227|0|0|0|0|0|0,0,0,0,26,255,208
301,0,7,2,0,2,0,0,0,2|2|0|0|0|0|0|0,107|107|0|0|0|0|0|0,-10|10|0|0|0|0|0|0,0|0|0|0|0|0|0|0,0|0|0|0|0|0|0|0,0|0|0|0|0|0|0|0,601|601|0|0|0|0|0|0,0,0,0,26,255,208
302,0,7,4,0,4,0,0,0,1|1|1|1|0|0|0|0,255|255|255|255|0|0|0|0,-9|9|9|-9|0|0|0|0,2|-2|2|-2|0|0|0|0,0|0|0|0|0|0|0|0,0|0|0|0|0|0|0|0,227|227|227|227|0|0|0|0,0,0,0,26,255,208
303,0,7,4,0,4,0,0,0,2|1|2|1|0|0|0|0,107|255|107|255|0|0|0|0,-9|9|9|-9|0|0|0|0,2|-2|2|-2|0|0|0|0,0|0|0|0|0|0|0|0,0|0|0|0|0|0|0|0,601|227|601|227|0|0|0|0,0,0,0,26,255,208
304,0,7,6,0,6,0,0,0,2|1|2|1|1|1|0|0,107|255|107|255|255|255|0|0,-9|9|9|-9|-10|10|0|0,2|-2|2|-2|0|0|0|0,0|0|0|0|0|0|0|0,0|0|0|0|0|0|0|0,601|227|601|227|227|227|0|0,0,0,0,26,255,208
305,0,7,7,0,7,0,0,0,2|1|2|1|2|2|1|0,107|255|107|255|107|107|255|0,-9|9|9|-9|-10|10|0|0,2|-2|2|-2|0|0|-10|0,0|0|0|0|0|0|0|0,0|0|0|0|0|0|0|0,601|227|601|227|601|601|227|0,0,0,0,26,255,208
306,0,7,7,0,7,0,0,0,2|2|2|2|2|2|1|0,107|107|107|107|107|107|255|0,-9|9|9|-9|-10|10|0|0,2|-2|2|-2|0|0|-10|0,0|0|0|0|0|0|0|0,0|0|0|0|0|0|0|0,601|601|601|601|601|601|227|0,0,0,0,26,255,208
307,0,7,6,0,6,0,0,0,2|1|2|1|4|4|0|0,107|255|107|255|105|105|0|0,-9|9|9|-9|-6|6|0|0,2|-2|2|-2|0|0|0|0,0|0|0|0|0|0|0|0,0|0|0|0|0|0|0|0,601|227|601|227|582|582|0|0,0,0,0,26,255,208
308,0,7,6,0,6,0,0,0,2|2|2|2|4|4|0|0,107|107|107|107|105|105|0|0,-9|9|9|-9|-6|6|0|0,2|-2|2|-2|0|0|0|0,0|0|0|0|0|0|0|0,0|0|0|0|0|0|0|0,601|601|601|601|582|582|0|0,0,0,0,26,255,208
309,0,7,8,0,8,0,0,0,2|1|2|1|1|1|4|4,107|255|107|255|255|255|105|105,-9|9|9|-9|-3|3|-6|6,2|-2|2|-2|-7|-7|0|0,0|0|0|0|0|0|0|0,0|0|0|0|0|0|0|0,601|227|601|227|227|227|582|582,0,0,0,26,255,208
310,0,7,8,0,8,0,0,0,2|2|2|2|1|1|4|4,107|107|107|107|255|255|105|105,-9|9|9|-9|-3|3|-6|6,2|-2|2|-2|-7|-7|0|0,0|0|0|0|0|0|0|0,0|0|0|0|0|0|0|0,601|601|601|601|227|227|582|582,0,0,0,26,255,208
311,0,11,1,0,1,0,0,0,1|0|0|0|0|0|0|0,90|0|0|0|0|0|0|0,120|0|0|0|0|0|0|0,120|0|0|0|0|0|0|0,-13|0|0|0|0|0|0|0,14|0|0|0|0|0|0|0,227|0|0|0|0|0|0|0,0,0,6,26,255,208
312,0,21,1,7,1,0,0,0,2|0|0|0|0|0|0|0,90|0|0|0|0|0|0|0,120|0|0|0|0|0|0|0,120|0|0|0|0|0|0|0,-18|0|0|0|0|0|0|0,20|0|0|0|0|0|0|0,601|0|0|0|0|0|0|0,0,0,7,26,255,208
313,0,16,1,7,1,0,0,0,2|0|0|0|0|0|0|0,90|0|0|0|0|0|0|0,120|0|0|0|0|0|0|0,120|0|0|0|0|0|0|0,-24|0|0|0|0|0|0|0,24|0|0|0|0|0|0|0,601|0|0|0|0|0|0|0,0,0,8,26,255,208
314,0,8,1,7,1,0,0,0,2|0|0|0|0|0|0|0,90|0|0|0|0|0|0|0,120|0|0|0|0|0|0|0,120|0|0|0|0|0|0|0,-24|0|0|0|0|0|0|0,24|0|0|0|0|0|0|0,601|0|0|0|0|0|0|0,0,0,8,26,255,208
315,0,16,2,7,2,0,0,0,2|2|0|0|0|0|0|0,90|90|0|0|0|0|0|0,120|120|0|0|0|0|0|0,120|120|0|0|0|0|0|0,-30|-18|0|0|0|0|0|0,24|24|0|0|0|0|0|0,601|601|0|0|0|0|0|0,0,0,8,26,255,208
316,0,8,2,7,2,0,0,0,2|2|0|0|0|0|0|0,45|45|0|0|0|0|0|0,120|120|0|0|0|0|0|0,120|120|0|0|0|0|0|0,-40|-8|0|0|0|0|0|0,24|24|0|0|0|0|0|0,601|601|0|0|0|0|0|0,0,0,8,26,255,208
317,0,16,3,7,3,0,0,0,2|2|2|0|0|0|0|0,45|45|90|0|0|0|0|0,120|120|120|0|0|0|0|0,120|120|120|0|0|0|0|0,-40|-8|-24|0|0|0|0|0,24|24|4|0|0|0|0|0,601|601|601|0|0|0|0|0,0,0,8,26,255,208
318,0,8,1,5,1,0,0,0,4|0|0|0|0|0|0|0,90|0|0|0|0|0|0|0,120|0|0|0|0|0|0|0,120|0|0|0|0|0|0|0,-24|0|0|0|0|0|0|0,24|0|0|0|0|0|0|0,582|0|0|0|0|0|0|0,0,0,8,26,255,208
319,0,16,2,5,2,0,0,0,4|4|0|0|0|0|0|0,90|90|0|0|0|0|0|0,120|120|0|0|0|0|0|0,120|120|0|0|0|0|0|0,-30|-18|0|0|0|0|0|0,24|24|0|0|0|0|0|0,582|582|0|0|0|0|0|0,0,0,8,26,255,208
320,0,8,2,5,2,0,0,0,4|4|0|0|0|0|0|0,45|45|0|0|0|0|0|0,120|120|0|0|0|0|0|0,120|120|0|0|0|0|0|0,-40|-8|0|0|0|0|0|0,24|24|0|0|0|0|0|0,582|582|0|0|0|0|0|0,0,0,8,26,255,208
321,0,16,3,5,3,0,0,0,4|4|4|0|0|0|0|0,45|45|90|0|0|0|0|0,120|120|120|0|0|0|0|0,120|120|120|0|0|0|0|0,-50|8|-24|0|0|0|0|0,24|24|4|0|0|0|0|0,582|582|582|0|0|0|0|0,0,0,8,26,255,208
322,0,4,2,0,2,0,0,0,1|1|0|0|0|0|0|0,255|255|0|0|0|0|0|0,0|0|0|0|0|0|0|0,12|12|0|0|0|0|0|0,-5|5|0|0|0|0|0|0,0|0|0|0|0|0|0|0,225|225|0|0|0|0|0|0,0,0,0,26,255,208
323,0,5,3,0,3,0,0,0,1|1|1|0|0|0|0|0,255|255|255|0|0|0|0|0,0|-2|2|0|0|0|0|0,12|11|11|0|0|0|0|0,0|0|0|0|0|0|0|0,0|0|0|0|0|0|0|0,225|225|225|0|0|0|0|0,0,0,0,26,255,208
324,0,5,4,0,4,0,0,0,1|1|1|1|0|0|0|0,255|255|255|255|0|0|0|0,-2|2|-4|4|0|0|0|0,11|11|12|12|0|0|0|0,0|0|0|0|0|0|0|0,0|0|0|0|0|0|0|0,225|225|225|225|0|0|0|0,0,0,0,26,255,208
325,0,6,5,0,5,0,0,0,1|1|1|1|1|0|0|0,255|255|255|255|255|0|0|0,0|-3|3|-6|6|0|0|0,12|11|11|9|9|0|0|0,0|0|0|0|0|0|0|0,0|0|0|0|0|0|0|0,225|225|225|225|225|0|0|0,0,0,0,26,255,208
326,0,6,6,0,6,0,0,0,1|1|1|1|1|1|0|0,255|255|255|255|255|255|0|0,-3|3|-6|6|0|0|0|0,11|11|9|9|12|12|0|0,0|0|0|0|-4|4|0|0,0|0|0|0|0|0|0|0,225|225|225|225|225|225|0|0,0,0,0,26,255,208
327,0,6,4,0,4,0,0,0,1|1|2|2|0|0|0|0,255|255|255|255|0|0|0|0,-6|6|0|0|0|0|0|0,9|9|11|11|0|0|0|0,0|0|8|-8|0|0|0|0,0|0|0|0|0|0|0|0,225|225|244|244|0|0|0|0,0,0,0,26,255,208
328,0,6,5,0,5,0,0,0,1|1|2|2|2|0|0|0,255|255|255|255|255|0|0|0,-5|5|3|-3|0|0|0|0,9|9|11|11|12|0|0|0,0|0|0|0|0|0|0|0,0|0|0|0|0|0|0|0,225|225|244|244|244|0|0|0,0,0,0,26,255,208
329,0,6,6,0,6,0,0,0,1|1|3|3|2|2|0|0,255|255|255|255|255|255|0|0,-6|6|3|-3|0|0|0|0,9|9|11|11|12|12|0|0,0|0|0|0|-8|8|0|0,0|0|0|0|0|0|0|0,225|225|244|244|244|244|0|0,0,0,0,26,255,208
330,0,6,6,0,6,0,0,0,2|2|3|2|2|2|0|0,255|255|255|255|255|255|0|0,-6|6|3|-3|0|0|0|0,9|9|11|11|12|12|0|0,0|0|0|0|-8|8|0|0,0|0|0|0|0|0|0|0,244|244|244|244|244|244|0|0,0,0,0,26,255,208
331,0,6,7,0,7,0,0,0,2|2|3|2|2|2|3|0,255|255|255|255|255|255|255|0,-8|8|6|-6|3|-3|0|0,9|9|10|10|11|11|12|0,0|0|0|0|0|0|0|0,0|0|0|0|0|0|0|0,244|244|244|244|244|244|244|0,0,0,0,26,255,208
332,0,6,8,0,8,0,0,0,5|2|2|2|2|2|2|2,255|255|255|255|255|255|255|255,0|-4|4|-6|6|0|-3|3,12|12|12|9|9|12|11|11,0|-4|4|0|0|0|0|0,0|-6|-6|0|0|9|0|0,244|244|244|244|244|226|226|226,0,0,0,26,255,208
333,0,8,1,0,1,0,0,0,2|0|0|0|0|0|0|0,255|0|0|0|0|0|0|0,0|0|0|0|0|0|0|0,-6|0|0|0|0|0|0|0,0|0|0|0|0|0|0|0,0|0|0|0|0|0|0|0,126|0|0|0|0|0|0|0,1,0,0,16,255,208
334,0,8,2,0,2,0,0,0,2|2|0|0|0|0|0|0,255|255|0|0|0|0|0|0,-1|1|0|0|0|0|0|0,-7|-7|0|0|0|0|0|0,-5|5|0|0|0|0|0|0,0|0|0|0|0|0|0|0,126|126|0|0|0|0|0|0,1,0,0,16,255,208
335,0,8,3,0,3,0,0,0,2|2|2|0|0|0|0|0,255|255|255|0|0|0|0|0,-2|2|0|0|0|0|0|0,-7|-7|-5|0|0|0|0|0,-5|5|0|0|0|0|0|0,0|0|0|0|0|0|0|0,126|126|126|0|0|0|0|0,1,0,0,16,255,208
336,0,8,2,0,2,0,0,0,3|3|0|0|0|0|0|0,255|255|0|0|0|0|0|0,-1|1|0|0|0|0|0|0,-8|-8|0|0|0|0|0|0,-5|5|0|0|0|0|0|0,0|0|0|0|0|0|0|0,214|214|0|0|0|0|0|0,1,0,0,16,255,208
337,0,8,3,0,3,0,0,0,3|3|3|0|0|0|0|0,255|255|255|0|0|0|0|0,-2|2|0|0|0|0|0|0,-8|-8|-5|0|0|0|0|0,-5|5|0|0|0|0|0|0,0|0|0|0|0|0|0|0,214|214|214|0|0|0|0|0,1,0,0,16,255,208
338,0,8,5,0,5,0,0,0,2|2|2|2|3|0|0|0,255|255|255|255|255|0|0|0,-2|2|-4|4|0|0|0|0,-7|-7|-7|-7|-5|0|0|0,-5|5|-8|8|0|0|0|0,0|0|0|0|0|0|0|0,126|126|126|126|214|0|0|0,1,0,0,16,255,208
339,0,8,4,0,4,0,0,0,3|3|2|2|0|0|0|0,255|255|255|255|0|0|0|0,-2|2|-4|4|0|0|0|0,-7|-7|-7|-7|0|0|0|0,-5|5|-8|8|0|0|0|0,0|0|0|0|0|0|0|0,214|214|126|126|0|0|0|0,1,0,0,16,255,208
340,0,8,6,0,6,0,0,0,3|3|2|2|2|2|0|0,255|255|255|255|255|255|0|0,-2|2|-4|4|-1|1|0|0,-7|-7|-7|-7|-6|-6|0|0,-5|5|-8|8|-3|3|0|0,0|0|0|0|0|0|0|0,214|214|126|126|126|126|0|0,1,0,0,16,255,208
341,0,8,4,0,4,0,0,0,3|3|3|3|0|0|0|0,255|255|255|255|0|0|0|0,-2|2|-4|4|0|0|0|0,-7|-7|-8|-8|0|0|0|0,-5|5|-8|8|0|0|0|0,0|0|0|0|0|0|0|0,214|214|214|214|0|0|0|0,1,0,0,16,255,208
342,0,8,4,0,4,0,0,0,2|2|5|5|0|0|0|0,255|255|255|255|0|0|0|0,-1|1|-1|1|0|0|0|0,-8|-8|-7|-7|0|0|0|0,-4|5|-5|5|0|0|0|0,0|0|0|0|0|0|0|0,126|126|263|263|0|0|0|0,1,0,0,16,255,208
343,0,8,6,0,6,0,0,0,2|2|5|5|2|2|0|0,255|255|255|255|255|255|0|0,-1|1|-1|1|-3|3|0|0,-8|-8|-7|-7|-7|-7|0|0,-4|5|-5|5|-5|5|0|0,0|0|0|0|0|0|0|0,126|126|263|263|126|126|0|0,1,0,0,16,255,208
344,0,8,1,0,1,0,0,0,2|0|0|0|0|0|0|0,255|0|0|0|0|0|0|0,0|0|0|0|0|0|0|0,6|0|0|0|0|0|0|0,0|0|0|0|0|0|0|0,0|0|0|0|0|0|0|0,126|0|0|0|0|0|0|0,-1,0,0,16,255,208
345,0,8,2,0,2,0,0,0,2|2|0|0|0|0|0|0,255|255|0|0|0|0|0|0,-1|1|0|0|0|0|0|0,7|7|0|0|0|0|0|0,-5|5|0|0|0|0|0|0,0|0|0|0|0|0|0|0,126|126|0|0|0|0|0|0,-1,0,0,16,255,208
346,0,8,3,0,3,0,0,0,2|2|2|0|0|0|0|0,255|255|255|0|0|0|0|0,-2|2|0|0|0|0|0|0,7|7|5|0|0|0|0|0,-5|5|0|0|0|0|0|0,0|0|0|0|0|0|0|0,126|126|126|0|0|0|0|0,-1,0,0,16,255,208
347,0,8,2,0,2,0,0,0,3|3|0|0|0|0|0|0,255|255|0|0|0|0|0|0,-1|1|0|0|0|0|0|0,8|8|0|0|0|0|0|0,-5|5|0|0|0|0|0|0,0|0|0|0|0|0|0|0,214|214|0|0|0|0|0|0,-1,0,0,16,255,208
348,0,8,3,0,3,0,0,0,3|3|3|0|0|0|0|0,255|255|255|0|0|0|0|0,-2|2|0|0|0|0|0|0,8|8|5|0|0|0|0|0,-5|5|0|0|0|0|0|0,0|0|0|0|0|0|0|0,214|214|214|0|0|0|0|0,-1,0,0,16,255,208
349,0,8,5,0,5,0,0,0,2|2|2|2|3|0|0|0,255|255|255|255|255|0|0|0,-2|2|-4|4|0|0|0|0,7|7|7|7|5|0|0|0,-5|5|-8|8|0|0|0|0,0|0|0|0|0|0|0|0,126|126|126|126|214|0|0|0,-1,0,0,16,255,208
350,0,8,4,0,4,0,0,0,3|3|2|2|0|0|0|0,255|255|255|255|0|0|0|0,-2|2|-4|4|0|0|0|0,7|7|7|7|0|0|0|0,-5|5|-8|8|0|0|0|0,0|0|0|0|0|0|0|0,214|214|126|126|0|0|0|0,-1,0,0,16,255,208
351,0,8,6,0,6,0,0,0,3|3|2|2|2|2|0|0,255|255|255|255|255|255|0|0,-2|2|-4|4|-1|1|0|0,7|7|7|7|6|6|0|0,-5|5|-8|8|-3|3|0|0,0|0|0|0|0|0|0|0,214|214|126|126|126|126|0|0,-1,0,0,16,255,208
352,0,8,4,0,4,0,0,0,3|3|3|3|0|0|0|0,255|255|255|255|0|0|0|0,-2|2|-4|4|0|0|0|0,7|7|8|8|0|0|0|0,-5|5|-8|8|0|0|0|0,0|0|0|0|0|0|0|0,214|214|214|214|0|0|0|0,-1,0,0,16,255,208
353,0,8,4,0,4,0,0,0,2|2|5|5|0|0|0|0,255|255|255|255|0|0|0|0,-1|1|-1|1|0|0|0|0,8|8|7|7|0|0|0|0,-4|5|-5|5|0|0|0|0,0|0|0|0|0|0|0|0,126|126|263|263|0|0|0|0,-1,0,0,16,255,208
354,0,8,6,0,6,0,0,0,2|2|5|5|2|2|0|0,255|255|255|255|255|255|0|0,-1|1|-1|1|-3|3|0|0,8|8|7|7|7|7|0|0,-4|5|-5|5|-5|5|0|0,0|0|0|0|0|0|0|0,126|126|263|263|126|126|0|0,-1,0,0,16,255,208
355,0,2,1,0,2,0,0,0,1|1|0|0|0|0|0|0,255|255|0|0|0|0|0|0,-6|6|0|0|0|0|0|0,21|21|0|0|0|0|0|0,-2|2|0|0|0|0|0|0,20|20|0|0|0|0|0|0,132|133|0|0|0|0|0|0,-1,0,0,20,255,112
356,0,2,1,0,4,0,0,0,1|1|1|1|0|0|0|0,255|255|255|255|0|0|0|0,-6|6|-7|7|0|0|0|0,21|21|21|21|0|0|0|0,-2|2|-4|4|0|0|0|0,20|20|20|20|0|0|0|0,132|133|132|133|0|0|0|0,-1,0,0,20,255,112
357,0,3,2,0,4,0,0,0,1|1|1|1|0|0|0|0,255|255|255|255|0|0|0|0,-6|6|-7|7|0|0|0|0,21|21|21|21|0|0|0|0,-2|2|-4|4|0|0|0|0,20|20|20|20|0|0|0|0,132|133|132|133|0|0|0|0,-1,0,0,20,255,112
358,0,3,2,0,6,0,0,0,1|1|1|1|1|1|0|0,255|255|255|255|255|255|0|0,-6|6|-7|7|-5|5|0|0,21|21|21|21|21|21|0|0,-2|2|-4|4|-1|1|0|0,20|20|20|20|20|20|0|0,132|133|132|133|132|133|0|0,-1,0,0,20,255,112
359,0,2,2,0,6,0,0,0,1|1|1|1|1|1|0|0,255|255|255|255|255|255|0|0,-6|6|-7|7|-5|5|0|0,21|21|21|21|21|21|0|0,-2|2|-4|4|-1|1|0|0,20|20|20|20|20|20|0|0,132|133|132|133|132|133|0|0,-1,0,0,20,255,112
360,0,2,2,0,8,0,0,0,1|1|1|1|1|1|1|1,255|255|255|255|255|255|255|255,-6|6|-7|7|-8|8|-5|5,21|21|21|21|21|21|21|21,-2|2|-4|4|-6|6|-1|1,20|20|20|20|20|20|20|20,132|133|132|133|132|133|132|133,-1,0,0,20,255,112
361,0,1,2,0,8,0,0,0,1|1|1|1|1|1|1|1,255|255|255|255|255|255|255|255,-6|6|-7|7|-8|8|-5|5,21|21|21|21|21|21|21|21,-2|2|-4|4|-6|6|-1|1,20|20|20|20|20|20|20|20,132|133|132|133|132|133|132|133,-1,0,0,20,255,112
362,0,2,3,0,8,0,0,0,1|1|1|1|1|1|1|1,255|255|255|255|255|255|255|255,-6|6|-7|7|-8|8|-5|5,21|21|21|21|21|21|21|21,-2|2|-4|4|-6|6|-1|1,20|20|20|20|20|20|20|20,132|133|132|133|132|133|132|133,-1,0,0,20,255,112
363,0,2,2,0,6,0,0,0,2|2|2|2|2|2|0|0,255|255|255|255|255|255|0|0,-6|6|-7|7|-5|5|0|0,21|21|21|21|21|21|0|0,-2|2|-4|4|-1|1|0|0,20|20|20|20|20|20|0|0,151|152|151|152|151|152|0|0,-1,0,0,20,255,112
364,0,2,2,0,8,0,0,0,2|2|2|2|2|2|2|2,255|255|255|255|255|255|255|255,-6|6|-7|7|-8|8|-5|5,21|21|21|21|21|21|21|21,-2|2|-4|4|-6|6|-1|1,20|20|20|20|20|20|20|20,151|152|151|152|151|152|151|152,-1,0,0,20,255,112
365,0,1,2,0,8,0,0,0,2|2|2|2|2|2|2|2,255|255|255|255|255|255|255|255,-6|6|-7|7|-8|8|-5|5,21|21|21|21|21|21|21|21,-2|2|-4|4|-6|6|-1|1,20|20|20|20|20|20|20|20,151|152|151|152|151|152|151|152,-1,0,0,20,255,112
366,0,3,1,4,2,0,0,0,1|1|0|0|0|0|0|0,255|255|0|0|0|0|0|0,0|0|0|0|0|0|0|0,6|6|0|0|0|0|0|0,-4|4|0|0|0|0|0|0,0|0|0|0|0|0|0|0,233|233|0|0|0|0|0|0,0,0,0,13,255,80
367,0,8,1,0,1,0,0,0,112|0|0|0|0|0|0|0,255|0|0|0|0|0|0|0,0|0|0|0|0|0|0|0,0|0|0|0|0|0|0|0,0|0|0|0|0|0|0|0,0|0|0|0|0|0|0|0,31|0|0|0|0|0|0|0,1,0,0,7,6,80
368,0,9,2,0,2,0,0,0,112|112|0|0|0|0|0|0,255|255|0|0|0|0|0|0,1|-1|0|0|0|0|0|0,-1|-1|0|0|0|0|0|0,0|0|0|0|0|0|0|0,0|0|0|0|0|0|0|0,31|31|0|0|0|0|0|0,1,0,0,7,6,80
369,0,10,3,0,3,0,0,0,112|112|112|0|0|0|0|0,255|255|255|0|0|0|0|0,1|-1|0|0|0|0|0|0,-1|-1|0|0|0|0|0|0,0|0|0|0|0|0|0|0,0|0|0|0|0|0|0|0,31|31|31|0|0|0|0|0,1,0,0,7,6,80
370,0,11,4,0,4,0,0,0,112|112|112|112|0|0|0|0,255|255|255|255|0|0|0|0,1|-1|0|0|0|0|0|0,-2|-2|0|0|0|0|0|0,0|0|-3|3|0|0|0|0,0|0|0|0|0|0|0|0,31|31|31|31|0|0|0|0,1,0,0,7,6,80
371,0,12,1,0,1,0,0,0,116|0|0|0|0|0|0|0,255|0|0|0|0|0|0|0,0|0|0|0|0|0|0|0,-2|0|0|0|0|0|0|0,0|0|0|0|0|0|0|0,0|0|0|0|0|0|0|0,32|0|0|0|0|0|0|0,1,0,0,7,6,80
372,0,12,2,0,4,0,0,0,112|116|112|116|0|0|0|0,255|255|255|255|0|0|0|0,-1|0|1|0|0|0|0|0,-3|-2|-3|-2|0|0|0|0,0|0|0|0|0|0|0|0,0|0|0|0|0|0|0|0,31|32|31|32|0|0|0|0,1,0,0,7,6,80
373,0,12,3,0,3,0,0,0,112|116|112|0|0|0|0|0,255|255|255|0|0|0|0|0,-1|0|1|0|0|0|0|0,-3|-2|-3|0|0|0|0|0,0|0|0|0|0|0|0|0,0|0|0|0|0|0|0|0,31|32|31|0|0|0|0|0,1,0,0,7,6,80
374,0,12,3,0,3,0,0,0,112|113|112|0|0|0|0|0,255|255|255|0|0|0|0|0,-1|0|1|0|0|0|0|0,-4|-3|-4|0|0|0|0|0,0|0|0|0|0|0|0|0,0|0|0|0|0|0|0|0,31|32|31|0|0|0|0|0,1,0,0,7,6,80
375,0,12,2,0,2,0,0,0,113|113|0|0|0|0|0|0,255|255|0|0|0|0|0|0,0|0|0|0|0|0|0|0,-4|-4|0|0|0|0|0|0,-6|6|0|0|0|0|0|0,0|0|0|0|0|0|0|0,32|32|0|0|0|0|0|0,1,0,0,7,6,80
376,0,12,4,0,4,0,0,0,113|113|112|112|0|0|0|0,255|255|255|255|0|0|0|0,0|0|1|-1|0|0|0|0,-4|-4|-1|-1|0|0|0|0,-6|6|0|0|0|0|0|0,0|0|0|0|0|0|0|0,32|32|31|31|0|0|0|0,1,0,0,7,6,80
377,0,12,3,0,3,0,0,0,114|112|112|0|0|0|0|0,255|255|255|0|0|0|0|0,0|1|-1|0|0|0|0|0,-4|-1|-1|0|0|0|0|0,0|0|0|0|0|0|0|0,0|0|0|0|0|0|0|0,33|31|31|0|0|0|0|0,1,0,0,7,6,80
378,0,11,1,0,2,0,0,0,3|3|0|0|0|0|0|0,255|255|0|0|0|0|0|0,2|-2|0|0|0|0|0|0,-1|-1|0|0|0|0|0|0,0|0|0|0|0|0|0|0,0|0|0|0|0|0|0|0,99|99|0|0|0|0|0|0,1,0,0,1,0,112
379,0,11,2,0,2,0,0,0,3|3|0|0|0|0|0|0,255|255|0|0|0|0|0|0,2|-2|0|0|0|0|0|0,-1|-1|0|0|0|0|0|0,0|0|0|0|0|0|0|0,0|0|0|0|0|0|0|0,99|99|0|0|0|0|0|0,1,0,0,1,0,112
380,0,11,4,0,4,0,0,0,3|3|2|2|0|0|0|0,255|255|255|255|0|0|0|0,3|-3|4|-4|0|0|0|0,-1|-1|-1|-1|0|0|0|0,0|0|0|0|0|0|0|0,0|0|0|0|0|0|0|0,99|99|99|99|0|0|0|0,1,0,0,1,0,112
381,0,11,6,0,6,0,0,0,3|3|2|2|2|2|0|0,255|255|255|255|255|255|0|0,3|-3|4|-4|5|-5|0|0,-1|-1|-2|-2|-3|-3|0|0,0|0|0|0|0|0|0|0,0|0|0|0|0|0|0|0,99|99|99|99|99|99|0|0,1,0,0,1,0,112
382,0,11,1,0,2,0,0,0,4|4|0|0|0|0|0|0,255|255|0|0|0|0|0|0,2|-2|0|0|0|0|0|0,-1|-1|0|0|0|0|0|0,0|0|0|0|0|0|0|0,0|0|0|0|0|0|0|0,100|100|0|0|0|0|0|0,1,0,0,1,0,112
383,0,11,2,0,2,0,0,0,4|4|0|0|0|0|0|0,255|255|0|0|0|0|0|0,2|-2|0|0|0|0|0|0,-1|-1|0|0|0|0|0|0,0|0|0|0|0|0|0|0,0|0|0|0|0|0|0|0,100|100|0|0|0|0|0|0,1,0,0,1,0,112
384,0,11,3,0,4,0,0,0,4|2|4|2|0|0|0|0,255|255|255|255|0|0|0|0,2|3|-2|-3|0|0|0|0,-1|-4|-1|-4|0|0|0|0,0|0|0|0|0|0|0|0,0|0|0|0|0|0|0|0,100|99|100|99|0|0|0|0,1,0,0,1,0,112
385,0,11,4,0,4,0,0,0,4|2|4|2|0|0|0|0,255|255|255|255|0|0|0|0,2|3|-2|-3|0|0|0|0,-1|-4|-1|-4|0|0|0|0,0|0|0|0|0|0|0|0,0|0|0|0|0|0|0|0,100|99|100|99|0|0|0|0,1,0,0,1,0,112
386,0,11,2,0,2,0,0,0,8|8|0|0|0|0|0|0,255|255|0|0|0|0|0|0,2|-2|0|0|0|0|0|0,-2|-2|0|0|0|0|0|0,0|0|0|0|0|0|0|0,0|0|0|0|0|0|0|0,98|98|0|0|0|0|0|0,1,0,0,1,0,112
387,0,11,4,0,4,0,0,0,8|8|4|4|0|0|0|0,255|255|255|255|0|0|0|0,2|-2|4|-4|0|0|0|0,-2|-2|-4|-4|0|0|0|0,0|0|0|0|0|0|0|0,0|0|0|0|0|0|0|0,98|98|100|100|0|0|0|0,1,0,0,1,0,112
388,0,11,6,0,6,0,0,0,8|8|4|4|2|2|0|0,255|255|255|255|255|255|0|0,2|-2|4|-4|6|-6|0|0,-2|-2|-4|-4|-6|-6|0|0,0|0|0|0|0|0|0|0,0|0|0|0|0|0|0|0,98|98|100|100|99|99|0|0,1,0,0,1,0,112
389,0,11,1,0,2,0,0,0,3|3|0|0|0|0|0|0,255|255|0|0|0|0|0|0,2|-2|0|0|0|0|0|0,-1|-1|0|0|0|0|0|0,0|0|0|0|0|0|0|0,0|0|0|0|0|0|0|0,99|99|0|0|0|0|0|0,1,0,4,1,0,112
390,0,11,2,0,2,0,0,0,3|3|0|0|0|0|0|0,255|255|0|0|0|0|0|0,2|-2|0|0|0|0|0|0,-1|-1|0|0|0|0|0|0,0|0|0|0|0|0|0|0,0|0|0|0|0|0|0|0,99|99|0|0|0|0|0|0,1,0,4,1,0,112
391,0,11,4,0,4,0,0,0,3|3|2|2|0|0|0|0,255|255|255|255|0|0|0|0,3|-3|4|-4|0|0|0|0,-1|-1|-1|-1|0|0|0|0,0|0|0|0|0|0|0|0,0|0|0|0|0|0|0|0,99|99|99|99|0|0|0|0,1,0,4,1,0,112
392,0,11,6,0,6,0,0,0,3|3|2|2|2|2|0|0,255|255|255|255|255|255|0|0,3|-3|4|-4|5|-5|0|0,-1|-1|-2|-2|-3|-3|0|0,0|0|0|0|0|0|0|0,0|0|0|0|0|0|0|0,99|99|99|99|99|99|0|0,1,0,4,1,0,112
393,0,11,1,0,2,0,0,0,4|4|0|0|0|0|0|0,255|255|0|0|0|0|0|0,2|-2|0|0|0|0|0|0,-1|-1|0|0|0|0|0|0,0|0|0|0|0|0|0|0,0|0|0|0|0|0|0|0,100|100|0|0|0|0|0|0,1,0,5,1,0,112
394,0,11,2,0,2,0,0,0,4|4|0|0|0|0|0|0,255|255|0|0|0|0|0|0,2|-2|0|0|0|0|0|0,-1|-1|0|0|0|0|0|0,0|0|0|0|0|0|0|0,0|0|0|0|0|0|0|0,100|100|0|0|0|0|0|0,1,0,5,1,0,112
395,0,11,3,0,4,0,0,0,4|2|4|2|0|0|0|0,255|255|255|255|0|0|0|0,2|3|-2|-3|0|0|0|0,-1|-4|-1|-4|0|0|0|0,0|0|0|0|0|0|0|0,0|0|0|0|0|0|0|0,100|99|100|99|0|0|0|0,1,0,5,1,0,112
396,0,11,4,0,4,0,0,0,4|2|4|2|0|0|0|0,255|255|255|255|0|0|0|0,2|3|-2|-3|0|0|0|0,-1|-4|-1|-4|0|0|0|0,0|0|0|0|0|0|0|0,0|0|0|0|0|0|0|0,100|99|100|99|0|0|0|0,1,0,5,1,0,112
397,0,11,2,0,2,0,0,0,8|8|0|0|0|0|0|0,255|255|0|0|0|0|0|0,2|-2|0|0|0|0|0|0,-2|-2|0|0|0|0|0|0,0|0|0|0|0|0|0|0,0|0|0|0|0|0|0|0,98|98|0|0|0|0|0|0,1,0,6,1,0,112
398,0,11,4,0,4,0,0,0,8|8|4|4|0|0|0|0,255|255|255|255|0|0|0|0,2|-2|4|-4|0|0|0|0,-2|-2|-4|-4|0|0|0|0,0|0|0|0|0|0|0|0,0|0|0|0|0|0|0|0,98|98|100|100|0|0|0|0,1,0,6,1,0,112
399,0,11,6,0,6,0,0,0,8|8|4|4|2|2|0|0,255|255|255|255|255|255|0|0,2|-2|4|-4|6|-6|0|0,-2|-2|-4|-4|-6|-6|0|0,0|0|0|0|0|0|0|0,0|0|0|0|0|0|0|0,98|98|100|100|99|99|0|0,1,0,6,1,0,112
400,0,3,1,3,1,0,0,0,149|0|0|0|0|0|0|0,255|0|0|0|0|0|0|0,0|0|0|0|0|0|0|0,6|0|0|0|0|0|0|0,0|0|0|0|0|0|0|0,0|0|0|0|0|0|0|0,7035|0|0|0|0|0|0|0,0,0,0,1,255,48
401,0,2,1,3,1,0,0,0,149|0|0|0|0|0|0|0,255|0|0|0|0|0|0|0,0|0|0|0|0|0|0|0,6|0|0|0|0|0|0|0,0|0|0|0|0|0|0|0,0|0|0|0|0|0|0|0,7035|0|0|0|0|0|0|0,0,0,0,1,255,48
402,0,4,1,3,1,0,0,0,150|0|0|0|0|0|0|0,98|0|0|0|0|0|0|0,0|0|0|0|0|0|0|0,6|0|0|0|0|0|0|0,0|0|0|0|0|0|0|0,0|0|0|0|0|0|0|0,7035|0|0|0|0|0|0|0,0,0,0,1,255,48
403,0,3,1,3,1,0,0,0,150|0|0|0|0|0|0|0,98|0|0|0|0|0|0|0,0|0|0|0|0|0|0|0,6|0|0|0|0|0|0|0,0|0|0|0|0|0|0|0,0|0|0|0|0|0|0|0,7035|0|0|0|0|0|0|0,0,0,0,1,255,48
404,0,2,1,3,1,0,0,0,150|0|0|0|0|0|0|0,98|0|0|0|0|0|0|0,0|0|0|0|0|0|0|0,6|0|0|0|0|0|0|0,0|0|0|0|0|0|0|0,0|0|0|0|0|0|0|0,7035|0|0|0|0|0|0|0,0,0,0,1,255,48
405,0,5,1,3,1,0,0,0,151|0|0|0|0|0|0|0,98|0|0|0|0|0|0|0,0|0|0|0|0|0|0|0,6|0|0|0|0|0|0|0,0|0|0|0|0|0|0|0,0|0|0|0|0|0|0|0,7035|0|0|0|0|0|0|0,0,0,0,1,255,48
406,0,5,1,3,1,0,0,0,152|0|0|0|0|0|0|0,98|0|0|0|0|0|0|0,120|0|0|0|0|0|0|0,6|0|0|0|0|0|0|0,0|0|0|0|0|0|0|0,0|0|0|0|0|0|0|0,7035|0|0|0|0|0|0|0,0,0,0,1,255,48
407,0,5,1,3,1,0,0,0,153|0|0|0|0|0|0|0,98|0|0|0|0|0|0|0,120|0|0|0|0|0|0|0,6|0|0|0|0|0|0|0,0|0|0|0|0|0|0|0,0|0|0|0|0|0|0|0,7035|0|0|0|0|0|0|0,0,0,0,1,255,48
408,0,5,1,3,1,0,0,0,154|0|0|0|0|0|0|0,98|0|0|0|0|0|0|0,120|0|0|0|0|0|0|0,6|0|0|0|0|0|0|0,0|0|0|0|0|0|0|0,0|0|0|0|0|0|0|0,7035|0|0|0|0|0|0|0,0,0,0,1,255,48
409,0,5,2,3,2,0,0,0,152|152|0|0|0|0|0|0,98|98|0|0|0|0|0|0,120|120|0|0|0|0|0|0,6|6|0|0|0|0|0|0,-7|7|0|0|0|0|0|0,0|0|0|0|0|0|0|0,7035|7035|0|0|0|0|0|0,0,0,0,1,255,48
410,0,5,3,3,3,0,0,0,152|152|153|0|0|0|0|0,98|98|98|0|0|0|0|0,120|120|120|0|0|0|0|0,6|6|6|0|0|0|0|0,-9|9|0|0|0|0|0|0,6|6|0|0|0|0|0|0,7035|7035|7035|0|0|0|0|0,0,0,0,1,255,48
411,0,8,1,0,1,0,0,0,128|0|0|0|0|0|0|0,255|0|0|0|0|0|0|0,0|0|0|0|0|0|0|0,0|0|0|0|0|0|0|0,0|0|0|0|0|0|0|0,0|0|0|0|0|0|0|0,57|0|0|0|0|0|0|0,1,0,0,7,6,80
412,0,6,1,0,1,0,0,0,128|0|0|0|0|0|0|0,255|0|0|0|0|0|0|0,0|0|0|0|0|0|0|0,0|0|0|0|0|0|0|0,0|0|0|0|0|0|0|0,0|0|0|0|0|0|0|0,57|0|0|0|0|0|0|0,1,0,0,7,6,80
413,0,4,1,0,1,0,0,0,128|0|0|0|0|0|0|0,255|0|0|0|0|0|0|0,0|0|0|0|0|0|0|0,0|0|0|0|0|0|0|0,0|0|0|0|0|0|0|0,0|0|0|0|0|0|0|0,57|0|0|0|0|0|0|0,1,0,0,7,6,80
414,0,10,2,0,2,0,0,0,128|128|0|0|0|0|0|0,255|255|0|0|0|0|0|0,0|0|0|0|0|0|0|0,-1|-1|0|0|0|0|0|0,9|-9|0|0|0|0|0|0,0|0|0|0|0|0|0|0,57|57|0|0|0|0|0|0,1,0,0,7,6,80
415,0,8,2,0,2,0,0,0,128|128|0|0|0|0|0|0,255|255|0|0|0|0|0|0,0|0|0|0|0|0|0|0,0|0|0|0|0|0|0|0,9|-9|0|0|0|0|0|0,0|0|0|0|0|0|0|0,57|57|0|0|0|0|0|0,1,0,0,7,6,80
416,0,6,1,0,1,0,0,0,113|0|0|0|0|0|0|0,255|0|0|0|0|0|0|0,0|0|0|0|0|0|0|0,-1|0|0|0|0|0|0|0,0|0|0|0|0|0|0|0,4|0|0|0|0|0|0|0,76|0|0|0|0|0|0|0,1,0,0,7,6,80
417,0,4,1,0,1,0,0,0,113|0|0|0|0|0|0|0,255|0|0|0|0|0|0|0,0|0|0|0|0|0|0|0,-1|0|0|0|0|0|0|0,0|0|0|0|0|0|0|0,4|0|0|0|0|0|0|0,76|0|0|0|0|0|0|0,1,0,0,7,6,80
418,0,5,1,0,1,0,0,0,114|0|0|0|0|0|0|0,255|0|0|0|0|0|0|0,0|0|0|0|0|0|0|0,-1|0|0|0|0|0|0|0,0|0|0|0|0|0|0|0,4|0|0|0|0|0|0|0,95|0|0|0|0|0|0|0,1,0,0,7,6,80
419,0,6,2,0,2,0,0,0,113|113|0|0|0|0|0|0,255|255|0|0|0|0|0|0,0|0|0|0|0|0|0|0,-1|-1|0|0|0|0|0|0,9|-9|0|0|0|0|0|0,0|0|0|0|0|0|0|0,76|76|0|0|0|0|0|0,1,0,0,7,6,80
420,0,7,2,0,2,0,0,0,114|114|0|0|0|0|0|0,255|255|0|0|0|0|0|0,0|0|0|0|0|0|0|0,-1|-1|0|0|0|0|0|0,9|-9|0|0|0|0|0|0,0|0|0|0|0|0|0|0,95|95|0|0|0|0|0|0,1,0,0,7,6,80
421,0,9,4,0,4,0,0,0,114|114|128|128|0|0|0|0,255|255|255|255|0|0|0|0,0|0|0|0|0|0|0|0,-1|-1|-2|-2|0|0|0|0,9|-9|16|-16|0|0|0|0,0|0|0|0|0|0|0|0,95|95|57|57|0|0|0|0,1,0,0,7,6,80
422,0,8,1,0,2,0,0,0,128|128|0|0|0|0|0|0,255|255|0|0|0|0|0|0,-6|6|0|0|0|0|0|0,6|6|0|0|0|0|0|0,0|0|0|0|0|0|0|0,0|0|0|0|0|0|0|0,13|14|0|0|0|0|0|0,0,0,0,7,98,80
423,0,6,1,0,2,0,0,0,128|128|0|0|0|0|0|0,255|255|0|0|0|0|0|0,-6|6|0|0|0|0|0|0,6|6|0|0|0|0|0|0,0|0|0|0|0|0|0|0,0|0|0|0|0|0|0|0,13|14|0|0|0|0|0|0,0,0,0,7,98,80
424,0,8,2,0,2,0,0,0,128|128|0|0|0|0|0|0,255|255|0|0|0|0|0|0,-6|6|0|0|0|0|0|0,6|6|0|0|0|0|0|0,0|0|0|0|0|0|0|0,0|0|0|0|0|0|0|0,13|14|0|0|0|0|0|0,0,0,0,7,98,80
425,0,7,2,0,4,0,0,0,128|128|128|128|0|0|0|0,255|255|255|255|0|0|0|0,-5|5|-7|7|0|0|0|0,7|7|5|5|0|0|0|0,0|0|0|0|0|0|0|0,0|0|0|0|0|0|0|0,13|14|13|14|0|0|0|0,0,0,0,7,98,80
426,0,8,4,0,4,0,0,0,128|128|128|128|0|0|0|0,255|255|255|255|0|0|0|0,-5|5|-7|7|0|0|0|0,7|7|5|5|0|0|0|0,0|0|0|0|0|0|0|0,0|0|0|0|0|0|0|0,13|14|13|14|0|0|0|0,0,0,0,7,98,80
427,0,6,4,0,6,0,0,0,128|128|128|128|128|128|0|0,255|255|255|255|255|255|0|0,-5|5|-7|7|-6|6|0|0,7|7|5|5|6|6|0|0,0|0|0|0|0|0|0|0,0|0|0|0|0|0|0|0,13|14|13|14|13|14|0|0,0,0,0,7,98,80
428,0,7,6,0,6,0,0,0,128|128|128|128|128|128|0|0,255|255|255|255|255|255|0|0,-5|5|-7|7|-6|6|0|0,7|7|5|5|6|6|0|0,0|0|0|0|0|0|0|0,0|0|0|0|0|0|0|0,13|14|13|14|13|14|0|0,0,0,0,7,98,80
429,0,6,4,0,6,0,0,0,128|128|128|128|113|113|0|0,255|255|255|255|255|255|0|0,-5|5|-7|7|-6|6|0|0,7|7|5|5|6|6|0|0,0|0|0|0|0|0|0|0,0|0|0|0|0|0|0|0,13|14|13|14|96|115|0|0,0,0,0,7,98,80
430,0,5,4,0,4,0,0,0,113|113|113|113|0|0|0|0,255|255|255|255|0|0|0|0,-6|6|-7|7|0|0|0|0,6|6|5|5|0|0|0|0,0|0|0|0|0|0|0|0,0|0|0|0|0|0|0|0,96|115|96|115|0|0|0|0,0,0,0,7,98,80
431,0,6,2,0,2,0,0,0,114|114|0|0|0|0|0|0,255|255|0|0|0|0|0|0,-7|7|0|0|0|0|0|0,7|7|0|0|0|0|0|0,0|0|0|0|0|0|0|0,0|0|0|0|0|0|0|0,15|53|0|0|0|0|0|0,0,0,0,7,98,80
432,0,5,2,0,8,0,0,0,114|114|114|114|114|114|114|114,255|255|255|255|255|255|255|255,-7|7|-9|9|-8|8|-6|6,7|7|5|5|6|6|8|8,0|0|0|0|0|0|0|0,0|0|0|0|0|0|0|0,15|53|15|53|15|53|15|53,0,0,0,7,98,80
433,0,2,1,0,2,0,0,0,149|149|0|0|0|0|0|0,255|255|0|0|0|0|0|0,-9|9|0|0|0|0|0|0,0|0|0|0|0|0|0|0,0|0|0|0|0|0|0|0,0|0|0|0|0|0|0|0,256|257|0|0|0|0|0|0,0,0,0,1,255,112
434,0,3,2,0,2,0,0,0,149|149|0|0|0|0|0|0,255|255|0|0|0|0|0|0,-9|9|0|0|0|0|0|0,0|0|0|0|0|0|0|0,0|0|0|0|0|0|0|0,0|0|0|0|0|0|0|0,256|257|0|0|0|0|0|0,0,0,0,1,255,112
435,0,4,2,0,2,0,0,0,150|150|0|0|0|0|0|0,255|255|0|0|0|0|0|0,-9|9|0|0|0|0|0|0,0|0|0|0|0|0|0|0,0|0|0|0|0|0|0|0,0|0|0|0|0|0|0|0,256|257|0|0|0|0|0|0,0,0,0,1,255,112
436,0,5,3,0,3,0,0,0,150|150|150|0|0|0|0|0,255|255|255|0|0|0|0|0,-9|9|0|0|0|0|0|0,0|0|-9|0|0|0|0|0,0|0|0|0|0|0|0|0,0|0|0|0|0|0|0|0,256|257|209|0|0|0|0|0,0,0,0,1,255,112
437,0,6,4,0,4,0,0,0,150|150|150|150|0|0|0|0,255|255|255|255|0|0|0|0,-9|9|-9|9|0|0|0|0,0|0|0|0|0|0|0|0,0|0|0|0|0|0|0|0,0|0|14|14|0|0|0|0,256|257|256|257|0|0|0|0,0,0,0,1,255,112
438,0,6,3,0,3,0,0,0,151|151|150|0|0|0|0|0,255|255|255|0|0|0|0|0,-10|10|0|0|0|0|0|0,0|0|-9|0|0|0|0|0,0|0|0|0|0|0|0|0,0|0|0|0|0|0|0|0,256|257|209|0|0|0|0|0,0,0,0,1,255,112
439,0,6,4,0,4,0,0,0,151|151|150|150|0|0|0|0,255|255|255|255|0|0|0|0,-10|10|0|0|0|0|0|0,0|0|-9|9|0|0|0|0,0|0|0|0|0|0|0|0,0|0|0|0|0|0|0|0,256|257|209|208|0|0|0|0,0,0,0,1,255,112
440,0,6,4,0,4,0,0,0,152|152|151|151|0|0|0|0,255|255|255|255|0|0|0|0,-12|12|0|0|0|0|0|0,0|0|-11|-11|0|0|0|0,0|0|-6|6|0|0|0|0,0|0|0|0|0|0|0|0,256|257|209|209|0|0|0|0,0,0,0,1,255,112
441,0,6,4,0,4,0,0,0,153|153|151|151|0|0|0|0,255|255|255|255|0|0|0|0,-12|12|0|0|0|0|0|0,0|0|-11|-11|0|0|0|0,0|0|-6|6|0|0|0|0,0|0|0|0|0|0|0|0,256|257|209|209|0|0|0|0,0,0,0,1,255,112
442,0,6,5,0,5,0,0,0,151|151|151|151|151|0|0|0,255|255|255|255|255|0|0|0,0|-10|10|-10|10|0|0|0,-11|0|0|0|0|0|0|0,0|0|0|0|0|0|0|0,0|7|7|-7|-7|0|0|0,209|256|257|256|257|0|0|0,0,0,0,1,255,112
443,0,6,6,0,6,0,0,0,151|151|151|151|151|154|0|0,255|255|255|255|255|255|0|0,0|-10|10|-10|10|0|0|0,-11|0|0|0|0|13|0|0,0|0|0|0|0|0|0|0,0|7|7|-7|-7|0|0|0,209|256|257|256|257|208|0|0,0,0,0,1,255,112
444,0,2,1,9,1,0,0,0,2|0|0|0|0|0|0|0,10|0|0|0|0|0|0|0,0|0|0|0|0|0|0|0,5|0|0|0|0|0|0|0,0|0|0|0|0|0|0|0,0|0|0|0|0|0|0|0,172|0|0|0|0|0|0|0,0,0,0,0,255,112
445,0,2,1,0,1,0,0,0,1|0|0|0|0|0|0|0,255|0|0|0|0|0|0|0,0|0|0|0|0|0|0|0,9|0|0|0|0|0|0|0,0|0|0|0|0|0|0|0,0|0|0|0|0|0|0|0,39|0|0|0|0|0|0|0,0,0,0,25,255,112
446,0,2,1,0,1,0,0,0,1|0|0|0|0|0|0|0,255|0|0|0|0|0|0|0,0|0|0|0|0|0|0|0,12|0|0|0|0|0|0|0,0|0|0|0|0|0|0|0,0|0|0|0|0|0|0|0,6|0|0|0|0|0|0|0,0,0,0,13,255,192
447,0,4,1,5,1,0,0,0,4|0|0|0|0|0|0|0,255|0|0|0|0|0|0|0,0|0|0|0|0|0|0|0,7|0|0|0|0|0|0|0,0|0|0|0|0|0|0|0,0|0|0|0|0|0|0|0,582|0|0|0|0|0|0|0,0,0,0,26,255,208
448,0,3,1,0,1,0,0,0,2|0|0|0|0|0|0|0,255|0|0|0|0|0|0|0,0|0|0|0|0|0|0|0,10|0|0|0|0|0|0|0,0|0|0|0|0|0|0|0,0|0|0|0|0|0|0|0,126|0|0|0|0|0|0|0,1,0,0,16,255,208
449,0,2,1,0,1,0,0,0,1|0|0|0|0|0|0|0,255|0|0|0|0|0|0|0,0|0|0|0|0|0|0|0,14|0|0|0|0|0|0|0,0|0|0|0|0|0|0|0,0|0|0|0|0|0|0|0,99|0|0|0|0|0|0|0,0,0,0,20,255,112
450,0,8,1,0,1,0,0,0,128|0|0|0|0|0|0|0,255|0|0|0|0|0|0|0,-7|0|0|0|0|0|0|0,20|0|0|0|0|0|0|0,0|0|0|0|0|0|0|0,0|0|0|0|0|0|0|0,171|0|0|0|0|0|0|0,0,0,0,7,98,80
451,0,3,1,0,1,0,0,0,2|0|0|0|0|0|0|0,255|0|0|0|0|0|0|0,0|0|0|0|0|0|0|0,9|0|0|0|0|0|0|0,0|0|0|0|0|0|0|0,0|0|0|0|0|0|0|0,59|0|0|0|0|0|0|0,0,0,0,1,255,48
452,0,4,1,0,1,0,0,0,1|0|0|0|0|0|0|0,255|0|0|0|0|0|0|0,0|0|0|0|0|0|0|0,10|0|0|0|0|0|0|0,0|0|0|0|0|0|0|0,0|0|0|0|0|0|0|0,27|0|0|0|0|0|0|0,0,0,0,13,255,192
453,0,4,2,0,2,0,0,0,1|1|0|0|0|0|0|0,255|255|0|0|0|0|0|0,0|0|0|0|0|0|0|0,10|10|0|0|0|0|0|0,-4|4|0|0|0|0|0|0,12|12|0|0|0|0|0|0,20|20|0|0|0|0|0|0,0,0,0,13,255,112
454,0,8,1,0,1,0,0,0,5|0|0|0|0|0|0|0,255|0|0|0|0|0|0|0,0|0|0|0|0|0|0|0,11|0|0|0|0|0|0|0,0|0|0|0|0|0|0|0,0|0|0|0|0|0|0|0,262|0|0|0|0|0|0|0,0,0,0,6,255,208
455,0,10,1,0,1,0,0,0,8|0|0|0|0|0|0|0,255|0|0|0|0|0|0|0,0|0|0|0|0|0|0|0,11|0|0|0|0|0|0|0,0|0|0|0|0|0|0|0,0|0|0|0|0|0|0|0,263|0|0|0|0|0|0|0,0,0,0,6,255,208
456,0,12,1,0,1,0,0,0,10|0|0|0|0|0|0|0,255|0|0|0|0|0|0|0,0|0|0|0|0|0|0|0,11|0|0|0|0|0|0|0,0|0|0|0|0|0|0|0,0|0|0|0|0|0|0|0,264|0|0|0|0|0|0|0,0,0,0,6,255,208
457,0,14,1,0,1,0,0,0,15|0|0|0|0|0|0|0,255|0|0|0|0|0|0|0,0|0|0|0|0|0|0|0,11|0|0|0|0|0|0|0,0|0|0|0|0|0|0|0,0|0|0|0|0|0|0|0,265|0|0|0|0|0|0|0,0,0,0,6,255,208
458,0,3,1,0,1,0,0,0,1|0|0|0|0|0|0|0,255|0|0|0|0|0|0|0,0|0|0|0|0|0|0|0,9|0|0|0|0|0|0|0,0|0|0|0|0|0|0|0,0|0|0|0|0|0|0|0,58|0|0|0|0|0|0|0,0,0,0,25,255,112
459,0,2,1,0,1,0,0,0,4|0|0|0|0|0|0|0,255|0|0|0|0|0|0|0,0|0|0|0|0|0|0|0,9|0|0|0|0|0|0|0,0|0|0|0|0|0|0|0,0|0|0|0|0|0|0|0,59|0|0|0|0|0|0|0,0,0,0,25,255,112
460,0,2,1,0,1,0,0,0,8|0|0|0|0|0|0|0,255|0|0|0|0|0|0|0,0|0|0|0|0|0|0|0,9|0|0|0|0|0|0|0,0|0|0|0|0|0|0|0,0|0|0|0|0|0|0|0,60|0|0|0|0|0|0|0,0,0,0,25,255,112
461,0,2,3,0,3,0,0,0,6|5|5|0|0|0|0|0,255|255|255|0|0|0|0|0,0|-2|2|0|0|0|0|0,9|8|8|0|0|0|0|0,0|-2|2|0|0|0|0|0,0|0|0|0|0|0|0|0,59|279|280|0|0|0|0|0,0,0,0,25,255,112
462,0,2,4,0,4,0,0,0,253|253|4|4|0|0|0|0,255|255|255|255|0|0|0|0,0|0|0|0|0|0|0|0,9|9|9|9|0|0|0|0,0|0|-10|10|0|0|0|0,-7|7|9|9|0|0|0|0,600|619|581|581|0|0|0|0,0,0,0,25,255,208
463,0,2,6,0,6,0,0,0,253|253|253|253|4|4|0|0,255|255|255|255|255|255|0|0,0|0|0|0|0|0|0|0,9|9|9|9|9|9|0|0,-6|-6|6|6|-14|14|0|0,-7|7|-7|7|9|9|0|0,600|619|600|619|581|581|0|0,0,0,0,25,255,208
464,0,5,1,0,1,0,0,0,2|0|0|0|0|0|0|0,98|0|0|0|0|0|0|0,0|0|0|0|0|0|0|0,0|0|0|0|0|0|0|0,0|0|0|0|0|0|0|0,0|0|0|0|0|0|0|0,66|0|0|0|0|0|0|0,1,0,0,13,255,192
465,0,3,1,0,1,0,0,0,6|0|0|0|0|0|0|0,98|0|0|0|0|0|0|0,0|0|0|0|0|0|0|0,0|0|0|0|0|0|0|0,0|0|0|0|0|0|0|0,0|0|0|0|0|0|0|0,73|0|0|0|0|0|0|0,1,0,0,13,255,192
466,0,3,1,0,1,0,0,0,12|0|0|0|0|0|0|0,98|0|0|0|0|0|0|0,0|0|0|0|0|0|0|0,0|0|0|0|0|0|0|0,0|0|0|0|0|0|0|0,0|0|0|0|0|0|0|0,123|0|0|0|0|0|0|0,1,0,0,13,255,192
467,0,3,2,0,2,0,0,0,10|10|0|0|0|0|0|0,98|98|0|0|0|0|0|0,0|0|0|0|0|0|0|0,0|0|0|0|0|0|0|0,-6|6|0|0|0|0|0|0,0|0|0|0|0|0|0|0,143|144|0|0|0|0|0|0,1,0,0,13,255,192
468,0,3,3,0,3,0,0,0,10|10|10|0|0|0|0|0,98|98|98|0|0|0|0|0,0|0|0|0|0|0|0|0,0|-1|-1|0|0|0|0|0,0|-12|12|0|0|0|0|0,0|0|0|0|0|0|0|0,73|73|73|0|0|0|0|0,1,0,0,13,255,208
469,0,3,8,0,8,0,0,0,250|252|252|250|251|251|251|251,255|255|255|255|255|255|255|255,0|0|0|0|0|0|0|0,7|7|7|7|7|7|7|7,-18|-6|6|18|-18|-6|6|18,-7|-7|-7|-7|7|7|7|7,767|768|769|770|786|787|788|789,0,0,0,14,255,192
470,0,4,1,0,1,0,0,0,1|0|0|0|0|0|0|0,255|0|0|0|0|0|0|0,0|0|0|0|0|0|0|0,21|0|0|0|0|0|0|0,0|0|0|0|0|0|0|0,0|0|0|0|0|0|0|0,67|0|0|0|0|0|0|0,-1,0,0,20,255,112
471,0,1,1,0,1,0,0,0,4|0|0|0|0|0|0|0,255|0|0|0|0|0|0|0,0|0|0|0|0|0|0|0,20|0|0|0|0|0|0|0,0|0|0|0|0|0|0|0,0|0|0|0|0|0|0|0,70|0|0|0|0|0|0|0,-1,0,0,20,255,112
472,0,1,1,0,1,0,0,0,8|0|0|0|0|0|0|0,255|0|0|0|0|0|0|0,0|0|0|0|0|0|0|0,20|0|0|0|0|0|0|0,0|0|0|0|0|0|0|0,0|0|0|0|0|0|0|0,219|0|0|0|0|0|0|0,-1,0,0,20,255,112
473,0,1,2,0,2,0,0,0,8|8|0|0|0|0|0|0,255|255|0|0|0|0|0|0,0|0|0|0|0|0|0|0,20|20|0|0|0|0|0|0,-4|4|0|0|0|0|0|0,0|0|0|0|0|0|0|0,218|218|0|0|0|0|0|0,-1,0,0,20,255,112
474,0,1,4,0,4,0,0,0,6|6|6|6|0|0|0|0,255|255|255|255|0|0|0|0,0|0|0|0|0|0|0|0,3|1|3|1|0|0|0|0,-8|-8|8|8|0|0|0|0,0|0|0|0|0|0|0|0,578|578|578|578|0|0|0|0,1,0,0,20,255,208
475,0,1,8,0,8,0,0,0,6|6|6|6|6|6|6|6,255|255|255|255|255|255|255|255,0|0|0|0|0|0|0|0,4|2|0|-2|4|2|0|-2,-8|-8|-8|-8|8|8|8|8,0|0|0|0|0|0|0|0,578|578|578|578|578|578|578|578,1,0,0,20,255,208
476,0,2,1,9,1,0,0,0,3|0|0|0|0|0|0|0,10|0|0|0|0|0|0|0,0|0|0|0|0|0|0|0,5|0|0|0|0|0|0|0,0|0|0|0|0|0|0|0,0|0|0|0|0|0|0|0,172|0|0|0|0|0|0|0,0,0,0,0,255,112
477,0,2,2,9,2,0,0,0,4|4|0|0|0|0|0|0,10|10|0|0|0|0|0|0,-4|4|0|0|0|0|0|0,5|5|0|0|0|0|0|0,0|0|0|0|0|0|0|0,0|0|0|0|0|0|0|0,172|172|0|0|0|0|0|0,0,0,0,0,255,112
478,0,2,4,9,4,0,0,0,5|5|5|5|0|0|0|0,10|10|10|10|0|0|0|0,0|0|-1|1|0|0|0|0,5|5|5|5|0|0|0|0,-4|4|-6|6|0|0|0|0,0|0|0|0|0|0|0|0,172|172|172|172|0|0|0|0,0,0,0,0,255,112
479,0,2,5,9,5,0,0,0,6|6|6|6|6|0|0|0,10|10|10|10|10|0|0|0,0|0|0|-1|1|0|0|0,5|5|5|5|5|0|0|0,0|4|-4|-6|6|0|0|0,0|0|0|0|0|0|0|0,172|172|172|172|172|0|0|0,0,0,0,0,255,112
480,0,2,7,9,7,0,0,0,7|7|7|7|7|7|7|0,10|10|10|10|10|10|10|0,0|0|0|-1|1|-2|2|0,5|5|5|5|5|5|5|0,0|4|-4|-6|6|-8|8|0,0|0|0|0|0|0|0|0,172|172|172|172|172|172|172|0,0,0,0,0,255,112
481,0,2,8,9,8,0,0,0,8|8|8|8|8|8|8|8,10|10|10|10|10|10|10|10,0|0|0|-1|1|-2|2|0,6|5|5|5|5|5|5|7,0|4|-4|-6|6|-8|8|0,0|0|0|0|0|0|0|8,172|172|172|172|172|172|172|172,0,0,0,0,255,112
482,0,4,1,0,1,0,0,0,3|0|0|0|0|0|0|0,107|0|0|0|0|0|0|0,0|0|0|0|0|0|0|0,7|0|0|0|0|0|0|0,0|0|0|0|0|0|0|0,0|0|0|0|0|0|0|0,601|0|0|0|0|0|0|0,0,0,0,26,255,208
483,0,2,1,0,1,0,0,0,4|0|0|0|0|0|0|0,105|0|0|0|0|0|0|0,0|0|0|0|0|0|0|0,7|0|0|0|0|0|0|0,0|0|0|0|0|0|0|0,0|0|0|0|0|0|0|0,582|0|0|0|0|0|0|0,0,0,0,26,255,208
484,0,2,3,0,3,0,0,0,8|3|3|0|0|0|0|0,105|107|107|0|0|0|0|0,0|-1|1|0|0|0|0|0,7|7|7|0|0|0|0|0,0|-4|4|0|0|0|0|0,0|0|0|0|0|0|0|0,582|601|601|0|0|0|0|0,0,0,0,26,255,208
485,0,2,3,0,3,0,0,0,8|8|8|0|0|0|0|0,105|105|105|0|0|0|0|0,0|0|0|0|0|0|0|0,7|6|6|0|0|0|0|0,0|-9|9|0|0|0|0|0,0|0|0|0|0|0|0|0,582|582|582|0|0|0|0|0,0,0,0,26,255,208
486,0,2,4,0,4,0,0,0,8|8|8|8|0|0|0|0,105|105|105|105|0|0|0|0,0|0|0|0|0|0|0|0,7|7|6|6|0|0|0|0,-4|4|-14|14|0|0|0|0,0|0|0|0|0|0|0|0,582|582|582|582|0|0|0|0,0,0,0,26,255,208
487,0,2,4,7,4,0,0,0,251|251|251|251|0|0|0|0,255|255|255|255|0|0|0|0,0|0|0|0|0|0|0|0,2|2|2|2|0|0|0|0,-6|6|-6|6|0|0|0|0,-7|-7|7|7|0|0|0|0,683|702|721|740|0|0|0|0,0,0,0,26,255,208
488,0,3,1,0,1,0,0,0,2|0|0|0|0|0|0|0,255|0|0|0|0|0|0|0,0|0|0|0|0|0|0|0,-4|0|0|0|0|0|0|0,0|0|0|0|0|0|0|0,0|0|0|0|0|0|0|0,126|0|0|0|0|0|0|0,1,0,0,16,255,208
489,0,3,2,0,2,0,0,0,2|2|0|0|0|0|0|0,255|255|0|0|0|0|0|0,0|0|0|0|0|0|0|0,-4|-4|0|0|0|0|0|0,0|0|0|0|0|0|0|0,0|0|0|0|0|0|0|0,126|126|0|0|0|0|0|0,1,0,0,16,255,208
490,0,3,2,0,2,0,0,0,4|4|0|0|0|0|0|0,255|255|0|0|0|0|0|0,0|0|0|0|0|0|0|0,-4|-4|0|0|0|0|0|0,0|0|0|0|0|0|0|0,0|0|0|0|0|0|0|0,214|214|0|0|0|0|0|0,1,0,0,16,255,208
491,0,3,4,0,4,0,0,0,5|5|2|2|0|0|0|0,255|255|255|255|0|0|0|0,0|0|0|0|0|0|0|0,-4|-4|-4|-4|0|0|0|0,0|0|-8|8|0|0|0|0,0|0|0|0|0|0|0|0,214|214|126|126|0|0|0|0,1,0,0,16,255,208
492,0,3,4,0,4,0,0,0,252|252|252|252|0|0|0|0,255|255|255|255|0|0|0|0,0|0|0|0|0|0|0|0,-3|-3|-3|-3|0|0|0|0,-6|6|-6|6|0|0|0|0,-7|-7|7|7|0|0|0|0,239|240|258|259|0|0|0|0,1,0,0,16,255,208
493,0,3,8,0,8,0,0,0,252|252|252|252|252|252|252|252,255|255|255|255|255|255|255|255,-1|-1|-1|-1|1|1|1|1,-3|-3|-3|-3|-3|-3|-3|-3,-6|6|-6|6|-6|6|-6|6,-7|-7|7|7|-7|-7|7|7,239|240|258|259|239|240|258|259,1,0,0,16,255,208
494,0,8,1,0,1,0,0,0,128|0|0|0|0|0|0|0,255|0|0|0|0|0|0|0,0|0|0|0|0|0|0|0,0|0|0|0|0|0|0|0,0|0|0|0|0|0|0|0,0|0|0|0|0|0|0|0,57|0|0|0|0|0|0|0,1,0,0,7,6,80
495,0,9,2,0,2,0,0,0,128|128|0|0|0|0|0|0,255|255|0|0|0|0|0|0,0|0|0|0|0|0|0|0,-1|-1|0|0|0|0|0|0,9|-9|0|0|0|0|0|0,0|0|0|0|0|0|0|0,57|57|0|0|0|0|0|0,1,0,0,7,6,80
496,0,9,2,0,2,0,0,0,113|113|0|0|0|0|0|0,255|255|0|0|0|0|0|0,0|0|0|0|0|0|0|0,-1|-1|0|0|0|0|0|0,9|-9|0|0|0|0|0|0,0|0|0|0|0|0|0|0,76|76|0|0|0|0|0|0,1,0,0,7,6,80
497,0,9,2,0,2,0,0,0,114|114|0|0|0|0|0|0,255|255|0|0|0|0|0|0,0|0|0|0|0|0|0|0,-1|-1|0|0|0|0|0|0,9|-9|0|0|0|0|0|0,0|0|0|0|0|0|0|0,95|95|0|0|0|0|0|0,1,0,0,7,6,80
498,0,9,4,0,4,0,0,0,114|114|128|128|0|0|0|0,255|255|255|255|0|0|0|0,0|0|0|0|0|0|0|0,-1|-1|-2|-2|0|0|0|0,9|-9|16|-16|0|0|0|0,0|0|0|0|0|0|0|0,95|95|57|57|0|0|0|0,1,0,0,7,6,80
499,0,9,6,0,6,0,0,0,114|114|128|128|128|128|0|0,255|255|255|255|255|255|0|0,0|0|0|0|0|0|0|0,-1|-1|-2|-2|0|0|0|0,9|-9|16|-16|30|-30|0|0,0|0|0|0|0|0|0|0,95|95|57|57|57|57|0|0,1,0,0,7,6,80
500,0,3,1,0,1,0,0,0,149|0|0|0|0|0|0|0,255|0|0|0|0|0|0|0,0|0|0|0|0|0|0|0,6|0|0|0|0|0|0|0,0|0|0|0|0|0|0|0,0|0|0|0|0|0|0|0,241|0|0|0|0|0|0|0,0,0,0,1,255,48
501,0,4,1,0,1,0,0,0,150|0|0|0|0|0|0|0,98|0|0|0|0|0|0|0,0|0|0|0|0|0|0|0,6|0|0|0|0|0|0|0,0|0|0|0|0|0|0|0,0|0|0|0|0|0|0|0,241|0|0|0|0|0|0|0,0,0,0,1,255,48
502,0,5,1,0,1,0,0,0,152|0|0|0|0|0|0|0,98|0|0|0|0|0|0|0,0|0|0|0|0|0|0|0,6|0|0|0|0|0|0|0,0|0|0|0|0|0|0|0,0|0|0|0|0|0|0|0,241|0|0|0|0|0|0|0,0,0,0,1,255,48
503,0,5,1,0,1,0,0,0,153|0|0|0|0|0|0|0,98|0|0|0|0|0|0|0,0|0|0|0|0|0|0|0,6|0|0|0|0|0|0|0,0|0|0|0|0|0|0|0,0|0|0|0|0|0|0|0,241|0|0|0|0|0|0|0,0,0,0,1,255,48
504,0,5,2,0,2,0,0,0,152|152|0|0|0|0|0|0,98|98|0|0|0|0|0|0,0|0|0|0|0|0|0|0,6|6|0|0|0|0|0|0,-7|7|0|0|0|0|0|0,0|0|0|0|0|0|0|0,241|241|0|0|0|0|0|0,0,0,0,1,255,48
505,0,5,3,0,3,0,0,0,152|152|153|0|0|0|0|0,98|98|98|0|0|0|0|0,0|0|0|0|0|0|0|0,6|6|6|0|0|0|0|0,-9|9|0|0|0|0|0|0,6|6|0|0|0|0|0|0,241|241|241|0|0|0|0|0,0,0,0,1,255,48
506,0,5,1,3,1,0,0,0,2|0|0|0|0|0|0|0,255|0|0|0|0|0|0|0,0|0|0|0|0|0|0|0,8|0|0|0|0|0|0|0,0|0|0|0|0|0|0|0,0|0|0|0|0|0|0|0,153|0|0|0|0|0|0|0,0,0,0,2,255,0
507,0,5,2,3,2,0,0,0,2|2|0|0|0|0|0|0,255|255|0|0|0|0|0|0,-2|2|0|0|0|0|0|0,8|8|0|0|0|0|0|0,0|0|0|0|0|0|0|0,0|0|0|0|0|0|0|0,153|153|0|0|0|0|0|0,0,0,0,2,255,0
508,0,4,2,3,4,0,0,0,2|2|2|2|0|0|0|0,255|255|255|255|0|0|0|0,-2|2|-1|1|0|0|0|0,7|7|8|8|0|0|0|0,0|0|0|0|0|0|0|0,0|0|0|0|0|0|0|0,153|153|153|153|0|0|0|0,0,0,0,2,255,0
509,0,4,2,3,6,0,0,0,2|2|2|2|2|2|0|0,255|255|255|255|255|255|0|0,-2|2|-4|4|-1|1|0|0,7|7|5|5|8|8|0|0,0|0|0|0|0|0|0|0,0|0|0|0|0|0|0|0,153|153|153|153|153|153|0|0,0,0,0,2,255,0
510,0,4,3,3,6,0,0,0,2|2|2|2|2|2|0|0,255|255|255|255|255|255|0|0,-2|2|0|-1|1|0|0|0,7|7|9|7|7|9|0|0,0|0|0|0|0|0|0|0,0|0|0|0|0|0|0|0,153|153|153|153|153|153|0|0,0,0,0,2,255,0
511,0,3,2,3,8,0,0,0,2|2|2|2|2|2|2|2,255|255|255|255|255|255|255|255,0|0|1|-1|2|-2|3|-3,9|9|8|8|7|7|6|6,6|-6|6|-6|6|-6|6|-6,0|0|0|0|0|0|0|0,153|153|153|153|153|153|153|153,0,0,0,2,255,0
512,0,4,4,3,8,0,0,0,2|2|2|2|2|2|2|2,255|255|255|255|255|255|255|255,0|0|1|-1|2|-2|3|-3,9|9|8|8|7|7|6|6,6|-6|6|-6|6|-6|6|-6,0|0|0|0|0|0|0|0,153|153|153|153|153|153|153|153,0,0,0,2,255,0
513,0,4,6,3,8,0,0,0,2|2|2|2|2|2|2|2,255|255|255|255|255|255|255|255,0|0|1|-1|2|-2|3|-3,9|9|8|8|7|7|6|6,6|-6|6|-6|6|-6|6|-6,0|0|0|0|0|0|0|0,153|153|153|153|153|153|153|153,0,0,0,2,255,0
514,0,5,8,3,8,0,0,0,2|2|2|2|2|2|2|2,255|255|255|255|255|255|255|255,0|0|1|-1|2|-2|3|-3,9|9|8|8|7|7|6|6,6|-6|6|-6|6|-6|6|-6,0|0|0|0|0|0|0|0,153|153|153|153|153|153|153|153,0,0,0,2,255,0
515,0,4,8,3,8,0,0,0,2|2|2|2|2|2|2|2,255|255|255|255|255|255|255|255,0|0|1|-1|2|-2|3|-3,9|9|8|8|7|7|6|6,6|-6|6|-6|6|-6|6|-6,0|0|0|0|0|0|0|0,153|153|153|153|153|153|153|153,0,0,0,2,255,0
516,0,3,8,3,8,0,0,0,2|2|2|2|2|2|2|2,255|255|255|255|255|255|255|255,0|0|1|-1|2|-2|3|-3,9|9|8|8|7|7|6|6,6|-6|6|-6|6|-6|6|-6,0|0|0|0|0|0|0|0,153|153|153|153|153|153|153|153,0,0,0,2,255,0
517,0,4,2,3,2,0,0,0,2|2|0|0|0|0|0|0,255|255|0|0|0|0|0|0,-6|6|0|0|0|0|0|0,2|2|0|0|0|0|0|0,0|0|0|0|0|0|0|0,0|0|0|0|0|0|0|0,153|153|0|0|0|0|0|0,0,0,0,2,255,0
518,0,4,2,3,2,0,0,0,2|2|0|0|0|0|0|0,255|255|0|0|0|0|0|0,-5|5|0|0|0|0|0|0,3|3|0|0|0|0|0|0,0|0|0|0|0|0|0|0,0|0|0|0|0|0|0|0,153|153|0|0|0|0|0|0,0,0,0,2,255,0
519,0,4,2,3,4,0,0,0,2|2|2|2|0|0|0|0,255|255|255|255|0|0|0|0,-7|7|-5|5|0|0|0|0,1|1|3|3|0|0|0|0,0|0|0|0|0|0|0|0,0|0|0|0|0|0|0|0,153|153|153|153|0|0|0|0,0,0,0,2,255,0
520,0,4,2,3,6,0,0,0,2|2|2|2|2|2|0|0,255|255|255|255|255|255|0|0,-7|7|-5|5|-7|7|0|0,1|1|3|3|-1|-1|0|0,0|0|0|0|0|0|0|0,0|0|0|0|0|0|0|0,153|153|153|153|153|153|0|0,0,0,0,2,255,0
521,0,4,2,3,6,0,0,0,2|2|2|2|2|2|0|0,255|255|255|255|255|255|0|0,-7|7|-5|5|-8|8|0|0,1|1|3|3|2|2|0|0,0|0|0|0|0|0|0|0,0|0|0|0|0|0|0|0,153|153|153|153|153|153|0|0,0,0,0,2,255,0
522,0,20,1,3,1,0,0,0,187|0|0|0|0|0|0|0,255|0|0|0|0|0|0|0,0|0|0|0|0|0|0|0,2|0|0|0|0|0|0|0,0|0|0|0|0|0|0|0,0|0|0|0|0|0|0|0,153|0|0|0|0|0|0|0,0,0,0,2,255,0
523,0,20,7,3,7,0,0,0,187|2|2|2|2|2|2|0,255|255|255|255|255|255|255|0,0|-7|7|-5|5|-8|8|0,2|1|1|3|3|2|2|0,0|0|0|0|0|0|0|0,0|0|0|0|0|0|0|0,153|153|153|153|153|153|153|0,0,0,0,2,255,0
524,0,30,1,3,1,0,0,0,187|0|0|0|0|0|0|0,255|0|0|0|0|0|0|0,0|0|0|0|0|0|0|0,2|0|0|0|0|0|0|0,0|0|0|0|0|0|0|0,0|0|0|0|0|0|0|0,153|0|0|0|0|0|0|0,0,0,0,2,255,0
525,0,30,7,3,7,0,0,0,187|2|2|2|2|2|2|0,255|255|255|255|255|255|255|0,0|-7|7|-5|5|-8|8|0,2|1|1|3|3|2|2|0,0|0|0|0|0|0|0|0,0|0|0|0|0|0|0|0,153|153|153|153|153|153|153|0,0,0,0,2,255,0
526,0,20,7,3,7,0,0,0,187|2|2|2|2|2|2|0,255|255|255|255|255|255|255|0,0|-7|7|-5|5|-8|8|0,-3|1|1|3|3|2|2|0,0|0|0|0|0|0|0|0,0|0|0|0|0|0|0|0,153|153|153|153|153|153|153|0,1,0,0,2,255,0
527,0,15,7,3,7,0,0,0,187|2|2|2|2|2|2|0,255|255|255|255|255|255|255|0,0|-7|7|-5|5|-8|8|0,-1|1|1|3|3|2|2|0,0|0|0|0|0|0|0|0,0|0|0|0|0|0|0|0,153|153|153|153|153|153|153|0,1,0,0,2,255,0
528,0,5,1,3,1,0,0,0,2|0|0|0|0|0|0|0,255|0|0|0|0|0|0|0,0|0|0|0|0|0|0|0,8|0|0|0|0|0|0|0,0|0|0|0|0|0|0|0,0|0|0|0|0|0|0|0,153|0|0|0|0|0|0|0,0,0,0,2,255,0
529,0,4,3,3,6,0,0,0,2|2|2|2|2|2|0|0,255|255|255|255|255|255|0|0,-2|2|0|-1|1|0|0|0,7|7|9|7|7|9|0|0,0|0|0|0|0|0|0|0,0|0|0|0|0|0|0|0,153|153|153|153|153|153|0|0,0,0,0,2,255,0
530,0,5,8,3,8,0,0,0,2|2|2|2|2|2|2|2,255|255|255|255|255|255|255|255,0|0|1|-1|2|-2|3|-3,9|9|8|8|7|7|6|6,6|-6|6|-6|6|-6|6|-6,0|0|0|0|0|0|0|0,153|153|153|153|153|153|153|153,0,0,0,2,255,0
531,0,3,8,3,8,0,0,0,2|2|2|2|2|2|2|2,255|255|255|255|255|255|255|255,0|0|1|-1|2|-2|3|-3,9|9|8|8|7|7|6|6,6|-6|6|-6|6|-6|6|-6,0|0|0|0|0|0|0|0,153|153|153|153|153|153|153|153,0,0,0,2,255,0
532,0,15,1,3,1,0,0,0,187|0|0|0|0|0|0|0,255|0|0|0|0|0|0|0,0|0|0|0|0|0|0|0,-1|0|0|0|0|0|0|0,0|0|0|0|0|0|0|0,0|0|0|0|0|0|0|0,153|0|0|0|0|0|0|0,1,0,0,2,255,0
533,0,30,7,3,7,0,0,0,187|2|2|2|2|2|2|0,255|255|255|255|255|255|255|0,0|-7|7|-5|5|-8|8|0,2|1|1|3|3|2|2|0,0|0|0|0|0|0|0|0,0|0|0|0|0|0|0|0,153|153|153|153|153|153|153|0,0,0,0,2,255,0
534,0,3,1,3,1,0,0,0,2|0|0|0|0|0|0|0,255|0|0|0|0|0|0|0,0|0|0|0|0|0|0|0,8|0|0|0|0|0|0|0,0|0|0|0|0|0|0|0,0|0|0|0|0|0|0|0,153|0|0|0|0|0|0|0,0,0,0,2,255,0
535,0,10,2,0,2,0,0,0,166|166|0|0|0|0|0|0,255|255|0|0|0|0|0|0,0|0|0|0|0|0|0|0,7|7|0|0|0|0|0|0,0|0|0|0|0|0|0|0,0|0|0|0|0|0|0|0,90|90|0|0|0|0|0|0,0,0,0,14,6,208
536,0,3,1,0,1,0,0,0,2|0|0|0|0|0|0|0,255|0|0|0|0|0|0|0,0|0|0|0|0|0|0|0,8|0|0|0|0|0|0|0,0|0|0|0|0|0|0|0,0|0|0|0|0|0|0|0,160|0|0|0|0|0|0|0,0,0,0,5,255,160
537,0,2,1,0,1,0,0,0,2|0|0|0|0|0|0|0,255|0|0|0|0|0|0|0,0|0|0|0|0|0|0|0,8|0|0|0|0|0|0|0,0|0|0|0|0|0|0|0,0|0|0|0|0|0|0|0,160|0|0|0|0|0|0|0,0,0,0,5,255,160
538,0,4,2,0,2,0,0,0,2|2|0|0|0|0|0|0,255|255|0|0|0|0|0|0,0|0|0|0|0|0|0|0,8|8|0|0|0|0|0|0,-8|8|0|0|0|0|0|0,0|0|0|0|0|0|0|0,160|160|0|0|0|0|0|0,0,0,0,5,255,160
539,0,3,2,0,2,0,0,0,2|2|0|0|0|0|0|0,255|255|0|0|0|0|0|0,0|0|0|0|0|0|0|0,8|8|0|0|0|0|0|0,-8|8|0|0|0|0|0|0,0|0|0|0|0|0|0|0,160|160|0|0|0|0|0|0,0,0,0,5,255,160
540,0,4,3,0,3,0,0,0,2|2|2|0|0|0|0|0,255|255|255|0|0|0|0|0,0|0|0|0|0|0|0|0,8|8|8|0|0|0|0|0,-10|10|0|0|0|0|0|0,5|5|-5|0|0|0|0|0,160|160|160|0|0|0|0|0,0,0,0,5,255,160
541,0,3,3,0,3,0,0,0,2|2|2|0|0|0|0|0,255|255|255|0|0|0|0|0,0|0|0|0|0|0|0|0,8|8|8|0|0|0|0|0,-10|10|0|0|0|0|0|0,5|5|-5|0|0|0|0|0,160|160|160|0|0|0|0|0,0,0,0,5,255,160
542,0,4,4,0,4,0,0,0,2|2|2|2|0|0|0|0,255|255|255|255|0|0|0|0,0|0|0|0|0|0|0|0,8|8|8|8|0|0|0|0,-15|15|-8|8|0|0|0|0,5|5|-5|-5|0|0|0|0,160|160|160|160|0|0|0|0,0,0,0,5,255,160
543,0,5,5,0,5,0,0,0,2|2|2|2|2|0|0|0,255|255|255|255|255|0|0|0,0|0|0|0|0|0|0|0,8|8|8|8|8|0|0|0,-20|20|-12|12|0|0|0|0,8|8|-2|-2|-6|0|0|0,160|160|160|160|160|0|0|0,0,0,0,5,255,160
544,0,5,6,0,6,0,0,0,2|2|2|2|2|2|0|0,255|255|255|255|255|255|0|0,0|0|0|0|0|0|0|0,8|8|8|8|8|8|0|0,-24|24|-18|18|-12|12|0|0,8|8|-2|-2|-6|-6|0|0,160|160|160|160|160|160|0|0,0,0,0,5,255,160
545,0,6,7,0,7,0,0,0,2|2|2|2|2|2|2|0,255|255|255|255|255|255|255|0,0|0|0|0|0|0|0|0,8|8|8|8|8|8|8|0,-24|24|-18|18|-12|12|0|0,8|8|-2|-2|-6|-6|-8|0,160|160|160|160|160|160|160|0,0,0,0,5,255,160
546,0,6,8,0,8,0,0,0,2|2|2|2|2|2|2|2,255|255|255|255|255|255|255|255,0|0|0|0|0|0|0|0,8|8|8|8|8|8|8|8,-24|24|-18|18|-12|12|-5|5,8|8|-2|-2|-6|-6|-8|-8,160|160|160|160|160|160|160|160,0,0,0,5,255,160
547,0,2,1,0,2,0,0,0,2|2|0|0|0|0|0|0,255|255|0|0|0|0|0|0,-6|6|0|0|0|0|0|0,6|6|0|0|0|0|0|0,-6|6|0|0|0|0|0|0,0|0|0|0|0|0|0|0,159|161|0|0|0|0|0|0,0,0,0,5,255,160
548,0,3,2,0,2,0,0,0,2|2|0|0|0|0|0|0,255|255|0|0|0|0|0|0,-6|6|0|0|0|0|0|0,6|6|0|0|0|0|0|0,-6|6|0|0|0|0|0|0,0|0|0|0|0|0|0|0,159|161|0|0|0|0|0|0,0,0,0,5,255,160
549,0,3,2,0,4,0,0,0,2|2|2|2|0|0|0|0,255|255|255|255|0|0|0|0,-6|6|-7|7|0|0|0|0,6|6|5|5|0|0|0|0,-6|6|-6|6|0|0|0|0,0|0|0|0|0|0|0|0,159|161|159|161|0|0|0|0,0,0,0,5,255,160
550,0,3,3,0,3,0,0,0,2|2|2|0|0|0|0|0,255|255|255|0|0|0|0|0,-6|6|0|0|0|0|0|0,6|6|-8|0|0|0|0|0,-6|6|0|0|0|0|0|0,0|0|0|0|0|0|0|0,159|161|160|0|0|0|0|0,0,0,0,5,255,160
551,0,3,4,0,4,0,0,0,2|2|2|2|0|0|0|0,255|255|255|255|0|0|0|0,-6|6|0|0|0|0|0|0,6|6|-8|-8|0|0|0|0,-6|6|-8|8|0|0|0|0,0|0|0|0|0|0|0|0,159|161|160|160|0|0|0|0,0,0,0,5,255,160
552,0,4,5,0,5,0,0,0,2|2|2|2|2|0|0|0,255|255|255|255|255|0|0|0,-6|6|6|-6|0|0|0|0,6|6|-6|-6|-8|0|0|0,-6|6|6|-6|0|0|0|0,0|0|0|0|0|0|0|0,159|161|159|161|160|0|0|0,0,0,0,5,255,160
553,0,4,6,0,6,0,0,0,2|2|2|2|2|2|0|0,255|255|255|255|255|255|0|0,-6|6|6|-6|0|0|0|0,6|6|-6|-6|-8|-8|0|0,-6|6|6|-6|-8|8|0|0,0|0|0|0|0|0|0|0,159|161|159|161|160|160|0|0,0,0,0,5,255,160
554,0,4,7,0,7,0,0,0,2|2|2|2|2|2|2|0,255|255|255|255|255|255|255|0,-6|6|6|-6|0|0|0|0,6|6|-6|-6|-8|-8|-8|0,-6|6|6|-6|-12|12|0|0,0|0|0|0|0|0|4|0,159|161|159|161|160|160|160|0,0,0,0,5,255,160
555,0,5,8,0,8,0,0,0,2|2|2|2|2|2|2|2,255|255|255|255|255|255|255|255,-6|6|6|-6|0|0|0|0,6|6|-6|-6|-8|-8|-8|-8,-6|6|6|-6|-16|16|-10|10,0|0|0|0|0|0|4|4,159|161|159|161|160|160|160|160,0,0,0,5,255,160
556,0,6,8,0,8,0,0,0,2|2|2|2|2|2|2|2,255|255|255|255|255|255|255|255,-6|6|6|-6|0|0|0|0,6|6|-6|-6|-8|-8|-8|8,-6|6|6|-6|-16|16|0|0,0|0|0|0|0|0|4|-4,159|161|159|161|160|160|160|160,0,0,0,5,255,160
557,0,6,8,0,8,0,0,0,2|2|2|2|2|2|2|2,255|255|255|255|255|255|255|255,-6|6|6|-6|0|0|-6|6,6|6|-6|-6|-8|-8|8|8,-6|6|6|-6|-16|16|0|0,0|0|0|0|0|0|-4|-4,159|161|159|161|160|160|159|161,0,0,0,5,255,160
558,0,3,1,0,1,0,0,0,2|0|0|0|0|0|0|0,255|0|0|0|0|0|0|0,0|0|0|0|0|0|0|0,8|0|0|0|0|0|0|0,0|0|0|0|0|0|0|0,0|0|0|0|0|0|0|0,160|0|0|0|0|0|0|0,0,0,0,5,255,160
559,0,4,2,0,2,0,0,0,2|2|0|0|0|0|0|0,255|255|0|0|0|0|0|0,0|0|0|0|0|0|0|0,8|8|0|0|0|0|0|0,-8|8|0|0|0|0|0|0,0|0|0|0|0|0|0|0,160|160|0|0|0|0|0|0,0,0,0,5,255,160
560,0,4,4,0,4,0,0,0,2|2|2|2|0|0|0|0,255|255|255|255|0|0|0|0,0|0|0|0|0|0|0|0,8|8|8|8|0|0|0|0,-15|15|-8|8|0|0|0|0,5|5|-5|-5|0|0|0|0,160|160|160|160|0|0|0|0,0,0,0,5,255,160
561,0,5,5,0,5,0,0,0,3|3|3|3|3|0|0|0,255|255|255|255|255|0|0|0,0|0|0|0|0|0|0|0,8|8|8|8|8|0|0|0,-20|20|-12|12|0|0|0|0,8|8|-2|-2|-6|0|0|0,160|160|160|160|160|0|0|0,0,0,0,5,255,160
562,0,6,7,0,7,0,0,0,4|4|4|4|4|4|4|0,255|255|255|255|255|255|255|0,0|0|0|0|0|0|0|0,8|8|8|8|8|8|8|0,-24|24|-18|18|-12|12|0|0,8|8|-2|-2|-6|-6|-8|0,160|160|160|160|160|160|160|0,0,0,0,5,255,160
563,0,6,8,0,8,0,0,0,6|6|6|6|6|6|6|6,255|255|255|255|255|255|255|255,0|0|0|0|0|0|0|0,8|8|8|8|8|8|8|8,-24|24|-18|18|-12|12|-5|5,8|8|-2|-2|-6|-6|-8|-8,160|160|160|160|160|160|160|160,0,0,0,5,255,160
564,0,3,1,1,1,0,0,0,2|0|0|0|0|0|0|0,255|0|0|0|0|0|0|0,0|0|0|0|0|0|0|0,8|0|0|0|0|0|0|0,0|0|0|0|0|0|0|0,0|0|0|0|0|0|0|0,157|0|0|0|0|0|0|0,0,0,0,5,255,160
565,0,2,1,0,1,0,0,0,1|0|0|0|0|0|0|0,255|0|0|0|0|0|0|0,0|0|0|0|0|0|0|0,10|0|0|0|0|0|0|0,0|0|0|0|0|0|0|0,0|0|0|0|0|0|0|0,58|0|0|0|0|0|0|0,0,0,0,25,255,112
566,0,3,2,0,2,0,0,0,1|1|0|0|0|0|0|0,255|255|0|0|0|0|0|0,-1|1|0|0|0|0|0|0,9|9|0|0|0|0|0|0,-4|4|0|0|0|0|0|0,0|0|0|0|0|0|0|0,58|58|0|0|0|0|0|0,0,0,0,25,255,112
567,0,2,2,0,2,0,0,0,1|1|0|0|0|0|0|0,255|255|0|0|0|0|0|0,-1|1|0|0|0|0|0|0,9|9|0|0|0|0|0|0,-4|4|0|0|0|0|0|0,0|0|0|0|0|0|0|0,58|58|0|0|0|0|0|0,0,0,0,25,255,112
568,0,3,3,0,3,0,0,0,1|1|1|0|0|0|0|0,255|255|255|0|0|0|0|0,-1|1|0|0|0|0|0|0,9|9|10|0|0|0|0|0,-4|4|0|0|0|0|0|0,0|0|0|0|0|0|0|0,58|58|58|0|0|0|0|0,0,0,0,25,255,112
569,0,2,3,0,3,0,0,0,1|1|1|0|0|0|0|0,255|255|255|0|0|0|0|0,-1|1|0|0|0|0|0|0,9|9|10|0|0|0|0|0,-4|4|0|0|0|0|0|0,0|0|0|0|0|0|0|0,58|58|58|0|0|0|0|0,0,0,0,25,255,112
570,0,2,3,0,3,0,0,0,1|1|2|0|0|0|0|0,255|255|255|0|0|0|0|0,-1|1|0|0|0|0|0|0,9|9|10|0|0|0|0|0,-4|4|0|0|0|0|0|0,0|0|0|0|0|0|0|0,58|58|59|0|0|0|0|0,0,0,0,25,255,112
571,0,3,3,0,3,0,0,0,2|2|1|0|0|0|0|0,255|255|255|0|0|0|0|0,-1|1|0|0|0|0|0|0,9|9|10|0|0|0|0|0,-4|4|0|0|0|0|0|0,0|0|0|0|0|0|0|0,59|59|58|0|0|0|0|0,0,0,0,25,255,112
572,0,3,3,0,3,0,0,0,2|2|2|0|0|0|0|0,255|255|255|0|0|0|0|0,-1|1|0|0|0|0|0|0,9|9|10|0|0|0|0|0,-4|4|0|0|0|0|0|0,0|0|0|0|0|0|0|0,59|59|59|0|0|0|0|0,0,0,0,25,255,112
573,0,4,5,0,5,0,0,0,2|2|2|1|1|0|0|0,255|255|255|255|255|0|0|0,-2|2|0|-1|1|0|0|0,8|8|10|9|9|0|0|0,-8|8|0|-2|2|0|0|0,0|0|0|0|0|0|0|0,279|280|59|58|58|0|0|0,0,0,0,25,255,112
574,0,4,5,0,5,0,0,0,2|2|3|1|1|0|0|0,255|255|255|255|255|0|0|0,-2|2|0|-1|1|0|0|0,8|8|10|9|9|0|0|0,-8|8|0|-2|2|0|0|0,0|0|0|0|0|0|0|0,279|280|60|58|58|0|0|0,0,0,0,25,255,112
575,0,3,7,0,7,0,0,0,2|2|1|1|1|1|1|0,255|255|255|255|255|255|255|0,-2|2|0|-1|1|-1|1|0,8|8|10|9|9|9|9|0,-8|8|0|-1|1|-7|7|0,0|0|0|0|0|0|0|0,279|280|58|58|58|58|58|0,0,0,0,25,255,112
576,0,15,1,0,1,0,0,11,112|0|0|0|0|0|0|0,255|0|0|0|0|0|0|0,0|0|0|0|0|0|0|0,-3|0|0|0|0|0|0|0,0|0|0|0|0|0|0|0,0|0|0|0|0|0|0|0,171|0|0|0|0|0|0|0,0,0,0,26,98,80
577,0,10,1,0,1,0,0,11,112|0|0|0|0|0|0|0,255|0|0|0|0|0|0|0,0|0|0|0|0|0|0|0,-3|0|0|0|0|0|0|0,0|0|0|0|0|0|0|0,0|0|0|0|0|0|0|0,171|0|0|0|0|0|0|0,0,0,0,26,98,80
578,0,10,1,0,1,0,0,10,128|0|0|0|0|0|0|0,255|0|0|0|0|0|0|0,0|0|0|0|0|0|0|0,-3|0|0|0|0|0|0|0,0|0|0|0|0|0|0|0,0|0|0|0|0|0|0|0,171|0|0|0|0|0|0|0,0,0,0,26,98,80
579,0,10,2,0,2,0,0,10,112|112|0|0|0|0|0|0,255|255|0|0|0|0|0|0,0|0|0|0|0|0|0|0,-3|-3|0|0|0|0|0|0,-6|6|0|0|0|0|0|0,0|0|0|0|0|0|0|0,171|171|0|0|0|0|0|0,0,0,0,26,98,80
580,0,10,2,0,2,0,0,9,128|128|0|0|0|0|0|0,255|255|0|0|0|0|0|0,0|0|0|0|0|0|0|0,-3|-3|0|0|0|0|0|0,-6|6|0|0|0|0|0|0,0|0|0|0|0|0|0|0,171|171|0|0|0|0|0|0,0,0,0,26,98,80
581,0,10,3,0,3,0,0,9,128|128|112|0|0|0|0|0,255|255|255|0|0|0|0|0,-5|5|0|0|0|0|0|0,0|0|-3|0|0|0|0|0,-5|5|0|0|0|0|0|0,0|0|-3|0|0|0|0|0,171|171|171|0|0|0|0|0,0,0,0,26,98,80
582,0,10,4,0,4,0,0,9,128|128|112|112|0|0|0|0,255|255|255|255|0|0|0|0,-5|5|-3|3|0|0|0|0,0|0|-3|-3|0|0|0|0,-5|5|-3|3|0|0|0|0,0|0|-3|-3|0|0|0|0,171|171|171|171|0|0|0|0,0,0,0,26,98,80
583,0,9,4,0,4,0,0,8,128|128|112|112|0|0|0|0,255|255|255|255|0|0|0|0,-5|5|-3|3|0|0|0|0,0|0|-3|-3|0|0|0|0,-5|5|-3|3|0|0|0|0,0|0|-3|-3|0|0|0|0,171|171|171|171|0|0|0|0,0,0,0,26,98,80
584,0,9,6,0,6,0,0,8,128|128|112|112|112|112|0|0,255|255|255|255|255|255|0|0,-5|5|-3|3|-3|3|0|0,0|0|-3|-3|3|3|0|0,-5|5|-3|3|-3|3|0|0,0|0|-3|-3|3|3|0|0,171|171|171|171|171|171|0|0,0,0,0,26,98,80
585,0,9,7,0,7,0,0,8,128|128|112|112|112|112|112|0,255|255|255|255|255|255|255|0,-5|5|-3|3|-3|3|0|0,0|0|-3|-3|3|3|-4|0,-5|5|-3|3|-3|3|0|0,0|0|-3|-3|3|3|-4|0,171|171|171|171|171|171|171|0,0,0,0,26,98,80
586,0,9,8,0,8,0,0,8,128|128|112|112|112|112|112|112,255|255|255|255|255|255|255|255,-5|5|-3|3|-3|3|0|0,0|0|-3|-3|3|3|-4|6,-5|5|-3|3|-3|3|0|0,0|0|-3|-3|3|3|-4|6,171|171|171|171|171|171|171|171,0,0,0,26,98,80
587,0,20,1,0,1,0,0,11,128|0|0|0|0|0|0|0,255|0|0|0|0|0|0|0,0|0|0|0|0|0|0|0,-3|0|0|0|0|0|0|0,0|0|0|0|0|0|0|0,-3|0|0|0|0|0|0|0,19|0|0|0|0|0|0|0,0,0,0,26,98,80
588,0,20,1,0,2,0,0,11,128|128|0|0|0|0|0|0,255|255|0|0|0|0|0|0,-3|3|0|0|0|0|0|0,-3|-3|0|0|0|0|0|0,-3|3|0|0|0|0|0|0,-3|-3|0|0|0|0|0|0,19|19|0|0|0|0|0|0,0,0,0,26,98,80
589,0,20,2,0,2,0,0,11,128|128|0|0|0|0|0|0,255|255|0|0|0|0|0|0,-3|3|0|0|0|0|0|0,-3|-3|0|0|0|0|0|0,-3|3|0|0|0|0|0|0,-3|-3|0|0|0|0|0|0,19|19|0|0|0|0|0|0,0,0,0,26,98,80
590,0,20,2,0,2,0,0,10,116|116|0|0|0|0|0|0,255|255|0|0|0|0|0|0,-3|3|0|0|0|0|0|0,-3|-3|0|0|0|0|0|0,-3|3|0|0|0|0|0|0,-3|-3|0|0|0|0|0|0,19|19|0|0|0|0|0|0,0,0,0,26,98,80
591,0,20,2,0,2,0,0,9,116|116|0|0|0|0|0|0,255|255|0|0|0|0|0|0,-4|4|0|0|0|0|0|0,-1|-1|0|0|0|0|0|0,-4|4|0|0|0|0|0|0,-1|-1|0|0|0|0|0|0,19|19|0|0|0|0|0|0,0,0,0,26,98,80
592,0,20,2,0,2,0,0,8,116|116|0|0|0|0|0|0,255|255|0|0|0|0|0|0,-4|4|0|0|0|0|0|0,0|0|0|0|0|0|0|0,-4|4|0|0|0|0|0|0,0|0|0|0|0|0|0|0,19|19|0|0|0|0|0|0,0,0,0,26,98,80
593,0,20,2,0,2,0,0,7,113|113|0|0|0|0|0|0,255|255|0|0|0|0|0|0,-4|4|0|0|0|0|0|0,2|2|0|0|0|0|0|0,-4|4|0|0|0|0|0|0,2|2|0|0|0|0|0|0,19|19|0|0|0|0|0|0,0,0,0,26,98,80
594,0,20,4,0,4,0,0,8,128|128|128|128|0|0|0|0,255|255|255|255|0|0|0|0,-4|4|-2|2|0|0|0|0,-2|-2|-4|-4|0|0|0|0,-4|4|-2|2|0|0|0|0,-2|-2|-4|-4|0|0|0|0,19|19|19|19|0|0|0|0,0,0,0,26,98,80
595,0,20,4,0,4,0,0,7,116|116|128|128|0|0|0|0,255|255|255|255|0|0|0|0,-4|4|-2|2|0|0|0|0,-2|-2|-4|-4|0|0|0|0,-4|4|-2|2|0|0|0|0,-2|-2|-4|-4|0|0|0|0,19|19|19|19|0|0|0|0,0,0,0,26,98,80
596,0,15,2,0,4,0,0,7,114|114|114|114|0|0|0|0,255|255|255|255|0|0|0|0,-4|4|-2|2|0|0|0|0,-2|-2|-4|-4|0|0|0|0,-4|4|-2|2|0|0|0|0,-2|-2|-4|-4|0|0|0|0,19|19|19|19|0|0|0|0,0,0,0,26,98,80
597,0,20,4,0,4,0,0,6,114|114|114|114|0|0|0|0,255|255|255|255|0|0|0|0,-4|4|-2|2|0|0|0|0,-2|-2|-4|-4|0|0|0|0,-4|4|-2|2|0|0|0|0,-2|-2|-4|-4|0|0|0|0,19|19|19|19|0|0|0|0,0,0,0,26,98,80
598,0,4,2,0,2,0,0,0,1|1|0|0|0|0|0|0,255|255|0|0|0|0|0|0,-10|10|0|0|0|0|0|0,0|0|0|0|0|0|0|0,0|0|0|0|0|0|0|0,0|0|0|0|0|0|0|0,285|285|0|0|0|0|0|0,0,0,0,6,255,208
599,0,4,3,0,3,0,0,0,1|1|1|0|0|0|0|0,255|255|255|0|0|0|0|0,-10|10|0|0|0|0|0|0,0|0|-10|0|0|0|0|0,0|0|0|0|0|0|0|0,0|0|0|0|0|0|0|0,285|285|285|0|0|0|0|0,0,0,0,6,255,208
600,0,5,4,0,4,0,0,0,1|1|1|1|0|0|0|0,255|255|255|255|0|0|0|0,-10|10|-10|10|0|0|0|0,0|0|0|0|0|0|0|0,0|0|0|0|0|0|0|0,3|3|-4|-4|0|0|0|0,285|285|285|285|0|0|0|0,0,0,0,6,255,208
601,0,5,4,0,4,0,0,0,1|1|1|1|0|0|0|0,255|255|255|255|0|0|0|0,-10|10|0|0|0|0|0|0,0|0|-10|10|0|0|0|0,0|0|0|0|0|0|0|0,0|0|0|0|0|0|0|0,285|285|285|285|0|0|0|0,0,0,0,6,255,208
602,0,5,6,0,6,0,0,0,1|1|1|1|1|1|0|0,255|255|255|255|255|255|0|0,-10|10|-10|10|0|0|0|0,0|0|0|0|-10|10|0|0,0|0|0|0|0|0|0|0,3|3|-4|-4|0|0|0|0,285|285|285|285|285|285|0|0,0,0,0,6,255,208
603,0,5,4,0,8,0,0,0,2|2|1|1|2|2|2|2,255|255|255|255|255|255|255|255,-10|10|0|0|-10|10|-10|10,0|0|-10|10|0|0|0|0,0|0|0|0|0|0|0|0,0|0|0|0|-8|-10|8|8,170|170|285|285|170|170|170|170,0,0,0,6,255,208
604,0,5,5,0,5,0,0,0,2|2|2|2|1|0|0|0,255|255|255|255|255|0|0|0,-10|10|-10|10|0|0|0|0,0|0|0|0|-10|0|0|0,0|0|0|0|0|0|0|0,-8|-8|8|8|0|0|0|0,170|170|170|170|285|0|0|0,0,0,0,6,255,208
605,0,5,7,0,7,0,0,0,2|2|2|2|1|1|1|0,255|255|255|255|255|255|255|0,-10|10|-10|10|0|0|0|0,0|0|0|0|10|-10|-10|0,0|0|0|0|0|-3|3|0,-8|-8|8|8|0|0|0|0,170|170|170|170|285|285|285|0,0,0,0,6,255,208
606,0,5,8,0,8,0,0,0,2|2|2|2|1|1|1|1,255|255|255|255|255|255|255|255,-10|10|-10|10|0|0|0|0,0|0|0|0|10|10|-10|-10,0|0|0|0|-3|3|-3|3,-8|-8|8|8|0|0|0|0,170|170|170|170|285|285|285|285,0,0,0,6,255,208
607,0,5,6,0,6,0,0,0,2|2|2|2|2|2|0|0,255|255|255|255|255|255|0|0,-10|10|-10|10|-10|10|0|0,0|0|0|0|0|0|0|0,0|0|0|0|0|0|0|0,-16|-16|0|0|16|16|0|0,170|170|170|170|170|170|0|0,0,0,0,6,255,208
608,0,5,8,0,8,0,0,0,2|2|2|2|2|2|1|1,255|255|255|255|255|255|255|255,-10|10|-10|10|-10|10|0|0,0|0|0|0|0|0|-10|-10,0|0|0|0|0|0|-3|3,-16|-16|0|0|16|16|0|0,170|170|170|170|170|170|285|285,0,0,0,6,255,208
609,0,8,1,0,1,0,0,11,128|0|0|0|0|0|0|0,255|0|0|0|0|0|0|0,0|0|0|0|0|0|0|0,10|0|0|0|0|0|0|0,0|0|0|0|0|0|0|0,3|0|0|0|0|0|0|0,19|0|0|0|0|0|0|0,0,0,0,26,98,80
610,0,6,1,0,2,0,0,11,128|128|0|0|0|0|0|0,255|255|0|0|0|0|0|0,0|0|0|0|0|0|0|0,10|-2|0|0|0|0|0|0,0|0|0|0|0|0|0|0,3|-3|0|0|0|0|0|0,19|19|0|0|0|0|0|0,0,0,0,26,98,80
611,0,5,1,0,3,0,0,10,128|128|128|0|242|16|0|0,255|255|255|0|0|0|61|0,0|-3|3|0|62|0|0|0,10|-1|-1|0|0|0|0|0,0|3|3|0|0|0|65|0,3|-1|-1|0|66|0|0|0,19|19|19|0|96|4870|0|106,0,0,0,26,98,80
612,0,6,2,0,2,0,0,10,128|128|30|19|0|0|123|0,255|255|0|0|124|0|0|0,0|0|-123|0|0|0|0|0,10|-2|0|0|0|0|-121|0,0|0|0|0|-120|0|0|0,3|-3|-119|0|-32|17|0|0,19|19|0|139|0|0|140|0,0,0,0,26,98,80
613,0,10,3,0,3,0,0,9,128|128|128|0|139|134|126|255,255|255|255|0|220|19|0|0,0|-3|3|0|0|0|4|0,10|0|0|0|-111|0|0|0,0|-3|3|0|0|0|0|0,3|0|0|-128|0|0|-61|0,19|19|19|149|0|4|4540|0,0,0,0,26,98,80
614,0,10,3,0,3,0,0,9,128|112|112|0|66|1|0|0,255|255|255|0|0|0|0|0,0|-3|3|0|0|0|0|0,10|0|0|0|0|0|0|0,0|-3|3|0|0|0|0|0,3|0|0|0|0|0|0|0,19|19|19|0|0|0|0|0,0,0,0,26,98,80
615,0,10,2,0,4,0,0,9,128|128|128|128|0|0|0|0,255|255|255|255|0|0|0|0,-1|1|-3|3|0|0|0|0,10|10|0|0|0|0|0|0,-4|4|-3|3|0|0|0|0,3|3|0|0|0|0|0|0,19|19|19|19|0|0|0|0,0,0,0,26,98,80
616,0,8,2,0,4,0,0,8,128|128|112|112|0|0|0|0,255|255|255|255|0|0|0|0,-1|1|-3|3|0|0|0|0,12|12|0|0|0|0|0|0,-4|4|-3|3|0|0|0|0,3|3|0|0|0|0|0|0,19|19|19|19|0|0|0|0,0,0,0,26,98,80
617,0,15,5,0,5,0,0,8,128|128|112|112|128|0|0|0,255|255|255|255|255|0|0|0,-1|1|-3|3|0|0|0|0,12|12|0|0|-3|0|0|0,-4|4|-3|3|0|0|0|0,3|3|0|0|-3|0|0|0,19|19|19|19|19|0|0|0,0,0,0,26,98,80
618,0,15,6,0,6,0,0,7,128|128|112|112|128|128|0|0,255|255|255|255|255|255|0|0,-1|1|-3|3|-2|2|0|0,12|12|0|0|-3|-3|0|0,-4|4|-3|3|-2|2|0|0,3|3|0|0|-3|-3|0|0,19|19|19|19|19|19|0|0,0,0,0,26,98,80
619,0,15,7,0,7,0,0,7,128|128|112|112|112|128|128|0,255|255|255|255|255|255|255|0,-1|0|1|-3|3|-2|2|0,12|12|12|0|0|-3|-3|0,-4|0|4|-3|3|-2|2|0,3|3|3|0|0|-3|-3|0,19|19|19|19|19|19|19|0,0,0,0,26,98,80
620,0,1,1,0,8,0,0,0,4|4|4|4|4|4|4|4,255|255|255|255|255|255|255|255,-2|1|3|-2|4|-1|-3|1,6|8|5|7|5|9|5|7,20|-10|-20|20|-30|10|30|-20,30|40|10|20|10|50|20|30,255|255|255|255|255|255|255|255,0,0,0,10,255,128
621,0,1,1,20,1,0,0,0,99|0|0|0|0|0|0|0,20|0|0|0|0|0|0|0,0|0|0|0|0|0|0|0,8|0|0|0|0|0|0|0,0|0|0|0|0|0|0|0,0|0|0|0|0|0|0|0,9634|0|0|0|0|0|0|0,0,0,0,10,255,128
622,0,0,8,0,8,0,0,0,4|4|4|4|2|2|2|2,8|8|8|8|8|8|8|8,2|-2|2|-2|3|-3|0|0,2|2|-2|-2|0|0|3|-3,2|-2|2|-2|3|-3|0|0,2|2|-2|-2|0|0|3|-3,21|21|21|21|20|20|20|20,0,0,0,12,1,112
623,0,40,3,1,8,0,0,0,4|4|4|4|4|4|4|4,255|255|255|255|255|255|255|255,-2|1|3|-2|4|-1|-3|1,6|8|5|7|5|9|5|7,80|-40|-80|80|-120|40|120|-80,60|80|20|40|80|100|10|60,109|109|109|109|109|109|109|109,0,0,0,10,255,80
624,0,40,1,0,4,0,0,0,1|1|1|1|0|0|0|0,255|255|255|255|0|0|0|0,0|0|0|0|0|0|0|0,8|7|9|6|0|0|0|0,0|0|0|0|0|0|0|0,0|0|0|0|0|0|0|0,304|304|304|304|0|0|0|0,0,0,0,10,255,80
625,0,4,1,1,1,0,0,0,2|0|0|0|0|0|0|0,255|0|0|0|0|0|0|0,0|0|0|0|0|0|0|0,8|0|0|0|0|0|0|0,0|0|0|0|0|0|0|0,0|0|0|0|0|0|0|0,109|0|0|0|0|0|0|0,0,0,0,5,255,80
626,0,4,2,1,2,0,0,0,2|2|0|0|0|0|0|0,255|255|0|0|0|0|0|0,0|0|0|0|0|0|0|0,8|8|0|0|0|0|0|0,12|-12|0|0|0|0|0|0,14|14|0|0|0|0|0|0,109|109|0|0|0|0|0|0,0,0,0,5,255,80
627,0,4,3,1,3,0,0,0,2|2|2|0|0|0|0|0,255|255|255|0|0|0|0|0,1|-1|0|0|0|0|0|0,8|8|8|0|0|0|0|0,12|-12|0|0|0|0|0|0,14|14|0|0|0|0|0|0,109|109|109|0|0|0|0|0,0,0,0,5,255,80
628,0,4,4,1,4,0,0,0,2|2|2|2|0|0|0|0,255|255|255|255|0|0|0|0,1|-1|0|0|0|0|0|0,8|8|8|8|0|0|0|0,26|-26|12|-12|0|0|0|0,14|14|14|14|0|0|0|0,109|109|109|109|0|0|0|0,0,0,0,5,255,80
629,0,4,5,1,5,0,0,0,2|2|2|2|2|0|0|0,255|255|255|255|255|0|0|0,2|-2|1|-1|0|0|0|0,8|8|8|8|8|0|0|0,26|-26|12|-12|0|0|0|0,14|14|14|14|0|0|0|0,109|109|109|109|109|0|0|0,0,0,0,5,255,80
630,0,4,6,1,6,0,0,0,2|2|2|2|2|2|0|0,255|255|255|255|255|255|0|0,3|-3|2|-2|1|-1|0|0,8|8|8|8|8|8|0|0,40|-40|26|-26|12|-12|0|0,20|20|14|14|14|14|0|0,109|109|109|109|109|109|0|0,0,0,0,5,255,80
631,0,4,7,1,7,0,0,0,2|2|2|2|2|2|2|0,255|255|255|255|255|255|255|0,3|-3|2|-2|1|-1|0|0,8|8|8|8|8|8|8|0,40|-40|26|-26|12|-12|0|0,20|20|14|14|14|14|0|0,109|109|109|109|109|109|109|0,0,0,0,5,255,80
632,0,4,6,1,6,0,0,0,2|2|2|2|2|2|0|0,255|255|255|255|255|255|0|0,2|-2|1|-1|0|0|0|0,8|8|8|8|8|8|0|0,40|-40|26|-26|12|-12|0|0,20|20|14|14|14|14|0|0,109|109|109|109|109|109|0|0,0,0,0,5,255,80
633,0,4,7,1,7,0,0,0,2|2|2|2|2|2|2|0,255|255|255|255|255|255|255|0,2|-2|1|-1|2|-2|0|0,8|8|8|8|8|8|10|0,40|-40|26|-26|12|-12|0|0,20|20|14|14|14|14|0|0,109|109|109|109|109|109|109|0,0,0,0,5,255,80
634,0,4,8,1,8,0,0,0,2|2|2|2|2|2|2|2,255|255|255|255|255|255|255|255,2|-2|1|-1|2|-2|0|0,8|8|8|8|8|8|10|10,40|-40|26|-26|12|-12|-7|7,20|20|14|14|14|14|0|0,109|109|109|109|109|109|109|109,0,0,0,5,255,80
635,0,4,8,1,8,0,0,0,2|2|2|2|2|2|2|2,255|255|255|255|255|255|255|255,-3|3|1|-1|2|-2|1|-1,8|8|8|8|8|8|10|10,40|-40|26|-26|12|-12|-7|7,20|20|14|14|14|14|0|0,109|109|109|109|109|109|109|109,0,0,0,5,255,80
636,0,12,1,0,1,0,0,0,171|0|0|0|0|0|0|0,255|0|0|0|0|0|0|0,0|0|0|0|0|0|0|0,0|0|0|0|0|0|0|0,0|0|0|0|0|0|0|0,0|0|0|0|0|0|0|0,103|0|0|0|0|0|0|0,1,0,0,10,255,16
637,0,10,1,0,1,0,0,0,171|0|0|0|0|0|0|0,255|0|0|0|0|0|0|0,0|0|0|0|0|0|0|0,0|0|0|0|0|0|0|0,0|0|0|0|0|0|0|0,0|0|0|0|0|0|0|0,103|0|0|0|0|0|0|0,1,0,0,10,255,16
638,0,8,1,0,1,0,0,0,171|0|0|0|0|0|0|0,255|0|0|0|0|0|0|0,0|0|0|0|0|0|0|0,0|0|0|0|0|0|0|0,0|0|0|0|0|0|0|0,0|0|0|0|0|0|0|0,103|0|0|0|0|0|0|0,1,0,0,10,255,16
639,0,8,2,0,2,0,0,0,171|171|0|0|0|0|0|0,255|255|0|0|0|0|0|0,-1|1|0|0|0|0|0|0,0|0|0|0|0|0|0|0,-6|6|0|0|0|0|0|0,0|0|0|0|0|0|0|0,103|103|0|0|0|0|0|0,1,0,0,10,255,16
640,0,6,2,0,2,0,0,0,171|171|0|0|0|0|0|0,255|255|0|0|0|0|0|0,-1|1|0|0|0|0|0|0,0|0|0|0|0|0|0|0,-6|6|0|0|0|0|0|0,0|0|0|0|0|0|0|0,103|103|0|0|0|0|0|0,1,0,0,10,255,16
641,0,6,3,0,3,0,0,0,171|171|171|0|0|0|0|0,255|255|255|0|0|0|0|0,-2|2|0|0|0|0|0|0,0|0|0|0|0|0|0|0,-6|6|0|0|0|0|0|0,-1|-1|0|0|0|0|0|0,103|103|103|0|0|0|0|0,1,0,0,10,255,16
642,0,5,2,0,4,0,0,0,171|171|171|171|0|0|0|0,255|255|255|255|0|0|0|0,-2|2|-1|1|0|0|0|0,0|0|0|0|0|0|0|0,-6|6|-4|4|0|0|0|0,-1|-1|0|0|0|0|0|0,103|103|103|103|0|0|0|0,1,0,0,10,255,16
643,0,7,4,0,4,0,0,0,171|171|171|171|0|0|0|0,255|255|255|255|0|0|0|0,-2|2|-1|1|0|0|0|0,0|0|0|0|0|0|0|0,-6|6|-4|4|0|0|0|0,-1|-1|0|0|0|0|0|0,103|103|103|103|0|0|0|0,1,0,0,10,255,16
644,0,5,3,0,3,0,0,0,171|171|171|0|0|0|0|0,255|255|255|0|0|0|0|0,-1|1|0|0|0|0|0|0,0|0|0|0|0|0|0|0,-6|6|0|0|0|0|0|0,-1|-1|0|0|0|0|0|0,103|103|103|0|0|0|0|0,1,0,0,10,255,16
645,0,5,4,0,4,0,0,0,171|171|171|171|0|0|0|0,255|255|255|255|0|0|0|0,-2|2|0|0|0|0|0|0,0|0|0|0|0|0|0|0,-10|10|-6|6|0|0|0|0,-4|-4|-2|-2|0|0|0|0,103|103|103|103|0|0|0|0,1,0,0,10,255,16
646,0,5,5,0,5,0,0,0,171|171|171|171|171|0|0|0,255|255|255|255|255|0|0|0,-2|2|0|0|0|0|0|0,0|0|0|0|0|0|0|0,-10|10|-6|6|0|0|0|0,-4|-4|-2|-2|0|0|0|0,103|103|103|103|103|0|0|0,1,0,0,10,255,16
647,0,4,1,0,1,0,0,0,1|0|0|0|0|0|0|0,255|0|0|0|0|0|0|0,0|0|0|0|0|0|0|0,12|0|0|0|0|0|0|0,0|0|0|0|0|0|0|0,0|0|0|0|0|0|0|0,228|0|0|0|0|0|0|0,0,0,0,6,255,32
648,0,7,1,0,1,0,0,0,2|0|0|0|0|0|0|0,107|0|0|0|0|0|0|0,0|0|0|0|0|0|0|0,8|0|0|0|0|0|0|0,0|0|0|0|0|0|0|0,0|0|0|0|0|0|0|0,601|0|0|0|0|0|0|0,0,0,0,6,255,32
649,0,6,1,0,1,0,0,0,2|0|0|0|0|0|0|0,107|0|0|0|0|0|0|0,0|0|0|0|0|0|0|0,8|0|0|0|0|0|0|0,0|0|0|0|0|0|0|0,0|0|0|0|0|0|0|0,601|0|0|0|0|0|0|0,0,0,0,6,255,32
650,0,6,3,0,3,0,0,0,2|1|1|0|0|0|0|0,107|255|255|0|0|0|0|0,0|-10|10|0|0|0|0|0,8|0|0|0|0|0|0|0,0|0|0|0|0|0|0|0,0|0|0|0|0|0|0|0,601|228|228|0|0|0|0|0,0,0,0,6,255,32
651,0,6,4,0,4,0,0,0,2|1|1|1|0|0|0|0,107|255|255|255|0|0|0|0,0|-9|9|0|0|0|0|0,8|2|2|-10|0|0|0|0,0|0|0|0|0|0|0|0,0|0|0|0|0|0|0|0,601|228|228|228|0|0|0|0,0,0,0,6,255,32
652,0,6,5,0,5,0,0,0,2|1|1|1|1|0|0|0,107|255|255|255|255|0|0|0,0|-9|9|-8|8|0|0|0,8|2|2|-3|-3|0|0|0,0|0|0|0|0|0|0|0,0|0|0|0|0|0|0|0,601|228|228|228|228|0|0|0,0,0,0,6,255,32
653,0,6,3,0,3,0,0,0,4|1|1|0|0|0|0|0,105|255|255|0|0|0|0|0,0|-10|10|0|0|0|0|0,7|0|0|0|0|0|0|0,0|0|0|0|0|0|0|0,0|0|0|0|0|0|0|0,582|228|228|0|0|0|0|0,0,0,0,6,255,32
654,0,6,5,0,5,0,0,0,4|1|1|1|1|0|0|0,105|255|255|255|255|0|0|0,0|-9|9|-8|8|0|0|0,7|2|2|-3|-3|0|0|0,0|0|0|0|0|0|0|0,0|0|0|0|0|0|0|0,582|228|228|228|228|0|0|0,0,0,0,6,255,32
655,0,6,6,0,6,0,0,0,4|1|1|1|1|2|0|0,105|255|255|255|255|107|0|0,0|-9|9|-8|8|0|0|0,7|2|2|-3|-3|-8|0|0,0|0|0|0|0|0|0|0,0|0|0|0|0|0|0|0,582|228|228|228|228|601|0|0,0,0,0,6,255,32
656,0,6,5,0,5,0,0,0,4|2|2|2|2|0|0|0,105|107|107|107|107|0|0|0,0|-6|6|-8|8|0|0|0,7|6|6|-3|-3|0|0|0,0|0|0|0|0|0|0|0,0|0|0|0|0|0|0|0,582|601|601|601|601|0|0|0,0,0,0,6,255,32
657,0,6,7,0,7,0,0,0,4|4|4|2|2|1|1|0,105|105|105|107|107|255|255|0,0|-6|6|-6|6|-10|10|0,7|6|6|-6|-6|0|0|0,0|0|0|0|0|0|0|0,0|0|0|0|0|0|0|0,582|582|582|601|601|228|228|0,0,0,0,6,255,32
658,0,2,2,0,2,0,0,0,1|1|0|0|0|0|0|0,255|255|0|0|0|0|0|0,0|0|0|0|0|0|0|0,12|12|0|0|0|0|0|0,-6|6|0|0|0|0|0|0,4|4|0|0|0|0|0|0,108|108|0|0|0|0|0|0,0,0,0,20,255,112
659,0,6,1,0,1,0,0,0,3|0|0|0|0|0|0|0,255|0|0|0|0|0|0|0,0|0|0|0|0|0|0|0,2|0|0|0|0|0|0|0,-10|0|0|0|0|0|0|0,0|0|0|0|0|0|0|0,88|0|0|0|0|0|0|0,0,0,20,26,255,48
660,0,5,1,0,1,0,0,0,3|0|0|0|0|0|0|0,255|0|0|0|0|0|0|0,0|0|0|0|0|0|0|0,2|0|0|0|0|0|0|0,-30|0|0|0|0|0|0|0,0|0|0|0|0|0|0|0,88|0|0|0|0|0|0|0,0,0,30,26,255,48
661,0,5,2,0,2,0,0,0,3|3|0|0|0|0|0|0,255|255|0|0|0|0|0|0,0|0|0|0|0|0|0|0,2|-2|0|0|0|0|0|0,-30|-30|0|0|0|0|0|0,0|0|0|0|0|0|0|0,88|88|0|0|0|0|0|0,0,0,30,26,255,48
662,0,5,2,0,2,0,0,0,3|3|0|0|0|0|137|69,255|255|131|69|46|6|207|128,0|0|-13|0|117|1|-61|-58,2|2|-13|0|-76|1|-51|22,-30|-20|-76|0|-51|22|-21|-12,0|0|-24|31|3|-80|67|-24,88|88|59651|65122|56459|35638|1095|5608,0,0,30,26,255,48
663,0,5,3,0,3,0,0,0,3|3|3|54|138|119|8|54,255|255|255|54|138|111|4|58,0|0|0|58|-11|119|35|-2,2|2|-2|-2|-50|120|27|-2,-30|-20|-30|-32|-13|119|19|-2,0|0|0|-31|-13|119|11|-119,88|88|88|59635|835|2250|47104|1536,0,0,30,26,255,48
664,0,7,2,0,2,0,0,0,3|3|243|232|39|3|203|232,255|255|184|0|6|138|62|214,0|120|-54|-118|22|-38|-13|-24,1|120|-53|-72|1|7|-21|3,-17|-7|6|80|-24|-1|2|88,-35|-5|-42|-13|-118|14|-40|-13,88|88|62426|60986|629|49202|63720|51971,0,0,4,26,255,48
665,0,7,2,0,2,0,0,0,3|3|58|22|218|243|119|17,255|255|2|54|217|243|114|9,0|120|-37|-13|119|3|-24|-60,1|120|4|0|-24|-73|2|-118,-20|-10|6|-40|-13|-2|-64|-53,-30|0|2|-118|-58|42|6|-39,88|88|56459|35382|1095|61608|1140|3876,0,0,5,26,255,48
666,0,6,2,0,2,0,0,0,3|3|71|4|36|7|177|4,255|255|128|38|214|243|143|8,0|120|-13|-54|2|0|-128|38,1|120|-9|-53|-128|14|-42|-13,-26|-13|-96|-30|-13|-94|-42|-13,-30|0|-36|54|-117|79|4|-29,88|88|13061|9983|7562|56481|35827|56854,0,0,6,26,255,48
667,0,5,2,0,2,0,0,0,3|3|58|29|116|243|195|139,255|255|139|95|4|184|221|52,0|120|0|59|-45|115|26|-9,1|120|-40|-28|97|-88|3|117,-30|-20|3|-26|97|-80|-74|-26,-30|0|-61|-26|66|-118|-57|-26,88|88|25060|64548|25062|32971|58174|243,0,0,7,26,255,48
668,0,6,3,0,3,0,0,0,3|3|3|243|0|10|192|117,255|255|255|205|22|10|192|117,0|120|120|-29|-13|10|-28|117,1|120|120|-24|17|-2|-53|-117,-24|-7|-19|-59|127|4|-57|69,-30|0|0|-57|69|4|-128|0,88|88|88|35852|3677|17863|50192|35896,0,0,6,26,255,48
669,0,6,4,0,4,0,0,0,3|3|3|3|187|218|57|139,255|255|255|255|177|215|116|10,1|-1|120|120|-41|-72|-87|57,1|1|120|120|20|-116|77|22,-24|-24|-7|-19|77|26|-119|77,-30|-30|0|0|51|-64|31|-54,88|88|88|88|35622|1109|19018|35622,0,0,6,26,255,48
670,0,0,1,3,8,0,0,0,3|3|3|3|3|3|3|3,255|255|255|255|255|255|255|255,0|4|6|4|0|-4|-6|-4,6|4|0|-4|-6|-4|0|4,0|4|6|4|0|-4|-6|-4,-6|-4|0|4|6|4|0|-4,126|126|126|126|126|126|126|126,0,0,0,26,255,208
671,0,2,1,0,1,0,0,0,1|234|235|164|59|222|116|160,255|138|1|60|32|114|153|232,0|0|67|-30|-17|-21|-111|-128,0|-47|-13|0|116|-118|38|-120,0|67|-21|10|-24|78|0|38,0|1|13|10|67|67|-60|126,246|9920|17801|9736|23945|23818|1226|35584,-1,0,0,26,255,32
672,0,8,4,0,8,0,0,0,4|2|2|1|4|2|2|1,255|255|255|255|255|255|255|255,120|120|120|120|120|120|120|120,7|7|6|6|6|6|5|5,0|0|0|0|0|0|0|0,-14|0|0|14|-14|0|0|14,97|116|116|135|101|120|120|139,1,0,0,14,255,208
673,0,3,2,0,2,0,0,0,1|1|99|1|90|254|194|58,255|255|243|118|32|138|22|216,0|0|23|-76|14|-24|79|1,8|8|58|22|-40|-13|116|13,-16|15|-21|9|-118|22|-40|-13,0|0|-24|8|0|-24|45|0,58|58|65219|15046|56118|30451|65048|20942,0,0,0,8,255,208
674,0,3,3,0,3,0,0,0,1|1|1|90|89|195|180|3,255|255|255|10|1|180|2|50,0|0|0|1|30|-114|30|44,8|8|8|80|0|31|-117|-38,-16|15|0|-118|5|60|7|116,0|0|-4|116|44|60|10|116,58|58|58|49918|5690|62426|15478|28392,0,0,0,8,255,208
675,0,3,4,0,4,0,0,0,1|1|1|1|0|90|89|235,255|255|255|255|58|22|216|243,0|0|0|0|-21|15|-24|70,8|8|8|8|-21|7|-24|62,-19|18|-15|14|-13|71|-117|-9,0|0|-2|-2|-24|48|0|30,58|58|58|58|50826|9974|74|63026,0,0,0,8,255,208
676,0,3,5,0,5,0,0,0,1|1|1|1|1|15|238|235,255|255|255|255|255|31|195|59,0|0|0|0|0|87|30|6,8|8|8|8|8|-114|30|44,-19|18|-15|14|0|74|0|50,0|0|-2|-2|-4|-117|-8|-117,58|58|58|58|58|7943|12961|29957,0,0,0,8,255,208
677,0,3,7,0,7,0,0,0,1|1|1|1|1|1|1|216,255|255|255|255|255|255|255|168,0|0|0|0|0|0|0|-30,8|8|8|8|8|8|8|-30,-19|18|-15|14|-11|10|0|86,0|0|-2|-2|-4|-4|-6|95,58|58|58|58|58|58|58|2,0,0,0,8,255,208
678,0,3,7,0,7,0,0,0,1|1|1|1|1|1|1|0,255|255|255|255|255|255|255|3,0|0|0|0|0|0|0|1,8|8|8|8|8|8|8|0,-19|18|-15|14|-6|5|0|112,0|0|-2|-2|-4|-4|-6|0,58|58|58|58|58|58|58|278,0,0,0,8,255,208
679,0,3,3,0,6,0,0,0,1|1|1|1|1|1|97|110,255|255|255|255|255|255|0|0,0|0|0|0|0|0|0|0,8|8|8|8|8|-8|0|0,-16|15|0|-16|15|0|1|2,0|0|-4|0|0|4|0|0,58|58|134|58|58|77|1316|850,0,0,0,8,255,208
680,0,3,4,0,8,0,0,0,1|1|1|1|1|1|1|1,255|255|255|255|255|255|255|255,0|0|0|0|0|0|0|0,8|8|8|8|-8|-8|8|8,-19|18|-15|14|-3|2|-6|5,0|0|-2|-2|4|4|-2|-2,58|58|58|58|58|58|58|58,0,0,0,8,255,208
681,0,3,3,0,6,0,0,0,1|1|173|1|1|1|0|0,255|255|255|255|255|255|82|9,0|0|0|0|0|0|100|101,8|8|8|8|8|-8|0|0,-16|15|0|-16|15|0|0|0,0|0|-4|0|0|4|0|4,58|58|241|58|58|77|0|513,0,0,0,8,255,208
682,0,3,2,0,8,0,0,0,173|173|1|1|1|1|1|1,255|255|255|255|255|255|255|255,0|0|0|0|0|0|0|0,8|8|8|8|8|8|8|8,-16|15|-5|4|-5|4|-5|4,0|0|0|0|0|0|0|0,241|241|58|58|58|58|58|58,0,0,0,8,255,208
683,0,3,5,0,5,0,0,0,1|1|1|1|173|22|1|0,255|255|255|255|255|1|0|0,0|0|0|0|0|0|82|4,8|8|8|8|8|8|-48|0,-19|18|-15|14|0|0|0|0,0|0|-2|-2|-4|0|0|0,58|58|58|58|241|1|513|0,0,0,0,8,255,208
684,0,3,2,0,2,0,0,0,1|1|101|116|105|109|0|0,255|255|54|1|0|0|0|0,-6|6|0|0|0|6|13|4,6|6|0|0|0|0|0|0,-16|15|0|62|0|0|1|2,0|0|0|0|2|115|1|-19,163|164|2642|0|26996|24941|0|13873,0,0,0,8,255,208
685,0,3,3,0,3,0,0,0,1|1|1|0|0|0|3|0,255|255|255|0|2|22|1|0,-6|6|0|1|-19|0|0|0,6|6|-8|100|0|0|119|103,-16|15|0|0|105|99|-127|8,0|0|4|0|86|18|0|0,163|164|77|0|0|0|3|318,0,0,0,8,255,208
686,0,3,4,0,4,0,0,0,1|1|1|1|100|114|97|119,255|255|255|255|104|105|0|0,-6|6|-7|7|0|0|18|0,6|6|4|4|0|0|0|0,-16|15|-16|15|0|1|0|0,0|0|0|0|0|0|82|15,163|164|281|282|0|28515|25974|0,0,0,0,8,255,208
687,0,3,6,0,6,0,0,0,1|1|1|1|1|1|0|0,255|255|255|255|255|255|0|1,-6|6|-7|7|-8|8|40|8,6|6|3|3|0|0|0|0,-16|15|-16|15|-16|15|105|99,0|0|0|0|0|0|0|1,163|164|281|282|39|1|0|0,0,0,0,8,255,208
688,0,3,8,0,8,0,0,0,1|1|1|1|1|1|1|1,255|255|255|255|255|255|255|255,-6|6|-7|7|-8|8|-3|3,6|6|3|3|0|0|7|7,-16|15|-16|15|-16|15|-16|15,0|0|0|0|0|0|0|0,163|164|281|282|39|1|201|202,0,0,0,8,255,208
689,0,3,4,0,4,0,0,0,3|3|1|1|64|3|82|6,255|255|255|255|112|107|0|0,-6|6|-3|3|0|0|0|0,6|6|7|7|0|0|0|0,-16|15|-16|15|1|0|0|0,0|0|0|0|0|0|10|107,121|122|201|202|0|8200|1|0,0,0,0,8,255,208
690,0,3,6,0,6,0,0,0,3|3|1|1|1|1|0|0,255|255|255|255|255|255|40|1,-6|6|-3|3|-7|7|6|13,6|6|7|7|3|3|0|0,-16|15|-16|15|-16|15|82|4,0|0|0|0|0|0|48|1,121|122|201|202|281|282|0|0,0,0,0,8,255,208
691,0,3,4,0,4,0,0,0,3|3|3|3|0|0|10|71,255|255|255|255|108|101|116|116,-7|7|-4|4|1|0|0|0,4|4|7|7|0|0|0|0,-16|15|-16|15|0|0|0|4,0|0|0|0|1|2|0|0,98|98|98|98|278|0|40454|21002,0,0,0,8,255,208
692,0,3,6,0,6,0,0,0,3|3|3|3|3|3|13|4,255|255|255|255|255|255|0|0,-7|7|-4|4|-8|8|1|2,4|4|7|7|1|1|1|0,-16|15|-16|15|-16|15|0|0,0|0|0|0|0|0|50|1,98|98|98|98|98|98|0|0,0,0,0,8,255,208
693,0,3,2,0,2,0,0,0,173|173|1|0|1|2|0|0,255|255|112|105|0|0|1|8,-6|6|0|0|-86|13|0|0,6|6|4|0|0|0|0|0,-16|15|0|0|0|0|62|1,0|0|0|0|1|0|1|2,241|241|2|0|25612|29281|0|29550,0,0,0,8,255,208
694,0,3,3,0,3,0,0,0,173|173|173|0|0|0|0|0,255|255|255|0|0|0|0|82,-6|6|0|119|68|101|0|0,6|6|-7|8|0|0|0|0,-16|15|0|0|6|13|4|0,0|0|0|0|0|0|0|0,241|241|241|32258|28672|0|32774|46595,0,0,0,8,255,208
695,0,5,1,0,2,0,0,0,174|175|0|0|0|0|0|211,255|255|3|131|1|70|0|0,-6|6|2|0|0|0|2|75,6|6|0|0|10|-38|6|0,-16|15|4|0|0|-13|0|0,0|0|8|1|0|0|0|44,255|255|56842|2306|0|40715|11|0,0,0,0,8,255,208
696,0,8,2,0,2,0,0,0,174|175|9|85|10|197|0|0,255|255|4|204|0|0|0|3,-6|6|0|0|0|60|1|65,6|6|0|0|0|0|0|0,-16|15|12|0|0|0|4|116,0|0|0|0|6|0|-57|11,255|255|256|0|337|632|0|3015,0,0,0,8,255,208
697,0,8,3,0,3,0,0,0,174|175|1|0|0|0|0|0,255|255|255|0|0|0|0|0,-6|6|0|0|6|0|0|0,6|6|-8|0|0|0|6|0,-16|15|0|0|0|0|0|0,0|0|0|0|0|0|0|0,255|255|111|0|0|0|6|0,0,0,0,8,255,208
698,0,8,4,0,4,0,0,0,174|175|1|1|0|0|0|0,255|255|255|255|0|0|0|0,-6|6|-6|6|0|0|0|0,6|6|-6|-6|0|0|6|0,-16|15|-15|14|0|0|0|0,0|0|0|0|0|0|0|0,255|255|111|111|0|0|6|0,0,0,0,8,255,208
699,0,8,5,0,5,0,0,0,174|175|1|1|1|1|0|0,255|255|255|255|255|0|29|6,-6|6|-6|6|0|1|0|0,6|6|-6|-6|-8|0|0|0,-16|15|-15|14|0|0|6|0,0|0|0|0|0|13|122|13,255|255|111|111|111|0|0|256,0,0,0,8,255,208
700,0,8,6,0,6,0,0,0,174|175|1|1|1|1|6|0,255|255|255|255|255|255|0|1,-6|6|-6|6|0|0|0|0,6|6|-6|-6|-8|-8|120|34,-16|15|-15|14|-4|3|62|1,0|0|0|0|0|0|0|0,255|255|111|111|111|111|337|8803,0,0,0,8,255,208
701,0,8,7,0,7,0,0,0,174|175|1|1|1|1|1|1,255|255|255|255|255|255|255|0,-6|6|-6|6|-3|3|0|1,6|6|-6|-6|-7|-7|-8|0,-16|15|-15|14|-9|8|0|0,0|0|0|0|0|0|0|0,255|255|111|111|111|111|111|0,0,0,0,8,255,208
702,0,8,7,0,7,0,0,0,174|175|1|1|1|1|1|0,255|255|255|255|255|255|255|0,-6|6|-6|6|-3|3|0|6,6|6|-6|-6|-7|-7|8|0,-16|15|-15|14|-9|8|0|14,0|0|0|0|0|0|0|0,255|255|111|111|111|111|111|6,0,0,0,8,255,208
703,0,8,5,0,5,0,0,0,174|175|174|175|1|0|0|1,255|255|255|255|255|0|172|14,-6|6|-6|6|0|1|0|0,6|6|6|6|-8|0|62|1,-16|15|-19|18|0|1|99|34,0|0|12|12|0|0|0|0,255|255|255|255|111|0|0|337,0,0,0,8,255,208
704,0,8,7,0,7,0,0,0,174|175|174|175|1|1|1|0,255|255|255|255|255|255|255|0,-6|6|-6|6|0|-3|3|0,6|6|6|6|8|-7|-7|1,-16|15|-19|18|0|-9|8|0,0|0|12|12|0|0|0|1,255|255|255|255|111|111|111|0,0,0,0,8,255,208
705,0,8,8,0,8,0,0,0,174|175|174|175|1|1|1|1,255|255|255|255|255|255|255|255,-6|6|-6|6|0|-6|6|0,6|6|6|6|8|-6|-6|-8,-16|15|-19|18|0|-9|8|0,0|0|12|12|0|0|0|0,255|255|255|255|111|111|111|111,0,0,0,8,255,208
706,0,1,5,20,5,0,0,0,99|99|99|99|99|0|12|0,20|20|20|20|20|1|0|1,0|-1|1|-2|2|34|0|0,8|7|7|5|5|0|0|1,0|0|0|0|0|34|8|0,0|0|0|0|0|1|0|0,9634|9634|9634|9634|9634|0|318|256,0,0,0,10,255,128
707,0,11,8,1,8,0,0,0,20|20|20|20|20|20|20|20,255|255|255|255|255|255|255|255,120|120|120|120|120|120|120|120,120|120|120|120|120|120|120|120,14|0|-14|0|9|9|-9|-9,0|14|0|-14|9|-9|-9|9,227|227|227|227|227|227|227|227,0,0,0,26,255,208
708,70,2,7,0,7,0,0,0,189|189|189|189|189|189|189|0,255|255|255|255|255|255|255|0,0|-1|1|-2|2|-3|3|1,1|0|0|0|0|-1|-1|0,0|0|0|0|0|0|0|1,0|0|0|0|0|0|0|0,238|238|238|238|238|238|238|0,1,0,0,6,255,208
709,0,9,8,0,8,0,0,8,114|114|114|114|114|114|114|114,255|255|255|255|255|255|255|255,-5|5|-3|3|-3|3|0|0,0|0|-3|-3|3|3|-4|6,-5|5|-3|3|-3|3|0|0,0|0|-3|-3|3|3|-4|6,171|171|171|171|171|171|171|171,0,0,0,26,98,208
710,10,0,1,3,1,0,0,0,128|8|0|0|62|1|0|1,255|0|81|1|98|34|0|0,0|8|0|0|0|0|0|1,1|0|0|0|99|34|10|0,0|0|0|0|82|1|0|0,0|0|81|1|0|0|8|0,271|0|278|256|0|337|8805|0,0,0,0,8,255,208
711,0,6,8,0,8,0,0,0,12|12|6|6|6|6|6|6,255|255|255|255|255|255|255|255,0|0|0|0|0|0|0|0,8|8|8|8|8|8|8|8,-24|24|-18|18|-12|12|-5|5,8|8|-2|-2|-6|-6|-8|-8,160|160|160|160|160|160|160|160,0,0,0,5,255,96
712,0,3,1,0,1,0,0,0,3|8|0|0|0|0|0|1,255|0|0|0|172|17|0|0,0|0|0|0|81|1|0|0,10|0|-105|8|0|0|62|1,0|1|0|0|81|1|98|34,0|0|-105|8|0|0|0|0,72|0|0|9840|6|0|0|371,0,0,0,13,255,208
713,0,3,2,0,2,0,0,0,3|3|0|0|81|1|122|2,255|255|151|8|0|0|0|0,0|0|108|17|0|0|116|21,10|10|14|-23|-128|62|14|-23,-6|6|5|-58|6|14|-23|21,0|0|12|-23|0|-96|13|-23,72|72|37508|440|15104|33926|30354|59651,0,0,0,13,255,208
714,0,3,3,0,3,0,0,0,3|3|3|233|30|7|137|190,255|255|255|134|130|146|38|128,0|0|0|3|-23|7|1|-117,10|10|10|107|6|98|-28|14,-6|6|0|5|3|-8|3|-6,0|0|-4|-15|-60|-66|-128|-110,72|72|72|58857|65280|64518|27624|64574,0,0,0,13,255,208
715,0,3,4,0,4,0,0,0,3|3|3|3|6|98|228|107,255|255|255|255|0|3|6|90,0|0|0|0|-60|-66|-128|-110,10|10|10|10|-60|-66|124|-110,-6|6|3|-3|-60|-66|-128|-110,0|0|-4|-4|-60|-66|124|-110,72|72|72|72|27430|1349|39192|51339,0,0,0,13,255,208
716,0,3,3,0,3,0,0,0,3|3|8|146|38|137|69|5,255|255|255|49|210|139|200|139,0|0|0|-128|-110|38|-118|69,10|10|10|3|-63|19|-45|45,-6|6|0|-38|0|-60|-66|124,0|0|-4|69|7|-60|-66|-128,72|72|12|49259|50204|31934|9874|17800,0,0,0,13,255,208
717,0,3,4,0,4,0,0,0,3|3|5|5|146|38|128|125,255|255|255|255|160|14|233|196,0|0|0|0|-120|69|10|-58,10|10|10|10|-21|16|-60|-66,-6|6|4|-4|69|8|-60|-66,0|0|-4|-4|69|10|-95|100,72|72|12|12|65229|16003|58464|29710,0,0,0,13,255,208
718,0,4,2,0,2,0,0,0,2|2|228|163|8|233|131|62,255|255|0|116|42|161|92|228,0|0|-102|61|20|-33|1|82,12|12|-72|-123|0|49|-37|-70,-8|10|89|94|95|-102|47|20,0|0|-93|-12|-26|-119|30|-10,262|262|60390|50962|62470|34022|51029|62982,0,0,0,5,255,208
719,0,5,3,0,3,0,0,7,3|3|3|139|14|244|230|139,255|255|255|139|62|248|230|154,0|-4|4|1|-102|73|20|-33,-8|5|5|-117|-38|-72|80|2,0|0|0|-63|27|-45|45|1,0|0|0|0|-93|84|-28|-125,166|166|166|1735|58452|1|16003|58460,0,0,0,26,255,208
720,0,10,1,0,1,0,0,0,8|139|200|139|218|161|10|233,255|210|59|211|127|12|125|3,0|-27|1|59|-63|119|3|-23,10|1|-95|84|-28|-119|-122|-122,-20|-95|10|-23|72|59|-122|-122,-15|115|3|-23|-60|1|-93|98,60022|65284|25102|51172|24582|484|60160|65284,0,0,0,13,255,208
721,0,5,8,1,8,0,0,0,5|5|4|4|4|4|4|4,255|255|255|255|255|255|255|255,0|0|0|0|0|0|0|0,22|22|22|22|22|22|22|22,0|0|0|0|0|0|0|0,0|-14|-28|-42|-56|-70|-84|-98,192|191|192|191|192|191|192|191,0,0,0,15,255,128
722,0,5,8,0,8,0,0,0,5|5|4|4|4|4|4|4,255|255|255|255|255|255|255|255,-12|-12|-12|-12|-12|-12|-12|-12,14|14|14|14|14|14|14|14,0|-12|-24|-36|-48|-60|-72|-84,0|-14|-28|-42|-56|-70|-84|-98,194|195|194|195|194|195|194|195,0,0,0,15,255,128
723,0,5,8,0,8,0,0,0,5|5|4|4|4|4|4|4,255|255|255|255|255|255|255|255,12|12|12|12|12|12|12|12,14|14|14|14|14|14|14|14,0|12|24|36|48|60|72|84,0|-14|-28|-42|-56|-70|-84|-98,196|197|196|197|196|197|196|197,0,0,0,15,255,128
724,0,5,8,1,8,0,0,0,5|5|4|4|4|4|4|4,255|255|255|255|255|255|255|255,-22|-22|-22|-22|-22|-22|-22|-22,0|0|0|0|0|0|0|0,0|-12|-24|-36|-48|-60|-72|-84,0|0|0|0|0|0|0|0,198|199|198|199|198|199|198|199,0,0,0,15,255,128
725,0,5,8,1,8,0,0,0,5|5|4|4|4|4|4|4,255|255|255|255|255|255|255|255,22|22|22|22|22|22|22|22,0|0|0|0|0|0|0|0,0|12|24|36|48|60|72|84,0|0|0|0|0|0|0|0,198|199|198|199|198|199|198|199,0,0,0,15,255,128
726,0,5,1,1,1,0,0,0,2|116|3|233|89|254|161|98,255|59|134|134|146|116|3|233,0|-2|-95|84|-28|-93|10|-23,10|6|-4|-24|-127|62|-4|-24,0|9|118|35|-65|126|-11|30,0|-65|27|4|14|87|106|0,50|57098|39425|2286|479|38554|57093|47105,0,0,0,26,255,208
727,0,5,2,0,2,0,0,0,1|1|148|191|116|228|30|87,255|255|10|223|1|154|150|5,-7|7|8|-64|116|52|-65|116,7|7|87|-65|-6|-26|30|87,-5|5|0|-102|-41|9|-33|1,0|0|8|-33|1|-102|-106|5,121|122|7908|39511|2781|479|38554|57093,0,0,0,5,255,208
728,0,4,1,0,1,0,0,0,1|10|223|1|107|62|252|232,255|136|131|127|148|154|15|9,0|1|-102|-106|5|-33|1|-65,9|-28|30|87|-65|-6|-26|30,0|104|-1|0|-102|-41|9|-33,0|-102|-82|8|-33|1|-102|-106,48|36097|35006|5777|48983|59130|22302|1178,0,0,0,13,255,208
729,0,5,6,0,6,0,0,0,4|4|4|4|4|4|30|14,255|255|255|255|255|255|11|141,-7|7|-10|10|-7|7|-66|-124,7|7|0|0|-7|-7|-6|-26,-5|5|-5|5|-5|5|87|-24,0|0|0|0|0|0|-23|-94,121|122|102|104|140|141|64191|7910,0,0,0,5,255,208
730,0,4,2,0,8,0,0,7,2|2|2|2|2|2|2|2,255|255|255|255|255|255|255|255,-7|7|-5|5|-7|7|-9|9,7|7|9|9|7|7|5|5,-5|5|-5|5|-5|5|-5|5,0|0|0|0|0|0|0|0,247|247|247|247|247|247|247|247,0,0,0,5,255,32
731,0,3,3,0,3,0,0,0,3|3|8|213|8|192|117|2,255|255|255|84|228|196|190|132,0|0|0|69|8|-65|-6|-26,10|10|10|84|-28|30|87|-24,-8|8|0|-64|117|2|-21|11,10|10|-4|-60|-66|-124|-110|38,72|72|12|3048|48000|38015|29954|27425,0,0,0,13,255,208
732,0,3,5,0,5,0,0,0,3|3|3|3|5|152|163|92,255|255|255|255|255|163|90|228,0|0|0|0|0|82|-28|1,10|10|10|10|10|-28|-125|62,-8|8|-10|10|0|-23|-39|0,10|10|12|10|-4|-122|-122|-110,72|72|72|72|12|197|24739|60388,0,0,0,13,255,208
733,0,3,3,0,3,0,0,0,3|3|12|146|118|3|233|156,255|255|255|228|235|4|255|6,0|0|0|62|96|-28|11|-117,10|10|10|107|62|98|-28|11,-8|8|0|-108|119|40|107|62,10|10|-4|-117|-125|125|-108|107,72|72|11|38013|24437|15979|58464|35339,0,0,0,13,255,208
734,0,3,5,0,5,0,0,0,3|3|3|3|12|125|148|22,255|255|255|255|255|87|106|11,0|0|0|0|0|107|62|98,10|10|10|10|10|-108|22|87,-8|8|-10|10|0|-115|-69|125,10|10|12|10|-4|-102|-41|12,72|72|72|72|11|3044|48013|38013,0,0,0,13,255,208
735,0,3,2,0,2,0,0,0,12|12|233|105|255|161|96|228,255|255|134|146|116|3|233|64,0|0|62|82|-28|2|116|3,10|10|-1|-65|116|-28|30|87,-6|6|6|-33|1|-102|-106|5,-4|-4|-65|116|-27|30|87|-65,11|11|618|49201|20560|18074|57100|39425,0,0,0,13,255,208
736,0,20,2,0,2,0,0,0,10|10|119|50|163|96|228|235,255|255|6|96|228|191|116|229,0|0|107|62|96|-28|11|-115,10|10|-108|22|87|106|11|49,0|0|80|-102|70|12|-33|1,0|-2|5|-33|1|-95|96|-28,7030|7029|54133|29887|7909|39511|3029|479,0,0,0,13,255,112
737,0,30,5,0,5,0,0,7,20|2|2|2|2|30|87|106,255|255|255|255|255|1|191|52,0|-2|2|-3|3|-102|18|10,2|2|2|0|0|-33|1|-102,0|0|0|0|0|62|86|-28,0|0|0|0|0|-16|-95|100,9028|247|247|247|247|65285|25654|26629,0,0,0,13,255,112
738,0,2,1,0,1,0,0,0,1|54|106|5|255|54|104|5,255|208|32|154|93|3|223|1,0|108|5|11|6|110|5|116,10|-1|54|110|5|-1|54|108,0|104|40|35|-102|93|3|-33,0|106|40|106|1|106|80|106,20|14055|447|49201|28835|41956|58482|1735,0,0,0,13,255,112
739,0,2,2,0,2,0,0,0,1|1|247|241|146|9|192|117,255|255|116|229|30|87|141|190,0|0|22|87|-95|96|-28|72,10|10|9|-127|-57|113|4|30,-9|9|4|14|-33|1|-65|17,12|12|87|-102|-125|14|-33|1,20|20|60161|48940|58740|22302|48781|37768,0,0,0,13,255,112
740,0,3,2,0,2,0,0,0,1|1|223|1|191|22|4|14,255|255|131|14|223|1|154|25,0|0|1|-65|116|-27|30|87,10|10|-102|84|11|-33|1|-102,-3|3|-33|1|-65|116|-27|30,0|0|-39|21|-33|1|-102|-106,20|20|58480|5769|58482|28833|35812|29206,0,0,0,13,255,112
741,0,3,3,0,3,0,0,0,1|1|1|30|87|154|213|11,255|255|255|150|5|223|1|131,0|0|0|17|116|3|-23|61,10|10|10|-27|30|87|-65|-67,-9|9|0|-102|25|11|-33|1,12|12|0|30|87|106|1|-102,20|20|21|57093|48897|58740|22302|55706,0,0,0,13,255,112
742,0,3,3,0,3,0,0,0,1|1|1|139|30|114|228|161,255|255|255|139|248|193|231|2,0|0|0|-13|-119|-99|-28|-13,10|10|10|30|87|-102|-43|11,-15|15|0|-106|5|-33|1|-57,14|14|0|70|0|-57|6|114,20|20|21|484|60160|65284|24582|41444,0,0,0,13,255,112
743,0,3,4,0,4,0,0,0,1|1|1|1|243|161|96|228,255|255|255|255|231|2|139|133,0|0|0|0|-28|-13|1|6,10|10|10|10|114|-28|-125|62,-11|11|-4|4|-58|-102|39|55,14|14|0|0|-11|30|87|-65,20|20|21|21|57098|39425|2286|479,0,0,0,13,255,112
744,0,3,4,0,4,0,0,0,1|1|1|1|191|116|229|30,255|255|255|255|14|87|154|25,0|0|0|0|116|-27|30|87,10|10|10|10|11|-33|1|-102,-17|17|-4|4|-57|6|94|-28,14|14|0|0|-27|30|87|-65,21|21|21|21|20560|18074|57100|39425,0,0,0,13,255,112
745,0,3,3,0,3,0,0,0,1|1|1|30|87|139|62|96,255|255|255|2|129|199|226|243,0|0|0|4|49|-64|80|80,10|10|10|-33|1|-102|-106|5,-18|18|0|62|96|-28|16|117,14|14|0|-27|30|87|-95|96,22|22|21|33026|58055|7923|27223|12548,0,0,0,13,255,112
746,0,3,4,0,4,0,0,0,1|1|1|1|4|255|6|96,255|255|255|255|30|87|107|62,0|0|0|0|-57|113|4|30,10|10|10|10|18|10|-33|1,-22|22|-9|9|1|-102|-106|5,14|14|12|12|-28|49|-46|-71,22|22|20|20|11381|62655|7909|36183,0,0,0,13,255,112
747,0,3,5,0,5,0,0,0,1|1|1|1|1|191|17|4,255|255|255|255|255|223|1|154,0|0|0|0|0|42|-65|-12,10|10|10|10|10|-120|-109|22,-22|22|-16|16|0|9|-127|-57,14|14|12|12|0|4|14|-33,22|22|22|22|20|39425|2841|479,0,0,0,13,255,112
748,0,3,6,0,6,0,0,0,1|1|1|1|1|1|191|2,255|255|255|255|255|255|191|94,0|0|0|0|0|0|-33|1,10|10|10|10|10|10|62|94,-22|22|-16|16|-9|9|-27|30,14|14|12|12|12|12|-1|54,22|22|22|22|20|20|1430|479,0,0,0,13,255,112
749,0,4,1,0,1,0,0,0,3|154|150|5|223|1|131|62,255|228|16|116|3|233|5|255,120|126|-11|30|87|-65|-55|3,120|87|106|0|-102|18|10|-33,-24|-102|-18|8|-33|1|-102|-106,0|-33|1|-65|-12|-27|30|87,88|3587|39511|2841|479|62655|7909|27223,0,0,168,26,255,32
750,0,3,2,2,6,0,0,0,1|1|1|1|1|1|80|195,255|255|101|101|101|101|63|12,0|0|10|10|-10|-10|1|-125,22|22|10|10|10|10|-65|116,0|0|0|-12|12|0|30|87,-8|6|0|14|14|0|80|80,191|191|196|196|194|194|58462|29952,0,0,0,15,255,128
751,0,0,2,0,4,0,0,0,1|1|0|0|87|154|213|11,255|255|255|255|5|223|1|161,101|101|101|101|114|5|116|15,14|14|14|14|-1|54|112|5,-9|8|-9|8|3|-33|1|-65,10|10|10|10|-65|111|4|14,286|286|286|286|48983|1157|22286|55784,0,0,0,6,255,208
752,0,0,4,0,4,0,0,0,1|1|1|1|55|191|1|191,255|255|255|255|191|146|4|14,101|101|101|101|18|10|-33|1,14|14|14|14|1|-102|-106|5,-14|13|-6|5|-102|-36|81|-57,14|14|10|10|-33|1|-102|124,120|120|116|116|18074|48948|39425|2,0,0,0,6,255,208
753,0,0,2,0,2,0,0,0,1|1|176|51|191|1|154|151,255|255|1|154|117|51|191|1,0|0|51|-65|1|-102|50|51,10|10|85|-119|-27|-24|124|-47,-11|11|-64|-102|118|2|-33|1,10|10|-27|-58|6|-48|-13|0,49|49|10725|52672|10291|15817|65535|629,0,0,0,6,255,208
754,0,0,1,0,1,0,0,0,251|103|240|198|6|107|240|0,255|26|0|30|87|191|104|240,101|87|106|3|-102|-41|12|-33,14|-55|-53|85|-119|-27|-58|6,-1|-13|0|-95|44|5|80|-65,10|0|7|38|-118|5|-94|119,116|29190|496|1734|61556|51456|21963|58761,0,0,0,6,255,208
755,0,4,2,0,6,0,0,0,112|112|112|112|112|112|85|137,255|255|255|255|255|255|198|6,0|0|0|0|0|0|-102|67,0|0|0|0|0|0|-119|22,-17|16|-23|22|-29|28|0|49,10|10|12|12|14|14|-76|-13,31|31|31|31|31|31|35315|35350,1,0,0,7,0,208
756,0,3,2,0,2,0,0,0,251|251|139|22|80|243|163|92,98|98|22|94|242|161|82|243,0|0|-93|88|-14|-119|22|90,28|28|88|-14|-117|22|90|-14,-6|6|0|49|-37|-102|-21|13,0|0|-93|88|-14|-119|22|90,143|144|58761|1734|62342|50689|34566|243,0,0,0,13,255,208
757,0,2,2,0,4,0,0,0,251|251|251|251|4|154|104|67,98|98|98|98|243|255|54|168,-8|-8|8|8|-57|0|-93|-96,28|28|28|28|-13|-60|62|-96,-6|6|-6|6|-80|-13|-55|-53,0|0|0|0|126|10|38|-117,143|144|143|144|51507|53811|747|49203,0,0,0,13,255,208
758,0,3,4,0,4,0,0,0,251|251|251|251|10|38|139|29,98|98|98|98|86|8|184|1,-8|-8|8|8|2|51|-64|-93,28|28|28|28|8|0|85|-117,-6|6|-6|6|30|-59|118|12,0|0|0|0|7|-4|-84|60,143|144|143|144|12964|43712|22213|46086,0,0,0,13,255,208
759,0,3,4,0,4,0,0,0,251|251|251|251|32|0|139|229,98|98|98|98|85|139|236|30,0|0|0|0|26|-51|33|31,28|28|28|28|-60|126|6|-24,-18|-6|6|18|4|0|114|30,0|0|0|0|6|31|50|-64,748|749|750|751|49546|35663|20215|62461,0,0,0,13,255,208
760,0,3,4,0,4,0,0,0,251|251|251|251|1|201|195|85,98|98|98|98|0|191|126|244,0|0|0|0|56|-65|1|-65,28|28|28|28|-102|117|6|-33,-6|6|-6|6|30|87|-102|-103,0|0|14|14|126|-11|30|87,143|144|143|144|59407|1531|1852|2676,0,0,0,13,255,208
761,0,2,4,0,6,0,0,0,251|251|251|251|251|251|36|127,98|98|98|98|98|98|51|192,-14|-14|14|14|0|0|-94|-28,28|28|28|28|28|28|6|44,-6|6|-6|6|-6|6|29|38,0|0|0|0|0|0|29|-72,143|144|143|144|143|144|13056|37851,0,0,0,13,255,208
762,0,3,6,0,6,0,0,0,251|251|251|251|251|251|30|7,98|98|98|98|98|98|184|1,-14|-14|14|14|0|0|-114|6,28|28|28|28|28|28|0|-2,-6|6|-6|6|-6|6|114|2,0|0|0|0|0|0|103|5,143|144|143|144|143|144|47109|4400,0,0,0,13,255,208
763,0,3,8,0,8,0,0,0,251|251|251|251|251|251|251|251,98|98|98|98|98|98|98|98,-20|-20|20|20|8|8|-8|-8,28|28|28|28|28|28|28|28,-6|6|-6|6|-6|6|-6|6,0|0|0|0|0|0|0|0,143|144|143|144|143|144|143|144,0,0,0,13,255,208
764,0,3,8,0,8,0,0,0,251|251|251|251|251|251|251|251,98|98|98|98|98|98|98|98,-20|-20|20|20|4|4|-4|-4,28|28|28|28|28|28|28|28,-6|6|-6|6|-6|6|-6|6,0|0|0|0|0|0|0|0,143|144|143|144|143|144|143|144,0,0,0,13,255,208
765,0,3,8,0,8,0,0,0,251|251|251|251|251|251|251|251,98|98|98|98|98|98|98|98,-8|-8|8|8|8|8|-8|-8,28|28|28|28|0|0|0|0,-6|6|-6|6|-6|6|-6|6,0|0|0|0|0|0|0|0,143|144|143|144|143|144|143|144,1,0,0,13,255,208
766,0,3,8,0,8,0,0,0,251|251|251|251|251|251|251|251,98|98|98|98|98|98|98|98,0|0|0|0|6|6|-6|-6,28|28|28|28|0|0|0|0,-18|-6|6|18|-6|6|-6|6,0|0|0|0|0|0|0|0,748|749|750|751|143|144|143|144,1,0,0,13,255,208
767,0,4,1,0,1,0,0,9,2|136|5|154|62|10|223|1,255|190|132|148|38|136|69|62,0|62|10|-33|1|-60|-66|-124,2|38|-120|69|63|-102|62|10,0|1|-60|-66|-124|-108|38|-120,0|20|-102|62|10|-33|1|-60,501|9876|17801|39445|2622|479|48836|38020,1,0,0,16,255,208
768,0,4,2,0,2,0,0,0,1|1|62|10|223|1|196|190,255|255|38|137|69|27|154|62,-1|1|1|-60|-66|-124|-108|38,2|2|29|-102|62|10|-33|1,0|0|-124|-108|38|-119|69|31,0|0|10|-33|1|-60|-66|-124,501|501|39457|2622|479|48836|38020|35110,1,0,0,16,255,208
769,0,4,3,0,3,0,0,0,1|1|1|1|196|190|132|148,255|255|255|39|154|62|10|223,-2|2|0|-124|-108|38|-119|69,2|2|2|10|-33|1|-60|-66,0|0|0|-119|69|43|-102|62,0|0|0|-60|-66|-124|-108|38,501|501|501|479|48836|38020|35110|12101,1,0,0,16,255,208
770,0,4,4,0,4,0,0,0,1|1|1|1|132|148|38|137,255|255|255|255|10|223|1|196,-4|-3|4|3|-119|69|53|-102,2|2|2|2|-60|-66|-124|-108,0|0|0|0|-102|62|10|-33,0|0|0|0|-108|38|-119|69,501|501|501|501|38020|35110|15173|16026,1,0,0,16,255,208
771,0,4,4,0,4,0,0,0,1|1|1|1|38|136|69|4,255|255|255|255|1|196|190|132,-5|-2|5|2|2|-102|62|10,2|2|2|2|-124|-108|38|-120,0|0|0|0|10|-33|1|-60,0|0|0|0|-120|69|3|-102,501|501|501|501|34854|1605|16026|57098,1,0,0,16,255,208
772,0,4,5,0,5,0,0,0,1|1|1|1|1|8|154|62,255|255|255|255|255|132|148|38,-5|-2|5|2|0|10|-33|1,2|2|2|2|2|-120|69|10,0|0|0|0|0|-60|-66|-124,0|0|0|0|0|-102|62|10,501|501|501|501|501|16026|57098|50177,1,0,0,16,255,208
773,0,4,6,0,6,0,0,0,1|1|1|1|1|1|10|223,255|255|255|255|255|255|136|69,0|-5|-2|5|2|0|-60|-66,2|2|2|2|2|2|-102|62,0|0|0|0|0|0|-108|38,-12|0|0|0|0|0|-33|1,501|501|501|501|501|501|50177|33982,1,0,0,16,255,208
774,0,4,3,0,3,0,0,0,1|1|2|62|10|223|1|196,255|255|255|38|136|69|68|154,-2|2|0|1|-60|-66|-124|-108,2|2|2|69|-102|62|10|-33,0|0|0|-124|-108|38|-119|69,0|0|0|10|-33|1|-60|-66,501|501|520|16026|57098|50177|33982|9876,1,0,0,16,255,208
775,0,4,2,0,2,0,0,0,2|2|8|223|1|154|150|5,255|255|199|6|98|228|1|0,-1|1|-1|6|98|-28|-95|98,2|2|-32|-60|-66|-124|-108|3,0|0|-117|85|19|-95|98|-28,0|0|-60|-66|-124|-108|3|-8,520|520|16003|58466|29972|50391|33982|9876,1,0,0,16,255,208
776,0,4,4,0,4,0,0,0,2|2|1|1|116|3|233|165,255|255|255|255|30|87|196|62,-1|1|-3|3|106|-9|49|-64,2|2|2|2|12|-33|1|-102,0|0|0|0|-65|116|-28|30,0|0|0|0|-33|1|-102|-106,520|520|501|501|44698|57096|39425|1430,1,0,0,16,255,208
777,0,4,3,0,3,0,0,0,2|2|2|62|116|5|3|248,255|255|255|148|140|134|134|148,-2|2|0|2|-102|122|55|-65,2|2|2|-11|30|87|-95|96,0|0|0|82|80|106|5|-102,0|0|0|1|-102|15|9|-33,520|520|520|1735|58466|1|1259|1791,1,0,0,16,255,208
778,0,0,2,1,4,0,0,0,251|251|251|251|154|150|5|223,255|255|255|255|228|38|117|222,101|101|101|101|87|-102|62|10,14|14|14|14|-124|-108|38|-120,-6|6|-6|6|10|-33|1|-60,10|10|10|10|-120|5|-102|62,558|561|559|562|17800|39486|2622|479,0,0,0,6,255,208
779,0,3,1,18,1,0,0,0,2|38|136|69|20|154|62|10,255|1|196|190|132|148|38|137,0|21|-102|62|10|-33|1|-60,-1|-124|-108|38|-119|69|23|-102,0|10|-33|1|-60|-66|-124|-108,-8|-119|69|25|-102|62|10|-33,598|33982|9876|17801|39451|2622|479|48836,1,0,0,25,255,208
780,40,3,4,11,8,0,0,0,250|250|251|251|250|250|250|250,11|11|11|11|11|11|11|11,0|0|0|0|0|0|0|0,11|11|11|11|11|11|11|11,-6|6|-6|6|-6|6|-6|6,-7|-7|7|7|-7|-7|7|7,672|691|710|729|672|691|710|729,-1,0,0,4,255,112
781,0,7,2,0,2,0,0,0,251|250|62|10|223|1|196|190,255|255|38|137|69|45|154|62,0|0|1|-60|-66|-124|-108|38,12|12|47|-102|62|10|-33|1,0|0|-124|-108|38|-119|69|49,-7|7|10|-33|1|-60|-66|-124,185|186|39475|2622|479|48836|38020|35110,0,0,0,13,255,208
782,0,6,2,0,2,0,0,0,251|250|223|1|196|190|132|148,255|255|69|57|154|62|10|223,0|0|-66|-124|-108|38|-119|69,14|14|62|10|-33|1|-60|-66,0|0|38|-120|69|1|-102|62,-7|7|1|-60|-66|-124|-108|38,189|190|2622|479|48836|38020|34854|581,0,0,0,13,255,208
783,0,6,2,0,4,0,0,0,251|250|251|250|132|148|38|136,255|255|255|255|10|223|1|196,0|0|0|0|-120|69|6|-102,16|16|16|16|-60|-66|-124|-108,-5|-5|5|5|-102|62|10|-33,-7|7|-7|7|-108|38|-120|69,185|186|185|186|38020|34854|2373|16026,0,0,0,13,255,208
784,0,8,4,0,4,0,0,0,251|250|251|250|38|137|69|13,255|255|255|255|1|196|190|132,0|0|0|0|15|-102|62|10,16|16|16|16|-124|-108|38|-120,-9|-9|9|9|10|-33|1|-60,-7|7|-7|7|-120|69|18|-102,185|186|185|186|34854|4933|16026|57098,0,0,0,13,255,208
785,0,7,4,0,4,0,0,0,251|250|251|250|69|12|154|62,255|255|255|255|190|132|148|38,0|0|0|0|62|10|-33|1,16|16|16|16|38|-120|69|65,-6|-6|6|6|1|-60|-66|-124,-7|7|-7|7|66|-102|62|10,185|186|185|186|17477|16026|57098|50177,0,0,0,13,255,208
786,0,7,4,0,8,0,0,0,251|250|251|250|251|250|251|250,255|255|255|255|255|255|255|255,0|0|0|0|0|0|0|0,16|16|16|16|16|16|16|16,-6|-6|6|6|-9|-9|9|9,-7|7|-7|7|-7|7|-7|7,185|186|185|186|185|186|185|186,0,0,0,13,255,208
787,0,7,6,0,6,0,0,0,251|250|251|250|251|250|190|132,255|255|255|255|255|255|19|131,0|0|0|0|0|0|-60|-66,16|16|16|16|16|16|0|117,-9|-9|9|9|0|0|-119|69,-7|7|-7|7|-3|11|3|116,185|186|185|186|185|186|1541|27223,0,0,0,13,255,208
788,0,7,6,0,6,0,0,0,251|250|251|250|251|251|6|223,255|255|255|255|255|255|191|116,0|0|0|0|0|0|-33|1,16|16|16|16|16|16|54|94,-9|-9|9|9|0|0|-118|19,-7|7|-7|7|-3|11|54|98,185|186|185|186|189|190|26728|39440,0,0,0,13,255,208
789,0,7,6,0,6,0,0,0,251|251|251|251|251|250|137|22,255|255|255|255|255|255|67|3,0|0|0|0|0|0|22|110,16|16|16|16|16|16|122|55,-9|-9|9|9|0|0|1|-21,-7|7|-7|7|-3|11|86|-28,189|190|189|190|185|186|22294|15979,0,0,0,13,255,208
790,0,7,8,0,8,0,0,0,251|250|251|250|251|250|251|250,255|255|255|255|255|255|255|255,0|0|0|0|0|0|0|0,16|16|16|16|16|16|16|16,-11|-11|11|11|-4|-4|4|4,-7|7|-7|7|-3|11|-3|11,185|186|185|186|185|186|185|186,0,0,0,13,255,208
791,0,7,8,0,8,0,0,0,251|251|251|251|251|250|251|250,255|255|255|255|255|255|255|255,0|0|0|0|0|0|0|0,16|16|16|16|16|16|16|16,-11|-11|11|11|-4|-4|4|4,-7|7|-7|7|-3|11|-3|11,189|190|189|190|189|190|189|190,0,0,0,13,255,208
792,0,2,1,0,8,0,0,0,3|3|3|3|3|3|3|3,255|255|255|255|255|255|255|255,-1|1|-1|-2|2|2|0|0,0|2|1|0|0|1|1|-1,0|0|0|0|0|0|0|0,0|0|0|0|0|0|0|0,23|24|25|26|23|24|25|26,0,0,88,13,255,176
793,160,10,4,8,2,0,0,0,251|251|80|154|70|12|223|1,255|255|5|223|1|191|116|228,0|0|-65|-6|-25|30|87|104,2|2|-102|-41|9|-33|1|-102,0|0|-33|1|-102|-106|5|-33,0|0|116|-27|30|87|-65|1,252|271|12545|20672|39504|3142|479|38554,0,0,0,30,255,176
794,500,20,5,1,5,0,0,0,251|251|251|251|251|163|98|228,255|255|255|255|255|163|100|228,0|0|0|0|0|-102|-106|5,0|0|0|0|0|30|87|-65,0|6|6|-6|-6|2|49|-64,7|7|-7|7|-7|-33|1|-102,663|661|657|659|655|58466|22302|618,1,0,0,30,198,208
795,100,5,2,0,2,0,0,0,1|1|87|191|100|228|30|87,255|255|49|192|80|80|154|70,0|0|1|-102|-106|5|-33|1,0|0|-25|-94|-6|-24|-65|-12,-2|4|87|-115|-66|-120|-111|22,0|0|-6|-26|30|87|106|1,620|620|57102|48897|1046|22286|33690|57102,1,0,0,30,255,128
796,150,5,3,0,3,0,0,0,1|1|1|150|5|223|1|191,255|255|255|87|191|2|33|30,0|0|0|3|49|-64|80|80,0|0|0|-33|1|-102|-106|5,-4|6|1|-12|-27|30|87|-60,0|0|-2|6|87|104|104|16,620|620|620|57100|39425|1430|479|62655,1,0,0,30,255,128
797,100,5,2,0,2,0,0,0,2|2|12|223|1|154|150|5,255|255|191|244|229|30|87|196,0|0|5|6|87|104|40|35,0|0|80|80|-102|63|12|-33,-5|6|-106|5|-33|1|-65|-12,0|0|87|-102|-43|11|-33|1,621|621|36097|35006|5780|26711|27500|106,1,0,0,30,255,128
798,50,5,1,0,1,0,0,0,3|5|223|1|191|116|228|30,255|154|174|8|223|1|154|150,0|-33|1|-65|116|-28|30|87,0|62|10|-33|1|-93|96|-28,0|-82|8|-33|1|-102|-106|5,0|1|-65|116|-27|30|87|-65,622|22302|618|49201|20560|18074|57100|39425,1,0,0,30,255,128
799,150,5,3,0,3,0,0,0,3|1|1|67|163|96|228|235,255|255|255|96|228|191|116|228,0|-1|1|62|10|-33|1|-93,0|0|0|15|9|-33|1|-102,0|-2|4|1|-65|116|-27|30,0|0|0|-28|30|87|106|2,622|620|620|57100|39425|1430|479|24737,1,0,0,30,255,128
800,150,5,3,0,3,0,0,0,3|2|2|5|223|1|191|116,255|255|255|154|174|8|223|1,0|-1|1|-33|1|-65|116|-28,0|0|0|-82|8|-33|1|-102,0|-5|6|1|-65|116|-28|30,0|0|0|8|-33|1|-102|-106,622|621|621|233|29887|7908|39511|2776,1,0,0,30,255,128
801,100,5,2,0,2,0,0,0,3|3|160|13|233|48|228|107,255|255|129|199|5|233|30|7,0|0|-124|-110|-116|-122|-122|-110,0|0|-28|30|87|-102|62|10,-5|5|-60|-66|-124|-110|38|-120,0|0|62|10|-33|1|-60|-66,627|627|325|16026|57098|50177|33982|9874,1,0,0,30,255,128
802,200,5,4,0,4,0,0,0,3|3|1|1|1|196|190|132,255|255|255|255|5|154|62|10,0|0|-1|1|-124|-110|38|-120,0|0|0|0|10|-33|1|-60,-5|5|-6|8|-120|69|8|-102,0|0|0|0|-60|-66|-124|-110,627|627|621|621|50177|33982|9874|17800,1,0,0,30,255,128
803,200,5,4,0,4,0,0,0,3|3|2|2|174|8|223|1,255|255|255|255|1|191|116|228,0|0|0|0|8|-33|1|-102,0|0|-1|-1|-57|6|96|-28,-5|5|-13|13|-1|6|96|-28,0|0|0|0|-47|-25|49|-64,627|627|622|622|29955|51177|1542|9449,1,0,0,30,255,128
804,300,5,6,0,6,0,0,0,3|3|2|2|1|1|228|2,255|255|255|255|255|255|0|49,0|0|0|0|0|0|12|-23,0|0|-1|-1|-1|-1|-65|116,-5|5|-13|13|-16|18|-33|1,0|0|0|0|0|0|-64|116,627|627|622|622|621|621|479|24227,1,0,0,30,255,128
805,400,5,8,0,8,0,0,0,3|3|2|2|1|1|1|1,255|255|255|255|255|255|255|255,0|0|0|0|0|0|0|0,0|0|-1|-1|-1|-1|-2|-2,-5|5|-13|13|-16|18|-20|22,0|0|0|0|0|0|0|0,627|627|622|622|621|621|621|621,1,0,0,30,255,128
806,80,7,1,0,1,0,0,0,3|134|134|146|161|6|233|72,255|134|134|146|115|3|233|121,0|-93|98|-28|-21|4|-1|14,7|-28|-57|6|96|-28|1|0,0|4|-1|6|96|-28|-128|62,0|-23|0|116|21|-2|6|14,522|3646|10473|1398|1734|59662|50709|3078,0,0,0,30,11,128
807,160,9,2,0,2,0,0,0,3|3|118|3|233|29|2|163,255|255|235|4|255|6|100|228,-4|4|100|-28|11|-127|-57|5,6|6|7|-119|-66|-128|-110|-116,0|0|-110|38|-128|61|1|116,0|0|-20|1|-117|22|96|-28,521|523|50190|25662|773|1016|9978|17802,0,0,0,30,11,128
808,240,11,3,0,3,0,0,0,3|3|3|62|252|232|11|141,255|255|255|22|7|137|190|124,-4|4|0|126|-110|-72|36|1,6|6|7|-28|107|-64|28|45,0|0|0|-119|5|-60|-66|-128,0|0|0|69|2|-60|-66|124,521|523|522|32958|9874|17803|50179|31934,0,0,0,30,11,128
809,240,12,3,0,3,0,0,0,3|3|5|69|7|196|190|128,255|255|255|125|3|232|3|127,-4|4|0|0|38|-117|69|3,6|6|7|107|-64|77|-60|62,0|0|0|-8|38|-128|125|20,0|0|0|-60|-66|-128|-110|38,521|523|541|35784|27610|24582|6372|13869,0,0,0,30,11,128
810,240,13,3,0,3,0,0,0,5|5|3|38|138|69|9|152,255|255|255|72|196|190|124|146,-4|4|0|8|-21|65|-60|-66,6|6|7|107|69|5|12|-103,0|0|0|-38|107|6|96|-28,0|0|0|0|49|-46|3|-63,540|542|522|210|48836|37500|35110|1349,0,0,0,30,11,128
811,240,14,3,0,3,0,0,0,5|5|5|38|136|69|8|233,255|255|255|190|128|146|38|107,-4|4|0|-60|62|112|5|3,6|6|7|125|20|1|117|58,0|0|0|-110|38|107|69|5,0|0|0|-56|-117|-38|107|6,540|542|541|53809|49411|54035|48836|37500,0,0,0,30,11,128
812,400,15,5,0,5,0,0,0,5|5|5|3|3|136|69|8,255|255|255|255|255|146|38|107,-3|3|0|-5|5|-56|-117|-38,6|6|7|5|5|45|54|0,0|0|0|0|0|-45|5|6,0|0|0|0|0|-66|124|-110,540|542|541|521|523|2373|27544|3776,0,0,0,30,11,128
813,400,16,5,0,5,0,0,0,5|5|5|5|5|124|146|38,255|255|255|255|255|128|146|38,-3|3|-5|5|0|18|-96|14,6|6|5|5|7|38|-120|69,0|0|0|0|0|1|-21|16,0|0|0|0|0|-118|69|8,540|542|540|542|541|15332|33926|29842,0,0,0,30,11,128
814,320,17,4,0,4,0,0,0,5|5|251|251|146|116|3|233,255|255|255|255|228|163|6|233,-4|4|0|0|8|0|-93|2,6|6|7|7|49|-46|-71|14,0|0|0|0|-48|-72|80|2,0|0|-6|8|84|-28|-125|62,540|542|527|546|484|41216|58452|35737,0,0,0,30,11,128
815,480,18,6,0,6,0,0,0,5|5|251|251|3|3|174|1,255|255|255|255|255|255|146|161,-4|4|0|0|-5|5|-110|115,6|6|7|7|5|5|-28|-21,0|0|0|0|0|0|6|96,0|0|-6|8|0|0|6|96,540|542|527|546|521|523|34438|51092,0,0,0,30,11,128
816,640,19,8,0,8,0,0,0,5|5|251|251|5|5|3|3,255|255|255|255|255|255|255|255,-3|3|0|0|-5|5|-7|7,6|6|7|7|5|5|4|4,0|0|0|0|0|0|0|0,0|0|-6|8|0|0|0|0,540|542|527|546|540|542|521|523,0,0,0,30,11,128
817,10,1,1,2,1,0,0,5,8|76|154|62|10|223|1|196,255|132|148|38|137|5|154|62,0|-33|1|-60|-66|-124|-108|38,0|69|2|-102|62|10|-33|1,0|-66|-124|-108|38|-120|69|3,0|62|10|-33|1|-60|-66|-124,502|17801|39428|2622|479|48836|38020|34854,0,0,0,13,255,208
818,0,0,0,0,0,0,0,0,82|228|154|62|10|223|1|196,190|132|148|38|136|69|74|154,62|10|-33|1|-60|-66|-124|-108,38|-120|69|75|-102|62|10|-33,1|-60|-66|-124|-108|38|-120|69,7|-102|62|10|-33|1|-60|-66,38020|34854|2117|16026|57098|50177|33982|9876,0,0,0,0,255,240
1000,0,0,0,0,0,0,0,0,0|0|0|0|0|0|0|0,0|0|0|0|0|0|0|0,0|0|0|0|0|0|0|0,0|0|0|0|0|0|0|0,0|0|0|0|0|0|0|0,0|0|0|0|0|0|0|0,0|0|0|0|0|0|0|0,0,0,0,0,255,240
1001,10,7,1,7,2,0,0,0,3|3|0|0|0|0|0|0,255|255|0|0|0|0|0|0,-3|3|0|0|0|0|0|0,5|5|0|0|0|0|0|0,0|0|0|0|0|0|0|0,0|0|0|0|0|0|0|0,663|663|0|0|0|0|0|0,0,0,0,28,255,208
1002,10,6,1,7,3,0,0,0,3|3|3|0|0|0|0|0,255|255|255|0|0|0|0|0,-3|0|3|0|0|0|0|0,4|5|4|0|0|0|0|0,0|0|0|0|0|0|0|0,0|0|0|0|0|0|0|0,663|663|663|0|0|0|0|0,0,0,0,28,255,208
1003,10,5,1,7,5,0,0,0,3|3|3|3|3|0|0|0,255|255|255|255|255|0|0|0,-5|-3|0|3|5|0|0|0,0|4|5|4|0|0|0|0,0|0|0|0|0|0|0|0,0|0|0|0|0|0|0|0,663|663|663|663|663|0|0|0,0,0,0,28,255,208
1004,10,4,1,7,7,0,0,0,3|3|3|3|3|3|3|0,255|255|255|255|255|255|255|0,-5|5|-3|3|0|3|-3|0,0|0|4|-4|5|4|-4|0,0|0|0|0|0|0|0|0,0|0|0|0|0|0|0|0,663|663|663|663|663|663|663|0,0,0,0,28,255,208
1005,10,4,1,7,8,0,0,0,3|3|3|3|3|3|3|3,255|255|255|255|255|255|255|255,-5|5|-3|3|0|0|3|-3,0|0|4|-4|5|-5|4|-4,0|0|0|0|0|0|0|0,0|0|0|0|0|0|0|0,663|663|663|663|663|663|663|663,0,0,0,28,255,208
1006,20,6,2,7,8,0,0,0,3|3|3|3|3|3|3|3,255|255|255|255|255|255|255|255,-5|5|-3|3|0|0|3|-3,0|0|4|-4|5|-5|4|-4,0|0|0|0|0|0|0|0,0|0|0|0|0|0|0|0,663|663|663|663|663|663|663|663,0,0,0,28,255,208
1007,30,8,3,7,8,0,0,0,3|3|3|3|3|3|3|3,255|255|255|255|255|255|255|255,-5|5|-3|3|0|0|3|-3,0|0|4|-4|5|-5|4|-4,0|0|0|0|0|0|0|0,0|0|0|0|0|0|0|0,663|663|663|663|663|663|663|663,0,0,0,28,255,208
1008,40,10,4,7,8,0,0,0,3|3|3|3|3|3|3|3,255|255|255|255|255|255|255|255,-5|5|-3|3|0|0|3|-3,0|0|4|-4|5|-5|4|-4,0|0|0|0|0|0|0|0,0|0|0|0|0|0|0|0,663|663|663|663|663|663|663|663,0,0,0,28,255,208
1009,80,12,8,7,8,0,0,0,3|3|3|3|3|3|3|3,255|255|255|255|255|255|255|255,-5|5|-3|3|0|0|3|-3,0|0|4|-4|5|-5|4|-4,0|0|0|0|0|0|0|0,0|0|0|0|0|0|0|0,663|663|663|663|663|663|663|663,0,0,0,28,255,208
1010,80,15,8,7,8,0,0,13,3|3|3|3|3|3|3|3,255|255|255|255|255|255|255|255,-5|5|-3|3|0|0|3|-3,0|0|4|-4|5|-5|4|-4,0|0|0|0|0|0|0|0,0|0|0|0|0|0|0|0,663|663|663|663|663|663|663|663,0,0,0,28,255,208
1011,80,17,8,7,8,0,0,10,3|3|3|3|3|3|3|3,255|255|255|255|255|255|255|255,-5|5|-3|3|0|0|3|-3,0|0|4|-4|5|-5|4|-4,0|0|0|0|0|0|0|0,0|0|0|0|0|0|0|0,663|663|663|663|663|663|663|663,0,0,0,28,255,208
1012,40,20,1,0,1,0,0,0,6|0|0|0|0|0|0|0,255|0|0|0|0|0|0|0,0|0|0|0|0|0|0|0,6|0|0|0|0|0|0|0,0|0|0|0|0|0|0|0,0|0|0|0|0|0|0|0,564|0|0|0|0|0|0|0,0,0,0,28,255,112
1013,40,5,1,0,1,0,0,0,2|1|2|1|2|1|1|1,255|8|8|8|8|8|8|8,0|0|3|5|-3|-5|-6|6,5|-2|0|0|0|0|0|0,0|0|0|4|0|-4|-4|4,0|0|0|0|0|0|0|0,625|21|21|20|21|20|20|20,0,0,0,28,255,112
1014,40,5,1,0,2,0,0,0,2|2|1|1|2|2|2|2,255|255|8|8|8|8|8|8,0|0|6|-6|0|8|-8|0,5|5|-6|-6|8|0|0|-8,-3|3|6|-6|0|8|-8|0,0|0|-6|-6|8|0|0|-8,625|625|21|21|20|20|20|20,0,0,0,28,255,112
1015,40,4,1,0,6,0,0,0,2|2|2|2|2|2|0|0,255|255|255|255|255|255|0|0,0|0|0|0|0|0|0|0,5|5|5|5|5|5|0|0,-3|3|-1|1|-2|2|0|0,0|0|0|0|0|0|0|0,625|625|625|625|625|625|0|0,0,0,0,28,255,112
1016,40,6,1,0,1,0,0,0,3|1|1|1|1|1|1|1,255|8|8|8|8|8|8|8,0|-2|2|-2|3|-3|0|0,7|2|-2|-2|0|0|3|-3,0|-2|2|-2|3|-3|0|0,0|2|-2|-2|0|0|3|-3,626|21|21|21|20|20|20|20,0,0,0,28,255,112
1017,40,4,1,0,2,0,0,0,2|2|0|0|0|0|0|0,255|255|0|0|0|0|0|0,0|0|0|0|0|0|0|0,7|7|0|0|0|0|0|0,-3|3|0|0|0|0|0|0,0|0|0|0|0|0|0|0,626|626|0|0|0|0|0|0,0,0,0,28,255,112
1018,40,6,1,1,1,0,0,0,5|6|6|6|0|0|0|0,255|255|255|255|0|0|0|0,0|1|-3|3|0|0|0|0,8|-2|-3|-3|0|0|0|0,0|0|0|0|0|0|0|0,0|0|0|0|0|0|0|0,623|72|72|72|0|0|0|0,0,0,0,28,255,112
1019,40,5,1,1,2,0,0,0,5|5|0|0|0|0|0|0,255|255|0|0|0|0|0|0,0|0|0|0|0|0|0|0,8|8|0|0|0|0|0|0,-5|5|0|0|0|0|0|0,0|0|0|0|0|0|0|0,623|623|0|0|0|0|0|0,0,0,0,28,255,112
1020,40,4,1,1,4,0,0,0,5|5|5|5|0|0|0|0,255|255|255|255|0|0|0|0,0|0|0|0|0|0|0|0,8|8|8|8|0|0|0|0,-2|8|-8|2|0|0|0|0,0|0|0|0|0|0|0|0,623|623|623|623|0|0|0|0,0,0,0,28,255,112
1021,160,8,4,2,8,0,0,0,251|251|251|251|251|251|251|251,255|255|255|255|255|255|255|255,0|0|0|0|0|0|0|0,9|9|9|9|9|9|9|9,-8|4|-8|4|-4|8|-4|8,-7|-7|7|7|-7|-7|7|7,555|517|574|536|555|517|574|536,0,0,0,28,255,112
1022,160,6,4,2,8,0,0,0,251|251|251|251|251|251|251|251,255|255|255|255|255|255|255|255,0|0|0|0|0|0|0|0,9|9|9|9|9|9|9|9,-8|4|-8|4|-4|8|-4|8,-7|-7|7|7|-7|-7|7|7,555|517|574|536|555|517|574|536,0,0,0,28,255,112
1023,320,12,8,0,8,0,0,0,251|251|251|251|251|251|251|251,255|255|255|255|255|255|255|255,0|0|0|0|0|0|0|0,10|10|10|10|10|10|10|10,-18|-6|6|18|-18|-6|6|18,-7|-7|-7|-7|7|7|7|7,509|510|511|512|528|529|530|531,0,0,0,28,255,112
1024,280,150,4,0,4,0,0,0,251|251|251|251|0|0|0|0,255|255|255|255|0|0|0|0,0|0|0|0|0|0|0|0,5|5|5|5|0|0|0|0,-6|6|-6|6|0|0|0|0,-7|-7|7|7|0|0|0|0,610|611|629|630|0|0|0|0,0,0,0,28,255,112
1025,0,3,4,2,8,0,0,0,3|1|1|1|3|1|1|1,103|103|103|103|103|103|103|103,0|0|0|0|0|0|0|0,22|22|22|22|22|22|22|22,-8|-8|-8|-8|8|8|8|8,-22|-8|6|20|-22|-8|6|20,210|229|248|267|210|229|248|267,0,0,0,15,255,128
1026,30,2,1,0,5,0,0,0,112|112|112|112|112|0|0|0,255|255|255|255|255|0|0|0,0|-2|2|1|-1|0|0|0,-3|-3|-3|-3|-3|0|0|0,0|0|0|0|0|0|0|0,0|0|0|0|0|0|0|0,52|52|52|52|52|0|0|0,1,0,0,7,6,208
1027,0,0,1,0,1,0,0,0,4|0|0|0|0|0|0|0,8|0|0|0|0|0|0|0,0|0|0|0|0|0|0|0,-1|0|0|0|0|0|0|0,0|0|0|0|0|0|0|0,0|0|0|0|0|0|0|0,21|0|0|0|0|0|0|0,0,0,0,9,1,112
1028,0,0,8,0,8,0,0,0,1|1|1|1|0|0|0|0,8|8|8|8|4|4|4|4,3|-3|3|-3|0|4|-4|0,3|3|-3|-3|4|0|0|-4,3|-3|3|-3|0|4|-4|0,3|3|-3|-3|4|0|0|-4,21|21|21|21|20|20|20|20,0,0,0,12,1,112
1029,10,20,1,3,1,0,0,0,128|0|0|0|0|0|0|0,255|0|0|0|0|0|0|0,0|0|0|0|0|0|0|0,1|0|0|0|0|0|0|0,0|0|0|0|0|0|0|0,0|0|0|0|0|0|0|0,271|0|0|0|0|0|0|0,0,0,0,8,255,208
1030,40,1,2,2,4,0,0,0,2|2|2|2|2|2|2|2,255|255|255|255|255|255|255|255,116|124|116|124|2|-2|3|-3,12|12|12|12|7|7|6|6,-4|4|-4|4|6|-6|6|-6,0|0|0|0|0|0|0|0,206|206|207|207|153|153|153|153,0,0,0,8,255,208
1031,30,3,3,0,3,0,0,0,1|1|1|0|0|0|0|0,255|255|255|0|0|0|0|0,0|0|0|0|0|0|0|0,12|13|14|0|0|0|0|0,0|0|0|0|0|0|0|0,0|0|0|0|0|0|0|0,135|116|97|0|0|0|0|0,0,0,0,8,255,144
1032,40,4,4,0,4,0,0,0,1|1|1|1|0|0|0|0,255|255|255|255|0|0|0|0,-1|-1|1|1|0|0|0|0,13|14|13|14|0|0|0|0,0|0|0|0|0|0|0|0,0|0|0|0|0|0|0|0,135|97|135|97|0|0|0|0,0,0,0,8,255,144
1033,50,5,5,0,5,0,0,0,1|1|1|1|1|0|0|0,255|255|255|255|255|0|0|0,0|0|0|0|0|0|0|0,12|13|14|15|16|0|0|0,0|0|0|0|0|0|0|0,0|0|0|0|0|0|0|0,135|116|116|116|97|0|0|0,0,0,0,8,255,144
1034,60,3,3,0,3,0,0,0,2|2|2|0|0|0|0|0,255|255|255|0|0|0|0|0,0|0|0|0|0|0|0|0,14|12|13|0|0|0|0|0,0|0|0|0|0|0|0|0,0|0|0|0|0|0|0|0,101|139|120|0|0|0|0|0,0,0,0,8,255,144
1035,80,4,4,0,4,0,0,0,2|2|2|2|0|0|0|0,255|255|255|255|0|0|0|0,-1|-1|1|1|0|0|0|0,13|14|13|14|0|0|0|0,0|0|0|0|0|0|0|0,0|0|0|0|0|0|0|0,139|101|139|101|0|0|0|0,0,0,0,8,255,144
1036,0,50,6,0,6,0,0,0,116|116|116|116|116|116|0|0,255|255|255|255|255|255|0|0,-6|6|5|-5|5|-5|0|0,0|0|5|5|-5|-5|0|0,-8|8|5|-5|5|-5|0|0,0|0|5|5|-5|-5|0|0,102|104|122|121|141|140|0|0,0,0,0,11,1,208
1037,0,7,2,0,2,0,0,0,1|1|0|0|0|0|0|0,255|255|0|0|0|0|0|0,0|0|0|0|0|0|0|0,6|6|0|0|0|0|0|0,0|0|0|0|0|0|0|0,4|-4|0|0|0|0|0|0,227|227|0|0|0|0|0|0,0,0,0,26,255,208
1038,0,7,2,0,2,0,0,0,1|1|0|0|0|0|0|0,255|255|0|0|0|0|0|0,0|0|0|0|0|0|0|0,-6|-6|0|0|0|0|0|0,0|0|0|0|0|0|0|0,4|-4|0|0|0|0|0|0,227|227|0|0|0|0|0|0,0,0,0,26,255,208
1039,0,0,0,0,0,0,0,0,0|0|0|0|0|0|0|0,0|0|0|0|0|0|0|0,0|0|0|0|0|0|0|0,0|0|0|0|0|0|0|0,0|0|0|0|0|0|0|0,0|0|0|0|0|0|0|0,0|0|0|0|0|0|0|0,0,0,0,1,255,208
1040,60,4,1,0,2,0,0,0,8|8|0|0|0|0|0|0,255|255|0|0|0|0|0|0,4|-4|0|0|0|0|0|0,10|10|0|0|0|0|0|0,0|0|0|0|0|0|0|0,0|0|0|0|0|0|0|0,68|69|0|0|0|0|0|0,0,0,0,1,255,208
1041,120,2,2,0,2,0,0,0,8|8|0|0|0|0|0|0,255|255|0|0|0|0|0|0,5|-5|0|0|0|0|0|0,11|11|0|0|0|0|0|0,0|0|0|0|0|0|0|0,0|0|0|0|0|0|0|0,68|69|0|0|0|0|0|0,0,0,0,1,255,208
1042,120,0,2,0,2,0,0,0,8|8|0|0|0|0|0|0,255|255|0|0|0|0|0|0,5|-5|0|0|0|0|0|0,11|11|0|0|0|0|0|0,0|0|0|0|0|0|0|0,0|0|0|0|0|0|0|0,68|69|0|0|0|0|0|0,0,0,0,1,255,208
1043,130,4,1,0,1,0,0,0,5|0|0|0|0|0|0|0,255|0|0|0|0|0|0|0,0|0|0|0|0|0|0|0,7|0|0|0|0|0|0|0,0|0|0|0|0|0|0|0,0|0|0|0|0|0|0|0,94|0|0|0|0|0|0|0,0,0,0,1,255,208
1044,160,6,1,0,1,0,0,0,15|0|0|0|0|0|0|0,255|0|0|0|0|0|0|0,0|0|0|0|0|0|0|0,8|0|0|0|0|0|0|0,0|0|0|0|0|0|0|0,0|0|0|0|0|0|0|0,94|0|0|0|0|0|0|0,0,0,0,1,255,208
1045,30,1,1,0,1,0,0,0,4|0|0|0|0|0|0|0,255|0|0|0|0|0|0|0,0|0|0|0|0|0|0|0,11|0|0|0|0|0|0|0,0|0|0|0|0|0|0|0,0|0|0|0|0|0|0|0,64|0|0|0|0|0|0|0,0,0,0,1,255,112
1046,40,1,1,0,1,0,0,0,6|0|0|0|0|0|0|0,255|0|0|0|0|0|0|0,0|0|0|0|0|0|0|0,10|0|0|0|0|0|0|0,0|0|0|0|0|0|0|0,0|0|0|0|0|0|0|0,7|0|0|0|0|0|0|0,0,0,0,1,255,112
1047,50,1,1,0,1,0,0,0,8|0|0|0|0|0|0|0,255|0|0|0|0|0|0|0,0|0|0|0|0|0|0|0,10|0|0|0|0|0|0|0,0|0|0|0|0|0|0|0,0|0|0|0|0|0|0|0,65|0|0|0|0|0|0|0,0,0,0,1,255,144
1048,30,3,1,0,1,0,0,0,7|0|0|0|0|0|0|0,255|0|0|0|0|0|0|0,0|0|0|0|0|0|0|0,16|0|0|0|0|0|0|0,0|0|0|0|0|0|0|0,0|0|0|0|0|0|0|0,208|0|0|0|0|0|0|0,0,0,0,1,255,208
1049,0,4,2,0,2,0,0,0,1|1|0|0|0|0|0|0,255|255|0|0|0|0|0|0,-10|10|0|0|0|0|0|0,0|0|0|0|0|0|0|0,0|0|0|0|0|0|0|0,0|0|0|0|0|0|0|0,39|1|0|0|0|0|0|0,0,0,0,8,255,48
1050,0,6,4,0,4,0,0,0,1|1|1|1|0|0|0|0,255|255|255|255|0|0|0|0,-9|9|9|-9|0|0|0|0,2|2|-2|-2|0|0|0|0,-2|2|2|-2|0|0|0|0,0|0|0|0|0|0|0|0,281|282|301|300|0|0|0|0,0,0,0,8,255,48
1051,0,6,8,0,8,0,0,0,1|1|1|1|1|1|1|1,255|255|255|255|255|255|255|255,-6|6|6|-6|-9|9|0|0,6|6|-6|-6|0|0|9|-9,0|0|0|0|0|0|0|0,0|0|0|0|0|0|0|0,163|164|183|182|39|1|58|77,0,0,0,8,255,48
1052,0,6,4,0,4,0,0,0,2|2|2|2|0|0|0|0,255|255|255|255|0|0|0|0,-9|9|9|-9|0|0|0|0,2|2|-2|-2|0|0|0|0,-2|2|2|-2|0|0|0|0,0|0|0|0|0|0|0|0,277|278|297|296|0|0|0|0,0,0,0,8,255,48
1053,0,6,2,0,2,0,0,0,3|3|0|0|0|0|0|0,255|255|0|0|0|0|0|0,-10|10|0|0|0|0|0|0,0|0|0|0|0|0|0|0,0|0|0|0|0|0|0|0,0|0|0|0|0|0|0|0,102|104|0|0|0|0|0|0,0,0,0,8,255,48
1054,0,6,4,0,4,0,0,0,3|3|3|3|0|0|0|0,255|255|255|255|0|0|0|0,-6|6|6|-6|0|0|0|0,6|6|-6|-6|0|0|0|0,0|0|0|0|0|0|0|0,0|0|0|0|0|0|0|0,121|122|141|140|0|0|0|0,0,0,0,8,255,48
1055,40,1,1,0,1,0,0,0,6|0|0|0|0|0|0|0,255|0|0|0|0|0|0|0,0|0|0|0|0|0|0|0,10|0|0|0|0|0|0|0,0|0|0|0|0|0|0|0,0|0|0|0|0|0|0|0,45|0|0|0|0|0|0|0,0,0,0,1,255,112
1056,20,1,1,0,1,0,0,0,2|0|0|0|0|0|0|0,255|0|0|0|0|0|0|0,-6|0|0|0|0|0|0|0,6|0|0|0|0|0|0|0,0|0|0|0|0|0|0|0,0|0|0|0|0|0|0|0,121|0|0|0|0|0|0|0,0,0,0,1,255,208
1057,20,1,1,0,1,0,0,0,2|0|0|0|0|0|0|0,255|0|0|0|0|0|0|0,6|0|0|0|0|0|0|0,6|0|0|0|0|0|0|0,0|0|0|0|0|0|0|0,0|0|0|0|0|0|0|0,122|0|0|0|0|0|0|0,0,0,0,1,255,208
1058,20,7,1,0,1,4,3,0,8|0|0|0|0|0|0|0,255|0|0|0|0|0|0|0,0|0|0|0|0|0|0|0,0|0|0|0|0|0|0|0,0|0|0|0|0|0|0|0,0|0|0|0|0|0|0|0,4|0|0|0|0|0|0|0,0,0,0,1,255,208
1059,10,1,1,2,1,0,0,2,3|0|0|0|0|0|0|0,255|0|0|0|0|0|0|0,0|0|0|0|0|0|0|0,0|0|0|0|0|0|0|0,0|0|0|0|0|0|0|0,0|0|0|0|0|0|0|0,112|0|0|0|0|0|0|0,0,0,0,13,255,208
1060,60,2,2,0,2,0,0,0,4|4|0|0|0|0|0|0,255|255|0|0|0|0|0|0,0|0|0|0|0|0|0|0,10|10|0|0|0|0|0|0,-5|5|0|0|0|0|0|0,0|0|0|0|0|0|0|0,64|64|0|0|0|0|0|0,0,0,0,1,255,208
1061,100,2,2,0,2,0,0,0,6|6|0|0|0|0|0|0,255|255|0|0|0|0|0|0,0|0|0|0|0|0|0|0,10|10|0|0|0|0|0|0,-5|5|0|0|0|0|0|0,0|0|0|0|0|0|0|0,76|76|0|0|0|0|0|0,0,0,0,1,255,208
1062,10,1,1,2,1,0,0,2,2|0|0|0|0|0|0|0,255|0|0|0|0|0|0|0,0|0|0|0|0|0|0|0,0|0|0|0|0|0|0|0,0|0|0|0|0|0|0|0,0|0|0|0|0|0|0|0,112|0|0|0|0|0|0|0,0,0,0,13,255,208
1063,10,1,1,2,1,0,0,2,1|0|0|0|0|0|0|0,255|0|0|0|0|0|0|0,0|0|0|0|0|0|0|0,0|0|0|0|0|0|0|0,0|0|0|0|0|0|0|0,0|0|0|0|0|0|0|0,168|0|0|0|0|0|0|0,0,0,0,13,255,208
1064,40,4,1,0,1,0,0,0,10|0|0|0|0|0|0|0,255|0|0|0|0|0|0|0,0|0|0|0|0|0|0|0,1|0|0|0|0|0|0|0,-20|0|0|0|0|0|0|0,10|0|0|0|0|0|0|0,207|0|0|0|0|0|0|0,0,0,8,1,255,208
1065,20,2,1,0,1,0,0,0,5|0|0|0|0|0|0|0,255|0|0|0|0|0|0|0,0|0|0|0|0|0|0|0,2|0|0|0|0|0|0|0,-20|0|0|0|0|0|0|0,10|0|0|0|0|0|0|0,207|0|0|0|0|0|0|0,0,0,8,1,255,208
1066,0,0,8,0,8,0,0,0,128|121|187|187|187|187|187|187,255|255|255|255|255|255|255|255,0|0|0|-1|1|0|1|-1,1|1|1|1|1|1|0|0,0|0|0|-12|12|0|20|-20,0|0|0|20|20|-20|-10|-10,171|171|100|171|171|171|171|171,0,0,0,6,255,208
1067,0,0,4,0,4,0,0,0,2|2|2|2|0|0|0|0,255|255|255|255|0|0|0|0,3|-3|3|-3|0|0|0|0,3|3|-3|-3|0|0|0|0,0|0|0|0|0|0|0|0,0|0|0|0|0|0|0|0,99|99|99|99|0|0|0|0,0,0,0,6,255,208
1068,20,1,2,2,2,0,0,0,2|2|0|0|0|0|0|0,255|255|0|0|0|0|0|0,1|-1|0|0|0|0|0|0,2|2|0|0|0|0|0|0,8|-8|0|0|0|0|0|0,0|0|0|0|0|0|0|0,112|112|0|0|0|0|0|0,0,0,0,1,255,208
1069,0,0,2,0,2,0,0,0,4|4|0|0|0|0|0|0,255|255|0|0|0|0|0|0,0|0|0|0|0|0|0|0,3|3|0|0|0|0|0|0,-6|6|0|0|0|0|0|0,0|0|0|0|0|0|0|0,260|260|0|0|0|0|0|0,0,0,0,6,255,208
1070,10,1,1,2,1,0,0,3,2|0|0|0|0|0|0|0,255|0|0|0|0|0|0|0,0|0|0|0|0|0|0|0,0|0|0|0|0|0|0|0,0|0|0|0|0|0|0|0,-2|0|0|0|0|0|0|0,112|0|0|0|0|0|0|0,0,0,0,13,255,208
1071,0,0,8,3,8,0,0,0,1|1|1|1|1|1|1|1,8|8|8|8|8|8|8|8,2|-2|2|-2|3|-3|0|0,2|2|-2|-2|0|0|3|-3,2|-2|2|-2|3|-3|0|0,2|2|-2|-2|0|0|3|-3,214|214|214|214|214|214|214|214,0,0,0,12,12,112
1072,60,3,3,0,3,0,0,0,4|3|3|0|0|0|0|0,255|255|255|0|0|0|0|0,0|-3|3|0|0|0|0|0,4|3|3|0|0|0|0|0,0|0|0|0|0|0|0|0,0|0|0|0|0|0|0|0,94|140|141|0|0|0|0|0,0,0,0,13,255,192
1073,0,2,8,9,8,0,0,0,2|2|2|2|2|2|2|2,10|10|10|10|10|10|10|10,-9|9|-9|9|-10|10|-10|10,6|-6|-6|6|-3|3|3|-3,0|0|0|0|0|0|0|0,0|0|0|0|0|0|0|0,172|172|172|172|172|172|172|172,0,0,0,0,255,112
1074,0,3,2,0,2,0,0,0,1|175|0|0|0|0|0|0,255|255|0|0|0|0|0|0,-7|6|0|0|0|0|0|0,1|6|0|0|0|0|0|0,2|0|0|0|0|0|0|0,0|0|0|0|0|0|0|0,246|255|0|0|0|0|0|0,0,0,0,8,255,208
1075,0,3,2,0,2,0,0,0,174|1|0|0|0|0|0|0,255|255|0|0|0|0|0|0,-6|7|0|0|0|0|0|0,6|1|0|0|0|0|0|0,0|-2|0|0|0|0|0|0,0|0|0|0|0|0|0|0,255|246|0|0|0|0|0|0,0,0,0,8,255,208
1076,40,4,4,0,4,0,0,0,4|4|4|4|0|0|0|0,255|255|255|255|0|0|0|0,-5|-5|5|5|0|0|0|0,0|0|0|0|0|0|0|0,0|0|0|0|0|0|0|0,0|14|0|14|0|0|0|0,105|124|106|125|0|0|0|0,0,0,0,6,255,208
1077,0,0,8,0,8,0,0,0,5|5|5|5|5|5|5|5,16|16|16|16|16|16|16|16,6|-6|6|-6|0|8|-8|0,6|6|-6|-6|8|0|0|-8,6|-6|6|-6|0|8|-8|0,6|6|-6|-6|8|0|0|-8,244|244|244|244|244|244|244|244,0,0,0,11,1,112
1078,90,1,3,2,3,0,0,0,2|2|2|0|0|0|0|0,255|255|255|0|0|0|0|0,0|1|-1|0|0|0|0|0,4|3|3|0|0|0|0|0,0|0|0|0|0|0|0|0,0|0|0|0|0|0|0|0,225|225|225|0|0|0|0|0,0,0,0,13,255,208
1079,0,0,4,0,4,0,0,0,1|1|1|1|0|0|0|0,255|255|255|255|0|0|0|0,0|0|0|0|0|0|0|0,14|14|14|14|0|0|0|0,3|13|32|42|0|0|0|0,-18|-14|-12|-18|0|0|0|0,286|286|286|286|0|0|0|0,0,0,0,6,255,208
1080,120,1,4,2,4,0,0,0,2|2|2|2|0|0|0|0,255|255|255|255|0|0|0|0,2|-1|2|-1|0|0|0|0,4|4|-4|-4|0|0|0|0,0|0|0|0|0|0|0|0,0|0|0|0|0|0|0|0,225|225|225|225|0|0|0|0,0,0,0,13,255,208
1081,80,2,8,0,8,0,0,0,1|1|1|1|1|1|1|1,255|255|255|255|255|255|255|255,-10|10|-7|7|0|-7|7|0,0|0|7|7|-10|-7|-7|10,0|0|0|0|0|0|0|0,0|0|0|0|0|0|0|0,77|58|182|163|1|183|164|39,0,0,0,6,255,208
1082,30,4,3,0,3,0,0,0,1|1|1|0|0|0|0|0,255|255|255|0|0|0|0|0,0|-10|10|0|0|0|0|0,10|0|0|0|0|0|0|0,0|0|0|0|0|0|0|0,0|0|0|0|0|0|0|0,58|39|1|0|0|0|0|0,0,0,0,6,255,208
1083,40,4,2,0,2,0,0,0,1|1|0|0|0|0|0|0,255|255|0|0|0|0|0|0,5|-5|0|0|0|0|0|0,8|8|0|0|0|0|0|0,0|0|0|0|0|0|0|0,0|0|0|0|0|0|0|0,227|227|0|0|0|0|0|0,0,0,0,10,255,208
1084,20,2,2,0,2,0,0,0,2|184|0|0|0|0|0|0,255|255|0|0|0|0|0|0,0|0|0|0|0|0|0|0,8|6|0|0|0|0|0|0,0|0|0|0|0|0|0|0,0|0|0|0|0|0|0|0,98|98|0|0|0|0|0|0,0,0,0,6,1,208
1085,80,3,8,0,8,0,0,0,1|2|1|2|1|2|1|2,255|255|255|255|255|255|255|255,120|120|120|120|120|120|120|120,8|8|8|8|8|8|8|8,0|0|-12|-12|12|12|-24|-24,0|14|0|14|0|14|0|14,157|159|157|159|157|159|157|159,0,0,0,6,255,208
1086,10,2,1,0,1,0,0,0,189|0|0|0|0|0|0|0,255|0|0|0|0|0|0|0,0|0|0|0|0|0|0|0,0|0|0|0|0|0|0|0,0|0|0|0|0|0|0|0,0|0|0|0|0|0|0|0,238|0|0|0|0|0|0|0,1,0,0,6,255,208
1087,0,8,1,0,1,0,0,0,30|0|0|0|0|0|0|0,4|0|0|0|0|0|0|0,120|0|0|0|0|0|0|0,120|0|0|0|0|0|0|0,-40|0|0|0|0|0|0|0,-30|0|0|0|0|0|0|0,60034|0|0|0|0|0|0|0,0,0,0,1,255,208
1088,30,3,3,0,3,0,0,0,20|20|20|0|0|0|0|0,255|255|255|0|0|0|0|0,120|120|120|0|0|0|0|0,10|10|10|0|0|0|0|0,-32|-32|-32|0|0|0|0|0,-24|0|28|0|0|0|0|0,60023|60024|60025|0|0|0|0|0,0,0,0,6,255,208
1089,20,2,2,3,2,0,0,0,189|1|0|0|0|0|0|0,255|255|0|0|0|0|0|0,0|0|0|0|0|0|0|0,-1|-1|0|0|0|0|0|0,0|0|0|0|0|0|0|0,-1|-1|0|0|0|0|0|0,107|107|0|0|0|0|0|0,-1,0,0,6,255,208
1090,0,0,8,3,8,0,0,0,5|5|5|5|5|5|5|5,16|16|16|16|16|16|16|16,1|-1|1|-1|0|2|-2|0,1|1|-1|-1|2|0|0|-2,6|-6|6|-6|0|8|-8|0,6|6|-6|-6|8|0|0|-8,214|214|214|214|214|214|214|214,0,0,0,11,1,112
1091,40,4,4,0,4,0,0,0,3|1|1|3|0|0|0|0,255|255|255|255|0|0|0|0,0|-2|2|0|0|0|0|0,10|7|7|10|0|0|0|0,0|0|0|0|0|0|0|0,6|0|0|-6|0|0|0|0,60|201|202|60|0|0|0|0,0,0,0,6,255,208
1092,0,10,2,0,2,0,0,0,192|1|0|0|0|0|0|0,255|255|0|0|0|0|0|0,0|0|0|0|0|0|0|0,8|8|0|0|0|0|0|0,0|0|0|0|0|0|0|0,0|0|0|0|0|0|0|0,65|65|0|0|0|0|0|0,0,0,0,27,255,208
1093,0,10,2,0,2,0,0,0,193|2|0|0|0|0|0|0,255|255|0|0|0|0|0|0,0|0|0|0|0|0|0|0,8|8|0|0|0|0|0|0,0|0|0|0|0|0|0|0,0|0|0|0|0|0|0|0,64|64|0|0|0|0|0|0,0,0,0,27,255,208
1094,0,10,1,0,1,0,0,0,195|0|0|0|0|0|0|0,255|0|0|0|0|0|0|0,0|0|0|0|0|0|0|0,0|0|0|0|0|0|0|0,0|0|0|0|0|0|0|0,0|0|0|0|0|0|0|0,71|0|0|0|0|0|0|0,1,0,0,7,6,208
1095,0,10,4,0,4,0,0,0,196|197|4|4|0|0|0|0,255|255|121|121|0|0|0|0,-12|12|-6|6|0|0|0|0,0|0|0|0|0|0|0|0,0|0|0|0|0|0|0|0,0|0|0|0|0|0|0|0,45|7|45|7|0|0|0|0,0,0,0,27,1,208
1096,0,10,2,0,2,0,0,0,196|4|0|0|0|0|0|0,255|121|0|0|0|0|0|0,-12|-6|0|0|0|0|0|0,0|0|0|0|0|0|0|0,0|0|0|0|0|0|0|0,0|0|0|0|0|0|0|0,45|45|0|0|0|0|0|0,0,0,0,27,1,208
1097,0,10,2,0,2,0,0,0,197|4|0|0|0|0|0|0,255|121|0|0|0|0|0|0,12|6|0|0|0|0|0|0,0|0|0|0|0|0|0|0,0|0|0|0|0|0|0|0,0|0|0|0|0|0|0|0,7|7|0|0|0|0|0|0,0,0,0,27,1,208
1098,20,0,1,0,8,0,0,0,2|2|2|2|2|2|2|2,255|255|255|255|255|255|255|255,0|0|0|0|0|0|0|0,14|14|14|14|14|14|14|14,-8|-4|0|4|8|4|0|-4,0|0|0|0|0|0|0|0,70|70|70|70|70|70|70|70,0,0,0,1,255,208
1099,20,0,1,0,8,0,0,0,2|2|2|2|2|2|2|2,255|255|255|255|255|255|255|255,-2|-1|0|1|2|1|0|-1,14|14|14|14|14|14|14|14,-8|-4|0|4|8|4|0|-4,0|0|0|0|0|0|0|0,70|70|70|70|70|70|70|70,0,0,0,1,255,208
1100,40,0,2,0,6,0,0,0,2|2|2|2|2|2|0|0,255|255|255|255|255|255|0|0,-2|2|-1|1|0|0|0|0,14|14|14|14|14|14|0|0,-8|8|-4|4|-2|2|0|0,0|0|0|0|0|0|0|0,70|70|70|70|70|70|0|0,0,0,0,1,255,208
1101,10,6,1,0,1,0,0,0,2|0|0|0|0|0|0|0,255|0|0|0|0|0|0|0,0|0|0|0|0|0|0|0,12|0|0|0|0|0|0|0,0|0|0|0|0|0|0|0,0|0|0|0|0|0|0|0,252|0|0|0|0|0|0|0,0,0,0,28,255,208
1102,10,10,1,0,1,0,0,0,5|0|0|0|0|0|0|0,255|0|0|0|0|0|0|0,0|0|0|0|0|0|0|0,10|0|0|0|0|0|0|0,0|0|0|0|0|0|0|0,0|0|0|0|0|0|0|0,253|0|0|0|0|0|0|0,0,0,0,27,255,208
1103,10,16,1,0,1,0,0,0,10|0|0|0|0|0|0|0,255|0|0|0|0|0|0|0,0|0|0|0|0|0|0|0,8|0|0|0|0|0|0|0,0|0|0|0|0|0|0|0,0|0|0|0|0|0|0|0,254|0|0|0|0|0|0|0,0,0,0,26,255,208
1104,0,0,1,0,1,0,0,0,90|0|0|0|0|0|0|0,250|0|0|0|0|0|0|0,120|0|0|0|0|0|0|0,120|0|0|0|0|0|0|0,-24|0|0|0|0|0|0|0,24|0|0|0|0|0|0|0,98|0|0|0|0|0|0|0,0,0,8,1,255,208
1105,0,0,1,0,1,0,0,0,2|0|0|0|0|0|0|0,255|0|0|0|0|0|0|0,0|0|0|0|0|0|0|0,4|0|0|0|0|0|0|0,0|0|0|0|0|0|0|0,0|0|0|0|0|0|0|0,61|0|0|0|0|0|0|0,0,0,0,1,255,208
1106,0,0,1,0,1,0,0,0,2|0|0|0|0|0|0|0,255|0|0|0|0|0|0|0,3|0|0|0|0|0|0|0,0|0|0|0|0|0|0|0,0|0|0|0|0|0|0|0,0|0|0|0|0|0|0|0,80|0|0|0|0|0|0|0,0,0,0,1,255,208
1107,20,0,1,0,8,0,0,0,2|2|2|2|2|2|2|2,255|255|255|255|255|255|255|255,-4|-2|0|2|4|2|0|-2,14|14|14|14|14|14|14|14,-8|-4|0|4|8|4|0|-4,0|0|0|0|0|0|0|0,70|70|70|70|70|70|70|70,0,0,0,1,255,208
1108,40,0,2,0,6,0,0,0,2|2|2|2|2|2|0|0,255|255|255|255|255|255|0|0,-4|4|-2|2|-1|1|0|0,14|14|14|14|14|14|0|0,-8|8|-4|4|-2|2|0|0,0|0|0|0|0|0|0|0,70|70|70|70|70|70|0|0,0,0,0,1,255,208
1109,80,3,8,0,8,0,0,0,1|1|1|1|1|1|1|1,255|255|255|255|255|255|255|255,0|0|0|0|0|0|0|0,12|13|14|15|16|17|18|19,0|0|0|0|0|0|0|0,0|0|0|0|0|0|0|0,135|116|116|116|116|116|116|97,0,0,0,8,255,144
1110,30,3,1,0,1,0,0,4,3|0|0|0|0|0|0|0,255|0|0|0|0|0|0|0,0|0|0|0|0|0|0|0,0|0|0|0|0|0|0|0,0|0|0|0|0|0|0|0,0|0|0|0|0|0|0|0,214|0|0|0|0|0|0|0,0,0,0,13,255,208
1111,0,6,1,0,2,0,0,0,4|4|0|0|0|0|0|0,255|255|0|0|0|0|0|0,0|0|0|0|0|0|0|0,5|5|0|0|0|0|0|0,-4|4|0|0|0|0|0|0,0|0|0|0|0|0|0|0,72|72|0|0|0|0|0|0,1,0,0,5,255,208
1112,10,4,1,0,1,0,0,0,1|0|0|0|0|0|0|0,255|0|0|0|0|0|0|0,0|0|0|0|0|0|0|0,8|0|0|0|0|0|0|0,-5|0|0|0|0|0|0|0,0|0|0|0|0|0|0|0,58|0|0|0|0|0|0|0,0,0,0,1,255,208
1113,10,4,1,0,1,0,0,0,1|0|0|0|0|0|0|0,255|0|0|0|0|0|0|0,0|0|0|0|0|0|0|0,8|0|0|0|0|0|0|0,6|0|0|0|0|0|0|0,0|0|0|0|0|0|0|0,58|0|0|0|0|0|0|0,0,0,0,1,255,208
1114,40,0,1,0,1,0,0,0,2|0|0|0|0|0|0|0,255|0|0|0|0|0|0|0,0|0|0|0|0|0|0|0,14|0|0|0|0|0|0|0,0|0|0|0|0|0|0|0,0|0|0|0|0|0|0|0,142|0|0|0|0|0|0|0,0,0,0,1,255,144
1115,10,1,1,2,1,0,0,3,2|0|0|0|0|0|0|0,255|0|0|0|0|0|0|0,0|0|0|0|0|0|0|0,0|0|0|0|0|0|0|0,-8|0|0|0|0|0|0|0,-2|0|0|0|0|0|0|0,112|0|0|0|0|0|0|0,0,0,0,13,255,208
1116,10,1,1,2,1,0,0,3,2|0|0|0|0|0|0|0,255|0|0|0|0|0|0|0,0|0|0|0|0|0|0|0,0|0|0|0|0|0|0|0,8|0|0|0|0|0|0|0,-2|0|0|0|0|0|0|0,112|0|0|0|0|0|0|0,0,0,0,13,255,208
1117,30,1,1,0,1,0,0,4,5|0|0|0|0|0|0|0,255|0|0|0|0|0|0|0,0|0|0|0|0|0|0|0,0|0|0|0|0|0|0|0,0|0|0|0|0|0|0|0,0|0|0|0|0|0|0|0,285|0|0|0|0|0|0|0,0,0,0,13,255,208
1118,40,3,2,0,2,0,0,0,3|3|0|0|0|0|0|0,255|255|0|0|0|0|0|0,0|0|0|0|0|0|0|0,14|14|0|0|0|0|0|0,-6|6|0|0|0|0|0|0,0|0|0|0|0|0|0|0,143|144|0|0|0|0|0|0,0,0,0,13,255,192
1119,80,3,1,0,1,0,0,0,4|0|0|0|0|0|0|0,255|0|0|0|0|0|0|0,-2|0|0|0|0|0|0|0,4|0|0|0|0|0|0|0,0|0|0|0|0|0|0|0,0|0|0|0|0|0|0|0,166|0|0|0|0|0|0|0,0,0,0,10,255,144
1120,80,4,1,0,1,0,0,0,4|0|0|0|0|0|0|0,255|0|0|0|0|0|0|0,2|0|0|0|0|0|0|0,4|0|0|0|0|0|0|0,0|0|0|0|0|0|0|0,0|0|0|0|0|0|0|0,166|0|0|0|0|0|0|0,0,0,0,10,255,112
1121,10,1,1,0,8,0,0,0,1|1|1|1|1|1|1|1,8|8|8|8|8|8|8|8,-2|-1|0|1|2|1|0|-1,13|14|15|14|13|14|15|14,-4|-2|0|2|4|2|0|-2,0|0|0|0|0|0|0|0,7304|7304|7304|7304|7304|7304|7304|7304,-1,0,0,4,255,112
1122,30,3,3,0,3,0,0,0,2|1|1|0|0|0|0|0,255|255|255|0|0|0|0|0,0|0|0|0|0|0|0|0,12|12|12|0|0|0|0|0,0|-6|5|0|0|0|0|0,0|4|4|0|0|0|0|0,107|108|108|0|0|0|0|0,0,0,0,1,255,112
1123,0,5,8,1,8,0,0,0,1|1|1|1|1|1|1|1,255|255|255|255|255|255|255|255,-22|-22|-22|-22|-22|-22|-22|-22,0|0|0|0|0|0|0|0,0|-12|-24|-36|-48|-60|-72|-84,0|0|0|0|0|0|0|0,198|199|198|199|198|199|198|199,0,0,0,15,255,128
1124,0,5,8,1,8,0,0,0,1|1|1|1|1|1|1|1,255|255|255|255|255|255|255|255,22|22|22|22|22|22|22|22,0|0|0|0|0|0|0|0,0|12|24|36|48|60|72|84,0|0|0|0|0|0|0|0,198|199|198|199|198|199|198|199,0,0,0,15,255,128
1125,10,4,1,0,1,0,0,0,1|0|0|0|0|0|0|0,255|0|0|0|0|0|0|0,0|0|0|0|0|0|0|0,6|0|0|0|0|0|0|0,-8|0|0|0|0|0|0|0,0|0|0|0|0|0|0|0,58|0|0|0|0|0|0|0,0,0,0,1,255,208
1126,10,4,1,0,1,0,0,0,1|0|0|0|0|0|0|0,255|0|0|0|0|0|0|0,0|0|0|0|0|0|0|0,6|0|0|0|0|0|0|0,8|0|0|0|0|0|0|0,0|0|0|0|0|0|0|0,58|0|0|0|0|0|0|0,0,0,0,1,255,208
1127,50,5,5,2,5,0,0,0,3|3|3|3|3|0|0|0,255|255|255|255|255|0|0|0,0|-1|1|-2|2|0|0|0,3|2|2|1|1|0|0|0,0|0|0|0|0|0|0|0,0|0|0|0|0|0|0|0,112|112|112|112|112|0|0|0,0,0,0,6,255,208
1128,30,4,1,7,1,0,0,0,4|0|0|0|0|0|0|0,255|0|0|0|0|0|0|0,0|0|0|0|0|0|0|0,7|0|0|0|0|0|0|0,0|0|0|0|0|0|0|0,0|0|0|0|0|0|0|0,601|0|0|0|0|0|0|0,0,0,3,13,11,128
1129,30,4,1,3,1,0,0,0,1|0|0|0|0|0|0|0,255|0|0|0|0|0|0|0,0|0|0|0|0|0|0|0,0|0|0|0|0|0|0|0,-8|0|0|0|0|0|0|0,0|0|0|0|0|0|0|0,107|0|0|0|0|0|0|0,0,0,5,13,12,128
1130,0,0,1,0,4,0,0,0,1|1|1|1|0|0|0|0,255|255|255|255|0|0|0|0,14|14|14|14|0|0|0|0,0|0|0|0|0|0|0|0,0|0|0|0|0|0|0|0,-5|-5|-5|-5|0|0|0|0,286|287|286|288|0|0|0|0,0,0,0,6,255,208
1131,10,4,1,0,1,0,0,0,2|0|0|0|0|0|0|0,255|0|0|0|0|0|0|0,0|0|0|0|0|0|0|0,6|0|0|0|0|0|0|0,0|0|0|0|0|0|0|0,0|0|0|0|0|0|0|0,61|0|0|0|0|0|0|0,0,0,0,1,255,208
1132,10,4,1,0,1,0,0,0,2|0|0|0|0|0|0|0,255|0|0|0|0|0|0|0,0|0|0|0|0|0|0|0,6|0|0|0|0|0|0|0,0|0|0|0|0|0|0|0,0|0|0|0|0|0|0|0,162|0|0|0|0|0|0|0,0,0,0,1,255,208
1133,10,4,1,1,1,0,0,0,4|0|0|0|0|0|0|0,255|0|0|0|0|0|0|0,0|0|0|0|0|0|0|0,6|0|0|0|0|0|0|0,0|0|0|0|0|0|0|0,0|0|0|0|0|0|0|0,168|0|0|0|0|0|0|0,0,0,0,1,255,208
1134,60,4,3,0,3,0,0,0,2|1|1|0|0|0|0|0,255|255|255|0|0|0|0|0,0|5|-5|0|0|0|0|0,10|8|8|0|0|0|0|0,0|0|0|0|0|0|0|0,0|0|0|0|0|0|0|0,244|227|227|0|0|0|0|0,0,0,0,1,255,208
1135,60,4,3,0,3,0,0,0,2|1|1|0|0|0|0|0,255|255|255|0|0|0|0|0,0|5|-5|0|0|0|0|0,-10|-8|-8|0|0|0|0|0,0|0|0|0|0|0|0|0,0|0|0|0|0|0|0|0,244|227|227|0|0|0|0|0,0,0,0,1,255,208
1136,120,3,2,2,2,0,0,0,6|6|0|0|0|0|0|0,255|255|0|0|0|0|0|0,0|0|0|0|0|0|0|0,6|6|0|0|0|0|0|0,0|0|0|0|0|0|0|0,0|14|0|0|0|0|0|0,117|136|0|0|0|0|0|0,0,0,0,0,255,192
1137,80,3,4,0,8,0,0,0,3|3|1|1|3|3|1|1,255|255|255|255|255|255|255|255,-10|-10|-8|-8|10|10|8|8,0|0|4|-4|0|0|4|-4,0|-12|0|0|0|12|0|0,0|0|0|0|0|0|0|0,244|244|244|244|244|244|244|244,0,0,0,1,255,208
1138,120,4,6,0,6,0,0,0,3|3|2|2|1|1|0|0,255|255|255|255|255|255|0|0,0|0|3|-3|6|-6|0|0,-10|-10|-9|-9|-8|-8|0|0,0|0|0|0|0|0|0|0,0|12|0|0|0|0|0|0,244|244|245|245|244|244|0|0,0,0,0,1,255,208
1139,0,5,8,1,8,0,0,0,1|1|1|1|1|1|1|2,255|255|255|255|255|255|255|255,0|0|0|0|0|0|0|0,8|8|8|8|8|8|8|8,0|0|0|0|0|0|0|0,0|14|28|42|56|70|84|98,192|191|192|191|192|191|192|191,0,0,0,15,255,128
1140,0,5,8,0,8,0,0,0,1|1|1|1|1|1|1|2,255|255|255|255|255|255|255|255,-14|-14|-14|-14|-14|-14|-14|-14,-12|-12|-12|-12|-12|-12|-12|-12,0|-12|-24|-36|-48|-60|-72|-84,0|14|28|42|56|70|84|98,196|197|196|197|196|197|196|197,0,0,0,15,255,128
1141,0,5,8,0,8,0,0,0,1|1|1|1|1|1|1|2,255|255|255|255|255|255|255|255,-14|-14|-14|-14|-14|-14|-14|-14,-12|-12|-12|-12|-12|-12|-12|-12,0|12|24|36|48|60|72|84,0|14|28|42|56|70|84|98,194|195|194|195|194|195|194|195,0,0,0,15,255,128
1142,10,1,1,2,1,0,0,4,1|0|0|0|0|0|0|0,255|0|0|0|0|0|0|0,0|0|0|0|0|0|0|0,0|0|0|0|0|0|0|0,0|0|0|0|0|0|0|0,0|0|0|0|0|0|0|0,226|0|0|0|0|0|0|0,0,0,0,13,255,208
1143,10,0,1,0,2,1,1,7,1|1|0|0|0|0|0|0,8|8|0|0|0|0|0|0,0|0|0|0|0|0|0|0,0|0|0|0|0|0|0|0,-1|1|0|0|0|0|0|0,0|0|0|0|0|0|0|0,21|20|0|0|0|0|0|0,0,0,0,28,255,112
1144,50,0,5,0,5,0,0,0,1|1|1|1|1|0|0|0,255|255|255|255|255|0|0|0,0|-1|1|-2|2|0|0|0,-1|-3|-3|-4|-4|0|0|0,0|0|0|0|0|0|0|0,0|0|0|0|0|0|0|0,304|304|304|304|304|0|0|0,1,0,0,10,255,208
1145,0,0,1,0,4,0,0,0,1|1|1|1|0|0|0|0,255|255|255|255|0|0|0|0,-14|-14|-14|-14|0|0|0|0,0|0|0|0|0|0|0|0,0|0|0|0|0|0|0|0,-14|-14|-14|-14|0|0|0|0,286|287|286|288|0|0|0|0,0,0,0,6,255,208
1146,10,1,1,2,1,0,0,4,2|0|0|0|0|0|0|0,255|0|0|0|0|0|0|0,0|0|0|0|0|0|0|0,0|0|0|0|0|0|0|0,0|0|0|0|0|0|0|0,0|0|0|0|0|0|0|0,112|0|0|0|0|0|0|0,0,0,0,13,255,208
1147,30,7,1,2,1,0,0,0,1|0|0|0|0|0|0|0,1|0|0|0|0|0|0|0,0|0|0|0|0|0|0|0,0|0|0|0|0|0|0|0,0|0|0|0|0|0|0|0,0|0|0|0|0|0|0|0,228|0|0|0|0|0|0|0,0,0,0,0,255,128
1148,40,1,1,2,1,0,0,0,0|0|0|0|0|0|0|0,1|0|0|0|0|0|0|0,0|0|0|0|0|0|0|0,0|0|0|0|0|0|0|0,0|0|0|0|0|0|0|0,0|0|0|0|0|0|0|0,247|0|0|0|0|0|0|0,0,0,0,0,255,128
1149,40,9,1,8,1,0,0,0,4|0|0|0|0|0|0|0,255|0|0|0|0|0|0|0,0|0|0|0|0|0|0|0,3|0|0|0|0|0|0|0,0|0|0|0|0|0|0|0,0|0|0|0|0|0|0|0,191|0|0|0|0|0|0|0,0,0,0,1,255,128
1150,120,9,3,6,3,0,0,0,4|4|4|0|0|0|0|0,255|255|255|0|0|0|0|0,0|1|-1|0|0|0|0|0,3|2|2|0|0|0|0|0,0|0|0|0|0|0|0|0,0|0|0|0|0|0|0|0,191|191|191|0|0|0|0|0,0,0,0,1,255,128
1151,0,5,8,1,8,0,0,0,1|1|1|1|1|1|1|1,255|255|255|255|255|255|255|255,22|22|22|22|22|22|22|22,0|0|0|0|0|0|0|0,0|12|24|36|48|60|72|84,0|0|0|0|0|0|0|0,198|199|198|199|198|199|198|199,0,0,0,0,255,128
1152,0,5,8,1,8,0,0,0,1|1|1|1|1|1|1|1,255|255|255|255|255|255|255|255,-22|-22|-22|-22|-22|-22|-22|-22,0|0|0|0|0|0|0|0,0|-12|-24|-36|-48|-60|-72|-84,0|0|0|0|0|0|0|0,198|199|198|199|198|199|198|199,0,0,0,0,255,128
1153,0,2,2,3,8,2,10,0,6|8|6|6|6|6|6|6,255|255|255|255|255|255|255|255,8|-8|10|-10|10|-10|13|-13,-12|-12|-13|-13|-10|-10|-6|-6,0|0|0|0|0|0|0|0,24|24|24|24|24|24|24|24,214|214|214|214|214|214|214|214,0,0,0,1,255,208
1154,120,3,2,2,2,0,0,0,3|3|0|0|0|0|0|0,255|255|0|0|0|0|0|0,0|0|0|0|0|0|0|0,6|6|0|0|0|0|0|0,0|0|0|0|0|0|0|0,-14|0|0|0|0|0|0|0,117|136|0|0|0|0|0|0,0,0,0,26,255,192
1155,0,3,1,0,1,0,0,0,2|0|0|0|0|0|0|0,255|0|0|0|0|0|0|0,0|0|0|0|0|0|0|0,10|0|0|0|0|0|0|0,0|0|0|0|0|0|0|0,0|0|0|0|0|0|0|0,59|0|0|0|0|0|0|0,0,0,0,25,255,112
1156,0,4,1,0,1,0,0,0,3|0|0|0|0|0|0|0,255|0|0|0|0|0|0|0,0|0|0|0|0|0|0|0,10|0|0|0|0|0|0|0,0|0|0|0|0|0|0|0,0|0|0|0|0|0|0|0,60|0|0|0|0|0|0|0,0,0,0,25,255,112
1157,0,4,1,0,1,0,0,0,4|0|0|0|0|0|0|0,255|0|0|0|0|0|0|0,0|0|0|0|0|0|0|0,10|0|0|0|0|0|0|0,0|0|0|0|0|0|0|0,0|0|0|0|0|0|0|0,165|0|0|0|0|0|0|0,0,0,0,25,255,112
1158,0,4,2,0,2,0,0,0,2|2|0|0|0|0|0|0,255|255|0|0|0|0|0|0,0|0|0|0|0|0|0|0,10|10|0|0|0|0|0|0,-6|6|0|0|0|0|0|0,0|0|0|0|0|0|0|0,59|59|0|0|0|0|0|0,0,0,0,25,255,112
1159,0,5,3,0,3,0,0,0,3|1|1|0|0|0|0|0,255|255|255|0|0|0|0|0,0|0|0|0|0|0|0|0,10|10|10|0|0|0|0|0,0|-8|8|0|0|0|0|0,0|4|4|0|0|0|0|0,60|58|58|0|0|0|0|0,0,0,0,25,255,112
1160,0,5,3,0,3,0,0,0,4|1|1|0|0|0|0|0,255|255|255|0|0|0|0|0,0|0|0|0|0|0|0|0,10|10|10|0|0|0|0|0,0|-9|9|0|0|0|0|0,0|4|4|0|0|0|0|0,165|58|58|0|0|0|0|0,0,0,0,25,255,112
1161,0,5,3,0,3,0,0,0,2|2|2|0|0|0|0|0,255|255|255|0|0|0|0|0,0|0|0|0|0|0|0|0,10|10|10|0|0|0|0|0,0|-10|10|0|0|0|0|0,0|4|4|0|0|0|0|0,59|59|59|0|0|0|0|0,0,0,0,25,255,112
1162,0,5,3,0,3,0,0,0,3|2|2|0|0|0|0|0,255|255|255|0|0|0|0|0,0|0|0|0|0|0|0|0,10|10|10|0|0|0|0|0,0|-10|10|0|0|0|0|0,0|4|4|0|0|0|0|0,60|59|59|0|0|0|0|0,0,0,0,25,255,112
1163,0,5,5,0,5,0,0,0,3|2|2|1|1|0|0|0,255|255|255|255|255|0|0|0,0|0|0|0|0|0|0|0,10|10|10|10|10|0|0|0,0|-10|10|-18|18|0|0|0,0|4|4|8|8|0|0|0,60|59|59|58|58|0|0|0,0,0,0,25,255,112
1164,0,5,5,0,5,0,0,0,3|2|2|2|2|0|0|0,255|255|255|255|255|0|0|0,0|0|0|0|0|0|0|0,10|10|10|10|10|0|0|0,0|-10|10|-20|20|0|0|0,0|4|4|8|8|0|0|0,60|59|59|59|59|0|0|0,0,0,0,25,255,112
1165,0,5,5,0,5,0,0,0,5|2|2|2|2|0|0|0,255|255|255|255|255|0|0|0,0|0|0|0|0|0|0|0,10|10|10|10|10|0|0|0,0|-10|10|-24|24|0|0|0,0|4|4|8|8|0|0|0,62|59|59|59|59|0|0|0,0,0,0,25,255,112
1166,0,3,1,0,1,0,0,0,2|0|0|0|0|0|0|0,255|0|0|0|0|0|0|0,0|0|0|0|0|0|0|0,10|0|0|0|0|0|0|0,0|0|0|0|0|0|0|0,0|0|0|0|0|0|0|0,59|0|0|0|0|0|0|0,0,0,0,25,255,112
1167,0,3,2,0,2,0,0,0,1|1|0|0|0|0|0|0,255|255|0|0|0|0|0|0,-3|3|0|0|0|0|0|0,9|9|0|0|0|0|0|0,-4|4|0|0|0|0|0|0,0|0|0|0|0|0|0|0,201|202|0|0|0|0|0|0,0,0,0,25,255,112
1168,0,4,3,0,3,0,0,0,1|1|1|0|0|0|0|0,255|255|255|0|0|0|0|0,-3|3|0|0|0|0|0|0,9|9|10|0|0|0|0|0,-4|4|0|0|0|0|0|0,0|0|0|0|0|0|0|0,201|202|58|0|0|0|0|0,0,0,0,25,255,112
1169,0,4,3,0,3,0,0,0,1|1|2|0|0|0|0|0,255|255|255|0|0|0|0|0,-7|7|0|0|0|0|0|0,7|7|10|0|0|0|0|0,-5|5|0|0|0|0|0|0,0|0|0|0|0|0|0|0,163|164|59|0|0|0|0|0,0,0,0,25,255,112
1170,0,5,5,0,5,0,0,0,1|1|1|1|1|0|0|0,255|255|255|255|255|0|0|0,-7|7|0|-3|3|0|0|0,7|7|10|9|9|0|0|0,-5|5|0|-4|4|0|0|0,0|0|0|0|0|0|0|0,163|164|58|201|202|0|0|0,0,0,0,25,255,112
1171,0,5,5,0,5,0,0,0,1|1|2|1|1|0|0|0,255|255|255|255|255|0|0|0,-7|7|0|-3|3|0|0|0,7|7|10|9|9|0|0|0,-5|5|0|-4|4|0|0|0,0|0|0|0|0|0|0|0,163|164|59|201|202|0|0|0,0,0,0,25,255,112
1172,0,5,3,0,3,0,0,0,3|3|1|0|0|0|0|0,255|255|255|0|0|0|0|0,-7|7|0|0|0|0|0|0,7|7|10|0|0|0|0|0,-5|5|0|0|0|0|0|0,0|0|0|0|0|0|0|0,121|122|58|0|0|0|0|0,0,0,0,25,255,112
1173,0,5,3,0,3,0,0,0,3|3|2|0|0|0|0|0,255|255|255|0|0|0|0|0,-7|7|0|0|0|0|0|0,7|7|10|0|0|0|0|0,-5|5|0|0|0|0|0|0,0|0|0|0|0|0|0|0,121|122|59|0|0|0|0|0,0,0,0,25,255,112
1174,0,5,5,0,5,0,0,0,3|3|1|1|1|0|0|0,255|255|255|255|255|0|0|0,-7|7|0|-3|3|0|0|0,7|7|10|9|9|0|0|0,-5|5|0|-4|4|0|0|0,0|0|0|0|0|0|0|0,121|122|58|201|202|0|0|0,0,0,0,25,255,112
1175,0,5,5,0,5,0,0,0,3|3|2|1|1|0|0|0,255|255|255|255|255|0|0|0,-7|7|0|-3|3|0|0|0,7|7|10|9|9|0|0|0,-5|5|0|-4|4|0|0|0,0|0|0|0|0|0|0|0,121|122|59|201|202|0|0|0,0,0,0,25,255,112
1176,0,5,5,0,5,0,0,0,3|3|2|2|2|0|0|0,255|255|255|255|255|0|0|0,-7|7|0|-3|3|0|0|0,7|7|10|9|9|0|0|0,-5|5|0|-4|4|0|0|0,0|0|0|0|0|0|0|0,121|122|59|279|280|0|0|0,0,0,0,25,255,112
1177,0,8,1,0,1,0,0,0,251|0|0|0|0|0|0|0,255|0|0|0|0|0|0|0,0|0|0|0|0|0|0|0,2|0|0|0|0|0|0|0,0|0|0|0|0|0|0|0,0|0|0|0|0|0|0|0,65|0|0|0|0|0|0|0,1,0,0,10,255,208
1178,0,8,2,0,2,0,0,0,251|251|0|0|0|0|0|0,255|255|0|0|0|0|0|0,-1|1|0|0|0|0|0|0,2|2|0|0|0|0|0|0,2|2|0|0|0|0|0|0,0|0|0|0|0|0|0|0,65|65|0|0|0|0|0|0,1,0,0,10,255,208
1179,0,8,1,0,1,0,0,0,252|0|0|0|0|0|0|0,255|0|0|0|0|0|0|0,0|0|0|0|0|0|0|0,4|0|0|0|0|0|0|0,0|0|0|0|0|0|0|0,0|0|0|0|0|0|0|0,64|0|0|0|0|0|0|0,1,0,0,10,255,208
1180,0,8,3,0,3,0,0,0,251|251|251|0|0|0|0|0,255|255|255|0|0|0|0|0,-2|2|0|0|0|0|0|0,2|2|2|0|0|0|0|0,-10|10|0|0|0|0|0|0,0|0|0|0|0|0|0|0,65|65|65|0|0|0|0|0,1,0,0,10,255,208
1181,0,8,2,0,2,0,0,0,252|252|0|0|0|0|0|0,255|255|0|0|0|0|0|0,-1|1|0|0|0|0|0|0,2|2|0|0|0|0|0|0,-7|7|0|0|0|0|0|0,9|9|0|0|0|0|0|0,75|75|0|0|0|0|0|0,1,0,0,10,255,208
1182,0,8,4,0,4,0,0,0,251|251|250|250|0|0|0|0,255|255|255|255|0|0|0|0,0|0|0|0|0|0|0|0,3|3|3|3|0|0|0|0,-6|6|-6|6|0|0|0|0,-7|-7|7|7|0|0|0|0,598|599|617|618|0|0|0|0,1,0,0,10,255,208
1183,0,8,6,0,6,0,0,0,251|251|250|250|251|251|0|0,255|255|255|255|255|255|0|0,0|0|0|0|-1|1|0|0,3|3|3|3|2|2|0|0,-6|6|-6|6|-14|14|0|0,-7|-7|7|7|0|0|0|0,598|599|617|618|65|65|0|0,1,0,0,10,255,208
1184,0,8,8,0,8,0,0,0,251|251|250|250|251|251|250|250,255|255|255|255|255|255|255|255,0|0|0|0|0|0|0|0,3|3|3|3|3|3|3|3,-18|-6|-18|-6|6|18|6|18,-7|-7|7|7|-7|-7|7|7,598|599|617|618|598|599|617|618,1,0,0,10,255,208
1185,0,8,4,0,4,0,0,0,251|251|251|251|0|0|0|0,255|255|255|255|0|0|0|0,0|0|0|0|0|0|0|0,3|3|3|3|0|0|0|0,-6|6|-6|6|0|0|0|0,-7|-7|7|7|0|0|0|0,596|597|615|616|0|0|0|0,1,0,0,10,255,208
1186,0,8,6,0,6,0,0,0,251|251|251|251|251|251|0|0,255|255|255|255|255|255|0|0,0|0|0|0|-1|1|0|0,3|3|3|3|2|2|0|0,-6|6|-6|6|-14|14|0|0,-7|-7|7|7|0|0|0|0,596|597|615|616|65|65|0|0,1,0,0,10,255,208
1187,0,8,8,0,8,0,0,0,251|251|251|251|251|251|251|251,255|255|255|255|255|255|255|255,0|0|0|0|0|0|0|0,3|3|3|3|3|3|3|3,-18|-6|-18|-6|6|18|6|18,-7|-7|7|7|-7|-7|7|7,596|597|615|616|596|597|615|616,1,0,0,10,255,208
1188,0,0,1,0,3,0,0,0,1|0|0|0|0|0|0|0,255|255|255|0|0|0|0|0,101|101|101|0|0|0|0|0,14|14|14|0|0|0|0|0,0|0|0|0|0|0|0|0,4|4|4|0|0|0|0|0,289|293|293|0|0|0|0|0,0,0,0,6,255,112
1189,0,0,1,0,3,0,0,0,1|1|0|0|0|0|0|0,255|255|255|0|0|0|0|0,101|101|101|0|0|0|0|0,14|14|14|0|0|0|0|0,0|0|0|0|0|0|0|0,4|4|4|0|0|0|0|0,289|289|293|0|0|0|0|0,0,0,0,6,255,112
1190,0,0,1,0,1,0,0,0,1|0|0|0|0|0|0|0,255|0|0|0|0|0|0|0,101|0|0|0|0|0|0|0,14|0|0|0|0|0|0|0,0|0|0|0|0|0|0|0,4|0|0|0|0|0|0|0,286|0|0|0|0|0|0|0,0,0,0,6,255,112
1191,0,0,1,0,4,0,0,0,1|2|1|0|0|0|0|0,255|255|255|255|0|0|0|0,101|101|101|101|0|0|0|0,14|14|14|14|0|0|0|0,0|0|0|0|0|0|0|0,4|4|4|4|0|0|0|0,286|287|286|288|0|0|0|0,0,0,0,6,255,112
1192,0,0,1,0,2,0,0,0,1|2|0|0|0|0|0|0,255|255|0|0|0|0|0|0,101|101|0|0|0|0|0|0,14|14|0|0|0|0|0|0,0|0|0|0|0|0|0|0,4|4|0|0|0|0|0|0,286|287|0|0|0|0|0|0,0,0,0,6,255,112
1193,0,0,2,0,8,0,0,0,2|2|1|1|0|0|1|1,255|255|255|255|255|255|255|255,101|101|101|101|101|101|101|101,14|14|14|14|14|14|14|14,-6|6|-6|6|-6|6|-6|6,4|4|4|4|4|4|4|4,287|287|286|286|288|288|286|286,0,0,0,6,255,112
1194,0,0,1,0,4,0,0,0,2|4|2|0|0|0|0|0,255|255|255|255|0|0|0|0,101|101|101|101|0|0|0|0,14|14|14|14|0|0|0|0,0|0|0|0|0|0|0|0,4|4|4|4|0|0|0|0,290|291|290|292|0|0|0|0,0,0,0,6,255,112
1195,0,0,3,0,6,0,0,0,1|1|1|2|0|0|0|0,255|255|255|255|255|255|0|0,101|101|101|101|101|101|0|0,14|14|14|14|14|14|0|0,0|-10|10|0|-10|10|0|0,4|4|4|4|4|4|0|0,286|289|289|287|293|293|0|0,0,0,0,6,255,112
1196,0,0,3,0,6,0,0,0,0|2|2|1|1|1|0|0,255|255|255|255|255|255|0|0,101|101|101|101|101|101|0|0,14|14|14|14|14|14|0|0,0|-10|10|0|-10|10|0|0,4|4|4|4|4|4|0|0,293|287|287|289|286|286|0|0,0,0,0,6,255,112
1197,0,0,3,0,6,0,0,0,2|1|1|4|0|0|0|0,255|255|255|255|255|255|0|0,101|101|101|101|101|101|0|0,14|14|14|14|14|14|0|0,0|-10|10|0|-10|10|0|0,4|4|4|4|4|4|0|0,290|289|289|291|293|293|0|0,0,0,0,6,255,112
1198,0,0,3,0,6,0,0,0,2|2|2|4|1|1|0|0,255|255|255|255|255|255|0|0,101|101|101|101|101|101|0|0,14|14|14|14|14|14|0|0,0|-10|10|0|-10|10|0|0,4|4|4|4|4|4|0|0,290|287|287|291|286|286|0|0,0,0,0,6,255,112
1199,0,9,3,0,3,0,0,0,4|2|1|0|0|0|0|0,255|255|255|0|0|0|0|0,120|120|120|0|0|0|0|0,8|8|8|0|0|0|0|0,0|0|0|0|0|0|0|0,-14|0|14|0|0|0|0|0,97|116|135|0|0|0|0|0,1,0,0,14,255,160
1200,0,8,4,0,4,0,0,0,4|2|2|1|0|0|0|0,255|255|255|255|0|0|0|0,120|120|120|120|0|0|0|0,9|9|8|8|0|0|0|0,0|0|0|0|0|0|0|0,-14|0|0|14|0|0|0|0,97|116|116|135|0|0|0|0,1,0,0,14,255,160
1201,0,8,5,0,5,0,0,0,4|2|2|2|1|0|0|0,255|255|255|255|255|0|0|0,120|120|120|120|120|0|0|0,9|9|8|7|7|0|0|0,0|0|0|0|0|0|0|0,-14|0|0|0|14|0|0|0,97|116|116|116|135|0|0|0,1,0,0,14,255,160
1202,0,7,6,0,6,0,0,0,4|2|2|2|2|1|0|0,255|255|255|255|255|255|0|0,120|120|120|120|120|120|0|0,9|9|8|7|6|6|0|0,0|0|0|0|0|0|0|0,-14|0|0|0|0|14|0|0,97|116|116|116|116|135|0|0,1,0,0,14,255,160
1203,0,7,8,0,8,0,0,0,4|2|2|2|2|2|2|1,255|255|255|255|255|255|255|255,120|120|120|120|120|120|120|120,9|9|8|7|6|5|4|4,0|0|0|0|0|0|0|0,-14|0|0|0|0|0|0|14,97|116|116|116|116|116|116|135,1,0,0,14,255,160
1204,0,7,8,0,8,0,0,0,4|2|2|1|4|2|2|1,255|255|255|255|255|255|255|255,-1|-1|-1|-1|1|1|1|1,14|14|13|13|14|14|13|13,0|0|0|0|0|0|0|0,-14|0|0|14|-14|0|0|14,97|116|116|135|97|116|116|135,1,0,0,14,255,160
1205,0,7,8,0,8,0,0,0,4|2|1|4|2|1|4|2,255|255|255|255|255|255|255|255,-3|-3|-3|3|3|3|0|0,14|14|14|14|14|14|14|14,0|0|0|0|0|0|0|0,-14|0|14|-14|0|14|-18|-4,97|116|135|97|116|135|97|135,1,0,0,14,255,160
1206,0,6,8,0,8,0,0,0,4|2|1|4|2|1|12|4,255|255|255|255|255|255|255|255,-3|-3|-3|3|3|3|0|0,14|14|14|14|14|14|14|14,0|0|0|0|0|0|0|0,-14|0|14|-14|0|14|-18|-4,97|116|135|97|116|135|101|139,1,0,0,14,255,160
1207,0,6,8,0,8,0,0,0,4|2|4|2|12|4|4|2,255|255|255|255|255|255|255|255,-3|-3|3|3|0|0|0|0,14|14|14|14|14|14|13|13,0|0|0|0|0|0|0|0,0|14|0|14|-18|-4|-4|10,97|135|101|139|101|120|120|139,1,0,0,14,255,160
1208,0,7,8,0,8,0,0,0,12|4|4|4|4|4|4|2,255|255|255|255|255|255|255|255,120|120|120|120|120|120|120|120,9|9|8|7|6|5|4|4,0|0|0|0|0|0|0|0,-14|0|0|0|0|0|0|14,101|120|120|120|120|120|120|139,1,0,0,14,255,160
1209,0,7,8,0,8,0,0,0,12|4|4|2|12|4|4|2,255|255|255|255|255|255|255|255,-1|-1|-1|-1|1|1|1|1,14|14|13|13|14|14|13|13,0|0|0|0|0|0|0|0,-14|0|0|14|-14|0|0|14,101|120|120|139|101|120|120|139,1,0,0,14,255,160
1210,0,4,1,0,1,0,0,0,3|0|0|0|0|0|0|0,255|0|0|0|0|0|0|0,0|0|0|0|0|0|0|0,10|0|0|0|0|0|0|0,0|0|0|0|0|0|0|0,0|0|0|0|0|0|0|0,227|0|0|0|0|0|0|0,1,0,0,5,255,208
1211,0,5,1,0,1,0,0,0,5|0|0|0|0|0|0|0,255|0|0|0|0|0|0|0,0|0|0|0|0|0|0|0,11|0|0|0|0|0|0|0,0|0|0|0|0|0|0|0,0|0|0|0|0|0|0|0,214|0|0|0|0|0|0|0,1,0,0,5,255,208
1212,0,4,1,0,1,0,0,0,3|0|0|0|0|0|0|0,98|0|0|0|0|0|0|0,0|0|0|0|0|0|0|0,10|0|0|0|0|0|0|0,0|0|0|0|0|0|0|0,0|0|0|0|0|0|0|0,227|0|0|0|0|0|0|0,1,0,0,5,255,208
1213,0,4,1,0,1,0,0,0,5|0|0|0|0|0|0|0,98|0|0|0|0|0|0|0,0|0|0|0|0|0|0|0,11|0|0|0|0|0|0|0,0|0|0|0|0|0|0|0,0|0|0|0|0|0|0|0,214|0|0|0|0|0|0|0,1,0,0,5,255,208
1214,0,5,2,0,2,0,0,0,3|3|0|0|0|0|0|0,98|98|0|0|0|0|0|0,0|0|0|0|0|0|0|0,10|10|0|0|0|0|0|0,-6|6|0|0|0|0|0|0,0|0|0|0|0|0|0|0,227|227|0|0|0|0|0|0,1,0,0,5,255,208
1215,0,4,2,0,2,0,0,0,5|3|0|0|0|0|0|0,98|98|0|0|0|0|0|0,0|0|0|0|0|0|0|0,11|10|0|0|0|0|0|0,-2|-2|0|0|0|0|0|0,0|0|0|0|0|0|0|0,214|227|0|0|0|0|0|0,1,0,4,5,255,208
1216,0,4,2,0,2,0,0,0,5|5|0|0|0|0|0|0,98|98|0|0|0|0|0|0,0|0|0|0|0|0|0|0,11|9|0|0|0|0|0|0,-2|-2|0|0|0|0|0|0,0|0|0|0|0|0|0|0,214|214|0|0|0|0|0|0,1,0,4,5,255,208
1217,0,4,3,0,3,0,0,0,5|5|3|0|0|0|0|0,98|98|98|0|0|0|0|0,0|0|0|0|0|0|0|0,9|7|5|0|0|0|0|0,-2|-2|-2|0|0|0|0|0,0|0|0|0|0|0|0|0,214|214|227|0|0|0|0|0,1,0,5,5,255,208
1218,0,4,4,0,4,0,0,0,5|3|3|3|0|0|0|0,98|98|98|98|0|0|0|0,0|0|-4|4|0|0|0|0,8|6|8|8|0|0|0|0,-2|-2|-2|-2|0|0|0|0,0|0|0|0|0|0|0|0,214|227|227|227|0|0|0|0,1,0,4,5,255,208
1219,0,4,4,0,4,0,0,0,5|3|5|5|0|0|0|0,98|98|98|98|0|0|0|0,0|0|-4|4|0|0|0|0,8|6|8|8|0|0|0|0,-2|-2|-2|-2|0|0|0|0,0|0|0|0|0|0|0|0,214|227|214|214|0|0|0|0,1,0,1,5,255,208
1220,0,4,4,0,4,0,0,0,5|3|5|5|0|0|0|0,98|98|98|98|0|0|0|0,0|0|-4|4|0|0|0|0,1|-1|0|0|0|0|0|0,-2|-2|-2|-2|0|0|0|0,0|0|0|0|0|0|0|0,214|227|214|214|0|0|0|0,1,0,4,5,255,208
1221,0,1,1,0,2,0,0,0,1|1|0|0|0|0|0|0,98|98|0|0|0|0|0|0,0|0|0|0|0|0|0|0,20|20|0|0|0|0|0|0,-4|4|0|0|0|0|0|0,0|0|0|0|0|0|0|0,67|67|0|0|0|0|0|0,-1,0,0,20,255,112
1222,0,1,1,0,4,0,0,0,1|1|1|1|0|0|0|0,98|98|98|98|0|0|0|0,-1|0|1|0|0|0|0|0,20|20|20|20|0|0|0|0,-6|0|6|0|0|0|0|0,0|0|0|0|0|0|0|0,67|67|67|67|0|0|0|0,-1,0,0,20,255,112
1223,0,1,1,0,4,0,0,0,1|1|1|1|0|0|0|0,98|98|98|98|0|0|0|0,-2|0|2|0|0|0|0|0,20|20|20|20|0|0|0|0,-6|0|6|0|0|0|0|0,0|0|0|0|0|0|0|0,67|67|67|67|0|0|0|0,-1,0,0,20,255,112
1224,0,1,1,0,6,0,0,0,1|1|1|1|1|1|0|0,98|98|98|98|98|98|0|0,-1|0|0|1|0|0|0|0,20|20|20|20|20|20|0|0,-6|-2|2|6|2|-2|0|0,0|0|0|0|0|0|0|0,67|67|67|67|67|67|0|0,-1,0,0,20,255,112
1225,0,1,1,0,8,0,0,0,1|1|1|1|1|1|1|1,98|98|98|98|98|98|98|98,-2|-1|0|1|2|1|0|-1,20|20|20|20|20|20|20|20,-8|-4|0|4|8|4|0|-4,0|0|0|0|0|0|0|0,67|67|67|67|67|67|67|67,-1,0,0,20,255,112
1226,0,1,1,0,8,0,0,0,1|1|1|1|1|1|1|1,98|98|98|98|98|98|98|98,-2|-1|0|1|2|1|0|-1,20|20|20|20|20|20|20|20,-8|-4|0|4|8|4|0|-4,0|0|0|0|0|0|0|0,67|67|67|67|67|67|67|67,-1,0,0,20,255,112
1227,0,2,1,0,4,0,0,0,2|2|2|2|0|0|0|0,98|98|98|98|0|0|0|0,-1|0|1|0|0|0|0|0,20|20|20|20|0|0|0|0,-6|0|6|0|0|0|0|0,0|0|0|0|0|0|0|0,70|70|70|70|0|0|0|0,-1,0,0,20,255,112
1228,0,2,1,0,6,0,0,0,2|2|2|2|2|2|0|0,98|98|98|98|98|98|0|0,-1|0|0|1|0|0|0|0,20|20|20|20|20|20|0|0,-6|-2|2|6|2|-2|0|0,0|0|0|0|0|0|0|0,70|70|70|70|70|70|0|0,-1,0,0,20,255,112
1229,0,2,1,0,8,0,0,0,2|2|2|2|2|2|2|2,98|98|98|98|98|98|98|98,-2|-1|0|1|2|1|0|-1,20|20|20|20|20|20|20|20,-8|-4|0|4|8|4|0|-4,0|0|0|0|0|0|0|0,70|70|70|70|70|70|70|70,-1,0,0,20,255,112
1230,0,1,1,0,8,0,0,0,2|2|2|2|2|2|2|2,98|98|98|98|98|98|98|98,-2|-1|0|1|2|1|0|-1,20|20|20|20|20|20|20|20,-8|-4|0|4|8|4|0|-4,0|0|0|0|0|0|0|0,70|70|70|70|70|70|70|70,-1,0,0,20,255,112
1231,0,0,1,0,8,0,0,0,2|2|2|2|2|2|2|2,98|98|98|98|98|98|98|98,-2|-1|0|1|2|1|0|-1,20|20|20|20|20|20|20|20,-8|-4|0|4|8|4|0|-4,0|0|0|0|0|0|0|0,70|70|70|70|70|70|70|70,-1,0,0,20,255,112
1232,0,5,3,2,3,0,0,0,1|1|1|0|0|0|0|0,255|255|255|0|0|0|0|0,0|0|0|0|0|0|0|0,22|22|22|0|0|0|0|0,0|0|0|0|0|0|0|0,-22|-8|6|0|0|0|0|0,191|191|191|0|0|0|0|0,0,0,0,15,255,128
1233,0,5,4,2,4,0,0,0,1|1|1|1|0|0|0|0,255|255|255|255|0|0|0|0,0|0|0|0|0|0|0|0,22|22|22|22|0|0|0|0,0|0|0|0|0|0|0|0,-22|-8|6|20|0|0|0|0,191|191|191|191|0|0|0|0,0,0,0,15,255,128
1234,0,5,6,2,6,0,0,0,1|1|1|1|1|2|0|0,255|255|255|255|255|255|0|0,0|0|0|0|0|0|0|0,22|22|22|22|22|-12|0|0,0|0|0|0|0|0|0|0,-22|-8|6|20|34|0|0|0,191|191|191|191|191|191|0|0,0,0,0,15,255,128
1235,0,5,7,2,7,0,0,0,1|1|1|1|1|2|2|0,255|255|255|255|255|255|255|0,0|0|0|0|0|0|0|0,22|22|22|22|22|-12|-12|0,0|0|0|0|0|0|0|0,-22|-8|6|20|34|0|-14|0,191|191|191|191|191|191|191|0,0,0,0,15,255,128
1236,0,5,6,2,6,0,0,0,1|1|1|1|2|2|0|0,255|255|255|255|101|101|0|0,0|0|0|0|-10|10|0|0,22|22|22|22|10|10|0|0,0|0|0|0|0|0|0|0,-22|-8|6|20|0|0|0|0,191|191|191|191|194|196|0|0,0,0,0,15,255,128
1237,0,5,8,2,8,0,0,0,1|1|1|1|2|2|2|2,255|255|255|255|101|101|101|101,0|0|0|0|-10|10|-10|10,22|22|22|22|10|10|10|10,0|0|0|0|0|0|12|-12,-22|-8|6|20|0|0|14|14,191|191|191|191|194|196|194|196,0,0,0,15,255,128
1238,0,5,6,2,6,0,0,0,3|1|1|1|2|2|0|0,103|103|103|103|101|101|0|0,0|0|0|0|-10|10|0|0,22|22|22|22|10|10|0|0,0|0|0|0|0|0|0|0,-22|-8|6|20|0|0|0|0,210|229|248|267|194|196|0|0,0,0,0,15,255,128
1239,0,5,8,2,8,0,0,0,3|1|1|1|2|2|2|2,103|103|103|103|101|101|101|101,0|0|0|0|-10|10|-10|10,22|22|22|22|10|10|10|10,0|0|0|0|0|0|12|-12,-22|-8|6|20|0|0|14|14,210|229|248|267|194|196|194|196,0,0,0,15,255,128
1240,0,5,8,2,8,0,0,0,3|1|1|1|2|2|2|2,103|103|103|103|101|101|101|101,0|0|0|0|-7|7|-7|7,22|22|22|22|10|10|10|10,0|0|0|0|0|0|12|-12,-22|-8|6|20|0|0|14|14,210|229|248|267|194|196|194|196,0,0,0,15,255,128
1241,0,2,4,2,8,0,0,0,3|1|1|1|3|1|1|1,103|103|103|103|103|103|103|103,0|0|0|0|0|0|0|0,22|22|22|22|22|22|22|22,-8|-8|-8|-8|8|8|8|8,-22|-8|6|20|-22|-8|6|20,210|229|248|267|210|229|248|267,0,0,0,15,255,128
1242,0,1,8,2,8,0,0,0,1|1|1|1|1|1|1|1,103|103|103|103|103|103|103|103,0|0|0|0|0|0|0|0,22|22|22|22|22|22|22|22,-8|-8|-8|-8|8|8|8|8,-22|-8|6|20|-22|-8|6|20,210|229|248|267|210|229|248|267,0,0,0,15,255,128
1243,0,2,1,9,6,0,0,0,2|2|2|2|2|2|0|0,10|10|10|10|10|10|0|0,-10|10|-10|10|-12|12|0|0,4|-4|-4|4|0|0|0|0,0|0|0|0|0|0|0|0,0|0|0|0|0|0|0|0,172|172|172|172|172|172|0|0,0,0,0,0,255,112
1244,0,2,1,9,8,0,0,0,2|2|2|2|2|2|2|2,10|10|10|10|10|10|10|10,-9|9|-9|9|-10|10|-10|10,6|-6|-6|6|-3|3|3|-3,0|0|0|0|0|0|0|0,0|0|0|0|0|0|0|0,172|172|172|172|172|172|172|172,0,0,0,0,255,112
1245,0,1,1,9,6,0,0,0,2|2|2|2|2|2|0|0,10|10|10|10|10|10|0|0,-10|10|-10|10|-12|12|0|0,4|-4|-4|4|0|0|0|0,0|0|0|0|0|0|0|0,0|0|0|0|0|0|0|0,172|172|172|172|172|172|0|0,0,0,0,0,255,112
1246,0,1,1,9,8,0,0,0,2|2|2|2|2|2|2|2,10|10|10|10|10|10|10|10,-9|9|-9|9|-10|10|-10|10,6|-6|-6|6|-3|3|3|-3,0|0|0|0|0|0|0|0,0|0|0|0|0|0|0|0,172|172|172|172|172|172|172|172,0,0,0,0,255,112
1247,0,2,2,9,6,0,0,0,2|2|2|2|2|2|0|0,10|10|10|10|10|10|0|0,-10|10|-10|10|-12|12|0|0,4|-4|-4|4|0|0|0|0,0|0|0|0|0|0|0|0,0|0|0|0|0|0|0|0,172|172|172|172|172|172|0|0,0,0,0,0,255,112
1248,0,2,2,9,8,0,0,0,2|2|2|2|2|2|2|2,10|10|10|10|10|10|10|10,-9|9|-9|9|-10|10|-10|10,6|-6|-6|6|-3|3|3|-3,0|0|0|0|0|0|0|0,0|0|0|0|0|0|0|0,172|172|172|172|172|172|172|172,0,0,0,0,255,112
1249,0,1,2,9,6,0,0,0,2|2|2|2|2|2|0|0,10|10|10|10|10|10|0|0,-10|10|-10|10|-12|12|0|0,4|-4|-4|4|0|0|0|0,0|0|0|0|0|0|0|0,0|0|0|0|0|0|0|0,172|172|172|172|172|172|0|0,0,0,0,0,255,112
1250,0,1,2,9,8,0,0,0,2|2|2|2|2|2|2|2,10|10|10|10|10|10|10|10,-9|9|-9|9|-10|10|-10|10,6|-6|-6|6|-3|3|3|-3,0|0|0|0|0|0|0|0,0|0|0|0|0|0|0|0,172|172|172|172|172|172|172|172,0,0,0,0,255,112
1251,0,2,4,9,8,0,0,0,2|2|2|2|2|2|2|2,10|10|10|10|10|10|10|10,-9|9|-9|9|-10|10|-10|10,6|-6|-6|6|-3|3|3|-3,0|0|0|0|0|0|0|0,0|0|0|0|0|0|0|0,172|172|172|172|172|172|172|172,0,0,0,0,255,112
1252,0,3,6,9,6,0,0,0,2|2|2|2|2|2|0|0,10|10|10|10|10|10|0|0,-10|10|-10|10|-12|12|0|0,4|-4|-4|4|0|0|0|0,0|0|0|0|0|0|0|0,0|0|0|0|0|0|0|0,172|172|172|172|172|172|0|0,0,0,0,0,255,112
1253,0,2,8,9,8,0,0,0,2|2|2|2|2|2|2|2,10|10|10|10|10|10|10|10,-9|9|-9|9|-10|10|-10|10,6|-6|-6|6|-3|3|3|-3,0|0|0|0|0|0|0|0,0|0|0|0|0|0|0|0,172|172|172|172|172|172|172|172,0,0,0,0,255,112
1254,0,4,1,0,2,0,0,0,1|1|0|0|0|0|0|0,255|255|0|0|0|0|0|0,-10|10|0|0|0|0|0|0,0|0|0|0|0|0|0|0,0|0|0|0|0|0|0|0,0|0|0|0|0|0|0|0,39|1|0|0|0|0|0|0,0,0,0,25,255,112
1255,0,6,2,0,2,0,0,0,1|1|0|0|0|0|0|0,255|255|0|0|0|0|0|0,-10|10|0|0|0|0|0|0,0|0|0|0|0|0|0|0,0|0|0|0|0|0|0|0,0|0|0|0|0|0|0|0,39|1|0|0|0|0|0|0,0,0,0,25,255,112
1256,0,6,2,0,2,0,0,0,2|2|0|0|0|0|0|0,255|255|0|0|0|0|0|0,-10|10|0|0|0|0|0|0,0|0|0|0|0|0|0|0,0|0|0|0|0|0|0|0,0|0|0|0|0|0|0|0,40|2|0|0|0|0|0|0,0,0,0,25,255,112
1257,0,6,5,0,5,0,0,0,1|1|1|1|1|0|0|0,255|255|255|255|255|0|0|0,-9|9|9|-9|0|0|0|0,2|2|-2|-2|-10|0|0|0,-2|2|2|-2|0|0|0|0,0|0|0|0|0|0|0|0,281|282|301|300|77|0|0|0,0,0,0,25,255,112
1258,0,6,2,0,2,0,0,0,3|3|0|0|0|0|0|0,255|255|0|0|0|0|0|0,-10|10|0|0|0|0|0|0,0|0|0|0|0|0|0|0,0|0|0|0|0|0|0|0,0|0|0|0|0|0|0|0,41|3|0|0|0|0|0|0,0,0,0,25,255,112
1259,0,6,3,0,3,0,0,0,3|3|1|0|0|0|0|0,255|255|255|0|0|0|0|0,-10|10|0|0|0|0|0|0,0|0|-10|0|0|0|0|0,0|0|0|0|0|0|0|0,0|0|0|0|0|0|0|0,41|3|77|0|0|0|0|0,0,0,0,25,255,112
1260,0,6,4,0,4,0,0,0,2|2|2|2|0|0|0|0,255|255|255|255|0|0|0|0,-9|9|9|-9|0|0|0|0,2|2|-2|-2|0|0|0|0,-2|2|2|-2|0|0|0|0,0|0|0|0|0|0|0|0,277|278|297|296|0|0|0|0,0,0,0,25,255,112
1261,0,6,6,0,6,0,0,0,2|2|2|2|1|1|0|0,255|255|255|255|255|255|0|0,-9|9|9|-9|-10|10|0|0,2|2|-2|-2|0|0|0|0,-2|2|2|-2|0|0|0|0,0|0|0|0|0|0|0|0,277|278|297|296|39|1|0|0,0,0,0,25,255,112
1262,0,6,6,0,6,0,0,0,2|2|2|2|3|3|0|0,255|255|255|255|255|255|0|0,-9|9|9|-9|-10|10|0|0,2|2|-2|-2|0|0|0|0,-2|2|2|-2|0|0|0|0,0|0|0|0|0|0|0|0,277|278|297|296|41|3|0|0,0,0,0,25,255,112
1263,0,6,6,0,6,0,0,0,2|2|2|2|4|4|0|0,255|255|255|255|255|255|0|0,-9|9|9|-9|-10|10|0|0,2|2|-2|-2|0|0|0|0,-2|2|2|-2|0|0|0|0,0|0|0|0|0|0|0|0,277|278|297|296|203|222|0|0,0,0,0,25,255,112
1264,0,6,6,0,6,0,0,0,2|2|2|2|5|5|0|0,255|255|255|255|255|255|0|0,-9|9|9|-9|-10|10|0|0,2|2|-2|-2|0|0|0|0,-2|2|2|-2|0|0|0|0,0|0|0|0|0|0|0|0,277|278|297|296|43|5|0|0,0,0,0,25,255,112
1265,0,3,1,0,4,0,0,0,1|1|1|1|0|0|0|0,255|255|255|255|0|0|0|0,-9|9|9|-9|0|0|0|0,2|2|-2|-2|0|0|0|0,-2|2|2|-2|0|0|0|0,0|0|0|0|0|0|0|0,281|282|301|300|0|0|0|0,0,0,0,25,255,112
1266,0,4,2,0,4,0,0,0,1|1|1|1|0|0|0|0,255|255|255|255|0|0|0|0,-9|9|9|-9|0|0|0|0,2|2|-2|-2|0|0|0|0,-2|2|2|-2|0|0|0|0,0|0|0|0|0|0|0|0,281|282|301|300|0|0|0|0,0,0,0,25,255,112
1267,0,6,4,0,4,0,0,0,1|1|1|1|0|0|0|0,255|255|255|255|0|0|0|0,-9|9|9|-9|0|0|0|0,2|2|-2|-2|0|0|0|0,-2|2|2|-2|0|0|0|0,0|0|0|0|0|0|0|0,281|282|301|300|0|0|0|0,0,0,0,25,255,112
1268,0,6,5,0,5,0,0,0,1|1|1|1|1|0|0|0,255|255|255|255|255|0|0|0,-6|6|6|-6|0|0|0|0,6|6|-6|-6|-10|0|0|0,-4|4|4|-4|0|0|0|0,0|0|0|0|0|0|0|0,163|164|183|182|77|0|0|0,0,0,0,25,255,112
1269,0,6,4,0,4,0,0,0,2|2|1|1|0|0|0|0,255|255|255|255|0|0|0|0,-9|9|6|-6|0|0|0|0,2|2|-6|-6|0|0|0|0,-2|2|4|-4|0|0|0|0,0|0|0|0|0|0|0|0,277|278|183|182|0|0|0|0,0,0,0,25,255,112
1270,0,6,5,0,5,0,0,0,2|2|1|1|1|0|0|0,255|255|255|255|255|0|0|0,-9|9|6|-6|0|0|0|0,2|2|-6|-6|-10|0|0|0,-2|2|4|-4|0|0|0|0,0|0|0|0|0|0|0|0,277|278|183|182|77|0|0|0,0,0,0,25,255,112
1271,0,6,5,0,5,0,0,0,2|2|2|2|1|0|0|0,255|255|255|255|255|0|0|0,-9|9|6|-6|0|0|0|0,2|2|-6|-6|-10|0|0|0,-2|2|4|-4|0|0|0|0,0|0|0|0|0|0|0|0,277|278|295|294|77|0|0|0,0,0,0,25,255,112
1272,0,6,7,0,7,0,0,0,2|2|2|2|1|1|1|0,255|255|255|255|255|255|255|0,-9|9|6|-6|0|-10|10|0,2|2|-6|-6|-10|0|0|0,-2|2|4|-4|0|0|0|0,0|0|0|0|0|0|0|0,277|278|295|294|77|39|1|0,0,0,0,25,255,112
1273,0,6,7,0,7,0,0,0,2|2|2|2|1|2|2|0,255|255|255|255|255|255|255|0,-9|9|6|-6|0|-2|2|0,2|2|-6|-6|-10|-9|-9|0,-2|2|4|-4|0|-4|4|0,0|0|0|0|0|0|0|0,277|278|295|294|77|298|299|0,0,0,0,25,255,112
1274,0,6,8,0,8,0,0,0,2|2|2|2|2|2|1|1,255|255|255|255|255|255|255|255,-9|9|6|-6|-2|2|-10|10,2|2|-6|-6|-9|-9|0|0,-2|2|4|-4|-4|4|0|0,0|0|0|0|0|0|0|0,277|278|295|294|298|299|39|1,0,0,0,25,255,112
1275,0,6,8,0,8,0,0,0,2|2|2|2|2|2|2|2,255|255|255|255|255|255|255|255,-9|9|6|-6|-2|2|-10|10,2|2|-6|-6|-9|-9|0|0,-2|2|4|-4|-4|4|0|0,0|0|0|0|0|0|0|0,277|278|295|294|298|299|40|2,0,0,0,25,255,112
1276,0,6,2,0,2,0,0,0,1|1|0|0|0|0|0|0,100|100|0|0|0|0|0|0,-13|13|0|0|0|0|0|0,0|0|0|0|0|0|0|0,-2|2|0|0|0|0|0|0,0|0|0|0|0|0|0|0,6|44|0|0|0|0|0|0,0,0,0,13,255,192
1277,0,6,3,0,3,0,0,0,1|1|1|0|0|0|0|0,100|100|98|0|0|0|0|0,-13|13|0|0|0|0|0|0,0|0|13|0|0|0|0|0,-2|2|0|0|0|0|0|0,0|0|0|0|0|0|0|0,6|44|63|0|0|0|0|0,0,0,0,13,255,192
1278,0,6,4,0,4,0,0,0,1|1|1|1|0|0|0|0,100|100|98|98|0|0|0|0,-13|13|-2|2|0|0|0|0,0|0|13|13|0|0|0|0,-2|2|-4|4|0|0|0|0,0|0|0|0|0|0|0|0,6|44|224|223|0|0|0|0,0,0,0,13,255,192
1279,0,6,3,0,3,0,0,0,2|2|1|0|0|0|0|0,100|100|98|0|0|0|0|0,-13|13|0|0|0|0|0|0,0|0|13|0|0|0|0|0,-2|2|0|0|0|0|0|0,0|0|0|0|0|0|0|0,16|54|63|0|0|0|0|0,0,0,0,13,255,192
1280,0,6,4,0,4,0,0,0,2|2|1|1|0|0|0|0,100|100|98|98|0|0|0|0,-13|13|-2|2|0|0|0|0,0|0|13|13|0|0|0|0,-2|2|-4|4|0|0|0|0,0|0|0|0|0|0|0|0,16|54|224|223|0|0|0|0,0,0,0,13,255,192
1281,0,6,6,0,6,0,0,0,2|2|2|2|1|1|0|0,100|100|100|100|98|98|0|0,-13|13|-13|13|-2|2|0|0,-1|-1|1|1|13|13|0|0,-2|2|-2|2|-4|4|0|0,4|4|-4|-4|0|0|0|0,16|54|16|54|224|223|0|0,0,0,0,13,255,192
1282,0,6,6,0,6,0,0,0,3|3|3|3|1|1|0|0,100|100|100|100|98|98|0|0,-13|13|-13|13|-2|2|0|0,0|0|0|0|13|13|0|0,-2|2|-2|2|-4|4|0|0,-7|-7|7|7|0|0|0|0,105|106|124|125|224|223|0|0,0,0,0,13,255,192
1283,0,6,6,0,6,0,0,0,3|3|3|3|2|1|0|0,100|100|100|100|98|98|0|0,-13|13|-13|13|0|0|0|0,0|0|0|0|13|-13|0|0,-2|2|-2|2|0|0|0|0,-7|-7|7|7|0|0|0|0,105|106|124|125|73|82|0|0,0,0,0,13,255,192
1284,0,6,7,0,7,0,0,0,3|3|3|3|2|1|1|0,100|100|100|100|98|98|98|0,-13|13|-13|13|0|-2|2|0,0|0|0|0|13|-13|-13|0,-2|2|-2|2|0|-4|4|0,-7|-7|7|7|0|0|0|0,105|106|124|125|73|243|242|0,0,0,0,13,255,192
1285,0,6,7,0,7,0,0,0,3|3|3|3|2|2|2|0,100|100|100|100|98|98|98|0,-13|13|-13|13|0|-9|9|0,0|0|0|0|13|-9|-9|0,-2|2|-2|2|0|-9|9|0,-7|-7|7|7|0|0|0|0,105|106|124|125|73|130|131|0,0,0,0,13,255,192
1286,0,6,8,0,8,0,0,0,3|3|3|3|2|2|2|2,100|100|100|100|98|98|98|98,-13|13|-13|13|-9|9|-9|9,0|0|0|0|-9|-9|9|9,-2|2|-2|2|-9|9|-9|9,-7|-7|7|7|0|0|0|0,105|106|124|125|130|131|149|150,0,0,0,13,255,192
1287,0,6,1,0,1,0,0,0,2|0|0|0|0|0|0|0,98|0|0|0|0|0|0|0,0|0|0|0|0|0|0|0,0|0|0|0|0|0|0|0,0|0|0|0|0|0|0|0,0|0|0|0|0|0|0|0,73|0|0|0|0|0|0|0,1,0,0,13,255,192
1288,0,6,3,0,3,0,0,0,2|1|1|0|0|0|0|0,98|98|98|0|0|0|0|0,0|-1|1|0|0|0|0|0,0|-1|-1|0|0|0|0|0,0|-4|4|0|0|0|0|0,0|0|0|0|0|0|0|0,73|63|63|0|0|0|0|0,1,0,0,13,255,192
1289,0,6,4,0,4,0,0,0,1|1|1|1|0|0|0|0,98|98|98|98|0|0|0|0,-1|1|-2|2|0|0|0|0,0|0|-1|-1|0|0|0|0,-4|4|-8|8|0|0|0|0,0|0|0|0|0|0|0|0,63|63|63|63|0|0|0|0,1,0,0,13,255,192
1290,0,6,5,0,5,0,0,0,1|1|1|1|1|0|0|0,98|98|98|98|98|0|0|0,-1|1|-2|2|0|0|0|0,-1|-1|-2|-2|0|0|0|0,-4|4|-8|8|0|0|0|0,0|0|0|0|0|0|0|0,63|63|63|63|63|0|0|0,1,0,0,13,255,192
1291,0,6,4,0,4,0,0,0,2|2|1|1|0|0|0|0,98|98|98|98|0|0|0|0,-1|1|-3|3|0|0|0|0,0|0|-1|-1|0|0|0|0,-4|4|-8|8|0|0|0|0,0|0|0|0|0|0|0|0,73|73|63|63|0|0|0|0,1,0,0,13,255,192
1292,0,6,4,0,4,0,0,0,3|3|1|1|0|0|0|0,98|98|98|98|0|0|0|0,0|0|-2|2|0|0|0|0,1|1|-1|-1|0|0|0|0,-6|6|-8|8|0|0|0|0,0|0|0|0|0|0|0|0,143|144|63|63|0|0|0|0,1,0,0,13,255,192
1293,0,6,4,0,4,0,0,0,3|3|2|2|0|0|0|0,98|98|98|98|0|0|0|0,0|0|-2|2|0|0|0|0,1|1|-1|-1|0|0|0|0,-6|6|-8|8|0|0|0|0,0|0|0|0|0|0|0|0,143|144|73|73|0|0|0|0,1,0,0,13,255,192
1294,0,6,6,0,6,0,0,0,3|3|1|1|1|1|0|0,98|98|98|98|98|98|0|0,0|0|-1|1|-2|2|0|0,1|1|0|0|-1|-1|0|0,-6|6|-4|4|-8|8|0|0,0|0|0|0|0|0|0|0,143|144|63|63|63|63|0|0,1,0,0,13,255,192
1295,0,6,6,0,6,0,0,0,3|3|2|2|1|1|0|0,98|98|98|98|98|98|0|0,0|0|-1|1|-3|3|0|0,1|1|0|0|-1|-1|0|0,-6|6|-4|4|-8|8|0|0,0|0|0|0|0|0|0|0,143|144|73|73|63|63|0|0,1,0,0,13,255,192
1296,0,6,6,0,6,0,0,0,3|3|3|3|3|3|0|0,98|98|98|98|98|98|0|0,0|0|-3|-3|3|3|0|0,1|1|-2|-2|-2|-2|0|0,-6|6|-12|0|0|12|0|0,0|0|0|0|0|0|0|0,143|144|143|144|143|144|0|0,1,0,0,13,255,192
1297,0,6,8,0,8,0,0,0,3|3|3|3|3|3|3|3,98|98|98|98|98|98|98|98,-1|-1|1|1|-3|-3|3|3,0|0|0|0|-2|-2|-2|-2,-12|0|0|12|-24|-12|12|24,0|0|0|0|0|0|0|0,143|144|143|144|143|144|143|144,1,0,0,13,255,192
1298,80,20,8,3,8,0,0,0,128|128|128|128|128|128|128|128,255|255|255|255|255|255|255|255,0|0|1|-1|1|-1|1|-1,1|-1|1|1|-1|-1|0|0,0|0|0|0|0|0|0|0,0|0|0|0|0|0|0|0,271|271|271|271|271|271|271|271,0,0,0,8,255,208
1299,0,90,1,3,1,0,0,0,99|0|0|0|0|0|0|0,255|0|0|0|0|0|0|0,120|0|0|0|0|0|0|0,2|0|0|0|0|0|0|0,-20|0|0|0|0|0|0|0,20|0|0|0|0|0|0|0,263|0|0|0|0|0|0|0,0,0,160,0,255,208
1300,0,7,2,0,2,0,0,0,1|1|0|0|0|0|0|0,255|255|0|0|0|0|0|0,-10|10|0|0|0|0|0|0,0|0|0|0|0|0|0|0,0|0|0|0|0|0|0|0,0|0|0|0|0|0|0|0,227|227|0|0|0|0|0|0,0,0,0,26,255,208
1301,0,7,2,0,2,0,0,0,2|2|0|0|0|0|0|0,107|107|0|0|0|0|0|0,-10|10|0|0|0|0|0|0,0|0|0|0|0|0|0|0,0|0|0|0|0|0|0|0,0|0|0|0|0|0|0|0,601|601|0|0|0|0|0|0,0,0,0,26,255,208
1302,0,7,4,0,4,0,0,0,1|1|1|1|0|0|0|0,255|255|255|255|0|0|0|0,-9|9|9|-9|0|0|0|0,2|-2|2|-2|0|0|0|0,0|0|0|0|0|0|0|0,0|0|0|0|0|0|0|0,227|227|227|227|0|0|0|0,0,0,0,26,255,208
1303,0,7,4,0,4,0,0,0,2|1|2|1|0|0|0|0,107|255|107|255|0|0|0|0,-9|9|9|-9|0|0|0|0,2|-2|2|-2|0|0|0|0,0|0|0|0|0|0|0|0,0|0|0|0|0|0|0|0,601|227|601|227|0|0|0|0,0,0,0,26,255,208
1304,0,7,6,0,6,0,0,0,2|1|2|1|1|1|0|0,107|255|107|255|255|255|0|0,-9|9|9|-9|-10|10|0|0,2|-2|2|-2|0|0|0|0,0|0|0|0|0|0|0|0,0|0|0|0|0|0|0|0,601|227|601|227|227|227|0|0,0,0,0,26,255,208
1305,0,7,7,0,7,0,0,0,2|1|2|1|2|2|1|0,107|255|107|255|107|107|255|0,-9|9|9|-9|-10|10|0|0,2|-2|2|-2|0|0|-10|0,0|0|0|0|0|0|0|0,0|0|0|0|0|0|0|0,601|227|601|227|601|601|227|0,0,0,0,26,255,208
1306,0,7,7,0,7,0,0,0,2|2|2|2|2|2|1|0,107|107|107|107|107|107|255|0,-9|9|9|-9|-10|10|0|0,2|-2|2|-2|0|0|-10|0,0|0|0|0|0|0|0|0,0|0|0|0|0|0|0|0,601|601|601|601|601|601|227|0,0,0,0,26,255,208
1307,0,7,6,0,6,0,0,0,2|1|2|1|4|4|0|0,107|255|107|255|105|105|0|0,-9|9|9|-9|-6|6|0|0,2|-2|2|-2|0|0|0|0,0|0|0|0|0|0|0|0,0|0|0|0|0|0|0|0,601|227|601|227|582|582|0|0,0,0,0,26,255,208
1308,0,7,6,0,6,0,0,0,2|2|2|2|4|4|0|0,107|107|107|107|105|105|0|0,-9|9|9|-9|-6|6|0|0,2|-2|2|-2|0|0|0|0,0|0|0|0|0|0|0|0,0|0|0|0|0|0|0|0,601|601|601|601|582|582|0|0,0,0,0,26,255,208
1309,0,7,8,0,8,0,0,0,2|1|2|1|1|1|4|4,107|255|107|255|255|255|105|105,-9|9|9|-9|-3|3|-6|6,2|-2|2|-2|-7|-7|0|0,0|0|0|0|0|0|0|0,0|0|0|0|0|0|0|0,601|227|601|227|227|227|582|582,0,0,0,26,255,208
1310,0,7,8,0,8,0,0,0,2|2|2|2|1|1|4|4,107|107|107|107|255|255|105|105,-9|9|9|-9|-3|3|-6|6,2|-2|2|-2|-7|-7|0|0,0|0|0|0|0|0|0|0,0|0|0|0|0|0|0|0,601|601|601|601|227|227|582|582,0,0,0,26,255,208
1311,0,11,1,0,1,0,0,0,1|0|0|0|0|0|0|0,90|0|0|0|0|0|0|0,120|0|0|0|0|0|0|0,120|0|0|0|0|0|0|0,-13|0|0|0|0|0|0|0,14|0|0|0|0|0|0|0,227|0|0|0|0|0|0|0,0,0,6,26,255,208
1312,0,21,1,7,1,0,0,0,2|0|0|0|0|0|0|0,90|0|0|0|0|0|0|0,120|0|0|0|0|0|0|0,120|0|0|0|0|0|0|0,-18|0|0|0|0|0|0|0,20|0|0|0|0|0|0|0,601|0|0|0|0|0|0|0,0,0,7,26,255,208
1313,0,16,1,7,1,0,0,0,2|0|0|0|0|0|0|0,90|0|0|0|0|0|0|0,120|0|0|0|0|0|0|0,120|0|0|0|0|0|0|0,-24|0|0|0|0|0|0|0,24|0|0|0|0|0|0|0,601|0|0|0|0|0|0|0,0,0,8,26,255,208
1314,0,8,1,7,1,0,0,0,2|0|0|0|0|0|0|0,90|0|0|0|0|0|0|0,120|0|0|0|0|0|0|0,120|0|0|0|0|0|0|0,-24|0|0|0|0|0|0|0,24|0|0|0|0|0|0|0,601|0|0|0|0|0|0|0,0,0,8,26,255,208
1315,0,16,2,7,2,0,0,0,2|2|0|0|0|0|0|0,90|90|0|0|0|0|0|0,120|120|0|0|0|0|0|0,120|120|0|0|0|0|0|0,-30|-18|0|0|0|0|0|0,24|24|0|0|0|0|0|0,601|601|0|0|0|0|0|0,0,0,8,26,255,208
1316,0,8,2,7,2,0,0,0,2|2|0|0|0|0|0|0,45|45|0|0|0|0|0|0,120|120|0|0|0|0|0|0,120|120|0|0|0|0|0|0,-40|-8|0|0|0|0|0|0,24|24|0|0|0|0|0|0,601|601|0|0|0|0|0|0,0,0,8,26,255,208
1317,0,16,3,7,3,0,0,0,2|2|2|0|0|0|0|0,45|45|90|0|0|0|0|0,120|120|120|0|0|0|0|0,120|120|120|0|0|0|0|0,-40|-8|-24|0|0|0|0|0,24|24|4|0|0|0|0|0,601|601|601|0|0|0|0|0,0,0,8,26,255,208
1318,0,8,1,5,1,0,0,0,4|0|0|0|0|0|0|0,90|0|0|0|0|0|0|0,120|0|0|0|0|0|0|0,120|0|0|0|0|0|0|0,-24|0|0|0|0|0|0|0,24|0|0|0|0|0|0|0,582|0|0|0|0|0|0|0,0,0,8,26,255,208
1319,0,16,2,5,2,0,0,0,4|4|0|0|0|0|0|0,90|90|0|0|0|0|0|0,120|120|0|0|0|0|0|0,120|120|0|0|0|0|0|0,-30|-18|0|0|0|0|0|0,24|24|0|0|0|0|0|0,582|582|0|0|0|0|0|0,0,0,8,26,255,208
1320,0,8,2,5,2,0,0,0,4|4|0|0|0|0|0|0,45|45|0|0|0|0|0|0,120|120|0|0|0|0|0|0,120|120|0|0|0|0|0|0,-40|-8|0|0|0|0|0|0,24|24|0|0|0|0|0|0,582|582|0|0|0|0|0|0,0,0,8,26,255,208
1321,0,16,3,5,3,0,0,0,4|4|4|0|0|0|0|0,45|45|90|0|0|0|0|0,120|120|120|0|0|0|0|0,120|120|120|0|0|0|0|0,-50|8|-24|0|0|0|0|0,24|24|4|0|0|0|0|0,582|582|582|0|0|0|0|0,0,0,8,26,255,208
1322,0,4,2,0,2,0,0,0,1|1|0|0|0|0|0|0,255|255|0|0|0|0|0|0,0|0|0|0|0|0|0|0,12|12|0|0|0|0|0|0,-5|5|0|0|0|0|0|0,0|0|0|0|0|0|0|0,225|225|0|0|0|0|0|0,0,0,0,26,255,208
1323,0,5,3,0,3,0,0,0,1|1|1|0|0|0|0|0,255|255|255|0|0|0|0|0,0|-2|2|0|0|0|0|0,12|11|11|0|0|0|0|0,0|0|0|0|0|0|0|0,0|0|0|0|0|0|0|0,225|225|225|0|0|0|0|0,0,0,0,26,255,208
1324,0,5,4,0,4,0,0,0,1|1|1|1|0|0|0|0,255|255|255|255|0|0|0|0,-2|2|-4|4|0|0|0|0,11|11|12|12|0|0|0|0,0|0|0|0|0|0|0|0,0|0|0|0|0|0|0|0,225|225|225|225|0|0|0|0,0,0,0,26,255,208
1325,0,6,5,0,5,0,0,0,1|1|1|1|1|0|0|0,255|255|255|255|255|0|0|0,0|-3|3|-6|6|0|0|0,12|11|11|9|9|0|0|0,0|0|0|0|0|0|0|0,0|0|0|0|0|0|0|0,225|225|225|225|225|0|0|0,0,0,0,26,255,208
1326,0,6,6,0,6,0,0,0,1|1|1|1|1|1|0|0,255|255|255|255|255|255|0|0,-3|3|-6|6|0|0|0|0,11|11|9|9|12|12|0|0,0|0|0|0|-4|4|0|0,0|0|0|0|0|0|0|0,225|225|225|225|225|225|0|0,0,0,0,26,255,208
1327,0,6,4,0,4,0,0,0,1|1|2|2|0|0|0|0,255|255|255|255|0|0|0|0,-6|6|0|0|0|0|0|0,9|9|11|11|0|0|0|0,0|0|8|-8|0|0|0|0,0|0|0|0|0|0|0|0,225|225|244|244|0|0|0|0,0,0,0,26,255,208
1328,0,6,5,0,5,0,0,0,1|1|2|2|2|0|0|0,255|255|255|255|255|0|0|0,-5|5|3|-3|0|0|0|0,9|9|11|11|12|0|0|0,0|0|0|0|0|0|0|0,0|0|0|0|0|0|0|0,225|225|244|244|244|0|0|0,0,0,0,26,255,208
1329,0,6,6,0,6,0,0,0,1|1|3|3|2|2|0|0,255|255|255|255|255|255|0|0,-6|6|3|-3|0|0|0|0,9|9|11|11|12|12|0|0,0|0|0|0|-8|8|0|0,0|0|0|0|0|0|0|0,225|225|244|244|244|244|0|0,0,0,0,26,255,208
1330,0,6,6,0,6,0,0,0,2|2|3|2|2|2|0|0,255|255|255|255|255|255|0|0,-6|6|3|-3|0|0|0|0,9|9|11|11|12|12|0|0,0|0|0|0|-8|8|0|0,0|0|0|0|0|0|0|0,244|244|244|244|244|244|0|0,0,0,0,26,255,208
1331,0,6,7,0,7,0,0,0,2|2|3|2|2|2|3|0,255|255|255|255|255|255|255|0,-8|8|6|-6|3|-3|0|0,9|9|10|10|11|11|12|0,0|0|0|0|0|0|0|0,0|0|0|0|0|0|0|0,244|244|244|244|244|244|244|0,0,0,0,26,255,208
1332,0,6,8,0,8,0,0,0,5|2|2|2|2|2|2|2,255|255|255|255|255|255|255|255,0|-4|4|-6|6|0|-3|3,12|12|12|9|9|12|11|11,0|-4|4|0|0|0|0|0,0|-6|-6|0|0|9|0|0,244|244|244|244|244|226|226|226,0,0,0,26,255,208
1333,0,8,1,0,1,0,0,0,2|0|0|0|0|0|0|0,255|0|0|0|0|0|0|0,0|0|0|0|0|0|0|0,-6|0|0|0|0|0|0|0,0|0|0|0|0|0|0|0,0|0|0|0|0|0|0|0,126|0|0|0|0|0|0|0,1,0,0,16,255,208
1334,0,8,2,0,2,0,0,0,2|2|0|0|0|0|0|0,255|255|0|0|0|0|0|0,-1|1|0|0|0|0|0|0,-7|-7|0|0|0|0|0|0,-5|5|0|0|0|0|0|0,0|0|0|0|0|0|0|0,126|126|0|0|0|0|0|0,1,0,0,16,255,208
1335,0,8,3,0,3,0,0,0,2|2|2|0|0|0|0|0,255|255|255|0|0|0|0|0,-2|2|0|0|0|0|0|0,-7|-7|-5|0|0|0|0|0,-5|5|0|0|0|0|0|0,0|0|0|0|0|0|0|0,126|126|126|0|0|0|0|0,1,0,0,16,255,208
1336,0,8,2,0,2,0,0,0,3|3|0|0|0|0|0|0,255|255|0|0|0|0|0|0,-1|1|0|0|0|0|0|0,-8|-8|0|0|0|0|0|0,-5|5|0|0|0|0|0|0,0|0|0|0|0|0|0|0,214|214|0|0|0|0|0|0,1,0,0,16,255,208
1337,0,8,3,0,3,0,0,0,3|3|3|0|0|0|0|0,255|255|255|0|0|0|0|0,-2|2|0|0|0|0|0|0,-8|-8|-5|0|0|0|0|0,-5|5|0|0|0|0|0|0,0|0|0|0|0|0|0|0,214|214|214|0|0|0|0|0,1,0,0,16,255,208
1338,0,8,5,0,5,0,0,0,2|2|2|2|3|0|0|0,255|255|255|255|255|0|0|0,-2|2|-4|4|0|0|0|0,-7|-7|-7|-7|-5|0|0|0,-5|5|-8|8|0|0|0|0,0|0|0|0|0|0|0|0,126|126|126|126|214|0|0|0,1,0,0,16,255,208
1339,0,8,4,0,4,0,0,0,3|3|2|2|0|0|0|0,255|255|255|255|0|0|0|0,-2|2|-4|4|0|0|0|0,-7|-7|-7|-7|0|0|0|0,-5|5|-8|8|0|0|0|0,0|0|0|0|0|0|0|0,214|214|126|126|0|0|0|0,1,0,0,16,255,208
1340,0,8,6,0,6,0,0,0,3|3|2|2|2|2|0|0,255|255|255|255|255|255|0|0,-2|2|-4|4|-1|1|0|0,-7|-7|-7|-7|-6|-6|0|0,-5|5|-8|8|-3|3|0|0,0|0|0|0|0|0|0|0,214|214|126|126|126|126|0|0,1,0,0,16,255,208
1341,0,8,4,0,4,0,0,0,3|3|3|3|0|0|0|0,255|255|255|255|0|0|0|0,-2|2|-4|4|0|0|0|0,-7|-7|-8|-8|0|0|0|0,-5|5|-8|8|0|0|0|0,0|0|0|0|0|0|0|0,214|214|214|214|0|0|0|0,1,0,0,16,255,208
1342,0,8,4,0,4,0,0,0,2|2|5|5|0|0|0|0,255|255|255|255|0|0|0|0,-1|1|-1|1|0|0|0|0,-8|-8|-7|-7|0|0|0|0,-4|5|-5|5|0|0|0|0,0|0|0|0|0|0|0|0,126|126|263|263|0|0|0|0,1,0,0,16,255,208
1343,0,8,6,0,6,0,0,0,2|2|5|5|2|2|0|0,255|255|255|255|255|255|0|0,-1|1|-1|1|-3|3|0|0,-8|-8|-7|-7|-7|-7|0|0,-4|5|-5|5|-5|5|0|0,0|0|0|0|0|0|0|0,126|126|263|263|126|126|0|0,1,0,0,16,255,208
1344,0,8,1,0,1,0,0,0,2|0|0|0|0|0|0|0,255|0|0|0|0|0|0|0,0|0|0|0|0|0|0|0,6|0|0|0|0|0|0|0,0|0|0|0|0|0|0|0,0|0|0|0|0|0|0|0,126|0|0|0|0|0|0|0,-1,0,0,16,255,208
1345,0,8,2,0,2,0,0,0,2|2|0|0|0|0|0|0,255|255|0|0|0|0|0|0,-1|1|0|0|0|0|0|0,7|7|0|0|0|0|0|0,-5|5|0|0|0|0|0|0,0|0|0|0|0|0|0|0,126|126|0|0|0|0|0|0,-1,0,0,16,255,208
1346,0,8,3,0,3,0,0,0,2|2|2|0|0|0|0|0,255|255|255|0|0|0|0|0,-2|2|0|0|0|0|0|0,7|7|5|0|0|0|0|0,-5|5|0|0|0|0|0|0,0|0|0|0|0|0|0|0,126|126|126|0|0|0|0|0,-1,0,0,16,255,208
1347,0,8,2,0,2,0,0,0,3|3|0|0|0|0|0|0,255|255|0|0|0|0|0|0,-1|1|0|0|0|0|0|0,8|8|0|0|0|0|0|0,-5|5|0|0|0|0|0|0,0|0|0|0|0|0|0|0,214|214|0|0|0|0|0|0,-1,0,0,16,255,208
1348,0,8,3,0,3,0,0,0,3|3|3|0|0|0|0|0,255|255|255|0|0|0|0|0,-2|2|0|0|0|0|0|0,8|8|5|0|0|0|0|0,-5|5|0|0|0|0|0|0,0|0|0|0|0|0|0|0,214|214|214|0|0|0|0|0,-1,0,0,16,255,208
1349,0,8,5,0,5,0,0,0,2|2|2|2|3|0|0|0,255|255|255|255|255|0|0|0,-2|2|-4|4|0|0|0|0,7|7|7|7|5|0|0|0,-5|5|-8|8|0|0|0|0,0|0|0|0|0|0|0|0,126|126|126|126|214|0|0|0,-1,0,0,16,255,208
1350,0,8,4,0,4,0,0,0,3|3|2|2|0|0|0|0,255|255|255|255|0|0|0|0,-2|2|-4|4|0|0|0|0,7|7|7|7|0|0|0|0,-5|5|-8|8|0|0|0|0,0|0|0|0|0|0|0|0,214|214|126|126|0|0|0|0,-1,0,0,16,255,208
1351,0,8,6,0,6,0,0,0,3|3|2|2|2|2|0|0,255|255|255|255|255|255|0|0,-2|2|-4|4|-1|1|0|0,7|7|7|7|6|6|0|0,-5|5|-8|8|-3|3|0|0,0|0|0|0|0|0|0|0,214|214|126|126|126|126|0|0,-1,0,0,16,255,208
1352,0,8,4,0,4,0,0,0,3|3|3|3|0|0|0|0,255|255|255|255|0|0|0|0,-2|2|-4|4|0|0|0|0,7|7|8|8|0|0|0|0,-5|5|-8|8|0|0|0|0,0|0|0|0|0|0|0|0,214|214|214|214|0|0|0|0,-1,0,0,16,255,208
1353,0,8,4,0,4,0,0,0,2|2|5|5|0|0|0|0,255|255|255|255|0|0|0|0,-1|1|-1|1|0|0|0|0,8|8|7|7|0|0|0|0,-4|5|-5|5|0|0|0|0,0|0|0|0|0|0|0|0,126|126|263|263|0|0|0|0,-1,0,0,16,255,208
1354,0,8,6,0,6,0,0,0,2|2|5|5|2|2|0|0,255|255|255|255|255|255|0|0,-1|1|-1|1|-3|3|0|0,8|8|7|7|7|7|0|0,-4|5|-5|5|-5|5|0|0,0|0|0|0|0|0|0|0,126|126|263|263|126|126|0|0,-1,0,0,16,255,208
1355,0,2,1,0,2,0,0,0,1|1|0|0|0|0|0|0,255|255|0|0|0|0|0|0,-6|6|0|0|0|0|0|0,21|21|0|0|0|0|0|0,-2|2|0|0|0|0|0|0,20|20|0|0|0|0|0|0,132|133|0|0|0|0|0|0,-1,0,0,20,255,112
1356,0,2,1,0,4,0,0,0,1|1|1|1|0|0|0|0,255|255|255|255|0|0|0|0,-6|6|-7|7|0|0|0|0,21|21|21|21|0|0|0|0,-2|2|-4|4|0|0|0|0,20|20|20|20|0|0|0|0,132|133|132|133|0|0|0|0,-1,0,0,20,255,112
1357,0,3,2,0,4,0,0,0,1|1|1|1|0|0|0|0,255|255|255|255|0|0|0|0,-6|6|-7|7|0|0|0|0,21|21|21|21|0|0|0|0,-2|2|-4|4|0|0|0|0,20|20|20|20|0|0|0|0,132|133|132|133|0|0|0|0,-1,0,0,20,255,112
1358,0,3,2,0,6,0,0,0,1|1|1|1|1|1|0|0,255|255|255|255|255|255|0|0,-6|6|-7|7|-5|5|0|0,21|21|21|21|21|21|0|0,-2|2|-4|4|-1|1|0|0,20|20|20|20|20|20|0|0,132|133|132|133|132|133|0|0,-1,0,0,20,255,112
1359,0,2,2,0,6,0,0,0,1|1|1|1|1|1|0|0,255|255|255|255|255|255|0|0,-6|6|-7|7|-5|5|0|0,21|21|21|21|21|21|0|0,-2|2|-4|4|-1|1|0|0,20|20|20|20|20|20|0|0,132|133|132|133|132|133|0|0,-1,0,0,20,255,112
1360,0,2,2,0,8,0,0,0,1|1|1|1|1|1|1|1,255|255|255|255|255|255|255|255,-6|6|-7|7|-8|8|-5|5,21|21|21|21|21|21|21|21,-2|2|-4|4|-6|6|-1|1,20|20|20|20|20|20|20|20,132|133|132|133|132|133|132|133,-1,0,0,20,255,112
1361,0,1,2,0,8,0,0,0,1|1|1|1|1|1|1|1,255|255|255|255|255|255|255|255,-6|6|-7|7|-8|8|-5|5,21|21|21|21|21|21|21|21,-2|2|-4|4|-6|6|-1|1,20|20|20|20|20|20|20|20,132|133|132|133|132|133|132|133,-1,0,0,20,255,112
1362,0,2,3,0,8,0,0,0,1|1|1|1|1|1|1|1,255|255|255|255|255|255|255|255,-6|6|-7|7|-8|8|-5|5,21|21|21|21|21|21|21|21,-2|2|-4|4|-6|6|-1|1,20|20|20|20|20|20|20|20,132|133|132|133|132|133|132|133,-1,0,0,20,255,112
1363,0,2,2,0,6,0,0,0,2|2|2|2|2|2|0|0,255|255|255|255|255|255|0|0,-6|6|-7|7|-5|5|0|0,21|21|21|21|21|21|0|0,-2|2|-4|4|-1|1|0|0,20|20|20|20|20|20|0|0,151|152|151|152|151|152|0|0,-1,0,0,20,255,112
1364,0,2,2,0,8,0,0,0,2|2|2|2|2|2|2|2,255|255|255|255|255|255|255|255,-6|6|-7|7|-8|8|-5|5,21|21|21|21|21|21|21|21,-2|2|-4|4|-6|6|-1|1,20|20|20|20|20|20|20|20,151|152|151|152|151|152|151|152,-1,0,0,20,255,112
1365,0,1,2,0,8,0,0,0,2|2|2|2|2|2|2|2,255|255|255|255|255|255|255|255,-6|6|-7|7|-8|8|-5|5,21|21|21|21|21|21|21|21,-2|2|-4|4|-6|6|-1|1,20|20|20|20|20|20|20|20,151|152|151|152|151|152|151|152,-1,0,0,20,255,112
1366,0,3,1,4,2,0,0,0,1|1|0|0|0|0|0|0,255|255|0|0|0|0|0|0,0|0|0|0|0|0|0|0,6|6|0|0|0|0|0|0,-4|4|0|0|0|0|0|0,0|0|0|0|0|0|0|0,233|233|0|0|0|0|0|0,0,0,0,13,255,80
1367,0,8,1,0,1,0,0,0,112|0|0|0|0|0|0|0,255|0|0|0|0|0|0|0,0|0|0|0|0|0|0|0,0|0|0|0|0|0|0|0,0|0|0|0|0|0|0|0,0|0|0|0|0|0|0|0,31|0|0|0|0|0|0|0,1,0,0,7,6,80
1368,0,9,2,0,2,0,0,0,112|112|0|0|0|0|0|0,255|255|0|0|0|0|0|0,1|-1|0|0|0|0|0|0,-1|-1|0|0|0|0|0|0,0|0|0|0|0|0|0|0,0|0|0|0|0|0|0|0,31|31|0|0|0|0|0|0,1,0,0,7,6,80
1369,0,10,3,0,3,0,0,0,112|112|112|0|0|0|0|0,255|255|255|0|0|0|0|0,1|-1|0|0|0|0|0|0,-1|-1|0|0|0|0|0|0,0|0|0|0|0|0|0|0,0|0|0|0|0|0|0|0,31|31|31|0|0|0|0|0,1,0,0,7,6,80
1370,0,11,4,0,4,0,0,0,112|112|112|112|0|0|0|0,255|255|255|255|0|0|0|0,1|-1|0|0|0|0|0|0,-2|-2|0|0|0|0|0|0,0|0|-3|3|0|0|0|0,0|0|0|0|0|0|0|0,31|31|31|31|0|0|0|0,1,0,0,7,6,80
1371,0,12,1,0,1,0,0,0,116|0|0|0|0|0|0|0,255|0|0|0|0|0|0|0,0|0|0|0|0|0|0|0,-2|0|0|0|0|0|0|0,0|0|0|0|0|0|0|0,0|0|0|0|0|0|0|0,32|0|0|0|0|0|0|0,1,0,0,7,6,80
1372,0,12,2,0,4,0,0,0,112|116|112|116|0|0|0|0,255|255|255|255|0|0|0|0,-1|0|1|0|0|0|0|0,-3|-2|-3|-2|0|0|0|0,0|0|0|0|0|0|0|0,0|0|0|0|0|0|0|0,31|32|31|32|0|0|0|0,1,0,0,7,6,80
1373,0,12,3,0,3,0,0,0,112|116|112|0|0|0|0|0,255|255|255|0|0|0|0|0,-1|0|1|0|0|0|0|0,-3|-2|-3|0|0|0|0|0,0|0|0|0|0|0|0|0,0|0|0|0|0|0|0|0,31|32|31|0|0|0|0|0,1,0,0,7,6,80
1374,0,12,3,0,3,0,0,0,112|113|112|0|0|0|0|0,255|255|255|0|0|0|0|0,-1|0|1|0|0|0|0|0,-4|-3|-4|0|0|0|0|0,0|0|0|0|0|0|0|0,0|0|0|0|0|0|0|0,31|32|31|0|0|0|0|0,1,0,0,7,6,80
1375,0,12,2,0,2,0,0,0,113|113|0|0|0|0|0|0,255|255|0|0|0|0|0|0,0|0|0|0|0|0|0|0,-4|-4|0|0|0|0|0|0,-6|6|0|0|0|0|0|0,0|0|0|0|0|0|0|0,32|32|0|0|0|0|0|0,1,0,0,7,6,80
1376,0,12,4,0,4,0,0,0,113|113|112|112|0|0|0|0,255|255|255|255|0|0|0|0,0|0|1|-1|0|0|0|0,-4|-4|-1|-1|0|0|0|0,-6|6|0|0|0|0|0|0,0|0|0|0|0|0|0|0,32|32|31|31|0|0|0|0,1,0,0,7,6,80
1377,0,12,3,0,3,0,0,0,114|112|112|0|0|0|0|0,255|255|255|0|0|0|0|0,0|1|-1|0|0|0|0|0,-4|-1|-1|0|0|0|0|0,0|0|0|0|0|0|0|0,0|0|0|0|0|0|0|0,33|31|31|0|0|0|0|0,1,0,0,7,6,80
1378,0,11,1,0,2,0,0,0,3|3|0|0|0|0|0|0,255|255|0|0|0|0|0|0,2|-2|0|0|0|0|0|0,-1|-1|0|0|0|0|0|0,0|0|0|0|0|0|0|0,0|0|0|0|0|0|0|0,99|99|0|0|0|0|0|0,1,0,0,1,0,112
1379,0,11,2,0,2,0,0,0,3|3|0|0|0|0|0|0,255|255|0|0|0|0|0|0,2|-2|0|0|0|0|0|0,-1|-1|0|0|0|0|0|0,0|0|0|0|0|0|0|0,0|0|0|0|0|0|0|0,99|99|0|0|0|0|0|0,1,0,0,1,0,112
1380,0,11,4,0,4,0,0,0,3|3|2|2|0|0|0|0,255|255|255|255|0|0|0|0,3|-3|4|-4|0|0|0|0,-1|-1|-1|-1|0|0|0|0,0|0|0|0|0|0|0|0,0|0|0|0|0|0|0|0,99|99|99|99|0|0|0|0,1,0,0,1,0,112
1381,0,11,6,0,6,0,0,0,3|3|2|2|2|2|0|0,255|255|255|255|255|255|0|0,3|-3|4|-4|5|-5|0|0,-1|-1|-2|-2|-3|-3|0|0,0|0|0|0|0|0|0|0,0|0|0|0|0|0|0|0,99|99|99|99|99|99|0|0,1,0,0,1,0,112
1382,0,11,1,0,2,0,0,0,4|4|0|0|0|0|0|0,255|255|0|0|0|0|0|0,2|-2|0|0|0|0|0|0,-1|-1|0|0|0|0|0|0,0|0|0|0|0|0|0|0,0|0|0|0|0|0|0|0,100|100|0|0|0|0|0|0,1,0,0,1,0,112
1383,0,11,2,0,2,0,0,0,4|4|0|0|0|0|0|0,255|255|0|0|0|0|0|0,2|-2|0|0|0|0|0|0,-1|-1|0|0|0|0|0|0,0|0|0|0|0|0|0|0,0|0|0|0|0|0|0|0,100|100|0|0|0|0|0|0,1,0,0,1,0,112
1384,0,11,3,0,4,0,0,0,4|2|4|2|0|0|0|0,255|255|255|255|0|0|0|0,2|3|-2|-3|0|0|0|0,-1|-4|-1|-4|0|0|0|0,0|0|0|0|0|0|0|0,0|0|0|0|0|0|0|0,100|99|100|99|0|0|0|0,1,0,0,1,0,112
1385,0,11,4,0,4,0,0,0,4|2|4|2|0|0|0|0,255|255|255|255|0|0|0|0,2|3|-2|-3|0|0|0|0,-1|-4|-1|-4|0|0|0|0,0|0|0|0|0|0|0|0,0|0|0|0|0|0|0|0,100|99|100|99|0|0|0|0,1,0,0,1,0,112
1386,0,11,2,0,2,0,0,0,8|8|0|0|0|0|0|0,255|255|0|0|0|0|0|0,2|-2|0|0|0|0|0|0,-2|-2|0|0|0|0|0|0,0|0|0|0|0|0|0|0,0|0|0|0|0|0|0|0,98|98|0|0|0|0|0|0,1,0,0,1,0,112
1387,0,11,4,0,4,0,0,0,8|8|4|4|0|0|0|0,255|255|255|255|0|0|0|0,2|-2|4|-4|0|0|0|0,-2|-2|-4|-4|0|0|0|0,0|0|0|0|0|0|0|0,0|0|0|0|0|0|0|0,98|98|100|100|0|0|0|0,1,0,0,1,0,112
1388,0,11,6,0,6,0,0,0,8|8|4|4|2|2|0|0,255|255|255|255|255|255|0|0,2|-2|4|-4|6|-6|0|0,-2|-2|-4|-4|-6|-6|0|0,0|0|0|0|0|0|0|0,0|0|0|0|0|0|0|0,98|98|100|100|99|99|0|0,1,0,0,1,0,112
1389,0,11,1,0,2,0,0,0,3|3|0|0|0|0|0|0,255|255|0|0|0|0|0|0,2|-2|0|0|0|0|0|0,-1|-1|0|0|0|0|0|0,0|0|0|0|0|0|0|0,0|0|0|0|0|0|0|0,99|99|0|0|0|0|0|0,1,0,4,1,0,112
1390,0,11,2,0,2,0,0,0,3|3|0|0|0|0|0|0,255|255|0|0|0|0|0|0,2|-2|0|0|0|0|0|0,-1|-1|0|0|0|0|0|0,0|0|0|0|0|0|0|0,0|0|0|0|0|0|0|0,99|99|0|0|0|0|0|0,1,0,4,1,0,112
1391,0,11,4,0,4,0,0,0,3|3|2|2|0|0|0|0,255|255|255|255|0|0|0|0,3|-3|4|-4|0|0|0|0,-1|-1|-1|-1|0|0|0|0,0|0|0|0|0|0|0|0,0|0|0|0|0|0|0|0,99|99|99|99|0|0|0|0,1,0,4,1,0,112
1392,0,11,6,0,6,0,0,0,3|3|2|2|2|2|0|0,255|255|255|255|255|255|0|0,3|-3|4|-4|5|-5|0|0,-1|-1|-2|-2|-3|-3|0|0,0|0|0|0|0|0|0|0,0|0|0|0|0|0|0|0,99|99|99|99|99|99|0|0,1,0,4,1,0,112
1393,0,11,1,0,2,0,0,0,4|4|0|0|0|0|0|0,255|255|0|0|0|0|0|0,2|-2|0|0|0|0|0|0,-1|-1|0|0|0|0|0|0,0|0|0|0|0|0|0|0,0|0|0|0|0|0|0|0,100|100|0|0|0|0|0|0,1,0,5,1,0,112
1394,0,11,2,0,2,0,0,0,4|4|0|0|0|0|0|0,255|255|0|0|0|0|0|0,2|-2|0|0|0|0|0|0,-1|-1|0|0|0|0|0|0,0|0|0|0|0|0|0|0,0|0|0|0|0|0|0|0,100|100|0|0|0|0|0|0,1,0,5,1,0,112
1395,0,11,3,0,4,0,0,0,4|2|4|2|0|0|0|0,255|255|255|255|0|0|0|0,2|3|-2|-3|0|0|0|0,-1|-4|-1|-4|0|0|0|0,0|0|0|0|0|0|0|0,0|0|0|0|0|0|0|0,100|99|100|99|0|0|0|0,1,0,5,1,0,112
1396,0,11,4,0,4,0,0,0,4|2|4|2|0|0|0|0,255|255|255|255|0|0|0|0,2|3|-2|-3|0|0|0|0,-1|-4|-1|-4|0|0|0|0,0|0|0|0|0|0|0|0,0|0|0|0|0|0|0|0,100|99|100|99|0|0|0|0,1,0,5,1,0,112
1397,0,11,2,0,2,0,0,0,8|8|0|0|0|0|0|0,255|255|0|0|0|0|0|0,2|-2|0|0|0|0|0|0,-2|-2|0|0|0|0|0|0,0|0|0|0|0|0|0|0,0|0|0|0|0|0|0|0,98|98|0|0|0|0|0|0,1,0,6,1,0,112
1398,0,11,4,0,4,0,0,0,8|8|4|4|0|0|0|0,255|255|255|255|0|0|0|0,2|-2|4|-4|0|0|0|0,-2|-2|-4|-4|0|0|0|0,0|0|0|0|0|0|0|0,0|0|0|0|0|0|0|0,98|98|100|100|0|0|0|0,1,0,6,1,0,112
1399,0,11,6,0,6,0,0,0,8|8|4|4|2|2|0|0,255|255|255|255|255|255|0|0,2|-2|4|-4|6|-6|0|0,-2|-2|-4|-4|-6|-6|0|0,0|0|0|0|0|0|0|0,0|0|0|0|0|0|0|0,98|98|100|100|99|99|0|0,1,0,6,1,0,112
1400,0,3,1,3,1,0,0,0,149|0|0|0|0|0|0|0,255|0|0|0|0|0|0|0,0|0|0|0|0|0|0|0,6|0|0|0|0|0|0|0,0|0|0|0|0|0|0|0,0|0|0|0|0|0|0|0,7035|0|0|0|0|0|0|0,0,0,0,1,255,48
1401,0,2,1,3,1,0,0,0,149|0|0|0|0|0|0|0,255|0|0|0|0|0|0|0,0|0|0|0|0|0|0|0,6|0|0|0|0|0|0|0,0|0|0|0|0|0|0|0,0|0|0|0|0|0|0|0,7035|0|0|0|0|0|0|0,0,0,0,1,255,48
1402,0,4,1,3,1,0,0,0,150|0|0|0|0|0|0|0,98|0|0|0|0|0|0|0,0|0|0|0|0|0|0|0,6|0|0|0|0|0|0|0,0|0|0|0|0|0|0|0,0|0|0|0|0|0|0|0,7035|0|0|0|0|0|0|0,0,0,0,1,255,48
1403,0,3,1,3,1,0,0,0,150|0|0|0|0|0|0|0,98|0|0|0|0|0|0|0,0|0|0|0|0|0|0|0,6|0|0|0|0|0|0|0,0|0|0|0|0|0|0|0,0|0|0|0|0|0|0|0,7035|0|0|0|0|0|0|0,0,0,0,1,255,48
1404,0,2,1,3,1,0,0,0,150|0|0|0|0|0|0|0,98|0|0|0|0|0|0|0,0|0|0|0|0|0|0|0,6|0|0|0|0|0|0|0,0|0|0|0|0|0|0|0,0|0|0|0|0|0|0|0,7035|0|0|0|0|0|0|0,0,0,0,1,255,48
1405,0,5,1,3,1,0,0,0,151|0|0|0|0|0|0|0,98|0|0|0|0|0|0|0,0|0|0|0|0|0|0|0,6|0|0|0|0|0|0|0,0|0|0|0|0|0|0|0,0|0|0|0|0|0|0|0,7035|0|0|0|0|0|0|0,0,0,0,1,255,48
1406,0,5,1,3,1,0,0,0,152|0|0|0|0|0|0|0,98|0|0|0|0|0|0|0,120|0|0|0|0|0|0|0,6|0|0|0|0|0|0|0,0|0|0|0|0|0|0|0,0|0|0|0|0|0|0|0,7035|0|0|0|0|0|0|0,0,0,0,1,255,48
1407,0,5,1,3,1,0,0,0,153|0|0|0|0|0|0|0,98|0|0|0|0|0|0|0,120|0|0|0|0|0|0|0,6|0|0|0|0|0|0|0,0|0|0|0|0|0|0|0,0|0|0|0|0|0|0|0,7035|0|0|0|0|0|0|0,0,0,0,1,255,48
1408,0,5,1,3,1,0,0,0,154|0|0|0|0|0|0|0,98|0|0|0|0|0|0|0,120|0|0|0|0|0|0|0,6|0|0|0|0|0|0|0,0|0|0|0|0|0|0|0,0|0|0|0|0|0|0|0,7035|0|0|0|0|0|0|0,0,0,0,1,255,48
1409,0,5,2,3,2,0,0,0,152|152|0|0|0|0|0|0,98|98|0|0|0|0|0|0,120|120|0|0|0|0|0|0,6|6|0|0|0|0|0|0,-7|7|0|0|0|0|0|0,0|0|0|0|0|0|0|0,7035|7035|0|0|0|0|0|0,0,0,0,1,255,48
1410,0,5,3,3,3,0,0,0,152|152|153|0|0|0|0|0,98|98|98|0|0|0|0|0,120|120|120|0|0|0|0|0,6|6|6|0|0|0|0|0,-9|9|0|0|0|0|0|0,6|6|0|0|0|0|0|0,7035|7035|7035|0|0|0|0|0,0,0,0,1,255,48
1411,0,8,1,0,1,0,0,0,128|0|0|0|0|0|0|0,255|0|0|0|0|0|0|0,0|0|0|0|0|0|0|0,0|0|0|0|0|0|0|0,0|0|0|0|0|0|0|0,0|0|0|0|0|0|0|0,57|0|0|0|0|0|0|0,1,0,0,7,6,80
1412,0,6,1,0,1,0,0,0,128|0|0|0|0|0|0|0,255|0|0|0|0|0|0|0,0|0|0|0|0|0|0|0,0|0|0|0|0|0|0|0,0|0|0|0|0|0|0|0,0|0|0|0|0|0|0|0,57|0|0|0|0|0|0|0,1,0,0,7,6,80
1413,0,4,1,0,1,0,0,0,128|0|0|0|0|0|0|0,255|0|0|0|0|0|0|0,0|0|0|0|0|0|0|0,0|0|0|0|0|0|0|0,0|0|0|0|0|0|0|0,0|0|0|0|0|0|0|0,57|0|0|0|0|0|0|0,1,0,0,7,6,80
1414,0,10,2,0,2,0,0,0,128|128|0|0|0|0|0|0,255|255|0|0|0|0|0|0,0|0|0|0|0|0|0|0,-1|-1|0|0|0|0|0|0,9|-9|0|0|0|0|0|0,0|0|0|0|0|0|0|0,57|57|0|0|0|0|0|0,1,0,0,7,6,80
1415,0,8,2,0,2,0,0,0,128|128|0|0|0|0|0|0,255|255|0|0|0|0|0|0,0|0|0|0|0|0|0|0,0|0|0|0|0|0|0|0,9|-9|0|0|0|0|0|0,0|0|0|0|0|0|0|0,57|57|0|0|0|0|0|0,1,0,0,7,6,80
1416,0,6,1,0,1,0,0,0,113|0|0|0|0|0|0|0,255|0|0|0|0|0|0|0,0|0|0|0|0|0|0|0,-1|0|0|0|0|0|0|0,0|0|0|0|0|0|0|0,4|0|0|0|0|0|0|0,76|0|0|0|0|0|0|0,1,0,0,7,6,80
1417,0,4,1,0,1,0,0,0,113|0|0|0|0|0|0|0,255|0|0|0|0|0|0|0,0|0|0|0|0|0|0|0,-1|0|0|0|0|0|0|0,0|0|0|0|0|0|0|0,4|0|0|0|0|0|0|0,76|0|0|0|0|0|0|0,1,0,0,7,6,80
1418,0,5,1,0,1,0,0,0,114|0|0|0|0|0|0|0,255|0|0|0|0|0|0|0,0|0|0|0|0|0|0|0,-1|0|0|0|0|0|0|0,0|0|0|0|0|0|0|0,4|0|0|0|0|0|0|0,95|0|0|0|0|0|0|0,1,0,0,7,6,80
1419,0,6,2,0,2,0,0,0,113|113|0|0|0|0|0|0,255|255|0|0|0|0|0|0,0|0|0|0|0|0|0|0,-1|-1|0|0|0|0|0|0,9|-9|0|0|0|0|0|0,0|0|0|0|0|0|0|0,76|76|0|0|0|0|0|0,1,0,0,7,6,80
1420,0,7,2,0,2,0,0,0,114|114|0|0|0|0|0|0,255|255|0|0|0|0|0|0,0|0|0|0|0|0|0|0,-1|-1|0|0|0|0|0|0,9|-9|0|0|0|0|0|0,0|0|0|0|0|0|0|0,95|95|0|0|0|0|0|0,1,0,0,7,6,80
1421,0,9,4,0,4,0,0,0,114|114|128|128|0|0|0|0,255|255|255|255|0|0|0|0,0|0|0|0|0|0|0|0,-1|-1|-2|-2|0|0|0|0,9|-9|16|-16|0|0|0|0,0|0|0|0|0|0|0|0,95|95|57|57|0|0|0|0,1,0,0,7,6,80
1422,0,8,1,0,2,0,0,0,128|128|0|0|0|0|0|0,255|255|0|0|0|0|0|0,-6|6|0|0|0|0|0|0,6|6|0|0|0|0|0|0,0|0|0|0|0|0|0|0,0|0|0|0|0|0|0|0,13|14|0|0|0|0|0|0,0,0,0,7,98,80
1423,0,6,1,0,2,0,0,0,128|128|0|0|0|0|0|0,255|255|0|0|0|0|0|0,-6|6|0|0|0|0|0|0,6|6|0|0|0|0|0|0,0|0|0|0|0|0|0|0,0|0|0|0|0|0|0|0,13|14|0|0|0|0|0|0,0,0,0,7,98,80
1424,0,8,2,0,2,0,0,0,128|128|0|0|0|0|0|0,255|255|0|0|0|0|0|0,-6|6|0|0|0|0|0|0,6|6|0|0|0|0|0|0,0|0|0|0|0|0|0|0,0|0|0|0|0|0|0|0,13|14|0|0|0|0|0|0,0,0,0,7,98,80
1425,0,7,2,0,4,0,0,0,128|128|128|128|0|0|0|0,255|255|255|255|0|0|0|0,-5|5|-7|7|0|0|0|0,7|7|5|5|0|0|0|0,0|0|0|0|0|0|0|0,0|0|0|0|0|0|0|0,13|14|13|14|0|0|0|0,0,0,0,7,98,80
1426,0,8,4,0,4,0,0,0,128|128|128|128|0|0|0|0,255|255|255|255|0|0|0|0,-5|5|-7|7|0|0|0|0,7|7|5|5|0|0|0|0,0|0|0|0|0|0|0|0,0|0|0|0|0|0|0|0,13|14|13|14|0|0|0|0,0,0,0,7,98,80
1427,0,6,4,0,6,0,0,0,128|128|128|128|128|128|0|0,255|255|255|255|255|255|0|0,-5|5|-7|7|-6|6|0|0,7|7|5|5|6|6|0|0,0|0|0|0|0|0|0|0,0|0|0|0|0|0|0|0,13|14|13|14|13|14|0|0,0,0,0,7,98,80
1428,0,7,6,0,6,0,0,0,128|128|128|128|128|128|0|0,255|255|255|255|255|255|0|0,-5|5|-7|7|-6|6|0|0,7|7|5|5|6|6|0|0,0|0|0|0|0|0|0|0,0|0|0|0|0|0|0|0,13|14|13|14|13|14|0|0,0,0,0,7,98,80
1429,0,6,4,0,6,0,0,0,128|128|128|128|113|113|0|0,255|255|255|255|255|255|0|0,-5|5|-7|7|-6|6|0|0,7|7|5|5|6|6|0|0,0|0|0|0|0|0|0|0,0|0|0|0|0|0|0|0,13|14|13|14|96|115|0|0,0,0,0,7,98,80
1430,0,5,4,0,4,0,0,0,113|113|113|113|0|0|0|0,255|255|255|255|0|0|0|0,-6|6|-7|7|0|0|0|0,6|6|5|5|0|0|0|0,0|0|0|0|0|0|0|0,0|0|0|0|0|0|0|0,96|115|96|115|0|0|0|0,0,0,0,7,98,80
1431,0,6,2,0,2,0,0,0,114|114|0|0|0|0|0|0,255|255|0|0|0|0|0|0,-7|7|0|0|0|0|0|0,7|7|0|0|0|0|0|0,0|0|0|0|0|0|0|0,0|0|0|0|0|0|0|0,15|53|0|0|0|0|0|0,0,0,0,7,98,80
1432,0,5,2,0,8,0,0,0,114|114|114|114|114|114|114|114,255|255|255|255|255|255|255|255,-7|7|-9|9|-8|8|-6|6,7|7|5|5|6|6|8|8,0|0|0|0|0|0|0|0,0|0|0|0|0|0|0|0,15|53|15|53|15|53|15|53,0,0,0,7,98,80
1433,0,2,1,0,2,0,0,0,149|149|0|0|0|0|0|0,255|255|0|0|0|0|0|0,-9|9|0|0|0|0|0|0,0|0|0|0|0|0|0|0,0|0|0|0|0|0|0|0,0|0|0|0|0|0|0|0,256|257|0|0|0|0|0|0,0,0,0,1,255,112
1434,0,3,2,0,2,0,0,0,149|149|0|0|0|0|0|0,255|255|0|0|0|0|0|0,-9|9|0|0|0|0|0|0,0|0|0|0|0|0|0|0,0|0|0|0|0|0|0|0,0|0|0|0|0|0|0|0,256|257|0|0|0|0|0|0,0,0,0,1,255,112
1435,0,4,2,0,2,0,0,0,150|150|0|0|0|0|0|0,255|255|0|0|0|0|0|0,-9|9|0|0|0|0|0|0,0|0|0|0|0|0|0|0,0|0|0|0|0|0|0|0,0|0|0|0|0|0|0|0,256|257|0|0|0|0|0|0,0,0,0,1,255,112
1436,0,5,3,0,3,0,0,0,150|150|150|0|0|0|0|0,255|255|255|0|0|0|0|0,-9|9|0|0|0|0|0|0,0|0|-9|0|0|0|0|0,0|0|0|0|0|0|0|0,0|0|0|0|0|0|0|0,256|257|209|0|0|0|0|0,0,0,0,1,255,112
1437,0,6,4,0,4,0,0,0,150|150|150|150|0|0|0|0,255|255|255|255|0|0|0|0,-9|9|-9|9|0|0|0|0,0|0|0|0|0|0|0|0,0|0|0|0|0|0|0|0,0|0|14|14|0|0|0|0,256|257|256|257|0|0|0|0,0,0,0,1,255,112
1438,0,6,3,0,3,0,0,0,151|151|150|0|0|0|0|0,255|255|255|0|0|0|0|0,-10|10|0|0|0|0|0|0,0|0|-9|0|0|0|0|0,0|0|0|0|0|0|0|0,0|0|0|0|0|0|0|0,256|257|209|0|0|0|0|0,0,0,0,1,255,112
1439,0,6,4,0,4,0,0,0,151|151|150|150|0|0|0|0,255|255|255|255|0|0|0|0,-10|10|0|0|0|0|0|0,0|0|-9|9|0|0|0|0,0|0|0|0|0|0|0|0,0|0|0|0|0|0|0|0,256|257|209|208|0|0|0|0,0,0,0,1,255,112
1440,0,6,4,0,4,0,0,0,152|152|151|151|0|0|0|0,255|255|255|255|0|0|0|0,-12|12|0|0|0|0|0|0,0|0|-11|-11|0|0|0|0,0|0|-6|6|0|0|0|0,0|0|0|0|0|0|0|0,256|257|209|209|0|0|0|0,0,0,0,1,255,112
1441,0,6,4,0,4,0,0,0,153|153|151|151|0|0|0|0,255|255|255|255|0|0|0|0,-12|12|0|0|0|0|0|0,0|0|-11|-11|0|0|0|0,0|0|-6|6|0|0|0|0,0|0|0|0|0|0|0|0,256|257|209|209|0|0|0|0,0,0,0,1,255,112
1442,0,6,5,0,5,0,0,0,151|151|151|151|151|0|0|0,255|255|255|255|255|0|0|0,0|-10|10|-10|10|0|0|0,-11|0|0|0|0|0|0|0,0|0|0|0|0|0|0|0,0|7|7|-7|-7|0|0|0,209|256|257|256|257|0|0|0,0,0,0,1,255,112
1443,0,6,6,0,6,0,0,0,151|151|151|151|151|154|0|0,255|255|255|255|255|255|0|0,0|-10|10|-10|10|0|0|0,-11|0|0|0|0|13|0|0,0|0|0|0|0|0|0|0,0|7|7|-7|-7|0|0|0,209|256|257|256|257|208|0|0,0,0,0,1,255,112
1444,0,2,1,9,1,0,0,0,2|0|0|0|0|0|0|0,10|0|0|0|0|0|0|0,0|0|0|0|0|0|0|0,5|0|0|0|0|0|0|0,0|0|0|0|0|0|0|0,0|0|0|0|0|0|0|0,172|0|0|0|0|0|0|0,0,0,0,0,255,112
1445,0,2,1,0,1,0,0,0,1|0|0|0|0|0|0|0,255|0|0|0|0|0|0|0,0|0|0|0|0|0|0|0,9|0|0|0|0|0|0|0,0|0|0|0|0|0|0|0,0|0|0|0|0|0|0|0,39|0|0|0|0|0|0|0,0,0,0,25,255,112
1446,0,2,1,0,1,0,0,0,1|0|0|0|0|0|0|0,255|0|0|0|0|0|0|0,0|0|0|0|0|0|0|0,12|0|0|0|0|0|0|0,0|0|0|0|0|0|0|0,0|0|0|0|0|0|0|0,6|0|0|0|0|0|0|0,0,0,0,13,255,192
1447,0,4,1,5,1,0,0,0,4|0|0|0|0|0|0|0,255|0|0|0|0|0|0|0,0|0|0|0|0|0|0|0,7|0|0|0|0|0|0|0,0|0|0|0|0|0|0|0,0|0|0|0|0|0|0|0,582|0|0|0|0|0|0|0,0,0,0,26,255,208
1448,0,3,1,0,1,0,0,0,2|0|0|0|0|0|0|0,255|0|0|0|0|0|0|0,0|0|0|0|0|0|0|0,10|0|0|0|0|0|0|0,0|0|0|0|0|0|0|0,0|0|0|0|0|0|0|0,126|0|0|0|0|0|0|0,1,0,0,16,255,208
1449,0,2,1,0,1,0,0,0,1|0|0|0|0|0|0|0,255|0|0|0|0|0|0|0,0|0|0|0|0|0|0|0,14|0|0|0|0|0|0|0,0|0|0|0|0|0|0|0,0|0|0|0|0|0|0|0,99|0|0|0|0|0|0|0,0,0,0,20,255,112
1450,0,8,1,0,1,0,0,0,128|0|0|0|0|0|0|0,255|0|0|0|0|0|0|0,-7|0|0|0|0|0|0|0,20|0|0|0|0|0|0|0,0|0|0|0|0|0|0|0,0|0|0|0|0|0|0|0,171|0|0|0|0|0|0|0,0,0,0,7,98,80
1451,0,3,1,0,1,0,0,0,2|0|0|0|0|0|0|0,255|0|0|0|0|0|0|0,0|0|0|0|0|0|0|0,9|0|0|0|0|0|0|0,0|0|0|0|0|0|0|0,0|0|0|0|0|0|0|0,59|0|0|0|0|0|0|0,0,0,0,1,255,48
1452,0,4,1,0,1,0,0,0,1|0|0|0|0|0|0|0,255|0|0|0|0|0|0|0,0|0|0|0|0|0|0|0,10|0|0|0|0|0|0|0,0|0|0|0|0|0|0|0,0|0|0|0|0|0|0|0,27|0|0|0|0|0|0|0,0,0,0,13,255,192
1453,0,4,2,0,2,0,0,0,1|1|0|0|0|0|0|0,255|255|0|0|0|0|0|0,0|0|0|0|0|0|0|0,10|10|0|0|0|0|0|0,-4|4|0|0|0|0|0|0,12|12|0|0|0|0|0|0,20|20|0|0|0|0|0|0,0,0,0,13,255,112
1454,0,8,1,0,1,0,0,0,5|0|0|0|0|0|0|0,255|0|0|0|0|0|0|0,0|0|0|0|0|0|0|0,11|0|0|0|0|0|0|0,0|0|0|0|0|0|0|0,0|0|0|0|0|0|0|0,262|0|0|0|0|0|0|0,0,0,0,6,255,208
1455,0,10,1,0,1,0,0,0,8|0|0|0|0|0|0|0,255|0|0|0|0|0|0|0,0|0|0|0|0|0|0|0,11|0|0|0|0|0|0|0,0|0|0|0|0|0|0|0,0|0|0|0|0|0|0|0,263|0|0|0|0|0|0|0,0,0,0,6,255,208
1456,0,12,1,0,1,0,0,0,10|0|0|0|0|0|0|0,255|0|0|0|0|0|0|0,0|0|0|0|0|0|0|0,11|0|0|0|0|0|0|0,0|0|0|0|0|0|0|0,0|0|0|0|0|0|0|0,264|0|0|0|0|0|0|0,0,0,0,6,255,208
1457,0,14,1,0,1,0,0,0,15|0|0|0|0|0|0|0,255|0|0|0|0|0|0|0,0|0|0|0|0|0|0|0,11|0|0|0|0|0|0|0,0|0|0|0|0|0|0|0,0|0|0|0|0|0|0|0,265|0|0|0|0|0|0|0,0,0,0,6,255,208
1458,0,3,1,0,1,0,0,0,1|0|0|0|0|0|0|0,255|0|0|0|0|0|0|0,0|0|0|0|0|0|0|0,9|0|0|0|0|0|0|0,0|0|0|0|0|0|0|0,0|0|0|0|0|0|0|0,58|0|0|0|0|0|0|0,0,0,0,25,255,112
1459,0,2,1,0,1,0,0,0,4|0|0|0|0|0|0|0,255|0|0|0|0|0|0|0,0|0|0|0|0|0|0|0,9|0|0|0|0|0|0|0,0|0|0|0|0|0|0|0,0|0|0|0|0|0|0|0,59|0|0|0|0|0|0|0,0,0,0,25,255,112
1460,0,2,1,0,1,0,0,0,8|0|0|0|0|0|0|0,255|0|0|0|0|0|0|0,0|0|0|0|0|0|0|0,9|0|0|0|0|0|0|0,0|0|0|0|0|0|0|0,0|0|0|0|0|0|0|0,60|0|0|0|0|0|0|0,0,0,0,25,255,112
1461,0,2,3,0,3,0,0,0,6|5|5|0|0|0|0|0,255|255|255|0|0|0|0|0,0|-2|2|0|0|0|0|0,9|8|8|0|0|0|0|0,0|-2|2|0|0|0|0|0,0|0|0|0|0|0|0|0,59|279|280|0|0|0|0|0,0,0,0,25,255,112
1462,0,2,4,0,4,0,0,0,253|253|4|4|0|0|0|0,255|255|255|255|0|0|0|0,0|0|0|0|0|0|0|0,9|9|9|9|0|0|0|0,0|0|-10|10|0|0|0|0,-7|7|9|9|0|0|0|0,600|619|581|581|0|0|0|0,0,0,0,25,255,208
1463,0,2,6,0,6,0,0,0,253|253|253|253|4|4|0|0,255|255|255|255|255|255|0|0,0|0|0|0|0|0|0|0,9|9|9|9|9|9|0|0,-6|-6|6|6|-14|14|0|0,-7|7|-7|7|9|9|0|0,600|619|600|619|581|581|0|0,0,0,0,25,255,208
1464,0,5,1,0,1,0,0,0,2|0|0|0|0|0|0|0,98|0|0|0|0|0|0|0,0|0|0|0|0|0|0|0,0|0|0|0|0|0|0|0,0|0|0|0|0|0|0|0,0|0|0|0|0|0|0|0,66|0|0|0|0|0|0|0,1,0,0,13,255,192
1465,0,3,1,0,1,0,0,0,6|0|0|0|0|0|0|0,98|0|0|0|0|0|0|0,0|0|0|0|0|0|0|0,0|0|0|0|0|0|0|0,0|0|0|0|0|0|0|0,0|0|0|0|0|0|0|0,73|0|0|0|0|0|0|0,1,0,0,13,255,192
1466,0,3,1,0,1,0,0,0,12|0|0|0|0|0|0|0,98|0|0|0|0|0|0|0,0|0|0|0|0|0|0|0,0|0|0|0|0|0|0|0,0|0|0|0|0|0|0|0,0|0|0|0|0|0|0|0,123|0|0|0|0|0|0|0,1,0,0,13,255,192
1467,0,3,2,0,2,0,0,0,10|10|0|0|0|0|0|0,98|98|0|0|0|0|0|0,0|0|0|0|0|0|0|0,0|0|0|0|0|0|0|0,-6|6|0|0|0|0|0|0,0|0|0|0|0|0|0|0,143|144|0|0|0|0|0|0,1,0,0,13,255,192
1468,0,3,3,0,3,0,0,0,10|10|10|0|0|0|0|0,98|98|98|0|0|0|0|0,0|0|0|0|0|0|0|0,0|-1|-1|0|0|0|0|0,0|-12|12|0|0|0|0|0,0|0|0|0|0|0|0|0,73|73|73|0|0|0|0|0,1,0,0,13,255,208
1469,0,3,8,0,8,0,0,0,250|252|252|250|251|251|251|251,255|255|255|255|255|255|255|255,0|0|0|0|0|0|0|0,7|7|7|7|7|7|7|7,-18|-6|6|18|-18|-6|6|18,-7|-7|-7|-7|7|7|7|7,767|768|769|770|786|787|788|789,0,0,0,14,255,192
1470,0,4,1,0,1,0,0,0,1|0|0|0|0|0|0|0,255|0|0|0|0|0|0|0,0|0|0|0|0|0|0|0,21|0|0|0|0|0|0|0,0|0|0|0|0|0|0|0,0|0|0|0|0|0|0|0,67|0|0|0|0|0|0|0,-1,0,0,20,255,112
1471,0,1,1,0,1,0,0,0,4|0|0|0|0|0|0|0,255|0|0|0|0|0|0|0,0|0|0|0|0|0|0|0,20|0|0|0|0|0|0|0,0|0|0|0|0|0|0|0,0|0|0|0|0|0|0|0,70|0|0|0|0|0|0|0,-1,0,0,20,255,112
1472,0,1,1,0,1,0,0,0,8|0|0|0|0|0|0|0,255|0|0|0|0|0|0|0,0|0|0|0|0|0|0|0,20|0|0|0|0|0|0|0,0|0|0|0|0|0|0|0,0|0|0|0|0|0|0|0,219|0|0|0|0|0|0|0,-1,0,0,20,255,112
1473,0,1,2,0,2,0,0,0,8|8|0|0|0|0|0|0,255|255|0|0|0|0|0|0,0|0|0|0|0|0|0|0,20|20|0|0|0|0|0|0,-4|4|0|0|0|0|0|0,0|0|0|0|0|0|0|0,218|218|0|0|0|0|0|0,-1,0,0,20,255,112
1474,0,1,4,0,4,0,0,0,6|6|6|6|0|0|0|0,255|255|255|255|0|0|0|0,0|0|0|0|0|0|0|0,3|1|3|1|0|0|0|0,-8|-8|8|8|0|0|0|0,0|0|0|0|0|0|0|0,578|578|578|578|0|0|0|0,1,0,0,20,255,208
1475,0,1,8,0,8,0,0,0,6|6|6|6|6|6|6|6,255|255|255|255|255|255|255|255,0|0|0|0|0|0|0|0,4|2|0|-2|4|2|0|-2,-8|-8|-8|-8|8|8|8|8,0|0|0|0|0|0|0|0,578|578|578|578|578|578|578|578,1,0,0,20,255,208
1476,0,2,1,9,1,0,0,0,3|0|0|0|0|0|0|0,10|0|0|0|0|0|0|0,0|0|0|0|0|0|0|0,5|0|0|0|0|0|0|0,0|0|0|0|0|0|0|0,0|0|0|0|0|0|0|0,172|0|0|0|0|0|0|0,0,0,0,0,255,112
1477,0,2,2,9,2,0,0,0,4|4|0|0|0|0|0|0,10|10|0|0|0|0|0|0,-4|4|0|0|0|0|0|0,5|5|0|0|0|0|0|0,0|0|0|0|0|0|0|0,0|0|0|0|0|0|0|0,172|172|0|0|0|0|0|0,0,0,0,0,255,112
1478,0,2,4,9,4,0,0,0,5|5|5|5|0|0|0|0,10|10|10|10|0|0|0|0,0|0|-1|1|0|0|0|0,5|5|5|5|0|0|0|0,-4|4|-6|6|0|0|0|0,0|0|0|0|0|0|0|0,172|172|172|172|0|0|0|0,0,0,0,0,255,112
1479,0,2,5,9,5,0,0,0,6|6|6|6|6|0|0|0,10|10|10|10|10|0|0|0,0|0|0|-1|1|0|0|0,5|5|5|5|5|0|0|0,0|4|-4|-6|6|0|0|0,0|0|0|0|0|0|0|0,172|172|172|172|172|0|0|0,0,0,0,0,255,112
1480,0,2,7,9,7,0,0,0,7|7|7|7|7|7|7|0,10|10|10|10|10|10|10|0,0|0|0|-1|1|-2|2|0,5|5|5|5|5|5|5|0,0|4|-4|-6|6|-8|8|0,0|0|0|0|0|0|0|0,172|172|172|172|172|172|172|0,0,0,0,0,255,112
1481,0,2,8,9,8,0,0,0,8|8|8|8|8|8|8|8,10|10|10|10|10|10|10|10,0|0|0|-1|1|-2|2|0,6|5|5|5|5|5|5|7,0|4|-4|-6|6|-8|8|0,0|0|0|0|0|0|0|8,172|172|172|172|172|172|172|172,0,0,0,0,255,112
1482,0,4,1,0,1,0,0,0,3|0|0|0|0|0|0|0,107|0|0|0|0|0|0|0,0|0|0|0|0|0|0|0,7|0|0|0|0|0|0|0,0|0|0|0|0|0|0|0,0|0|0|0|0|0|0|0,601|0|0|0|0|0|0|0,0,0,0,26,255,208
1483,0,2,1,0,1,0,0,0,4|0|0|0|0|0|0|0,105|0|0|0|0|0|0|0,0|0|0|0|0|0|0|0,7|0|0|0|0|0|0|0,0|0|0|0|0|0|0|0,0|0|0|0|0|0|0|0,582|0|0|0|0|0|0|0,0,0,0,26,255,208
1484,0,2,3,0,3,0,0,0,8|3|3|0|0|0|0|0,105|107|107|0|0|0|0|0,0|-1|1|0|0|0|0|0,7|7|7|0|0|0|0|0,0|-4|4|0|0|0|0|0,0|0|0|0|0|0|0|0,582|601|601|0|0|0|0|0,0,0,0,26,255,208
1485,0,2,3,0,3,0,0,0,8|8|8|0|0|0|0|0,105|105|105|0|0|0|0|0,0|0|0|0|0|0|0|0,7|6|6|0|0|0|0|0,0|-9|9|0|0|0|0|0,0|0|0|0|0|0|0|0,582|582|582|0|0|0|0|0,0,0,0,26,255,208
1486,0,2,4,0,4,0,0,0,8|8|8|8|0|0|0|0,105|105|105|105|0|0|0|0,0|0|0|0|0|0|0|0,7|7|6|6|0|0|0|0,-4|4|-14|14|0|0|0|0,0|0|0|0|0|0|0|0,582|582|582|582|0|0|0|0,0,0,0,26,255,208
1487,0,2,4,7,4,0,0,0,251|251|251|251|0|0|0|0,255|255|255|255|0|0|0|0,0|0|0|0|0|0|0|0,2|2|2|2|0|0|0|0,-6|6|-6|6|0|0|0|0,-7|-7|7|7|0|0|0|0,683|702|721|740|0|0|0|0,0,0,0,26,255,208
1488,0,3,1,0,1,0,0,0,2|0|0|0|0|0|0|0,255|0|0|0|0|0|0|0,0|0|0|0|0|0|0|0,-4|0|0|0|0|0|0|0,0|0|0|0|0|0|0|0,0|0|0|0|0|0|0|0,126|0|0|0|0|0|0|0,1,0,0,16,255,208
1489,0,3,2,0,2,0,0,0,2|2|0|0|0|0|0|0,255|255|0|0|0|0|0|0,0|0|0|0|0|0|0|0,-4|-4|0|0|0|0|0|0,0|0|0|0|0|0|0|0,0|0|0|0|0|0|0|0,126|126|0|0|0|0|0|0,1,0,0,16,255,208
1490,0,3,2,0,2,0,0,0,4|4|0|0|0|0|0|0,255|255|0|0|0|0|0|0,0|0|0|0|0|0|0|0,-4|-4|0|0|0|0|0|0,0|0|0|0|0|0|0|0,0|0|0|0|0|0|0|0,214|214|0|0|0|0|0|0,1,0,0,16,255,208
1491,0,3,4,0,4,0,0,0,5|5|2|2|0|0|0|0,255|255|255|255|0|0|0|0,0|0|0|0|0|0|0|0,-4|-4|-4|-4|0|0|0|0,0|0|-8|8|0|0|0|0,0|0|0|0|0|0|0|0,214|214|126|126|0|0|0|0,1,0,0,16,255,208
1492,0,3,4,0,4,0,0,0,252|252|252|252|0|0|0|0,255|255|255|255|0|0|0|0,0|0|0|0|0|0|0|0,-3|-3|-3|-3|0|0|0|0,-6|6|-6|6|0|0|0|0,-7|-7|7|7|0|0|0|0,239|240|258|259|0|0|0|0,1,0,0,16,255,208
1493,0,3,8,0,8,0,0,0,252|252|252|252|252|252|252|252,255|255|255|255|255|255|255|255,-1|-1|-1|-1|1|1|1|1,-3|-3|-3|-3|-3|-3|-3|-3,-6|6|-6|6|-6|6|-6|6,-7|-7|7|7|-7|-7|7|7,239|240|258|259|239|240|258|259,1,0,0,16,255,208
1494,0,8,1,0,1,0,0,0,128|0|0|0|0|0|0|0,255|0|0|0|0|0|0|0,0|0|0|0|0|0|0|0,0|0|0|0|0|0|0|0,0|0|0|0|0|0|0|0,0|0|0|0|0|0|0|0,57|0|0|0|0|0|0|0,1,0,0,7,6,80
1495,0,9,2,0,2,0,0,0,128|128|0|0|0|0|0|0,255|255|0|0|0|0|0|0,0|0|0|0|0|0|0|0,-1|-1|0|0|0|0|0|0,9|-9|0|0|0|0|0|0,0|0|0|0|0|0|0|0,57|57|0|0|0|0|0|0,1,0,0,7,6,80
1496,0,9,2,0,2,0,0,0,113|113|0|0|0|0|0|0,255|255|0|0|0|0|0|0,0|0|0|0|0|0|0|0,-1|-1|0|0|0|0|0|0,9|-9|0|0|0|0|0|0,0|0|0|0|0|0|0|0,76|76|0|0|0|0|0|0,1,0,0,7,6,80
1497,0,9,2,0,2,0,0,0,114|114|0|0|0|0|0|0,255|255|0|0|0|0|0|0,0|0|0|0|0|0|0|0,-1|-1|0|0|0|0|0|0,9|-9|0|0|0|0|0|0,0|0|0|0|0|0|0|0,95|95|0|0|0|0|0|0,1,0,0,7,6,80
1498,0,9,4,0,4,0,0,0,114|114|128|128|0|0|0|0,255|255|255|255|0|0|0|0,0|0|0|0|0|0|0|0,-1|-1|-2|-2|0|0|0|0,9|-9|16|-16|0|0|0|0,0|0|0|0|0|0|0|0,95|95|57|57|0|0|0|0,1,0,0,7,6,80
1499,0,9,6,0,6,0,0,0,114|114|128|128|128|128|0|0,255|255|255|255|255|255|0|0,0|0|0|0|0|0|0|0,-1|-1|-2|-2|0|0|0|0,9|-9|16|-16|30|-30|0|0,0|0|0|0|0|0|0|0,95|95|57|57|57|57|0|0,1,0,0,7,6,80
1500,0,3,1,0,1,0,0,0,149|0|0|0|0|0|0|0,255|0|0|0|0|0|0|0,0|0|0|0|0|0|0|0,6|0|0|0|0|0|0|0,0|0|0|0|0|0|0|0,0|0|0|0|0|0|0|0,241|0|0|0|0|0|0|0,0,0,0,1,255,48
1501,0,4,1,0,1,0,0,0,150|0|0|0|0|0|0|0,98|0|0|0|0|0|0|0,0|0|0|0|0|0|0|0,6|0|0|0|0|0|0|0,0|0|0|0|0|0|0|0,0|0|0|0|0|0|0|0,241|0|0|0|0|0|0|0,0,0,0,1,255,48
1502,0,5,1,0,1,0,0,0,152|0|0|0|0|0|0|0,98|0|0|0|0|0|0|0,0|0|0|0|0|0|0|0,6|0|0|0|0|0|0|0,0|0|0|0|0|0|0|0,0|0|0|0|0|0|0|0,241|0|0|0|0|0|0|0,0,0,0,1,255,48
1503,0,5,1,0,1,0,0,0,153|0|0|0|0|0|0|0,98|0|0|0|0|0|0|0,0|0|0|0|0|0|0|0,6|0|0|0|0|0|0|0,0|0|0|0|0|0|0|0,0|0|0|0|0|0|0|0,241|0|0|0|0|0|0|0,0,0,0,1,255,48
1504,0,5,2,0,2,0,0,0,152|152|0|0|0|0|0|0,98|98|0|0|0|0|0|0,0|0|0|0|0|0|0|0,6|6|0|0|0|0|0|0,-7|7|0|0|0|0|0|0,0|0|0|0|0|0|0|0,241|241|0|0|0|0|0|0,0,0,0,1,255,48
1505,0,5,3,0,3,0,0,0,152|152|153|0|0|0|0|0,98|98|98|0|0|0|0|0,0|0|0|0|0|0|0|0,6|6|6|0|0|0|0|0,-9|9|0|0|0|0|0|0,6|6|0|0|0|0|0|0,241|241|241|0|0|0|0|0,0,0,0,1,255,48
1506,0,5,1,3,1,0,0,0,2|0|0|0|0|0|0|0,255|0|0|0|0|0|0|0,0|0|0|0|0|0|0|0,8|0|0|0|0|0|0|0,0|0|0|0|0|0|0|0,0|0|0|0|0|0|0|0,153|0|0|0|0|0|0|0,0,0,0,2,255,0
1507,0,5,2,3,2,0,0,0,2|2|0|0|0|0|0|0,255|255|0|0|0|0|0|0,-2|2|0|0|0|0|0|0,8|8|0|0|0|0|0|0,0|0|0|0|0|0|0|0,0|0|0|0|0|0|0|0,153|153|0|0|0|0|0|0,0,0,0,2,255,0
1508,0,4,2,3,4,0,0,0,2|2|2|2|0|0|0|0,255|255|255|255|0|0|0|0,-2|2|-1|1|0|0|0|0,7|7|8|8|0|0|0|0,0|0|0|0|0|0|0|0,0|0|0|0|0|0|0|0,153|153|153|153|0|0|0|0,0,0,0,2,255,0
1509,0,4,2,3,6,0,0,0,2|2|2|2|2|2|0|0,255|255|255|255|255|255|0|0,-2|2|-4|4|-1|1|0|0,7|7|5|5|8|8|0|0,0|0|0|0|0|0|0|0,0|0|0|0|0|0|0|0,153|153|153|153|153|153|0|0,0,0,0,2,255,0
1510,0,4,3,3,6,0,0,0,2|2|2|2|2|2|0|0,255|255|255|255|255|255|0|0,-2|2|0|-1|1|0|0|0,7|7|9|7|7|9|0|0,0|0|0|0|0|0|0|0,0|0|0|0|0|0|0|0,153|153|153|153|153|153|0|0,0,0,0,2,255,0
1511,0,3,2,3,8,0,0,0,2|2|2|2|2|2|2|2,255|255|255|255|255|255|255|255,0|0|1|-1|2|-2|3|-3,9|9|8|8|7|7|6|6,6|-6|6|-6|6|-6|6|-6,0|0|0|0|0|0|0|0,153|153|153|153|153|153|153|153,0,0,0,2,255,0
1512,0,4,4,3,8,0,0,0,2|2|2|2|2|2|2|2,255|255|255|255|255|255|255|255,0|0|1|-1|2|-2|3|-3,9|9|8|8|7|7|6|6,6|-6|6|-6|6|-6|6|-6,0|0|0|0|0|0|0|0,153|153|153|153|153|153|153|153,0,0,0,2,255,0
1513,0,4,6,3,8,0,0,0,2|2|2|2|2|2|2|2,255|255|255|255|255|255|255|255,0|0|1|-1|2|-2|3|-3,9|9|8|8|7|7|6|6,6|-6|6|-6|6|-6|6|-6,0|0|0|0|0|0|0|0,153|153|153|153|153|153|153|153,0,0,0,2,255,0
1514,0,5,8,3,8,0,0,0,2|2|2|2|2|2|2|2,255|255|255|255|255|255|255|255,0|0|1|-1|2|-2|3|-3,9|9|8|8|7|7|6|6,6|-6|6|-6|6|-6|6|-6,0|0|0|0|0|0|0|0,153|153|153|153|153|153|153|153,0,0,0,2,255,0
1515,0,4,8,3,8,0,0,0,2|2|2|2|2|2|2|2,255|255|255|255|255|255|255|255,0|0|1|-1|2|-2|3|-3,9|9|8|8|7|7|6|6,6|-6|6|-6|6|-6|6|-6,0|0|0|0|0|0|0|0,153|153|153|153|153|153|153|153,0,0,0,2,255,0
1516,0,3,8,3,8,0,0,0,2|2|2|2|2|2|2|2,255|255|255|255|255|255|255|255,0|0|1|-1|2|-2|3|-3,9|9|8|8|7|7|6|6,6|-6|6|-6|6|-6|6|-6,0|0|0|0|0|0|0|0,153|153|153|153|153|153|153|153,0,0,0,2,255,0
1517,0,4,2,3,2,0,0,0,2|2|0|0|0|0|0|0,255|255|0|0|0|0|0|0,-6|6|0|0|0|0|0|0,2|2|0|0|0|0|0|0,0|0|0|0|0|0|0|0,0|0|0|0|0|0|0|0,153|153|0|0|0|0|0|0,0,0,0,2,255,0
1518,0,4,2,3,2,0,0,0,2|2|0|0|0|0|0|0,255|255|0|0|0|0|0|0,-5|5|0|0|0|0|0|0,3|3|0|0|0|0|0|0,0|0|0|0|0|0|0|0,0|0|0|0|0|0|0|0,153|153|0|0|0|0|0|0,0,0,0,2,255,0
1519,0,4,2,3,4,0,0,0,2|2|2|2|0|0|0|0,255|255|255|255|0|0|0|0,-7|7|-5|5|0|0|0|0,1|1|3|3|0|0|0|0,0|0|0|0|0|0|0|0,0|0|0|0|0|0|0|0,153|153|153|153|0|0|0|0,0,0,0,2,255,0
1520,0,4,2,3,6,0,0,0,2|2|2|2|2|2|0|0,255|255|255|255|255|255|0|0,-7|7|-5|5|-7|7|0|0,1|1|3|3|-1|-1|0|0,0|0|0|0|0|0|0|0,0|0|0|0|0|0|0|0,153|153|153|153|153|153|0|0,0,0,0,2,255,0
1521,0,4,2,3,6,0,0,0,2|2|2|2|2|2|0|0,255|255|255|255|255|255|0|0,-7|7|-5|5|-8|8|0|0,1|1|3|3|2|2|0|0,0|0|0|0|0|0|0|0,0|0|0|0|0|0|0|0,153|153|153|153|153|153|0|0,0,0,0,2,255,0
1522,0,20,1,3,1,0,0,0,187|0|0|0|0|0|0|0,255|0|0|0|0|0|0|0,0|0|0|0|0|0|0|0,2|0|0|0|0|0|0|0,0|0|0|0|0|0|0|0,0|0|0|0|0|0|0|0,153|0|0|0|0|0|0|0,0,0,0,2,255,0
1523,0,20,7,3,7,0,0,0,187|2|2|2|2|2|2|0,255|255|255|255|255|255|255|0,0|-7|7|-5|5|-8|8|0,2|1|1|3|3|2|2|0,0|0|0|0|0|0|0|0,0|0|0|0|0|0|0|0,153|153|153|153|153|153|153|0,0,0,0,2,255,0
1524,0,30,1,3,1,0,0,0,187|0|0|0|0|0|0|0,255|0|0|0|0|0|0|0,0|0|0|0|0|0|0|0,2|0|0|0|0|0|0|0,0|0|0|0|0|0|0|0,0|0|0|0|0|0|0|0,153|0|0|0|0|0|0|0,0,0,0,2,255,0
1525,0,30,7,3,7,0,0,0,187|2|2|2|2|2|2|0,255|255|255|255|255|255|255|0,0|-7|7|-5|5|-8|8|0,2|1|1|3|3|2|2|0,0|0|0|0|0|0|0|0,0|0|0|0|0|0|0|0,153|153|153|153|153|153|153|0,0,0,0,2,255,0
1526,0,20,7,3,7,0,0,0,187|2|2|2|2|2|2|0,255|255|255|255|255|255|255|0,0|-7|7|-5|5|-8|8|0,-3|1|1|3|3|2|2|0,0|0|0|0|0|0|0|0,0|0|0|0|0|0|0|0,153|153|153|153|153|153|153|0,1,0,0,2,255,0
1527,0,15,7,3,7,0,0,0,187|2|2|2|2|2|2|0,255|255|255|255|255|255|255|0,0|-7|7|-5|5|-8|8|0,-1|1|1|3|3|2|2|0,0|0|0|0|0|0|0|0,0|0|0|0|0|0|0|0,153|153|153|153|153|153|153|0,1,0,0,2,255,0
1528,0,5,1,3,1,0,0,0,2|0|0|0|0|0|0|0,255|0|0|0|0|0|0|0,0|0|0|0|0|0|0|0,8|0|0|0|0|0|0|0,0|0|0|0|0|0|0|0,0|0|0|0|0|0|0|0,153|0|0|0|0|0|0|0,0,0,0,2,255,0
1529,0,4,3,3,6,0,0,0,2|2|2|2|2|2|0|0,255|255|255|255|255|255|0|0,-2|2|0|-1|1|0|0|0,7|7|9|7|7|9|0|0,0|0|0|0|0|0|0|0,0|0|0|0|0|0|0|0,153|153|153|153|153|153|0|0,0,0,0,2,255,0
1530,0,5,8,3,8,0,0,0,2|2|2|2|2|2|2|2,255|255|255|255|255|255|255|255,0|0|1|-1|2|-2|3|-3,9|9|8|8|7|7|6|6,6|-6|6|-6|6|-6|6|-6,0|0|0|0|0|0|0|0,153|153|153|153|153|153|153|153,0,0,0,2,255,0
1531,0,3,8,3,8,0,0,0,2|2|2|2|2|2|2|2,255|255|255|255|255|255|255|255,0|0|1|-1|2|-2|3|-3,9|9|8|8|7|7|6|6,6|-6|6|-6|6|-6|6|-6,0|0|0|0|0|0|0|0,153|153|153|153|153|153|153|153,0,0,0,2,255,0
1532,0,15,1,3,1,0,0,0,187|0|0|0|0|0|0|0,255|0|0|0|0|0|0|0,0|0|0|0|0|0|0|0,-1|0|0|0|0|0|0|0,0|0|0|0|0|0|0|0,0|0|0|0|0|0|0|0,153|0|0|0|0|0|0|0,1,0,0,2,255,0
1533,0,30,7,3,7,0,0,0,187|2|2|2|2|2|2|0,255|255|255|255|255|255|255|0,0|-7|7|-5|5|-8|8|0,2|1|1|3|3|2|2|0,0|0|0|0|0|0|0|0,0|0|0|0|0|0|0|0,153|153|153|153|153|153|153|0,0,0,0,2,255,0
1534,0,3,1,3,1,0,0,0,2|0|0|0|0|0|0|0,255|0|0|0|0|0|0|0,0|0|0|0|0|0|0|0,8|0|0|0|0|0|0|0,0|0|0|0|0|0|0|0,0|0|0|0|0|0|0|0,153|0|0|0|0|0|0|0,0,0,0,2,255,0
1535,0,10,2,0,2,0,0,0,166|166|0|0|0|0|0|0,255|255|0|0|0|0|0|0,0|0|0|0|0|0|0|0,7|7|0|0|0|0|0|0,0|0|0|0|0|0|0|0,0|0|0|0|0|0|0|0,90|90|0|0|0|0|0|0,0,0,0,14,6,208
1536,0,3,1,0,1,0,0,0,2|0|0|0|0|0|0|0,255|0|0|0|0|0|0|0,0|0|0|0|0|0|0|0,8|0|0|0|0|0|0|0,0|0|0|0|0|0|0|0,0|0|0|0|0|0|0|0,160|0|0|0|0|0|0|0,0,0,0,5,255,160
1537,0,2,1,0,1,0,0,0,2|0|0|0|0|0|0|0,255|0|0|0|0|0|0|0,0|0|0|0|0|0|0|0,8|0|0|0|0|0|0|0,0|0|0|0|0|0|0|0,0|0|0|0|0|0|0|0,160|0|0|0|0|0|0|0,0,0,0,5,255,160
1538,0,4,2,0,2,0,0,0,2|2|0|0|0|0|0|0,255|255|0|0|0|0|0|0,0|0|0|0|0|0|0|0,8|8|0|0|0|0|0|0,-8|8|0|0|0|0|0|0,0|0|0|0|0|0|0|0,160|160|0|0|0|0|0|0,0,0,0,5,255,160
1539,0,3,2,0,2,0,0,0,2|2|0|0|0|0|0|0,255|255|0|0|0|0|0|0,0|0|0|0|0|0|0|0,8|8|0|0|0|0|0|0,-8|8|0|0|0|0|0|0,0|0|0|0|0|0|0|0,160|160|0|0|0|0|0|0,0,0,0,5,255,160
1540,0,4,3,0,3,0,0,0,2|2|2|0|0|0|0|0,255|255|255|0|0|0|0|0,0|0|0|0|0|0|0|0,8|8|8|0|0|0|0|0,-10|10|0|0|0|0|0|0,5|5|-5|0|0|0|0|0,160|160|160|0|0|0|0|0,0,0,0,5,255,160
1541,0,3,3,0,3,0,0,0,2|2|2|0|0|0|0|0,255|255|255|0|0|0|0|0,0|0|0|0|0|0|0|0,8|8|8|0|0|0|0|0,-10|10|0|0|0|0|0|0,5|5|-5|0|0|0|0|0,160|160|160|0|0|0|0|0,0,0,0,5,255,160
1542,0,4,4,0,4,0,0,0,2|2|2|2|0|0|0|0,255|255|255|255|0|0|0|0,0|0|0|0|0|0|0|0,8|8|8|8|0|0|0|0,-15|15|-8|8|0|0|0|0,5|5|-5|-5|0|0|0|0,160|160|160|160|0|0|0|0,0,0,0,5,255,160
1543,0,5,5,0,5,0,0,0,2|2|2|2|2|0|0|0,255|255|255|255|255|0|0|0,0|0|0|0|0|0|0|0,8|8|8|8|8|0|0|0,-20|20|-12|12|0|0|0|0,8|8|-2|-2|-6|0|0|0,160|160|160|160|160|0|0|0,0,0,0,5,255,160
1544,0,5,6,0,6,0,0,0,2|2|2|2|2|2|0|0,255|255|255|255|255|255|0|0,0|0|0|0|0|0|0|0,8|8|8|8|8|8|0|0,-24|24|-18|18|-12|12|0|0,8|8|-2|-2|-6|-6|0|0,160|160|160|160|160|160|0|0,0,0,0,5,255,160
1545,0,6,7,0,7,0,0,0,2|2|2|2|2|2|2|0,255|255|255|255|255|255|255|0,0|0|0|0|0|0|0|0,8|8|8|8|8|8|8|0,-24|24|-18|18|-12|12|0|0,8|8|-2|-2|-6|-6|-8|0,160|160|160|160|160|160|160|0,0,0,0,5,255,160
1546,0,6,8,0,8,0,0,0,2|2|2|2|2|2|2|2,255|255|255|255|255|255|255|255,0|0|0|0|0|0|0|0,8|8|8|8|8|8|8|8,-24|24|-18|18|-12|12|-5|5,8|8|-2|-2|-6|-6|-8|-8,160|160|160|160|160|160|160|160,0,0,0,5,255,160
1547,0,2,1,0,2,0,0,0,2|2|0|0|0|0|0|0,255|255|0|0|0|0|0|0,-6|6|0|0|0|0|0|0,6|6|0|0|0|0|0|0,-6|6|0|0|0|0|0|0,0|0|0|0|0|0|0|0,159|161|0|0|0|0|0|0,0,0,0,5,255,160
1548,0,3,2,0,2,0,0,0,2|2|0|0|0|0|0|0,255|255|0|0|0|0|0|0,-6|6|0|0|0|0|0|0,6|6|0|0|0|0|0|0,-6|6|0|0|0|0|0|0,0|0|0|0|0|0|0|0,159|161|0|0|0|0|0|0,0,0,0,5,255,160
1549,0,3,2,0,4,0,0,0,2|2|2|2|0|0|0|0,255|255|255|255|0|0|0|0,-6|6|-7|7|0|0|0|0,6|6|5|5|0|0|0|0,-6|6|-6|6|0|0|0|0,0|0|0|0|0|0|0|0,159|161|159|161|0|0|0|0,0,0,0,5,255,160
1550,0,3,3,0,3,0,0,0,2|2|2|0|0|0|0|0,255|255|255|0|0|0|0|0,-6|6|0|0|0|0|0|0,6|6|-8|0|0|0|0|0,-6|6|0|0|0|0|0|0,0|0|0|0|0|0|0|0,159|161|160|0|0|0|0|0,0,0,0,5,255,160
1551,0,3,4,0,4,0,0,0,2|2|2|2|0|0|0|0,255|255|255|255|0|0|0|0,-6|6|0|0|0|0|0|0,6|6|-8|-8|0|0|0|0,-6|6|-8|8|0|0|0|0,0|0|0|0|0|0|0|0,159|161|160|160|0|0|0|0,0,0,0,5,255,160
1552,0,4,5,0,5,0,0,0,2|2|2|2|2|0|0|0,255|255|255|255|255|0|0|0,-6|6|6|-6|0|0|0|0,6|6|-6|-6|-8|0|0|0,-6|6|6|-6|0|0|0|0,0|0|0|0|0|0|0|0,159|161|159|161|160|0|0|0,0,0,0,5,255,160
1553,0,4,6,0,6,0,0,0,2|2|2|2|2|2|0|0,255|255|255|255|255|255|0|0,-6|6|6|-6|0|0|0|0,6|6|-6|-6|-8|-8|0|0,-6|6|6|-6|-8|8|0|0,0|0|0|0|0|0|0|0,159|161|159|161|160|160|0|0,0,0,0,5,255,160
1554,0,4,7,0,7,0,0,0,2|2|2|2|2|2|2|0,255|255|255|255|255|255|255|0,-6|6|6|-6|0|0|0|0,6|6|-6|-6|-8|-8|-8|0,-6|6|6|-6|-12|12|0|0,0|0|0|0|0|0|4|0,159|161|159|161|160|160|160|0,0,0,0,5,255,160
1555,0,5,8,0,8,0,0,0,2|2|2|2|2|2|2|2,255|255|255|255|255|255|255|255,-6|6|6|-6|0|0|0|0,6|6|-6|-6|-8|-8|-8|-8,-6|6|6|-6|-16|16|-10|10,0|0|0|0|0|0|4|4,159|161|159|161|160|160|160|160,0,0,0,5,255,160
1556,0,6,8,0,8,0,0,0,2|2|2|2|2|2|2|2,255|255|255|255|255|255|255|255,-6|6|6|-6|0|0|0|0,6|6|-6|-6|-8|-8|-8|8,-6|6|6|-6|-16|16|0|0,0|0|0|0|0|0|4|-4,159|161|159|161|160|160|160|160,0,0,0,5,255,160
1557,0,6,8,0,8,0,0,0,2|2|2|2|2|2|2|2,255|255|255|255|255|255|255|255,-6|6|6|-6|0|0|-6|6,6|6|-6|-6|-8|-8|8|8,-6|6|6|-6|-16|16|0|0,0|0|0|0|0|0|-4|-4,159|161|159|161|160|160|159|161,0,0,0,5,255,160
1558,0,3,1,0,1,0,0,0,2|0|0|0|0|0|0|0,255|0|0|0|0|0|0|0,0|0|0|0|0|0|0|0,8|0|0|0|0|0|0|0,0|0|0|0|0|0|0|0,0|0|0|0|0|0|0|0,160|0|0|0|0|0|0|0,0,0,0,5,255,160
1559,0,4,2,0,2,0,0,0,2|2|0|0|0|0|0|0,255|255|0|0|0|0|0|0,0|0|0|0|0|0|0|0,8|8|0|0|0|0|0|0,-8|8|0|0|0|0|0|0,0|0|0|0|0|0|0|0,160|160|0|0|0|0|0|0,0,0,0,5,255,160
1560,0,4,4,0,4,0,0,0,2|2|2|2|0|0|0|0,255|255|255|255|0|0|0|0,0|0|0|0|0|0|0|0,8|8|8|8|0|0|0|0,-15|15|-8|8|0|0|0|0,5|5|-5|-5|0|0|0|0,160|160|160|160|0|0|0|0,0,0,0,5,255,160
1561,0,5,5,0,5,0,0,0,3|3|3|3|3|0|0|0,255|255|255|255|255|0|0|0,0|0|0|0|0|0|0|0,8|8|8|8|8|0|0|0,-20|20|-12|12|0|0|0|0,8|8|-2|-2|-6|0|0|0,160|160|160|160|160|0|0|0,0,0,0,5,255,160
1562,0,6,7,0,7,0,0,0,4|4|4|4|4|4|4|0,255|255|255|255|255|255|255|0,0|0|0|0|0|0|0|0,8|8|8|8|8|8|8|0,-24|24|-18|18|-12|12|0|0,8|8|-2|-2|-6|-6|-8|0,160|160|160|160|160|160|160|0,0,0,0,5,255,160
1563,0,6,8,0,8,0,0,0,6|6|6|6|6|6|6|6,255|255|255|255|255|255|255|255,0|0|0|0|0|0|0|0,8|8|8|8|8|8|8|8,-24|24|-18|18|-12|12|-5|5,8|8|-2|-2|-6|-6|-8|-8,160|160|160|160|160|160|160|160,0,0,0,5,255,160
1564,0,3,1,1,1,0,0,0,2|0|0|0|0|0|0|0,255|0|0|0|0|0|0|0,0|0|0|0|0|0|0|0,8|0|0|0|0|0|0|0,0|0|0|0|0|0|0|0,0|0|0|0|0|0|0|0,157|0|0|0|0|0|0|0,0,0,0,5,255,160
1565,0,2,1,0,1,0,0,0,1|0|0|0|0|0|0|0,255|0|0|0|0|0|0|0,0|0|0|0|0|0|0|0,10|0|0|0|0|0|0|0,0|0|0|0|0|0|0|0,0|0|0|0|0|0|0|0,58|0|0|0|0|0|0|0,0,0,0,25,255,112
1566,0,3,2,0,2,0,0,0,1|1|0|0|0|0|0|0,255|255|0|0|0|0|0|0,-1|1|0|0|0|0|0|0,9|9|0|0|0|0|0|0,-4|4|0|0|0|0|0|0,0|0|0|0|0|0|0|0,58|58|0|0|0|0|0|0,0,0,0,25,255,112
1567,0,2,2,0,2,0,0,0,1|1|0|0|0|0|0|0,255|255|0|0|0|0|0|0,-1|1|0|0|0|0|0|0,9|9|0|0|0|0|0|0,-4|4|0|0|0|0|0|0,0|0|0|0|0|0|0|0,58|58|0|0|0|0|0|0,0,0,0,25,255,112
1568,0,3,3,0,3,0,0,0,1|1|1|0|0|0|0|0,255|255|255|0|0|0|0|0,-1|1|0|0|0|0|0|0,9|9|10|0|0|0|0|0,-4|4|0|0|0|0|0|0,0|0|0|0|0|0|0|0,58|58|58|0|0|0|0|0,0,0,0,25,255,112
1569,0,2,3,0,3,0,0,0,1|1|1|0|0|0|0|0,255|255|255|0|0|0|0|0,-1|1|0|0|0|0|0|0,9|9|10|0|0|0|0|0,-4|4|0|0|0|0|0|0,0|0|0|0|0|0|0|0,58|58|58|0|0|0|0|0,0,0,0,25,255,112
1570,0,2,3,0,3,0,0,0,1|1|2|0|0|0|0|0,255|255|255|0|0|0|0|0,-1|1|0|0|0|0|0|0,9|9|10|0|0|0|0|0,-4|4|0|0|0|0|0|0,0|0|0|0|0|0|0|0,58|58|59|0|0|0|0|0,0,0,0,25,255,112
1571,0,3,3,0,3,0,0,0,2|2|1|0|0|0|0|0,255|255|255|0|0|0|0|0,-1|1|0|0|0|0|0|0,9|9|10|0|0|0|0|0,-4|4|0|0|0|0|0|0,0|0|0|0|0|0|0|0,59|59|58|0|0|0|0|0,0,0,0,25,255,112
1572,0,3,3,0,3,0,0,0,2|2|2|0|0|0|0|0,255|255|255|0|0|0|0|0,-1|1|0|0|0|0|0|0,9|9|10|0|0|0|0|0,-4|4|0|0|0|0|0|0,0|0|0|0|0|0|0|0,59|59|59|0|0|0|0|0,0,0,0,25,255,112
1573,0,4,5,0,5,0,0,0,2|2|2|1|1|0|0|0,255|255|255|255|255|0|0|0,-2|2|0|-1|1|0|0|0,8|8|10|9|9|0|0|0,-8|8|0|-2|2|0|0|0,0|0|0|0|0|0|0|0,279|280|59|58|58|0|0|0,0,0,0,25,255,112
1574,0,4,5,0,5,0,0,0,2|2|3|1|1|0|0|0,255|255|255|255|255|0|0|0,-2|2|0|-1|1|0|0|0,8|8|10|9|9|0|0|0,-8|8|0|-2|2|0|0|0,0|0|0|0|0|0|0|0,279|280|60|58|58|0|0|0,0,0,0,25,255,112
1575,0,3,7,0,7,0,0,0,2|2|1|1|1|1|1|0,255|255|255|255|255|255|255|0,-2|2|0|-1|1|-1|1|0,8|8|10|9|9|9|9|0,-8|8|0|-1|1|-7|7|0,0|0|0|0|0|0|0|0,279|280|58|58|58|58|58|0,0,0,0,25,255,112
1576,0,15,1,0,1,0,0,11,112|0|0|0|0|0|0|0,255|0|0|0|0|0|0|0,0|0|0|0|0|0|0|0,-3|0|0|0|0|0|0|0,0|0|0|0|0|0|0|0,0|0|0|0|0|0|0|0,171|0|0|0|0|0|0|0,0,0,0,26,98,80
1577,0,10,1,0,1,0,0,11,112|0|0|0|0|0|0|0,255|0|0|0|0|0|0|0,0|0|0|0|0|0|0|0,-3|0|0|0|0|0|0|0,0|0|0|0|0|0|0|0,0|0|0|0|0|0|0|0,171|0|0|0|0|0|0|0,0,0,0,26,98,80
1578,0,10,1,0,1,0,0,10,128|0|0|0|0|0|0|0,255|0|0|0|0|0|0|0,0|0|0|0|0|0|0|0,-3|0|0|0|0|0|0|0,0|0|0|0|0|0|0|0,0|0|0|0|0|0|0|0,171|0|0|0|0|0|0|0,0,0,0,26,98,80
1579,0,10,2,0,2,0,0,10,112|112|0|0|0|0|0|0,255|255|0|0|0|0|0|0,0|0|0|0|0|0|0|0,-3|-3|0|0|0|0|0|0,-6|6|0|0|0|0|0|0,0|0|0|0|0|0|0|0,171|171|0|0|0|0|0|0,0,0,0,26,98,80
1580,0,10,2,0,2,0,0,9,128|128|0|0|0|0|0|0,255|255|0|0|0|0|0|0,0|0|0|0|0|0|0|0,-3|-3|0|0|0|0|0|0,-6|6|0|0|0|0|0|0,0|0|0|0|0|0|0|0,171|171|0|0|0|0|0|0,0,0,0,26,98,80
1581,0,10,3,0,3,0,0,9,128|128|112|0|0|0|0|0,255|255|255|0|0|0|0|0,-5|5|0|0|0|0|0|0,0|0|-3|0|0|0|0|0,-5|5|0|0|0|0|0|0,0|0|-3|0|0|0|0|0,171|171|171|0|0|0|0|0,0,0,0,26,98,80
1582,0,10,4,0,4,0,0,9,128|128|112|112|0|0|0|0,255|255|255|255|0|0|0|0,-5|5|-3|3|0|0|0|0,0|0|-3|-3|0|0|0|0,-5|5|-3|3|0|0|0|0,0|0|-3|-3|0|0|0|0,171|171|171|171|0|0|0|0,0,0,0,26,98,80
1583,0,9,4,0,4,0,0,8,128|128|112|112|0|0|0|0,255|255|255|255|0|0|0|0,-5|5|-3|3|0|0|0|0,0|0|-3|-3|0|0|0|0,-5|5|-3|3|0|0|0|0,0|0|-3|-3|0|0|0|0,171|171|171|171|0|0|0|0,0,0,0,26,98,80
1584,0,9,6,0,6,0,0,8,128|128|112|112|112|112|0|0,255|255|255|255|255|255|0|0,-5|5|-3|3|-3|3|0|0,0|0|-3|-3|3|3|0|0,-5|5|-3|3|-3|3|0|0,0|0|-3|-3|3|3|0|0,171|171|171|171|171|171|0|0,0,0,0,26,98,80
1585,0,9,7,0,7,0,0,8,128|128|112|112|112|112|112|0,255|255|255|255|255|255|255|0,-5|5|-3|3|-3|3|0|0,0|0|-3|-3|3|3|-4|0,-5|5|-3|3|-3|3|0|0,0|0|-3|-3|3|3|-4|0,171|171|171|171|171|171|171|0,0,0,0,26,98,80
1586,0,9,8,0,8,0,0,8,128|128|112|112|112|112|112|112,255|255|255|255|255|255|255|255,-5|5|-3|3|-3|3|0|0,0|0|-3|-3|3|3|-4|6,-5|5|-3|3|-3|3|0|0,0|0|-3|-3|3|3|-4|6,171|171|171|171|171|171|171|171,0,0,0,26,98,80
1587,0,20,1,0,1,0,0,11,128|0|0|0|0|0|0|0,255|0|0|0|0|0|0|0,0|0|0|0|0|0|0|0,-3|0|0|0|0|0|0|0,0|0|0|0|0|0|0|0,-3|0|0|0|0|0|0|0,19|0|0|0|0|0|0|0,0,0,0,26,98,80
1588,0,20,1,0,2,0,0,11,128|128|0|0|0|0|0|0,255|255|0|0|0|0|0|0,-3|3|0|0|0|0|0|0,-3|-3|0|0|0|0|0|0,-3|3|0|0|0|0|0|0,-3|-3|0|0|0|0|0|0,19|19|0|0|0|0|0|0,0,0,0,26,98,80
1589,0,20,2,0,2,0,0,11,128|128|0|0|0|0|0|0,255|255|0|0|0|0|0|0,-3|3|0|0|0|0|0|0,-3|-3|0|0|0|0|0|0,-3|3|0|0|0|0|0|0,-3|-3|0|0|0|0|0|0,19|19|0|0|0|0|0|0,0,0,0,26,98,80
1590,0,20,2,0,2,0,0,10,116|116|0|0|0|0|0|0,255|255|0|0|0|0|0|0,-3|3|0|0|0|0|0|0,-3|-3|0|0|0|0|0|0,-3|3|0|0|0|0|0|0,-3|-3|0|0|0|0|0|0,19|19|0|0|0|0|0|0,0,0,0,26,98,80
1591,0,20,2,0,2,0,0,9,116|116|0|0|0|0|0|0,255|255|0|0|0|0|0|0,-4|4|0|0|0|0|0|0,-1|-1|0|0|0|0|0|0,-4|4|0|0|0|0|0|0,-1|-1|0|0|0|0|0|0,19|19|0|0|0|0|0|0,0,0,0,26,98,80
1592,0,20,2,0,2,0,0,8,116|116|0|0|0|0|0|0,255|255|0|0|0|0|0|0,-4|4|0|0|0|0|0|0,0|0|0|0|0|0|0|0,-4|4|0|0|0|0|0|0,0|0|0|0|0|0|0|0,19|19|0|0|0|0|0|0,0,0,0,26,98,80
1593,0,20,2,0,2,0,0,7,113|113|0|0|0|0|0|0,255|255|0|0|0|0|0|0,-4|4|0|0|0|0|0|0,2|2|0|0|0|0|0|0,-4|4|0|0|0|0|0|0,2|2|0|0|0|0|0|0,19|19|0|0|0|0|0|0,0,0,0,26,98,80
1594,0,20,4,0,4,0,0,8,128|128|128|128|0|0|0|0,255|255|255|255|0|0|0|0,-4|4|-2|2|0|0|0|0,-2|-2|-4|-4|0|0|0|0,-4|4|-2|2|0|0|0|0,-2|-2|-4|-4|0|0|0|0,19|19|19|19|0|0|0|0,0,0,0,26,98,80
1595,0,20,4,0,4,0,0,7,116|116|128|128|0|0|0|0,255|255|255|255|0|0|0|0,-4|4|-2|2|0|0|0|0,-2|-2|-4|-4|0|0|0|0,-4|4|-2|2|0|0|0|0,-2|-2|-4|-4|0|0|0|0,19|19|19|19|0|0|0|0,0,0,0,26,98,80
1596,0,15,2,0,4,0,0,7,114|114|114|114|0|0|0|0,255|255|255|255|0|0|0|0,-4|4|-2|2|0|0|0|0,-2|-2|-4|-4|0|0|0|0,-4|4|-2|2|0|0|0|0,-2|-2|-4|-4|0|0|0|0,19|19|19|19|0|0|0|0,0,0,0,26,98,80
1597,0,20,4,0,4,0,0,6,114|114|114|114|0|0|0|0,255|255|255|255|0|0|0|0,-4|4|-2|2|0|0|0|0,-2|-2|-4|-4|0|0|0|0,-4|4|-2|2|0|0|0|0,-2|-2|-4|-4|0|0|0|0,19|19|19|19|0|0|0|0,0,0,0,26,98,80
1598,0,4,2,0,2,0,0,0,1|1|0|0|0|0|0|0,255|255|0|0|0|0|0|0,-10|10|0|0|0|0|0|0,0|0|0|0|0|0|0|0,0|0|0|0|0|0|0|0,0|0|0|0|0|0|0|0,285|285|0|0|0|0|0|0,0,0,0,6,255,208
1599,0,4,3,0,3,0,0,0,1|1|1|0|0|0|0|0,255|255|255|0|0|0|0|0,-10|10|0|0|0|0|0|0,0|0|-10|0|0|0|0|0,0|0|0|0|0|0|0|0,0|0|0|0|0|0|0|0,285|285|285|0|0|0|0|0,0,0,0,6,255,208
1600,0,5,4,0,4,0,0,0,1|1|1|1|0|0|0|0,255|255|255|255|0|0|0|0,-10|10|-10|10|0|0|0|0,0|0|0|0|0|0|0|0,0|0|0|0|0|0|0|0,3|3|-4|-4|0|0|0|0,285|285|285|285|0|0|0|0,0,0,0,6,255,208
1601,0,5,4,0,4,0,0,0,1|1|1|1|0|0|0|0,255|255|255|255|0|0|0|0,-10|10|0|0|0|0|0|0,0|0|-10|10|0|0|0|0,0|0|0|0|0|0|0|0,0|0|0|0|0|0|0|0,285|285|285|285|0|0|0|0,0,0,0,6,255,208
1602,0,5,6,0,6,0,0,0,1|1|1|1|1|1|0|0,255|255|255|255|255|255|0|0,-10|10|-10|10|0|0|0|0,0|0|0|0|-10|10|0|0,0|0|0|0|0|0|0|0,3|3|-4|-4|0|0|0|0,285|285|285|285|285|285|0|0,0,0,0,6,255,208
1603,0,5,4,0,8,0,0,0,2|2|1|1|2|2|2|2,255|255|255|255|255|255|255|255,-10|10|0|0|-10|10|-10|10,0|0|-10|10|0|0|0|0,0|0|0|0|0|0|0|0,0|0|0|0|-8|-10|8|8,170|170|285|285|170|170|170|170,0,0,0,6,255,208
1604,0,5,5,0,5,0,0,0,2|2|2|2|1|0|0|0,255|255|255|255|255|0|0|0,-10|10|-10|10|0|0|0|0,0|0|0|0|-10|0|0|0,0|0|0|0|0|0|0|0,-8|-8|8|8|0|0|0|0,170|170|170|170|285|0|0|0,0,0,0,6,255,208
1605,0,5,7,0,7,0,0,0,2|2|2|2|1|1|1|0,255|255|255|255|255|255|255|0,-10|10|-10|10|0|0|0|0,0|0|0|0|10|-10|-10|0,0|0|0|0|0|-3|3|0,-8|-8|8|8|0|0|0|0,170|170|170|170|285|285|285|0,0,0,0,6,255,208
1606,0,5,8,0,8,0,0,0,2|2|2|2|1|1|1|1,255|255|255|255|255|255|255|255,-10|10|-10|10|0|0|0|0,0|0|0|0|10|10|-10|-10,0|0|0|0|-3|3|-3|3,-8|-8|8|8|0|0|0|0,170|170|170|170|285|285|285|285,0,0,0,6,255,208
1607,0,5,6,0,6,0,0,0,2|2|2|2|2|2|0|0,255|255|255|255|255|255|0|0,-10|10|-10|10|-10|10|0|0,0|0|0|0|0|0|0|0,0|0|0|0|0|0|0|0,-16|-16|0|0|16|16|0|0,170|170|170|170|170|170|0|0,0,0,0,6,255,208
1608,0,5,8,0,8,0,0,0,2|2|2|2|2|2|1|1,255|255|255|255|255|255|255|255,-10|10|-10|10|-10|10|0|0,0|0|0|0|0|0|-10|-10,0|0|0|0|0|0|-3|3,-16|-16|0|0|16|16|0|0,170|170|170|170|170|170|285|285,0,0,0,6,255,208
1609,0,8,1,0,1,0,0,11,128|0|0|0|0|0|0|0,255|0|0|0|0|0|0|0,0|0|0|0|0|0|0|0,10|0|0|0|0|0|0|0,0|0|0|0|0|0|0|0,3|0|0|0|0|0|0|0,19|0|0|0|0|0|0|0,0,0,0,26,98,80
1610,0,6,1,0,2,0,0,11,128|128|0|0|0|0|0|0,255|255|0|0|0|0|0|0,0|0|0|0|0|0|0|0,10|-2|0|0|0|0|0|0,0|0|0|0|0|0|0|0,3|-3|0|0|0|0|0|0,19|19|0|0|0|0|0|0,0,0,0,26,98,80
1611,0,5,1,0,3,0,0,10,128|128|128|0|242|16|0|0,255|255|255|0|0|0|61|0,0|-3|3|0|62|0|0|0,10|-1|-1|0|0|0|0|0,0|3|3|0|0|0|65|0,3|-1|-1|0|66|0|0|0,19|19|19|0|96|4870|0|106,0,0,0,26,98,80
1612,0,6,2,0,2,0,0,10,128|128|30|19|0|0|123|0,255|255|0|0|124|0|0|0,0|0|-123|0|0|0|0|0,10|-2|0|0|0|0|-121|0,0|0|0|0|-120|0|0|0,3|-3|-119|0|-32|17|0|0,19|19|0|139|0|0|140|0,0,0,0,26,98,80
1613,0,10,3,0,3,0,0,9,128|128|128|0|139|134|126|255,255|255|255|0|220|19|0|0,0|-3|3|0|0|0|4|0,10|0|0|0|-111|0|0|0,0|-3|3|0|0|0|0|0,3|0|0|-128|0|0|-61|0,19|19|19|149|0|4|4540|0,0,0,0,26,98,80
1614,0,10,3,0,3,0,0,9,128|112|112|0|66|1|0|0,255|255|255|0|0|0|0|0,0|-3|3|0|0|0|0|0,10|0|0|0|0|0|0|0,0|-3|3|0|0|0|0|0,3|0|0|0|0|0|0|0,19|19|19|0|0|0|0|0,0,0,0,26,98,80
1615,0,10,2,0,4,0,0,9,128|128|128|128|0|0|0|0,255|255|255|255|0|0|0|0,-1|1|-3|3|0|0|0|0,10|10|0|0|0|0|0|0,-4|4|-3|3|0|0|0|0,3|3|0|0|0|0|0|0,19|19|19|19|0|0|0|0,0,0,0,26,98,80
1616,0,8,2,0,4,0,0,8,128|128|112|112|0|0|0|0,255|255|255|255|0|0|0|0,-1|1|-3|3|0|0|0|0,12|12|0|0|0|0|0|0,-4|4|-3|3|0|0|0|0,3|3|0|0|0|0|0|0,19|19|19|19|0|0|0|0,0,0,0,26,98,80
1617,0,15,5,0,5,0,0,8,128|128|112|112|128|0|0|0,255|255|255|255|255|0|0|0,-1|1|-3|3|0|0|0|0,12|12|0|0|-3|0|0|0,-4|4|-3|3|0|0|0|0,3|3|0|0|-3|0|0|0,19|19|19|19|19|0|0|0,0,0,0,26,98,80
1618,0,15,6,0,6,0,0,7,128|128|112|112|128|128|0|0,255|255|255|255|255|255|0|0,-1|1|-3|3|-2|2|0|0,12|12|0|0|-3|-3|0|0,-4|4|-3|3|-2|2|0|0,3|3|0|0|-3|-3|0|0,19|19|19|19|19|19|0|0,0,0,0,26,98,80
1619,0,15,7,0,7,0,0,7,128|128|112|112|112|128|128|0,255|255|255|255|255|255|255|0,-1|0|1|-3|3|-2|2|0,12|12|12|0|0|-3|-3|0,-4|0|4|-3|3|-2|2|0,3|3|3|0|0|-3|-3|0,19|19|19|19|19|19|19|0,0,0,0,26,98,80
1620,0,1,1,0,8,0,0,0,4|4|4|4|4|4|4|4,255|255|255|255|255|255|255|255,-2|1|3|-2|4|-1|-3|1,6|8|5|7|5|9|5|7,20|-10|-20|20|-30|10|30|-20,30|40|10|20|10|50|20|30,255|255|255|255|255|255|255|255,0,0,0,10,255,128
1621,0,1,1,20,1,0,0,0,99|0|0|0|0|0|0|0,20|0|0|0|0|0|0|0,0|0|0|0|0|0|0|0,8|0|0|0|0|0|0|0,0|0|0|0|0|0|0|0,0|0|0|0|0|0|0|0,9634|0|0|0|0|0|0|0,0,0,0,10,255,128
1622,0,0,8,0,8,0,0,0,4|4|4|4|2|2|2|2,8|8|8|8|8|8|8|8,2|-2|2|-2|3|-3|0|0,2|2|-2|-2|0|0|3|-3,2|-2|2|-2|3|-3|0|0,2|2|-2|-2|0|0|3|-3,21|21|21|21|20|20|20|20,0,0,0,12,1,112
1623,0,40,3,1,8,0,0,0,4|4|4|4|4|4|4|4,255|255|255|255|255|255|255|255,-2|1|3|-2|4|-1|-3|1,6|8|5|7|5|9|5|7,80|-40|-80|80|-120|40|120|-80,60|80|20|40|80|100|10|60,109|109|109|109|109|109|109|109,0,0,0,10,255,80
1624,0,40,1,0,4,0,0,0,1|1|1|1|0|0|0|0,255|255|255|255|0|0|0|0,0|0|0|0|0|0|0|0,8|7|9|6|0|0|0|0,0|0|0|0|0|0|0|0,0|0|0|0|0|0|0|0,304|304|304|304|0|0|0|0,0,0,0,10,255,80
1625,0,4,1,1,1,0,0,0,2|0|0|0|0|0|0|0,255|0|0|0|0|0|0|0,0|0|0|0|0|0|0|0,8|0|0|0|0|0|0|0,0|0|0|0|0|0|0|0,0|0|0|0|0|0|0|0,109|0|0|0|0|0|0|0,0,0,0,5,255,80
1626,0,4,2,1,2,0,0,0,2|2|0|0|0|0|0|0,255|255|0|0|0|0|0|0,0|0|0|0|0|0|0|0,8|8|0|0|0|0|0|0,12|-12|0|0|0|0|0|0,14|14|0|0|0|0|0|0,109|109|0|0|0|0|0|0,0,0,0,5,255,80
1627,0,4,3,1,3,0,0,0,2|2|2|0|0|0|0|0,255|255|255|0|0|0|0|0,1|-1|0|0|0|0|0|0,8|8|8|0|0|0|0|0,12|-12|0|0|0|0|0|0,14|14|0|0|0|0|0|0,109|109|109|0|0|0|0|0,0,0,0,5,255,80
1628,0,4,4,1,4,0,0,0,2|2|2|2|0|0|0|0,255|255|255|255|0|0|0|0,1|-1|0|0|0|0|0|0,8|8|8|8|0|0|0|0,26|-26|12|-12|0|0|0|0,14|14|14|14|0|0|0|0,109|109|109|109|0|0|0|0,0,0,0,5,255,80
1629,0,4,5,1,5,0,0,0,2|2|2|2|2|0|0|0,255|255|255|255|255|0|0|0,2|-2|1|-1|0|0|0|0,8|8|8|8|8|0|0|0,26|-26|12|-12|0|0|0|0,14|14|14|14|0|0|0|0,109|109|109|109|109|0|0|0,0,0,0,5,255,80
1630,0,4,6,1,6,0,0,0,2|2|2|2|2|2|0|0,255|255|255|255|255|255|0|0,3|-3|2|-2|1|-1|0|0,8|8|8|8|8|8|0|0,40|-40|26|-26|12|-12|0|0,20|20|14|14|14|14|0|0,109|109|109|109|109|109|0|0,0,0,0,5,255,80
1631,0,4,7,1,7,0,0,0,2|2|2|2|2|2|2|0,255|255|255|255|255|255|255|0,3|-3|2|-2|1|-1|0|0,8|8|8|8|8|8|8|0,40|-40|26|-26|12|-12|0|0,20|20|14|14|14|14|0|0,109|109|109|109|109|109|109|0,0,0,0,5,255,80
1632,0,4,6,1,6,0,0,0,2|2|2|2|2|2|0|0,255|255|255|255|255|255|0|0,2|-2|1|-1|0|0|0|0,8|8|8|8|8|8|0|0,40|-40|26|-26|12|-12|0|0,20|20|14|14|14|14|0|0,109|109|109|109|109|109|0|0,0,0,0,5,255,80
1633,0,4,7,1,7,0,0,0,2|2|2|2|2|2|2|0,255|255|255|255|255|255|255|0,2|-2|1|-1|2|-2|0|0,8|8|8|8|8|8|10|0,40|-40|26|-26|12|-12|0|0,20|20|14|14|14|14|0|0,109|109|109|109|109|109|109|0,0,0,0,5,255,80
1634,0,4,8,1,8,0,0,0,2|2|2|2|2|2|2|2,255|255|255|255|255|255|255|255,2|-2|1|-1|2|-2|0|0,8|8|8|8|8|8|10|10,40|-40|26|-26|12|-12|-7|7,20|20|14|14|14|14|0|0,109|109|109|109|109|109|109|109,0,0,0,5,255,80
1635,0,4,8,1,8,0,0,0,2|2|2|2|2|2|2|2,255|255|255|255|255|255|255|255,-3|3|1|-1|2|-2|1|-1,8|8|8|8|8|8|10|10,40|-40|26|-26|12|-12|-7|7,20|20|14|14|14|14|0|0,109|109|109|109|109|109|109|109,0,0,0,5,255,80
1636,0,12,1,0,1,0,0,0,171|0|0|0|0|0|0|0,255|0|0|0|0|0|0|0,0|0|0|0|0|0|0|0,0|0|0|0|0|0|0|0,0|0|0|0|0|0|0|0,0|0|0|0|0|0|0|0,103|0|0|0|0|0|0|0,1,0,0,10,255,16
1637,0,10,1,0,1,0,0,0,171|0|0|0|0|0|0|0,255|0|0|0|0|0|0|0,0|0|0|0|0|0|0|0,0|0|0|0|0|0|0|0,0|0|0|0|0|0|0|0,0|0|0|0|0|0|0|0,103|0|0|0|0|0|0|0,1,0,0,10,255,16
1638,0,8,1,0,1,0,0,0,171|0|0|0|0|0|0|0,255|0|0|0|0|0|0|0,0|0|0|0|0|0|0|0,0|0|0|0|0|0|0|0,0|0|0|0|0|0|0|0,0|0|0|0|0|0|0|0,103|0|0|0|0|0|0|0,1,0,0,10,255,16
1639,0,8,2,0,2,0,0,0,171|171|0|0|0|0|0|0,255|255|0|0|0|0|0|0,-1|1|0|0|0|0|0|0,0|0|0|0|0|0|0|0,-6|6|0|0|0|0|0|0,0|0|0|0|0|0|0|0,103|103|0|0|0|0|0|0,1,0,0,10,255,16
1640,0,6,2,0,2,0,0,0,171|171|0|0|0|0|0|0,255|255|0|0|0|0|0|0,-1|1|0|0|0|0|0|0,0|0|0|0|0|0|0|0,-6|6|0|0|0|0|0|0,0|0|0|0|0|0|0|0,103|103|0|0|0|0|0|0,1,0,0,10,255,16
1641,0,6,3,0,3,0,0,0,171|171|171|0|0|0|0|0,255|255|255|0|0|0|0|0,-2|2|0|0|0|0|0|0,0|0|0|0|0|0|0|0,-6|6|0|0|0|0|0|0,-1|-1|0|0|0|0|0|0,103|103|103|0|0|0|0|0,1,0,0,10,255,16
1642,0,5,2,0,4,0,0,0,171|171|171|171|0|0|0|0,255|255|255|255|0|0|0|0,-2|2|-1|1|0|0|0|0,0|0|0|0|0|0|0|0,-6|6|-4|4|0|0|0|0,-1|-1|0|0|0|0|0|0,103|103|103|103|0|0|0|0,1,0,0,10,255,16
1643,0,7,4,0,4,0,0,0,171|171|171|171|0|0|0|0,255|255|255|255|0|0|0|0,-2|2|-1|1|0|0|0|0,0|0|0|0|0|0|0|0,-6|6|-4|4|0|0|0|0,-1|-1|0|0|0|0|0|0,103|103|103|103|0|0|0|0,1,0,0,10,255,16
1644,0,5,3,0,3,0,0,0,171|171|171|0|0|0|0|0,255|255|255|0|0|0|0|0,-1|1|0|0|0|0|0|0,0|0|0|0|0|0|0|0,-6|6|0|0|0|0|0|0,-1|-1|0|0|0|0|0|0,103|103|103|0|0|0|0|0,1,0,0,10,255,16
1645,0,5,4,0,4,0,0,0,171|171|171|171|0|0|0|0,255|255|255|255|0|0|0|0,-2|2|0|0|0|0|0|0,0|0|0|0|0|0|0|0,-10|10|-6|6|0|0|0|0,-4|-4|-2|-2|0|0|0|0,103|103|103|103|0|0|0|0,1,0,0,10,255,16
1646,0,5,5,0,5,0,0,0,171|171|171|171|171|0|0|0,255|255|255|255|255|0|0|0,-2|2|0|0|0|0|0|0,0|0|0|0|0|0|0|0,-10|10|-6|6|0|0|0|0,-4|-4|-2|-2|0|0|0|0,103|103|103|103|103|0|0|0,1,0,0,10,255,16
1647,0,4,1,0,1,0,0,0,1|0|0|0|0|0|0|0,255|0|0|0|0|0|0|0,0|0|0|0|0|0|0|0,12|0|0|0|0|0|0|0,0|0|0|0|0|0|0|0,0|0|0|0|0|0|0|0,228|0|0|0|0|0|0|0,0,0,0,6,255,32
1648,0,7,1,0,1,0,0,0,2|0|0|0|0|0|0|0,107|0|0|0|0|0|0|0,0|0|0|0|0|0|0|0,8|0|0|0|0|0|0|0,0|0|0|0|0|0|0|0,0|0|0|0|0|0|0|0,601|0|0|0|0|0|0|0,0,0,0,6,255,32
1649,0,6,1,0,1,0,0,0,2|0|0|0|0|0|0|0,107|0|0|0|0|0|0|0,0|0|0|0|0|0|0|0,8|0|0|0|0|0|0|0,0|0|0|0|0|0|0|0,0|0|0|0|0|0|0|0,601|0|0|0|0|0|0|0,0,0,0,6,255,32
1650,0,6,3,0,3,0,0,0,2|1|1|0|0|0|0|0,107|255|255|0|0|0|0|0,0|-10|10|0|0|0|0|0,8|0|0|0|0|0|0|0,0|0|0|0|0|0|0|0,0|0|0|0|0|0|0|0,601|228|228|0|0|0|0|0,0,0,0,6,255,32
1651,0,6,4,0,4,0,0,0,2|1|1|1|0|0|0|0,107|255|255|255|0|0|0|0,0|-9|9|0|0|0|0|0,8|2|2|-10|0|0|0|0,0|0|0|0|0|0|0|0,0|0|0|0|0|0|0|0,601|228|228|228|0|0|0|0,0,0,0,6,255,32
1652,0,6,5,0,5,0,0,0,2|1|1|1|1|0|0|0,107|255|255|255|255|0|0|0,0|-9|9|-8|8|0|0|0,8|2|2|-3|-3|0|0|0,0|0|0|0|0|0|0|0,0|0|0|0|0|0|0|0,601|228|228|228|228|0|0|0,0,0,0,6,255,32
1653,0,6,3,0,3,0,0,0,4|1|1|0|0|0|0|0,105|255|255|0|0|0|0|0,0|-10|10|0|0|0|0|0,7|0|0|0|0|0|0|0,0|0|0|0|0|0|0|0,0|0|0|0|0|0|0|0,582|228|228|0|0|0|0|0,0,0,0,6,255,32
1654,0,6,5,0,5,0,0,0,4|1|1|1|1|0|0|0,105|255|255|255|255|0|0|0,0|-9|9|-8|8|0|0|0,7|2|2|-3|-3|0|0|0,0|0|0|0|0|0|0|0,0|0|0|0|0|0|0|0,582|228|228|228|228|0|0|0,0,0,0,6,255,32
1655,0,6,6,0,6,0,0,0,4|1|1|1|1|2|0|0,105|255|255|255|255|107|0|0,0|-9|9|-8|8|0|0|0,7|2|2|-3|-3|-8|0|0,0|0|0|0|0|0|0|0,0|0|0|0|0|0|0|0,582|228|228|228|228|601|0|0,0,0,0,6,255,32
1656,0,6,5,0,5,0,0,0,4|2|2|2|2|0|0|0,105|107|107|107|107|0|0|0,0|-6|6|-8|8|0|0|0,7|6|6|-3|-3|0|0|0,0|0|0|0|0|0|0|0,0|0|0|0|0|0|0|0,582|601|601|601|601|0|0|0,0,0,0,6,255,32
1657,0,6,7,0,7,0,0,0,4|4|4|2|2|1|1|0,105|105|105|107|107|255|255|0,0|-6|6|-6|6|-10|10|0,7|6|6|-6|-6|0|0|0,0|0|0|0|0|0|0|0,0|0|0|0|0|0|0|0,582|582|582|601|601|228|228|0,0,0,0,6,255,32
1658,0,2,2,0,2,0,0,0,1|1|0|0|0|0|0|0,255|255|0|0|0|0|0|0,0|0|0|0|0|0|0|0,12|12|0|0|0|0|0|0,-6|6|0|0|0|0|0|0,4|4|0|0|0|0|0|0,108|108|0|0|0|0|0|0,0,0,0,20,255,112
1659,0,6,1,0,1,0,0,0,3|0|0|0|0|0|0|0,255|0|0|0|0|0|0|0,0|0|0|0|0|0|0|0,2|0|0|0|0|0|0|0,-10|0|0|0|0|0|0|0,0|0|0|0|0|0|0|0,88|0|0|0|0|0|0|0,0,0,20,26,255,48
1660,0,5,1,0,1,0,0,0,3|0|0|0|0|0|0|0,255|0|0|0|0|0|0|0,0|0|0|0|0|0|0|0,2|0|0|0|0|0|0|0,-30|0|0|0|0|0|0|0,0|0|0|0|0|0|0|0,88|0|0|0|0|0|0|0,0,0,30,26,255,48
1661,0,5,2,0,2,0,0,0,3|3|0|0|0|0|0|0,255|255|0|0|0|0|0|0,0|0|0|0|0|0|0|0,2|-2|0|0|0|0|0|0,-30|-30|0|0|0|0|0|0,0|0|0|0|0|0|0|0,88|88|0|0|0|0|0|0,0,0,30,26,255,48
1662,0,5,2,0,2,0,0,0,3|3|0|0|0|0|137|69,255|255|131|69|46|6|207|128,0|0|-13|0|117|1|-61|-58,2|2|-13|0|-76|1|-51|22,-30|-20|-76|0|-51|22|-21|-12,0|0|-24|31|3|-80|67|-24,88|88|59651|65122|56459|35638|1095|5608,0,0,30,26,255,48
1663,0,5,3,0,3,0,0,0,3|3|3|54|138|119|8|54,255|255|255|54|138|111|4|58,0|0|0|58|-11|119|35|-2,2|2|-2|-2|-50|120|27|-2,-30|-20|-30|-32|-13|119|19|-2,0|0|0|-31|-13|119|11|-119,88|88|88|59635|835|2250|47104|1536,0,0,30,26,255,48
1664,0,7,2,0,2,0,0,0,3|3|243|232|39|3|203|232,255|255|184|0|6|138|62|214,0|120|-54|-118|22|-38|-13|-24,1|120|-53|-72|1|7|-21|3,-17|-7|6|80|-24|-1|2|88,-35|-5|-42|-13|-118|14|-40|-13,88|88|62426|60986|629|49202|63720|51971,0,0,4,26,255,48
1665,0,7,2,0,2,0,0,0,3|3|58|22|218|243|119|17,255|255|2|54|217|243|114|9,0|120|-37|-13|119|3|-24|-60,1|120|4|0|-24|-73|2|-118,-20|-10|6|-40|-13|-2|-64|-53,-30|0|2|-118|-58|42|6|-39,88|88|56459|35382|1095|61608|1140|3876,0,0,5,26,255,48
1666,0,6,2,0,2,0,0,0,3|3|71|4|36|7|177|4,255|255|128|38|214|243|143|8,0|120|-13|-54|2|0|-128|38,1|120|-9|-53|-128|14|-42|-13,-26|-13|-96|-30|-13|-94|-42|-13,-30|0|-36|54|-117|79|4|-29,88|88|13061|9983|7562|56481|35827|56854,0,0,6,26,255,48
1667,0,5,2,0,2,0,0,0,3|3|58|29|116|243|195|139,255|255|139|95|4|184|221|52,0|120|0|59|-45|115|26|-9,1|120|-40|-28|97|-88|3|117,-30|-20|3|-26|97|-80|-74|-26,-30|0|-61|-26|66|-118|-57|-26,88|88|25060|64548|25062|32971|58174|243,0,0,7,26,255,48
1668,0,6,3,0,3,0,0,0,3|3|3|243|0|10|192|117,255|255|255|205|22|10|192|117,0|120|120|-29|-13|10|-28|117,1|120|120|-24|17|-2|-53|-117,-24|-7|-19|-59|127|4|-57|69,-30|0|0|-57|69|4|-128|0,88|88|88|35852|3677|17863|50192|35896,0,0,6,26,255,48
1669,0,6,4,0,4,0,0,0,3|3|3|3|187|218|57|139,255|255|255|255|177|215|116|10,1|-1|120|120|-41|-72|-87|57,1|1|120|120|20|-116|77|22,-24|-24|-7|-19|77|26|-119|77,-30|-30|0|0|51|-64|31|-54,88|88|88|88|35622|1109|19018|35622,0,0,6,26,255,48
1670,0,0,1,3,8,0,0,0,3|3|3|3|3|3|3|3,255|255|255|255|255|255|255|255,0|4|6|4|0|-4|-6|-4,6|4|0|-4|-6|-4|0|4,0|4|6|4|0|-4|-6|-4,-6|-4|0|4|6|4|0|-4,126|126|126|126|126|126|126|126,0,0,0,26,255,208
1671,0,2,1,0,1,0,0,0,1|234|235|164|59|222|116|160,255|138|1|60|32|114|153|232,0|0|67|-30|-17|-21|-111|-128,0|-47|-13|0|116|-118|38|-120,0|67|-21|10|-24|78|0|38,0|1|13|10|67|67|-60|126,246|9920|17801|9736|23945|23818|1226|35584,-1,0,0,26,255,32
1672,0,8,4,0,8,0,0,0,4|2|2|1|4|2|2|1,255|255|255|255|255|255|255|255,120|120|120|120|120|120|120|120,7|7|6|6|6|6|5|5,0|0|0|0|0|0|0|0,-14|0|0|14|-14|0|0|14,97|116|116|135|101|120|120|139,1,0,0,14,255,208
1673,0,3,2,0,2,0,0,0,1|1|99|1|90|254|194|58,255|255|243|118|32|138|22|216,0|0|23|-76|14|-24|79|1,8|8|58|22|-40|-13|116|13,-16|15|-21|9|-118|22|-40|-13,0|0|-24|8|0|-24|45|0,58|58|65219|15046|56118|30451|65048|20942,0,0,0,8,255,208
1674,0,3,3,0,3,0,0,0,1|1|1|90|89|195|180|3,255|255|255|10|1|180|2|50,0|0|0|1|30|-114|30|44,8|8|8|80|0|31|-117|-38,-16|15|0|-118|5|60|7|116,0|0|-4|116|44|60|10|116,58|58|58|49918|5690|62426|15478|28392,0,0,0,8,255,208
1675,0,3,4,0,4,0,0,0,1|1|1|1|0|90|89|235,255|255|255|255|58|22|216|243,0|0|0|0|-21|15|-24|70,8|8|8|8|-21|7|-24|62,-19|18|-15|14|-13|71|-117|-9,0|0|-2|-2|-24|48|0|30,58|58|58|58|50826|9974|74|63026,0,0,0,8,255,208
1676,0,3,5,0,5,0,0,0,1|1|1|1|1|15|238|235,255|255|255|255|255|31|195|59,0|0|0|0|0|87|30|6,8|8|8|8|8|-114|30|44,-19|18|-15|14|0|74|0|50,0|0|-2|-2|-4|-117|-8|-117,58|58|58|58|58|7943|12961|29957,0,0,0,8,255,208
1677,0,3,7,0,7,0,0,0,1|1|1|1|1|1|1|216,255|255|255|255|255|255|255|168,0|0|0|0|0|0|0|-30,8|8|8|8|8|8|8|-30,-19|18|-15|14|-11|10|0|86,0|0|-2|-2|-4|-4|-6|95,58|58|58|58|58|58|58|2,0,0,0,8,255,208
1678,0,3,7,0,7,0,0,0,1|1|1|1|1|1|1|0,255|255|255|255|255|255|255|3,0|0|0|0|0|0|0|1,8|8|8|8|8|8|8|0,-19|18|-15|14|-6|5|0|112,0|0|-2|-2|-4|-4|-6|0,58|58|58|58|58|58|58|278,0,0,0,8,255,208
1679,0,3,3,0,6,0,0,0,1|1|1|1|1|1|97|110,255|255|255|255|255|255|0|0,0|0|0|0|0|0|0|0,8|8|8|8|8|-8|0|0,-16|15|0|-16|15|0|1|2,0|0|-4|0|0|4|0|0,58|58|134|58|58|77|1316|850,0,0,0,8,255,208
1680,0,3,4,0,8,0,0,0,1|1|1|1|1|1|1|1,255|255|255|255|255|255|255|255,0|0|0|0|0|0|0|0,8|8|8|8|-8|-8|8|8,-19|18|-15|14|-3|2|-6|5,0|0|-2|-2|4|4|-2|-2,58|58|58|58|58|58|58|58,0,0,0,8,255,208
1681,0,3,3,0,6,0,0,0,1|1|173|1|1|1|0|0,255|255|255|255|255|255|82|9,0|0|0|0|0|0|100|101,8|8|8|8|8|-8|0|0,-16|15|0|-16|15|0|0|0,0|0|-4|0|0|4|0|4,58|58|241|58|58|77|0|513,0,0,0,8,255,208
1682,0,3,2,0,8,0,0,0,173|173|1|1|1|1|1|1,255|255|255|255|255|255|255|255,0|0|0|0|0|0|0|0,8|8|8|8|8|8|8|8,-16|15|-5|4|-5|4|-5|4,0|0|0|0|0|0|0|0,241|241|58|58|58|58|58|58,0,0,0,8,255,208
1683,0,3,5,0,5,0,0,0,1|1|1|1|173|22|1|0,255|255|255|255|255|1|0|0,0|0|0|0|0|0|82|4,8|8|8|8|8|8|-48|0,-19|18|-15|14|0|0|0|0,0|0|-2|-2|-4|0|0|0,58|58|58|58|241|1|513|0,0,0,0,8,255,208
1684,0,3,2,0,2,0,0,0,1|1|101|116|105|109|0|0,255|255|54|1|0|0|0|0,-6|6|0|0|0|6|13|4,6|6|0|0|0|0|0|0,-16|15|0|62|0|0|1|2,0|0|0|0|2|115|1|-19,163|164|2642|0|26996|24941|0|13873,0,0,0,8,255,208
1685,0,3,3,0,3,0,0,0,1|1|1|0|0|0|3|0,255|255|255|0|2|22|1|0,-6|6|0|1|-19|0|0|0,6|6|-8|100|0|0|119|103,-16|15|0|0|105|99|-127|8,0|0|4|0|86|18|0|0,163|164|77|0|0|0|3|318,0,0,0,8,255,208
1686,0,3,4,0,4,0,0,0,1|1|1|1|100|114|97|119,255|255|255|255|104|105|0|0,-6|6|-7|7|0|0|18|0,6|6|4|4|0|0|0|0,-16|15|-16|15|0|1|0|0,0|0|0|0|0|0|82|15,163|164|281|282|0|28515|25974|0,0,0,0,8,255,208
1687,0,3,6,0,6,0,0,0,1|1|1|1|1|1|0|0,255|255|255|255|255|255|0|1,-6|6|-7|7|-8|8|40|8,6|6|3|3|0|0|0|0,-16|15|-16|15|-16|15|105|99,0|0|0|0|0|0|0|1,163|164|281|282|39|1|0|0,0,0,0,8,255,208
1688,0,3,8,0,8,0,0,0,1|1|1|1|1|1|1|1,255|255|255|255|255|255|255|255,-6|6|-7|7|-8|8|-3|3,6|6|3|3|0|0|7|7,-16|15|-16|15|-16|15|-16|15,0|0|0|0|0|0|0|0,163|164|281|282|39|1|201|202,0,0,0,8,255,208
1689,0,3,4,0,4,0,0,0,3|3|1|1|64|3|82|6,255|255|255|255|112|107|0|0,-6|6|-3|3|0|0|0|0,6|6|7|7|0|0|0|0,-16|15|-16|15|1|0|0|0,0|0|0|0|0|0|10|107,121|122|201|202|0|8200|1|0,0,0,0,8,255,208
1690,0,3,6,0,6,0,0,0,3|3|1|1|1|1|0|0,255|255|255|255|255|255|40|1,-6|6|-3|3|-7|7|6|13,6|6|7|7|3|3|0|0,-16|15|-16|15|-16|15|82|4,0|0|0|0|0|0|48|1,121|122|201|202|281|282|0|0,0,0,0,8,255,208
1691,0,3,4,0,4,0,0,0,3|3|3|3|0|0|10|71,255|255|255|255|108|101|116|116,-7|7|-4|4|1|0|0|0,4|4|7|7|0|0|0|0,-16|15|-16|15|0|0|0|4,0|0|0|0|1|2|0|0,98|98|98|98|278|0|40454|21002,0,0,0,8,255,208
1692,0,3,6,0,6,0,0,0,3|3|3|3|3|3|13|4,255|255|255|255|255|255|0|0,-7|7|-4|4|-8|8|1|2,4|4|7|7|1|1|1|0,-16|15|-16|15|-16|15|0|0,0|0|0|0|0|0|50|1,98|98|98|98|98|98|0|0,0,0,0,8,255,208
1693,0,3,2,0,2,0,0,0,173|173|1|0|1|2|0|0,255|255|112|105|0|0|1|8,-6|6|0|0|-86|13|0|0,6|6|4|0|0|0|0|0,-16|15|0|0|0|0|62|1,0|0|0|0|1|0|1|2,241|241|2|0|25612|29281|0|29550,0,0,0,8,255,208
1694,0,3,3,0,3,0,0,0,173|173|173|0|0|0|0|0,255|255|255|0|0|0|0|82,-6|6|0|119|68|101|0|0,6|6|-7|8|0|0|0|0,-16|15|0|0|6|13|4|0,0|0|0|0|0|0|0|0,241|241|241|32258|28672|0|32774|46595,0,0,0,8,255,208
1695,0,5,1,0,2,0,0,0,174|175|0|0|0|0|0|211,255|255|3|131|1|70|0|0,-6|6|2|0|0|0|2|75,6|6|0|0|10|-38|6|0,-16|15|4|0|0|-13|0|0,0|0|8|1|0|0|0|44,255|255|56842|2306|0|40715|11|0,0,0,0,8,255,208
1696,0,8,2,0,2,0,0,0,174|175|9|85|10|197|0|0,255|255|4|204|0|0|0|3,-6|6|0|0|0|60|1|65,6|6|0|0|0|0|0|0,-16|15|12|0|0|0|4|116,0|0|0|0|6|0|-57|11,255|255|256|0|337|632|0|3015,0,0,0,8,255,208
1697,0,8,3,0,3,0,0,0,174|175|1|0|0|0|0|0,255|255|255|0|0|0|0|0,-6|6|0|0|6|0|0|0,6|6|-8|0|0|0|6|0,-16|15|0|0|0|0|0|0,0|0|0|0|0|0|0|0,255|255|111|0|0|0|6|0,0,0,0,8,255,208
1698,0,8,4,0,4,0,0,0,174|175|1|1|0|0|0|0,255|255|255|255|0|0|0|0,-6|6|-6|6|0|0|0|0,6|6|-6|-6|0|0|6|0,-16|15|-15|14|0|0|0|0,0|0|0|0|0|0|0|0,255|255|111|111|0|0|6|0,0,0,0,8,255,208
1699,0,8,5,0,5,0,0,0,174|175|1|1|1|1|0|0,255|255|255|255|255|0|29|6,-6|6|-6|6|0|1|0|0,6|6|-6|-6|-8|0|0|0,-16|15|-15|14|0|0|6|0,0|0|0|0|0|13|122|13,255|255|111|111|111|0|0|256,0,0,0,8,255,208
1700,0,8,6,0,6,0,0,0,174|175|1|1|1|1|6|0,255|255|255|255|255|255|0|1,-6|6|-6|6|0|0|0|0,6|6|-6|-6|-8|-8|120|34,-16|15|-15|14|-4|3|62|1,0|0|0|0|0|0|0|0,255|255|111|111|111|111|337|8803,0,0,0,8,255,208
1701,0,8,7,0,7,0,0,0,174|175|1|1|1|1|1|1,255|255|255|255|255|255|255|0,-6|6|-6|6|-3|3|0|1,6|6|-6|-6|-7|-7|-8|0,-16|15|-15|14|-9|8|0|0,0|0|0|0|0|0|0|0,255|255|111|111|111|111|111|0,0,0,0,8,255,208
1702,0,8,7,0,7,0,0,0,174|175|1|1|1|1|1|0,255|255|255|255|255|255|255|0,-6|6|-6|6|-3|3|0|6,6|6|-6|-6|-7|-7|8|0,-16|15|-15|14|-9|8|0|14,0|0|0|0|0|0|0|0,255|255|111|111|111|111|111|6,0,0,0,8,255,208
1703,0,8,5,0,5,0,0,0,174|175|174|175|1|0|0|1,255|255|255|255|255|0|172|14,-6|6|-6|6|0|1|0|0,6|6|6|6|-8|0|62|1,-16|15|-19|18|0|1|99|34,0|0|12|12|0|0|0|0,255|255|255|255|111|0|0|337,0,0,0,8,255,208
1704,0,8,7,0,7,0,0,0,174|175|174|175|1|1|1|0,255|255|255|255|255|255|255|0,-6|6|-6|6|0|-3|3|0,6|6|6|6|8|-7|-7|1,-16|15|-19|18|0|-9|8|0,0|0|12|12|0|0|0|1,255|255|255|255|111|111|111|0,0,0,0,8,255,208
1705,0,8,8,0,8,0,0,0,174|175|174|175|1|1|1|1,255|255|255|255|255|255|255|255,-6|6|-6|6|0|-6|6|0,6|6|6|6|8|-6|-6|-8,-16|15|-19|18|0|-9|8|0,0|0|12|12|0|0|0|0,255|255|255|255|111|111|111|111,0,0,0,8,255,208
1706,0,1,5,20,5,0,0,0,99|99|99|99|99|0|12|0,20|20|20|20|20|1|0|1,0|-1|1|-2|2|34|0|0,8|7|7|5|5|0|0|1,0|0|0|0|0|34|8|0,0|0|0|0|0|1|0|0,9634|9634|9634|9634|9634|0|318|256,0,0,0,10,255,128
1707,0,11,8,1,8,0,0,0,20|20|20|20|20|20|20|20,255|255|255|255|255|255|255|255,120|120|120|120|120|120|120|120,120|120|120|120|120|120|120|120,14|0|-14|0|9|9|-9|-9,0|14|0|-14|9|-9|-9|9,227|227|227|227|227|227|227|227,0,0,0,26,255,208
1708,70,2,7,0,7,0,0,0,189|189|189|189|189|189|189|0,255|255|255|255|255|255|255|0,0|-1|1|-2|2|-3|3|1,1|0|0|0|0|-1|-1|0,0|0|0|0|0|0|0|1,0|0|0|0|0|0|0|0,238|238|238|238|238|238|238|0,1,0,0,6,255,208
1709,0,9,8,0,8,0,0,8,114|114|114|114|114|114|114|114,255|255|255|255|255|255|255|255,-5|5|-3|3|-3|3|0|0,0|0|-3|-3|3|3|-4|6,-5|5|-3|3|-3|3|0|0,0|0|-3|-3|3|3|-4|6,171|171|171|171|171|171|171|171,0,0,0,26,98,208
1710,10,0,1,3,1,0,0,0,128|8|0|0|62|1|0|1,255|0|81|1|98|34|0|0,0|8|0|0|0|0|0|1,1|0|0|0|99|34|10|0,0|0|0|0|82|1|0|0,0|0|81|1|0|0|8|0,271|0|278|256|0|337|8805|0,0,0,0,8,255,208
1711,0,6,8,0,8,0,0,0,12|12|6|6|6|6|6|6,255|255|255|255|255|255|255|255,0|0|0|0|0|0|0|0,8|8|8|8|8|8|8|8,-24|24|-18|18|-12|12|-5|5,8|8|-2|-2|-6|-6|-8|-8,160|160|160|160|160|160|160|160,0,0,0,5,255,96
1712,0,3,1,0,1,0,0,0,3|8|0|0|0|0|0|1,255|0|0|0|172|17|0|0,0|0|0|0|81|1|0|0,10|0|-105|8|0|0|62|1,0|1|0|0|81|1|98|34,0|0|-105|8|0|0|0|0,72|0|0|9840|6|0|0|371,0,0,0,13,255,208
1713,0,3,2,0,2,0,0,0,3|3|0|0|81|1|122|2,255|255|151|8|0|0|0|0,0|0|108|17|0|0|116|21,10|10|14|-23|-128|62|14|-23,-6|6|5|-58|6|14|-23|21,0|0|12|-23|0|-96|13|-23,72|72|37508|440|15104|33926|30354|59651,0,0,0,13,255,208
1714,0,3,3,0,3,0,0,0,3|3|3|233|30|7|137|190,255|255|255|134|130|146|38|128,0|0|0|3|-23|7|1|-117,10|10|10|107|6|98|-28|14,-6|6|0|5|3|-8|3|-6,0|0|-4|-15|-60|-66|-128|-110,72|72|72|58857|65280|64518|27624|64574,0,0,0,13,255,208
1715,0,3,4,0,4,0,0,0,3|3|3|3|6|98|228|107,255|255|255|255|0|3|6|90,0|0|0|0|-60|-66|-128|-110,10|10|10|10|-60|-66|124|-110,-6|6|3|-3|-60|-66|-128|-110,0|0|-4|-4|-60|-66|124|-110,72|72|72|72|27430|1349|39192|51339,0,0,0,13,255,208
1716,0,3,3,0,3,0,0,0,3|3|8|146|38|137|69|5,255|255|255|49|210|139|200|139,0|0|0|-128|-110|38|-118|69,10|10|10|3|-63|19|-45|45,-6|6|0|-38|0|-60|-66|124,0|0|-4|69|7|-60|-66|-128,72|72|12|49259|50204|31934|9874|17800,0,0,0,13,255,208
1717,0,3,4,0,4,0,0,0,3|3|5|5|146|38|128|125,255|255|255|255|160|14|233|196,0|0|0|0|-120|69|10|-58,10|10|10|10|-21|16|-60|-66,-6|6|4|-4|69|8|-60|-66,0|0|-4|-4|69|10|-95|100,72|72|12|12|65229|16003|58464|29710,0,0,0,13,255,208
1718,0,4,2,0,2,0,0,0,2|2|228|163|8|233|131|62,255|255|0|116|42|161|92|228,0|0|-102|61|20|-33|1|82,12|12|-72|-123|0|49|-37|-70,-8|10|89|94|95|-102|47|20,0|0|-93|-12|-26|-119|30|-10,262|262|60390|50962|62470|34022|51029|62982,0,0,0,5,255,208
1719,0,5,3,0,3,0,0,7,3|3|3|139|14|244|230|139,255|255|255|139|62|248|230|154,0|-4|4|1|-102|73|20|-33,-8|5|5|-117|-38|-72|80|2,0|0|0|-63|27|-45|45|1,0|0|0|0|-93|84|-28|-125,166|166|166|1735|58452|1|16003|58460,0,0,0,26,255,208
1720,0,10,1,0,1,0,0,0,8|139|200|139|218|161|10|233,255|210|59|211|127|12|125|3,0|-27|1|59|-63|119|3|-23,10|1|-95|84|-28|-119|-122|-122,-20|-95|10|-23|72|59|-122|-122,-15|115|3|-23|-60|1|-93|98,60022|65284|25102|51172|24582|484|60160|65284,0,0,0,13,255,208
1721,0,5,8,1,8,0,0,0,5|5|4|4|4|4|4|4,255|255|255|255|255|255|255|255,0|0|0|0|0|0|0|0,22|22|22|22|22|22|22|22,0|0|0|0|0|0|0|0,0|-14|-28|-42|-56|-70|-84|-98,192|191|192|191|192|191|192|191,0,0,0,15,255,128
1722,0,5,8,0,8,0,0,0,5|5|4|4|4|4|4|4,255|255|255|255|255|255|255|255,-12|-12|-12|-12|-12|-12|-12|-12,14|14|14|14|14|14|14|14,0|-12|-24|-36|-48|-60|-72|-84,0|-14|-28|-42|-56|-70|-84|-98,194|195|194|195|194|195|194|195,0,0,0,15,255,128
1723,0,5,8,0,8,0,0,0,5|5|4|4|4|4|4|4,255|255|255|255|255|255|255|255,12|12|12|12|12|12|12|12,14|14|14|14|14|14|14|14,0|12|24|36|48|60|72|84,0|-14|-28|-42|-56|-70|-84|-98,196|197|196|197|196|197|196|197,0,0,0,15,255,128
1724,0,5,8,1,8,0,0,0,5|5|4|4|4|4|4|4,255|255|255|255|255|255|255|255,-22|-22|-22|-22|-22|-22|-22|-22,0|0|0|0|0|0|0|0,0|-12|-24|-36|-48|-60|-72|-84,0|0|0|0|0|0|0|0,198|199|198|199|198|199|198|199,0,0,0,15,255,128
1725,0,5,8,1,8,0,0,0,5|5|4|4|4|4|4|4,255|255|255|255|255|255|255|255,22|22|22|22|22|22|22|22,0|0|0|0|0|0|0|0,0|12|24|36|48|60|72|84,0|0|0|0|0|0|0|0,198|199|198|199|198|199|198|199,0,0,0,15,255,128
1726,0,5,1,1,1,0,0,0,2|116|3|233|89|254|161|98,255|59|134|134|146|116|3|233,0|-2|-95|84|-28|-93|10|-23,10|6|-4|-24|-127|62|-4|-24,0|9|118|35|-65|126|-11|30,0|-65|27|4|14|87|106|0,50|57098|39425|2286|479|38554|57093|47105,0,0,0,26,255,208
1727,0,5,2,0,2,0,0,0,1|1|148|191|116|228|30|87,255|255|10|223|1|154|150|5,-7|7|8|-64|116|52|-65|116,7|7|87|-65|-6|-26|30|87,-5|5|0|-102|-41|9|-33|1,0|0|8|-33|1|-102|-106|5,121|122|7908|39511|2781|479|38554|57093,0,0,0,5,255,208
1728,0,4,1,0,1,0,0,0,1|10|223|1|107|62|252|232,255|136|131|127|148|154|15|9,0|1|-102|-106|5|-33|1|-65,9|-28|30|87|-65|-6|-26|30,0|104|-1|0|-102|-41|9|-33,0|-102|-82|8|-33|1|-102|-106,48|36097|35006|5777|48983|59130|22302|1178,0,0,0,13,255,208
1729,0,5,6,0,6,0,0,0,4|4|4|4|4|4|30|14,255|255|255|255|255|255|11|141,-7|7|-10|10|-7|7|-66|-124,7|7|0|0|-7|-7|-6|-26,-5|5|-5|5|-5|5|87|-24,0|0|0|0|0|0|-23|-94,121|122|102|104|140|141|64191|7910,0,0,0,5,255,208
1730,0,4,2,0,8,0,0,7,2|2|2|2|2|2|2|2,255|255|255|255|255|255|255|255,-7|7|-5|5|-7|7|-9|9,7|7|9|9|7|7|5|5,-5|5|-5|5|-5|5|-5|5,0|0|0|0|0|0|0|0,247|247|247|247|247|247|247|247,0,0,0,5,255,32
1731,0,3,3,0,3,0,0,0,3|3|8|213|8|192|117|2,255|255|255|84|228|196|190|132,0|0|0|69|8|-65|-6|-26,10|10|10|84|-28|30|87|-24,-8|8|0|-64|117|2|-21|11,10|10|-4|-60|-66|-124|-110|38,72|72|12|3048|48000|38015|29954|27425,0,0,0,13,255,208
1732,0,3,5,0,5,0,0,0,3|3|3|3|5|152|163|92,255|255|255|255|255|163|90|228,0|0|0|0|0|82|-28|1,10|10|10|10|10|-28|-125|62,-8|8|-10|10|0|-23|-39|0,10|10|12|10|-4|-122|-122|-110,72|72|72|72|12|197|24739|60388,0,0,0,13,255,208
1733,0,3,3,0,3,0,0,0,3|3|12|146|118|3|233|156,255|255|255|228|235|4|255|6,0|0|0|62|96|-28|11|-117,10|10|10|107|62|98|-28|11,-8|8|0|-108|119|40|107|62,10|10|-4|-117|-125|125|-108|107,72|72|11|38013|24437|15979|58464|35339,0,0,0,13,255,208
1734,0,3,5,0,5,0,0,0,3|3|3|3|12|125|148|22,255|255|255|255|255|87|106|11,0|0|0|0|0|107|62|98,10|10|10|10|10|-108|22|87,-8|8|-10|10|0|-115|-69|125,10|10|12|10|-4|-102|-41|12,72|72|72|72|11|3044|48013|38013,0,0,0,13,255,208
1735,0,3,2,0,2,0,0,0,12|12|233|105|255|161|96|228,255|255|134|146|116|3|233|64,0|0|62|82|-28|2|116|3,10|10|-1|-65|116|-28|30|87,-6|6|6|-33|1|-102|-106|5,-4|-4|-65|116|-27|30|87|-65,11|11|618|49201|20560|18074|57100|39425,0,0,0,13,255,208
1736,0,20,2,0,2,0,0,0,10|10|119|50|163|96|228|235,255|255|6|96|228|191|116|229,0|0|107|62|96|-28|11|-115,10|10|-108|22|87|106|11|49,0|0|80|-102|70|12|-33|1,0|-2|5|-33|1|-95|96|-28,7030|7029|54133|29887|7909|39511|3029|479,0,0,0,13,255,112
1737,0,30,5,0,5,0,0,7,20|2|2|2|2|30|87|106,255|255|255|255|255|1|191|52,0|-2|2|-3|3|-102|18|10,2|2|2|0|0|-33|1|-102,0|0|0|0|0|62|86|-28,0|0|0|0|0|-16|-95|100,9028|247|247|247|247|65285|25654|26629,0,0,0,13,255,112
1738,0,2,1,0,1,0,0,0,1|54|106|5|255|54|104|5,255|208|32|154|93|3|223|1,0|108|5|11|6|110|5|116,10|-1|54|110|5|-1|54|108,0|104|40|35|-102|93|3|-33,0|106|40|106|1|106|80|106,20|14055|447|49201|28835|41956|58482|1735,0,0,0,13,255,112
1739,0,2,2,0,2,0,0,0,1|1|247|241|146|9|192|117,255|255|116|229|30|87|141|190,0|0|22|87|-95|96|-28|72,10|10|9|-127|-57|113|4|30,-9|9|4|14|-33|1|-65|17,12|12|87|-102|-125|14|-33|1,20|20|60161|48940|58740|22302|48781|37768,0,0,0,13,255,112
1740,0,3,2,0,2,0,0,0,1|1|223|1|191|22|4|14,255|255|131|14|223|1|154|25,0|0|1|-65|116|-27|30|87,10|10|-102|84|11|-33|1|-102,-3|3|-33|1|-65|116|-27|30,0|0|-39|21|-33|1|-102|-106,20|20|58480|5769|58482|28833|35812|29206,0,0,0,13,255,112
1741,0,3,3,0,3,0,0,0,1|1|1|30|87|154|213|11,255|255|255|150|5|223|1|131,0|0|0|17|116|3|-23|61,10|10|10|-27|30|87|-65|-67,-9|9|0|-102|25|11|-33|1,12|12|0|30|87|106|1|-102,20|20|21|57093|48897|58740|22302|55706,0,0,0,13,255,112
1742,0,3,3,0,3,0,0,0,1|1|1|139|30|114|228|161,255|255|255|139|248|193|231|2,0|0|0|-13|-119|-99|-28|-13,10|10|10|30|87|-102|-43|11,-15|15|0|-106|5|-33|1|-57,14|14|0|70|0|-57|6|114,20|20|21|484|60160|65284|24582|41444,0,0,0,13,255,112
1743,0,3,4,0,4,0,0,0,1|1|1|1|243|161|96|228,255|255|255|255|231|2|139|133,0|0|0|0|-28|-13|1|6,10|10|10|10|114|-28|-125|62,-11|11|-4|4|-58|-102|39|55,14|14|0|0|-11|30|87|-65,20|20|21|21|57098|39425|2286|479,0,0,0,13,255,112
1744,0,3,4,0,4,0,0,0,1|1|1|1|191|116|229|30,255|255|255|255|14|87|154|25,0|0|0|0|116|-27|30|87,10|10|10|10|11|-33|1|-102,-17|17|-4|4|-57|6|94|-28,14|14|0|0|-27|30|87|-65,21|21|21|21|20560|18074|57100|39425,0,0,0,13,255,112
1745,0,3,3,0,3,0,0,0,1|1|1|30|87|139|62|96,255|255|255|2|129|199|226|243,0|0|0|4|49|-64|80|80,10|10|10|-33|1|-102|-106|5,-18|18|0|62|96|-28|16|117,14|14|0|-27|30|87|-95|96,22|22|21|33026|58055|7923|27223|12548,0,0,0,13,255,112
1746,0,3,4,0,4,0,0,0,1|1|1|1|4|255|6|96,255|255|255|255|30|87|107|62,0|0|0|0|-57|113|4|30,10|10|10|10|18|10|-33|1,-22|22|-9|9|1|-102|-106|5,14|14|12|12|-28|49|-46|-71,22|22|20|20|11381|62655|7909|36183,0,0,0,13,255,112
1747,0,3,5,0,5,0,0,0,1|1|1|1|1|191|17|4,255|255|255|255|255|223|1|154,0|0|0|0|0|42|-65|-12,10|10|10|10|10|-120|-109|22,-22|22|-16|16|0|9|-127|-57,14|14|12|12|0|4|14|-33,22|22|22|22|20|39425|2841|479,0,0,0,13,255,112
1748,0,3,6,0,6,0,0,0,1|1|1|1|1|1|191|2,255|255|255|255|255|255|191|94,0|0|0|0|0|0|-33|1,10|10|10|10|10|10|62|94,-22|22|-16|16|-9|9|-27|30,14|14|12|12|12|12|-1|54,22|22|22|22|20|20|1430|479,0,0,0,13,255,112
1749,0,4,1,0,1,0,0,0,3|154|150|5|223|1|131|62,255|228|16|116|3|233|5|255,120|126|-11|30|87|-65|-55|3,120|87|106|0|-102|18|10|-33,-24|-102|-18|8|-33|1|-102|-106,0|-33|1|-65|-12|-27|30|87,88|3587|39511|2841|479|62655|7909|27223,0,0,168,26,255,32
1750,0,3,2,2,6,0,0,0,1|1|1|1|1|1|80|195,255|255|101|101|101|101|63|12,0|0|10|10|-10|-10|1|-125,22|22|10|10|10|10|-65|116,0|0|0|-12|12|0|30|87,-8|6|0|14|14|0|80|80,191|191|196|196|194|194|58462|29952,0,0,0,15,255,128
1751,0,0,2,0,4,0,0,0,1|1|0|0|87|154|213|11,255|255|255|255|5|223|1|161,101|101|101|101|114|5|116|15,14|14|14|14|-1|54|112|5,-9|8|-9|8|3|-33|1|-65,10|10|10|10|-65|111|4|14,286|286|286|286|48983|1157|22286|55784,0,0,0,6,255,208
1752,0,0,4,0,4,0,0,0,1|1|1|1|55|191|1|191,255|255|255|255|191|146|4|14,101|101|101|101|18|10|-33|1,14|14|14|14|1|-102|-106|5,-14|13|-6|5|-102|-36|81|-57,14|14|10|10|-33|1|-102|124,120|120|116|116|18074|48948|39425|2,0,0,0,6,255,208
1753,0,0,2,0,2,0,0,0,1|1|176|51|191|1|154|151,255|255|1|154|117|51|191|1,0|0|51|-65|1|-102|50|51,10|10|85|-119|-27|-24|124|-47,-11|11|-64|-102|118|2|-33|1,10|10|-27|-58|6|-48|-13|0,49|49|10725|52672|10291|15817|65535|629,0,0,0,6,255,208
1754,0,0,1,0,1,0,0,0,251|103|240|198|6|107|240|0,255|26|0|30|87|191|104|240,101|87|106|3|-102|-41|12|-33,14|-55|-53|85|-119|-27|-58|6,-1|-13|0|-95|44|5|80|-65,10|0|7|38|-118|5|-94|119,116|29190|496|1734|61556|51456|21963|58761,0,0,0,6,255,208
1755,0,4,2,0,6,0,0,0,112|112|112|112|112|112|85|137,255|255|255|255|255|255|198|6,0|0|0|0|0|0|-102|67,0|0|0|0|0|0|-119|22,-17|16|-23|22|-29|28|0|49,10|10|12|12|14|14|-76|-13,31|31|31|31|31|31|35315|35350,1,0,0,7,0,208
1756,0,3,2,0,2,0,0,0,251|251|139|22|80|243|163|92,98|98|22|94|242|161|82|243,0|0|-93|88|-14|-119|22|90,28|28|88|-14|-117|22|90|-14,-6|6|0|49|-37|-102|-21|13,0|0|-93|88|-14|-119|22|90,143|144|58761|1734|62342|50689|34566|243,0,0,0,13,255,208
1757,0,2,2,0,4,0,0,0,251|251|251|251|4|154|104|67,98|98|98|98|243|255|54|168,-8|-8|8|8|-57|0|-93|-96,28|28|28|28|-13|-60|62|-96,-6|6|-6|6|-80|-13|-55|-53,0|0|0|0|126|10|38|-117,143|144|143|144|51507|53811|747|49203,0,0,0,13,255,208
1758,0,3,4,0,4,0,0,0,251|251|251|251|10|38|139|29,98|98|98|98|86|8|184|1,-8|-8|8|8|2|51|-64|-93,28|28|28|28|8|0|85|-117,-6|6|-6|6|30|-59|118|12,0|0|0|0|7|-4|-84|60,143|144|143|144|12964|43712|22213|46086,0,0,0,13,255,208
1759,0,3,4,0,4,0,0,0,251|251|251|251|32|0|139|229,98|98|98|98|85|139|236|30,0|0|0|0|26|-51|33|31,28|28|28|28|-60|126|6|-24,-18|-6|6|18|4|0|114|30,0|0|0|0|6|31|50|-64,748|749|750|751|49546|35663|20215|62461,0,0,0,13,255,208
1760,0,3,4,0,4,0,0,0,251|251|251|251|1|201|195|85,98|98|98|98|0|191|126|244,0|0|0|0|56|-65|1|-65,28|28|28|28|-102|117|6|-33,-6|6|-6|6|30|87|-102|-103,0|0|14|14|126|-11|30|87,143|144|143|144|59407|1531|1852|2676,0,0,0,13,255,208
1761,0,2,4,0,6,0,0,0,251|251|251|251|251|251|36|127,98|98|98|98|98|98|51|192,-14|-14|14|14|0|0|-94|-28,28|28|28|28|28|28|6|44,-6|6|-6|6|-6|6|29|38,0|0|0|0|0|0|29|-72,143|144|143|144|143|144|13056|37851,0,0,0,13,255,208
1762,0,3,6,0,6,0,0,0,251|251|251|251|251|251|30|7,98|98|98|98|98|98|184|1,-14|-14|14|14|0|0|-114|6,28|28|28|28|28|28|0|-2,-6|6|-6|6|-6|6|114|2,0|0|0|0|0|0|103|5,143|144|143|144|143|144|47109|4400,0,0,0,13,255,208
1763,0,3,8,0,8,0,0,0,251|251|251|251|251|251|251|251,98|98|98|98|98|98|98|98,-20|-20|20|20|8|8|-8|-8,28|28|28|28|28|28|28|28,-6|6|-6|6|-6|6|-6|6,0|0|0|0|0|0|0|0,143|144|143|144|143|144|143|144,0,0,0,13,255,208
1764,0,3,8,0,8,0,0,0,251|251|251|251|251|251|251|251,98|98|98|98|98|98|98|98,-20|-20|20|20|4|4|-4|-4,28|28|28|28|28|28|28|28,-6|6|-6|6|-6|6|-6|6,0|0|0|0|0|0|0|0,143|144|143|144|143|144|143|144,0,0,0,13,255,208
1765,0,3,8,0,8,0,0,0,251|251|251|251|251|251|251|251,98|98|98|98|98|98|98|98,-8|-8|8|8|8|8|-8|-8,28|28|28|28|0|0|0|0,-6|6|-6|6|-6|6|-6|6,0|0|0|0|0|0|0|0,143|144|143|144|143|144|143|144,1,0,0,13,255,208
1766,0,3,8,0,8,0,0,0,251|251|251|251|251|251|251|251,98|98|98|98|98|98|98|98,0|0|0|0|6|6|-6|-6,28|28|28|28|0|0|0|0,-18|-6|6|18|-6|6|-6|6,0|0|0|0|0|0|0|0,748|749|750|751|143|144|143|144,1,0,0,13,255,208
1767,0,4,1,0,1,0,0,9,2|136|5|154|62|10|223|1,255|190|132|148|38|136|69|62,0|62|10|-33|1|-60|-66|-124,2|38|-120|69|63|-102|62|10,0|1|-60|-66|-124|-108|38|-120,0|20|-102|62|10|-33|1|-60,501|9876|17801|39445|2622|479|48836|38020,1,0,0,16,255,208
1768,0,4,2,0,2,0,0,0,1|1|62|10|223|1|196|190,255|255|38|137|69|27|154|62,-1|1|1|-60|-66|-124|-108|38,2|2|29|-102|62|10|-33|1,0|0|-124|-108|38|-119|69|31,0|0|10|-33|1|-60|-66|-124,501|501|39457|2622|479|48836|38020|35110,1,0,0,16,255,208
1769,0,4,3,0,3,0,0,0,1|1|1|1|196|190|132|148,255|255|255|39|154|62|10|223,-2|2|0|-124|-108|38|-119|69,2|2|2|10|-33|1|-60|-66,0|0|0|-119|69|43|-102|62,0|0|0|-60|-66|-124|-108|38,501|501|501|479|48836|38020|35110|12101,1,0,0,16,255,208
1770,0,4,4,0,4,0,0,0,1|1|1|1|132|148|38|137,255|255|255|255|10|223|1|196,-4|-3|4|3|-119|69|53|-102,2|2|2|2|-60|-66|-124|-108,0|0|0|0|-102|62|10|-33,0|0|0|0|-108|38|-119|69,501|501|501|501|38020|35110|15173|16026,1,0,0,16,255,208
1771,0,4,4,0,4,0,0,0,1|1|1|1|38|136|69|4,255|255|255|255|1|196|190|132,-5|-2|5|2|2|-102|62|10,2|2|2|2|-124|-108|38|-120,0|0|0|0|10|-33|1|-60,0|0|0|0|-120|69|3|-102,501|501|501|501|34854|1605|16026|57098,1,0,0,16,255,208
1772,0,4,5,0,5,0,0,0,1|1|1|1|1|8|154|62,255|255|255|255|255|132|148|38,-5|-2|5|2|0|10|-33|1,2|2|2|2|2|-120|69|10,0|0|0|0|0|-60|-66|-124,0|0|0|0|0|-102|62|10,501|501|501|501|501|16026|57098|50177,1,0,0,16,255,208
1773,0,4,6,0,6,0,0,0,1|1|1|1|1|1|10|223,255|255|255|255|255|255|136|69,0|-5|-2|5|2|0|-60|-66,2|2|2|2|2|2|-102|62,0|0|0|0|0|0|-108|38,-12|0|0|0|0|0|-33|1,501|501|501|501|501|501|50177|33982,1,0,0,16,255,208
1774,0,4,3,0,3,0,0,0,1|1|2|62|10|223|1|196,255|255|255|38|136|69|68|154,-2|2|0|1|-60|-66|-124|-108,2|2|2|69|-102|62|10|-33,0|0|0|-124|-108|38|-119|69,0|0|0|10|-33|1|-60|-66,501|501|520|16026|57098|50177|33982|9876,1,0,0,16,255,208
1775,0,4,2,0,2,0,0,0,2|2|8|223|1|154|150|5,255|255|199|6|98|228|1|0,-1|1|-1|6|98|-28|-95|98,2|2|-32|-60|-66|-124|-108|3,0|0|-117|85|19|-95|98|-28,0|0|-60|-66|-124|-108|3|-8,520|520|16003|58466|29972|50391|33982|9876,1,0,0,16,255,208
1776,0,4,4,0,4,0,0,0,2|2|1|1|116|3|233|165,255|255|255|255|30|87|196|62,-1|1|-3|3|106|-9|49|-64,2|2|2|2|12|-33|1|-102,0|0|0|0|-65|116|-28|30,0|0|0|0|-33|1|-102|-106,520|520|501|501|44698|57096|39425|1430,1,0,0,16,255,208
1777,0,4,3,0,3,0,0,0,2|2|2|62|116|5|3|248,255|255|255|148|140|134|134|148,-2|2|0|2|-102|122|55|-65,2|2|2|-11|30|87|-95|96,0|0|0|82|80|106|5|-102,0|0|0|1|-102|15|9|-33,520|520|520|1735|58466|1|1259|1791,1,0,0,16,255,208
1778,0,0,2,1,4,0,0,0,251|251|251|251|154|150|5|223,255|255|255|255|228|38|117|222,101|101|101|101|87|-102|62|10,14|14|14|14|-124|-108|38|-120,-6|6|-6|6|10|-33|1|-60,10|10|10|10|-120|5|-102|62,558|561|559|562|17800|39486|2622|479,0,0,0,6,255,208
1779,0,3,1,18,1,0,0,0,2|38|136|69|20|154|62|10,255|1|196|190|132|148|38|137,0|21|-102|62|10|-33|1|-60,-1|-124|-108|38|-119|69|23|-102,0|10|-33|1|-60|-66|-124|-108,-8|-119|69|25|-102|62|10|-33,598|33982|9876|17801|39451|2622|479|48836,1,0,0,25,255,208
1780,40,3,4,11,8,0,0,0,250|250|251|251|250|250|250|250,11|11|11|11|11|11|11|11,0|0|0|0|0|0|0|0,11|11|11|11|11|11|11|11,-6|6|-6|6|-6|6|-6|6,-7|-7|7|7|-7|-7|7|7,672|691|710|729|672|691|710|729,-1,0,0,4,255,112
1781,0,7,2,0,2,0,0,0,251|250|62|10|223|1|196|190,255|255|38|137|69|45|154|62,0|0|1|-60|-66|-124|-108|38,12|12|47|-102|62|10|-33|1,0|0|-124|-108|38|-119|69|49,-7|7|10|-33|1|-60|-66|-124,185|186|39475|2622|479|48836|38020|35110,0,0,0,13,255,208
1782,0,6,2,0,2,0,0,0,251|250|223|1|196|190|132|148,255|255|69|57|154|62|10|223,0|0|-66|-124|-108|38|-119|69,14|14|62|10|-33|1|-60|-66,0|0|38|-120|69|1|-102|62,-7|7|1|-60|-66|-124|-108|38,189|190|2622|479|48836|38020|34854|581,0,0,0,13,255,208
1783,0,6,2,0,4,0,0,0,251|250|251|250|132|148|38|136,255|255|255|255|10|223|1|196,0|0|0|0|-120|69|6|-102,16|16|16|16|-60|-66|-124|-108,-5|-5|5|5|-102|62|10|-33,-7|7|-7|7|-108|38|-120|69,185|186|185|186|38020|34854|2373|16026,0,0,0,13,255,208
1784,0,8,4,0,4,0,0,0,251|250|251|250|38|137|69|13,255|255|255|255|1|196|190|132,0|0|0|0|15|-102|62|10,16|16|16|16|-124|-108|38|-120,-9|-9|9|9|10|-33|1|-60,-7|7|-7|7|-120|69|18|-102,185|186|185|186|34854|4933|16026|57098,0,0,0,13,255,208
1785,0,7,4,0,4,0,0,0,251|250|251|250|69|12|154|62,255|255|255|255|190|132|148|38,0|0|0|0|62|10|-33|1,16|16|16|16|38|-120|69|65,-6|-6|6|6|1|-60|-66|-124,-7|7|-7|7|66|-102|62|10,185|186|185|186|17477|16026|57098|50177,0,0,0,13,255,208
1786,0,7,4,0,8,0,0,0,251|250|251|250|251|250|251|250,255|255|255|255|255|255|255|255,0|0|0|0|0|0|0|0,16|16|16|16|16|16|16|16,-6|-6|6|6|-9|-9|9|9,-7|7|-7|7|-7|7|-7|7,185|186|185|186|185|186|185|186,0,0,0,13,255,208
1787,0,7,6,0,6,0,0,0,251|250|251|250|251|250|190|132,255|255|255|255|255|255|19|131,0|0|0|0|0|0|-60|-66,16|16|16|16|16|16|0|117,-9|-9|9|9|0|0|-119|69,-7|7|-7|7|-3|11|3|116,185|186|185|186|185|186|1541|27223,0,0,0,13,255,208
1788,0,7,6,0,6,0,0,0,251|250|251|250|251|251|6|223,255|255|255|255|255|255|191|116,0|0|0|0|0|0|-33|1,16|16|16|16|16|16|54|94,-9|-9|9|9|0|0|-118|19,-7|7|-7|7|-3|11|54|98,185|186|185|186|189|190|26728|39440,0,0,0,13,255,208
1789,0,7,6,0,6,0,0,0,251|251|251|251|251|250|137|22,255|255|255|255|255|255|67|3,0|0|0|0|0|0|22|110,16|16|16|16|16|16|122|55,-9|-9|9|9|0|0|1|-21,-7|7|-7|7|-3|11|86|-28,189|190|189|190|185|186|22294|15979,0,0,0,13,255,208
1790,0,7,8,0,8,0,0,0,251|250|251|250|251|250|251|250,255|255|255|255|255|255|255|255,0|0|0|0|0|0|0|0,16|16|16|16|16|16|16|16,-11|-11|11|11|-4|-4|4|4,-7|7|-7|7|-3|11|-3|11,185|186|185|186|185|186|185|186,0,0,0,13,255,208
1791,0,7,8,0,8,0,0,0,251|251|251|251|251|250|251|250,255|255|255|255|255|255|255|255,0|0|0|0|0|0|0|0,16|16|16|16|16|16|16|16,-11|-11|11|11|-4|-4|4|4,-7|7|-7|7|-3|11|-3|11,189|190|189|190|189|190|189|190,0,0,0,13,255,208
1792,0,2,1,0,8,0,0,0,3|3|3|3|3|3|3|3,255|255|255|255|255|255|255|255,-1|1|-1|-2|2|2|0|0,0|2|1|0|0|1|1|-1,0|0|0|0|0|0|0|0,0|0|0|0|0|0|0|0,23|24|25|26|23|24|25|26,0,0,88,13,255,176
1793,160,10,4,8,2,0,0,0,251|251|80|154|70|12|223|1,255|255|5|223|1|191|116|228,0|0|-65|-6|-25|30|87|104,2|2|-102|-41|9|-33|1|-102,0|0|-33|1|-102|-106|5|-33,0|0|116|-27|30|87|-65|1,252|271|12545|20672|39504|3142|479|38554,0,0,0,31,255,176
1794,500,20,5,1,5,0,0,0,251|251|251|251|251|163|98|228,255|255|255|255|255|163|100|228,0|0|0|0|0|-102|-106|5,0|0|0|0|0|30|87|-65,0|6|6|-6|-6|2|49|-64,7|7|-7|7|-7|-33|1|-102,663|661|657|659|655|58466|22302|618,1,0,0,31,198,208
1795,100,5,2,0,2,0,0,0,1|1|87|191|100|228|30|87,255|255|49|192|80|80|154|70,0|0|1|-102|-106|5|-33|1,0|0|-25|-94|-6|-24|-65|-12,-2|4|87|-115|-66|-120|-111|22,0|0|-6|-26|30|87|106|1,620|620|57102|48897|1046|22286|33690|57102,1,0,0,31,255,128
1796,150,5,3,0,3,0,0,0,1|1|1|150|5|223|1|191,255|255|255|87|191|2|33|30,0|0|0|3|49|-64|80|80,0|0|0|-33|1|-102|-106|5,-4|6|1|-12|-27|30|87|-60,0|0|-2|6|87|104|104|16,620|620|620|57100|39425|1430|479|62655,1,0,0,31,255,128
1797,100,5,2,0,2,0,0,0,2|2|12|223|1|154|150|5,255|255|191|244|229|30|87|196,0|0|5|6|87|104|40|35,0|0|80|80|-102|63|12|-33,-5|6|-106|5|-33|1|-65|-12,0|0|87|-102|-43|11|-33|1,621|621|36097|35006|5780|26711|27500|106,1,0,0,31,255,128
1798,50,5,1,0,1,0,0,0,3|5|223|1|191|116|228|30,255|154|174|8|223|1|154|150,0|-33|1|-65|116|-28|30|87,0|62|10|-33|1|-93|96|-28,0|-82|8|-33|1|-102|-106|5,0|1|-65|116|-27|30|87|-65,622|22302|618|49201|20560|18074|57100|39425,1,0,0,31,255,128
1799,150,5,3,0,3,0,0,0,3|1|1|67|163|96|228|235,255|255|255|96|228|191|116|228,0|-1|1|62|10|-33|1|-93,0|0|0|15|9|-33|1|-102,0|-2|4|1|-65|116|-27|30,0|0|0|-28|30|87|106|2,622|620|620|57100|39425|1430|479|24737,1,0,0,31,255,128
1800,150,5,3,0,3,0,0,0,3|2|2|5|223|1|191|116,255|255|255|154|174|8|223|1,0|-1|1|-33|1|-65|116|-28,0|0|0|-82|8|-33|1|-102,0|-5|6|1|-65|116|-28|30,0|0|0|8|-33|1|-102|-106,622|621|621|233|29887|7908|39511|2776,1,0,0,31,255,128
1801,100,5,2,0,2,0,0,0,3|3|160|13|233|48|228|107,255|255|129|199|5|233|30|7,0|0|-124|-110|-116|-122|-122|-110,0|0|-28|30|87|-102|62|10,-5|5|-60|-66|-124|-110|38|-120,0|0|62|10|-33|1|-60|-66,627|627|325|16026|57098|50177|33982|9874,1,0,0,31,255,128
1802,200,5,4,0,4,0,0,0,3|3|1|1|1|196|190|132,255|255|255|255|5|154|62|10,0|0|-1|1|-124|-110|38|-120,0|0|0|0|10|-33|1|-60,-5|5|-6|8|-120|69|8|-102,0|0|0|0|-60|-66|-124|-110,627|627|621|621|50177|33982|9874|17800,1,0,0,31,255,128
1803,200,5,4,0,4,0,0,0,3|3|2|2|174|8|223|1,255|255|255|255|1|191|116|228,0|0|0|0|8|-33|1|-102,0|0|-1|-1|-57|6|96|-28,-5|5|-13|13|-1|6|96|-28,0|0|0|0|-47|-25|49|-64,627|627|622|622|29955|51177|1542|9449,1,0,0,31,255,128
1804,300,5,6,0,6,0,0,0,3|3|2|2|1|1|228|2,255|255|255|255|255|255|0|49,0|0|0|0|0|0|12|-23,0|0|-1|-1|-1|-1|-65|116,-5|5|-13|13|-16|18|-33|1,0|0|0|0|0|0|-64|116,627|627|622|622|621|621|479|24227,1,0,0,31,255,128
1805,400,5,8,0,8,0,0,0,3|3|2|2|1|1|1|1,255|255|255|255|255|255|255|255,0|0|0|0|0|0|0|0,0|0|-1|-1|-1|-1|-2|-2,-5|5|-13|13|-16|18|-20|22,0|0|0|0|0|0|0|0,627|627|622|622|621|621|621|621,1,0,0,31,255,128
1806,80,9,1,0,1,0,0,0,3|134|134|146|161|6|233|72,255|134|134|146|115|3|233|121,0|-93|98|-28|-21|4|-1|14,7|-28|-57|6|96|-28|1|0,0|4|-1|6|96|-28|-128|62,0|-23|0|116|21|-2|6|14,522|3646|10473|1398|1734|59662|50709|3078,0,0,0,31,11,128
1807,160,10,2,0,2,0,0,0,3|3|118|3|233|29|2|163,255|255|235|4|255|6|100|228,-4|4|100|-28|11|-127|-57|5,6|6|7|-119|-66|-128|-110|-116,0|0|-110|38|-128|61|1|116,0|0|-20|1|-117|22|96|-28,521|523|50190|25662|773|1016|9978|17802,0,0,0,31,11,128
1808,240,11,3,0,3,0,0,0,3|3|3|62|252|232|11|141,255|255|255|22|7|137|190|124,-4|4|0|126|-110|-72|36|1,6|6|7|-28|107|-64|28|45,0|0|0|-119|5|-60|-66|-128,0|0|0|69|2|-60|-66|124,521|523|522|32958|9874|17803|50179|31934,0,0,0,31,11,128
1809,240,12,3,0,3,0,0,0,3|3|5|69|7|196|190|128,255|255|255|125|3|232|3|127,-4|4|0|0|38|-117|69|3,6|6|7|107|-64|77|-60|62,0|0|0|-8|38|-128|125|20,0|0|0|-60|-66|-128|-110|38,521|523|541|35784|27610|24582|6372|13869,0,0,0,31,11,128
1810,240,13,3,0,3,0,0,0,5|5|3|38|138|69|9|152,255|255|255|72|196|190|124|146,-4|4|0|8|-21|65|-60|-66,6|6|7|107|69|5|12|-103,0|0|0|-38|107|6|96|-28,0|0|0|0|49|-46|3|-63,540|542|522|210|48836|37500|35110|1349,0,0,0,31,11,128
1811,240,14,3,0,3,0,0,0,5|5|5|38|136|69|8|233,255|255|255|190|128|146|38|107,-4|4|0|-60|62|112|5|3,6|6|7|125|20|1|117|58,0|0|0|-110|38|107|69|5,0|0|0|-56|-117|-38|107|6,540|542|541|53809|49411|54035|48836|37500,0,0,0,31,11,128
1812,400,15,5,0,5,0,0,0,5|5|5|3|3|136|69|8,255|255|255|255|255|146|38|107,-3|3|0|-5|5|-56|-117|-38,6|6|7|5|5|45|54|0,0|0|0|0|0|-45|5|6,0|0|0|0|0|-66|124|-110,540|542|541|521|523|2373|27544|3776,0,0,0,31,11,128
1813,400,16,5,0,5,0,0,0,5|5|5|5|5|124|146|38,255|255|255|255|255|128|146|38,-3|3|-5|5|0|18|-96|14,6|6|5|5|7|38|-120|69,0|0|0|0|0|1|-21|16,0|0|0|0|0|-118|69|8,540|542|540|542|541|15332|33926|29842,0,0,0,31,11,128
1814,320,17,4,0,4,0,0,0,5|5|251|251|146|116|3|233,255|255|255|255|228|163|6|233,-4|4|0|0|8|0|-93|2,6|6|7|7|49|-46|-71|14,0|0|0|0|-48|-72|80|2,0|0|-6|8|84|-28|-125|62,540|542|527|546|484|41216|58452|35737,0,0,0,31,11,128
1815,480,18,6,0,6,0,0,0,5|5|251|251|3|3|174|1,255|255|255|255|255|255|146|161,-4|4|0|0|-5|5|-110|115,6|6|7|7|5|5|-28|-21,0|0|0|0|0|0|6|96,0|0|-6|8|0|0|6|96,540|542|527|546|521|523|34438|51092,0,0,0,31,11,128
1816,640,19,8,0,8,0,0,0,5|5|251|251|5|5|3|3,255|255|255|255|255|255|255|255,-3|3|0|0|-5|5|-7|7,6|6|7|7|5|5|4|4,0|0|0|0|0|0|0|0,0|0|-6|8|0|0|0|0,540|542|527|546|540|542|521|523,0,0,0,31,11,128
1817,0,0,0,0,0,0,0,0,8|76|154|62|10|223|1|196,255|132|148|38|137|5|154|62,0|-33|1|-60|-66|-124|-108|38,0|69|2|-102|62|10|-33|1,0|-66|-124|-108|38|-120|69|3,0|62|10|-33|1|-60|-66|-124,502|17801|39428|2622|479|48836|38020|34854,0,0,0,0,255,240
1818,0,0,0,0,0,0,0,0,82|228|154|62|10|223|1|196,190|132|148|38|136|69|74|154,62|10|-33|1|-60|-66|-124|-108,38|-120|69|75|-102|62|10|-33,1|-60|-66|-124|-108|38|-120|69,7|-102|62|10|-33|1|-60|-66,38020|34854|2117|16026|57098|50177|33982|9876,0,0,0,0,255,240
