id,drain,shotRepeat,multi,weaponAnimation,max,tx,ty,aim,attack,del,sx,sy,bx,by,sg,acceleration,accelerationX,circleSize,sound,trail,shipBlastFilter
0,0,0,0,0,0,0,0,0,226|227|227|226|228|227|227|227,227|227|227|227|227|227|227|227,-29|-29|-29|-29|-29|-29|-29|-29,-27|-27|-27|-27|-27|-27|-29|-29,-29|-29|-27|-30|-27|-28|-28|-28,-30|-27|-30|-29|-29|-29|-27|-27,58853|58853|58339|58339|58339|58339|58339|58339,0,0,0,0,255,240
1,10,5,1,0,1,0,0,0,1|226|227|227|227|227|227|227,255|227|227|227|227|227|227|227,0|-29|-29|-29|-29|-29|-29|-29,12|-29|-29|-29|-27|-30|-29|-29,0|-29|-29|-30|-30|-29|-29|-27,0|-28|-28|-28|-28|-28|-28|-28,67|59367|58088|58082|58082|58082|58082|58082,0,0,0,28,255,208
2,10,4,1,0,1,0,0,0,3|228|228|228|228|228|228|228,255|228|228|228|228|228|228|228,0|-28|-28|-28|-28|-28|-28|-28,4|-28|-28|-28|-28|-28|-28|-28,0|-28|-28|-28|-28|-28|-28|-28,0|-28|-28|-28|-28|-28|-29|-30,146|59110|59110|59366|57568|57824|57825|57825,0,0,0,1,255,208
3,10,4,1,0,1,0,0,0,3|230|232|226|226|226|226|226,255|226|226|226|226|226|226|226,-3|-30|-30|-30|-30|-30|-30|-30,3|-25|-25|-26|-29|-26|-27|-27,0|-27|-27|-27|-27|-30|-29|-29,0|-29|-29|-29|-27|-27|-27|-27,147|58339|58851|58853|58853|58853|58853|58341,0,0,0,1,255,208
4,10,4,1,0,1,0,0,0,3|227|227|226|228|227|227|227,255|227|229|229|229|229|229|229,-3|-27|-27|-29|-29|-29|-29|-29,3|-28|-28|-28|-28|-28|-30|-29,0|-29|-27|-30|-27|-28|-28|-28,0|-27|-30|-29|-29|-29|-27|-28,145|58596|58338|58339|58851|58853|58853|58853,0,0,0,1,255,208
5,20,5,1,0,1,0,0,0,2|228|229|229|229|229|229|229,255|229|227|227|227|231|229|229,0|-27|-27|-27|-27|-27|-27|-29,12|-29|-29|-29|-27|-28|-27|-27,0|-29|-29|-29|-29|-29|-29|-27,0|-28|-28|-28|-28|-28|-28|-28,245|59367|58088|58082|58082|58082|58082|58082,0,0,0,28,255,208
6,10,4,1,0,1,0,0,0,1|228|228|228|228|228|228|228,255|228|228|228|228|228|228|228,0|-28|-28|-28|-28|-28|-28|-28,8|-28|-28|-28|-28|-28|-28|-28,0|-28|-28|-28|-28|-28|-28|-28,0|-28|-28|-28|-28|-28|-29|-30,146|59110|59110|59366|57568|57568|57568|57568,0,0,0,1,255,208
7,10,4,1,0,1,0,0,0,1|230|232|226|226|226|226|226,255|226|226|226|226|226|226|226,-6|-30|-30|-30|-30|-30|-30|-30,6|-27|-25|-26|-29|-27|-28|-28,0|-28|-28|-28|-28|-30|-29|-29,0|-29|-29|-29|0|-28|-28|-30,147|58339|58851|58596|58596|58596|58596|58084,0,0,0,1,255,208
8,10,4,1,0,1,0,0,0,1|229|229|229|229|229|0|229,255|229|229|228|228|228|228|228,-6|-28|-28|-30|-29|-29|-29|-29,6|-30|-30|-30|-30|-30|-30|-29,0|-29|-27|-30|-27|-28|-28|-28,0|-27|-30|-29|-29|-29|-29|-30,145|58082|58338|58339|58851|228|58596|58596,0,0,0,1,255,208
9,30,4,1,0,1,0,0,0,3|226|226|226|226|228|0|228,255|228|226|227|227|229|228|228,0|-28|-28|-28|-28|-28|-28|-30,6|-29|-29|-29|-29|-28|-28|-28,0|-29|-29|-29|-29|-29|-29|-28,0|-29|-29|-29|-29|-29|-29|-29,60|58855|58085|58082|58082|58082|58082|58082,0,0,0,28,255,208
10,120,3,4,0,4,0,0,0,3|3|3|3|228|228|228|228,255|255|255|255|228|228|228|228,-3|3|-3|3|-28|-28|-28|-28,3|3|-3|-3|-28|-28|-28|-28,0|0|0|0|-28|-28|-28|-28,0|0|0|0|-28|-28|-29|-30,302|0|0|0|57574|57568|57568|57568,0,0,0,1,255,208
11,30,2,1,0,1,0,0,0,2|232|232|226|226|226|226|226,255|226|226|226|226|226|226|226,0|-30|-30|-30|-30|-30|-30|-30,20|-25|-25|-26|-29|-28|-29|-29,0|-29|-29|-29|-29|-30|-29|-29,0|-29|-29|0|-56|0|-28|0,148|58339|58339|58082|58082|58082|58082|58082,-1,0,0,28,255,208
12,0,0,1,9,1,0,0,0,2|228|228|228|228|0|200|0,8|228|228|228|228|228|228|228,0|-28|-28|-30|-29|-29|-29|-29,-1|-29|-29|-29|-29|-29|-29|-29,0|0|-27|-30|-27|-28|-28|-28,0|-27|-30|-29|-29|-29|-29|-30,21|58339|58339|58339|58851|51200|58368|58596,0,0,0,9,1,112
13,0,0,8,9,8,0,0,0,1|1|2|1|2|1|1|1,8|8|8|8|8|8|8|8,0|0|3|5|-3|-5|-6|6,2|-2|0|0|0|0|0|0,0|0|0|4|0|-4|-4|4,0|0|0|0|0|0|0|0,21|21|21|20|21|20|20|20,0,0,0,12,1,112
14,0,0,8,9,8,0,0,0,1|1|1|1|2|2|2|2,8|8|8|8|8|8|8|8,6|-6|6|-6|0|8|-8|0,6|6|-6|-6|8|0|0|-8,6|-6|6|-6|0|8|-8|0,6|6|-6|-6|8|0|0|-8,21|21|21|21|20|20|20|20,0,0,0,12,1,112
15,0,8,5,0,5,1,0,0,114|114|114|114|114|226|226|226,255|255|255|255|255|226|226|226,0|0|0|0|0|-30|-30|-30,0|-1|-1|-4|-4|-26|-27|-27,0|-4|4|-7|7|-29|-29|-29,0|0|0|0|0|-56|0|-56,34|34|34|34|34|58112|58339|58339,1,0,0,7,6,208
16,0,0,8,9,8,0,0,0,1|1|1|1|1|1|1|1,8|8|8|8|8|8|8|8,2|-2|2|-2|3|-3|0|0,2|2|-2|-2|0|0|3|-3,2|-2|2|-2|3|-3|0|0,2|2|-2|-2|0|0|3|-3,21|21|21|21|20|20|20|20,0,0,0,12,1,112
17,0,5,2,0,2,1,0,0,10|10|0|200|0|0|200|0,255|255|226|0|0|0|227|227,-2|2|-29|-29|-29|-29|-29|-29,-2|-2|-29|-29|-29|-27|-28|-28,0|0|-29|-29|-29|-29|-29|-27,0|0|-28|-28|-29|-27|-28|-28,68|68|58086|58082|58082|58082|58082|58082,1,0,0,7,6,208
18,0,5,4,0,4,1,0,0,6|6|6|6|228|228|228|228,255|255|255|255|228|228|228|228,-1|1|-3|3|-28|-28|-28|-28,-2|-2|-3|-3|-28|-28|-28|-28,0|0|0|0|-28|-28|-28|-28,0|0|0|0|-28|-28|-29|-30,72|72|72|72|57575|57568|57568|57568,1,0,0,7,6,208
19,0,10,2,0,2,0,0,0,120|120|231|226|226|226|226|226,255|255|226|226|226|226|226|226,1|-1|-30|-30|-30|-30|-30|-30,7|7|-24|-26|-29|-27|-28|-28,0|0|-30|-30|-30|-30|-29|-29,0|0|-29|-29|0|-60|-56|-60,142|142|50376|51200|0|200|58339|58339,0,0,0,7,6,208
20,0,0,4,0,4,0,0,0,121|121|121|121|227|0|200|200,255|255|255|255|200|200|0|228,4|-4|4|-4|-27|0|-56|-60,4|4|-4|-4|-56|-56|0|0,0|0|0|0|-56|0|0|-56,0|0|0|0|-56|0|-56|-56,100|100|100|100|51396|51400|58368|58596,0,0,0,6,255,208
21,0,0,8,0,8,0,0,0,1|1|1|1|1|1|1|1,255|255|255|255|255|255|255|255,3|-3|3|-3|5|-5|0|0,3|3|-3|-3|0|0|5|-5,0|0|0|0|0|0|0|0,0|0|0|0|0|0|0|0,99|99|99|99|99|99|99|99,0,0,0,6,255,208
22,0,50,4,0,4,0,0,0,136|136|136|136|228|228|228|228,255|255|255|255|228|228|228|228,0|-6|6|0|-28|-28|-28|-28,6|0|0|-6|-28|-28|-28|-28,0|0|0|0|-28|-28|-28|-28,0|0|0|0|-28|-28|-29|-30,75|56|18|94|57575|57568|57568|57568,0,0,0,11,1,208
23,160,8,8,0,8,0,0,0,3|3|3|3|3|3|3|3,255|255|255|255|255|255|255|255,1|-1|2|-2|3|-3|4|-4,3|3|2|2|1|1|0|0,0|0|0|0|0|0|0|0,0|0|0|0|0|0|0|0,73|73|73|73|73|73|73|73,1,0,0,13,255,192
24,0,8,1,0,1,0,0,0,4|228|228|226|227|0|200|0,255|200|0|200|0|200|0|228,0|-28|-28|-28|-28|0|-56|-56,6|0|0|-56|0|-56|0|-29,0|-56|0|0|-56|0|0|-56,0|-56|-56|0|0|0|-56|0,91|51200|51200|0|200|51200|58368|58596,0,0,0,11,255,208
25,40,3,1,0,1,0,0,0,8|228|0|200|0|0|200|0,255|200|0|200|0|200|0|229,0|-27|-27|-27|-27|-27|-27|-29,13|-29|-27|-30|-29|-27|-30|-29,0|-29|-29|-29|-29|-29|-29|-29,0|-29|-27|-28|-29|-27|-28|-28,73|59111|58086|58082|58082|58082|58082|58082,0,0,0,13,255,192
26,30,2,1,0,5,0,0,0,112|112|112|112|112|228|228|228,255|255|255|255|255|228|228|228,0|-2|2|1|-1|-28|-28|-28,-3|-3|-3|-3|-3|-28|-28|-28,0|0|0|0|0|-28|-28|-28,0|0|0|0|0|-28|-29|-30,52|52|52|52|52|57568|57568|57568,1,0,0,7,6,208
27,0,0,1,9,1,0,0,0,4|230|231|225|226|226|226|226,8|226|226|226|226|226|226|226,0|-30|-30|-30|-30|-30|-30|-30,-1|-26|-25|-26|-29|-27|-28|-28,0|-28|-30|-29|-29|-29|-29|-29,0|-29|-29|-29|-29|0|-56|0,21|200|51200|51200|0|200|58596|58084,0,0,0,9,1,112
28,0,0,8,9,8,0,0,0,1|1|1|1|0|0|0|0,8|8|8|8|4|4|4|4,3|-3|3|-3|0|4|-4|0,3|3|-3|-3|4|0|0|-4,3|-3|3|-3|0|4|-4|0,3|3|-3|-3|4|0|0|-4,21|21|21|21|20|20|20|20,0,0,0,12,1,112
29,10,20,1,3,1,0,0,0,128|226|0|200|0|0|200|0,255|200|0|200|200|0|0|228,0|-28|-28|-28|-28|-28|-28|-30,1|-29|-27|-30|-29|-27|-30|-29,0|-29|-29|-29|-29|-29|-29|-29,0|-29|-27|-28|-29|-27|-28|-28,271|59111|58086|58082|58082|58082|58082|58082,0,0,0,8,255,208
30,40,1,2,2,4,0,0,0,2|2|2|2|228|228|228|228,255|255|255|255|228|228|228|228,116|124|116|124|-28|-28|-28|-28,12|12|12|12|-28|-28|-28|-28,-4|4|-4|4|-28|-28|-28|-28,0|0|0|0|-28|-28|-29|-30,206|206|207|207|57574|57568|57568|57568,0,0,0,8,255,208
31,30,3,3,0,3,0,0,0,1|1|1|225|226|226|226|226,255|255|255|226|226|226|226|226,0|0|0|-30|-30|-30|-30|-30,12|13|14|-26|-29|-27|-28|-28,0|0|0|-29|-27|-29|-29|-29,0|0|0|-29|-27|0|-56|0,135|116|97|50176|51400|196|58596|58084,0,0,0,8,255,144
32,40,4,4,0,4,0,0,0,1|1|1|1|227|0|200|200,255|255|255|255|200|200|200|0,-1|-1|1|1|-29|0|-56|0,13|14|13|14|-56|-56|-56|0,0|0|0|0|-60|-56|-56|-60,0|0|0|0|-28|0|-56|0,135|97|135|97|51396|51400|57856|58082,0,0,0,8,255,144
33,50,5,5,0,5,0,0,0,1|1|1|1|1|0|200|0,255|255|255|255|255|200|200|0,0|0|0|0|0|-28|-28|-30,12|13|14|15|16|-27|-28|-27,0|0|0|0|0|-29|-29|-27,0|0|0|0|0|-28|-28|-28,135|116|116|116|97|58082|58082|58082,0,0,0,8,255,144
34,60,3,3,0,3,0,0,0,2|2|2|228|228|228|228|228,255|255|255|228|228|228|228|228,0|0|0|-28|-28|-28|-28|-28,14|12|13|-28|-28|-28|-28|-28,0|0|0|-28|-28|-28|-28|-28,0|0|0|-28|-28|-28|-29|-30,101|139|120|59110|57574|57568|57568|57568,0,0,0,8,255,144
35,80,4,4,0,4,0,0,0,2|2|2|2|226|226|226|226,255|255|255|255|226|226|226|226,-1|-1|1|1|-30|-30|-30|-30,13|14|13|14|-29|-27|-28|-28,0|0|0|0|-27|-30|-29|-29,0|0|0|0|-27|-28|0|-30,139|101|139|101|0|58368|58596|58084,0,0,0,8,255,144
36,0,50,6,0,6,0,0,0,116|116|116|116|116|116|0|0,255|255|255|255|255|255|0|227,-6|6|5|-5|5|-5|0|-29,0|0|5|5|-5|-5|0|-29,-8|8|5|-5|5|-5|0|0,0|0|5|5|-5|-5|0|-29,102|104|122|121|141|140|58339|58339,0,0,0,11,1,208
37,0,7,2,0,2,0,0,0,1|1|227|0|0|227|0|229,255|255|226|0|0|0|0|228,0|0|-28|-28|-28|-28|-28|-30,6|6|-27|-30|-29|-27|-28|-28,0|0|-29|-29|-29|-29|-29|-27,4|-4|-28|-29|-29|-29|-29|-29,227|227|58086|58082|58082|58082|58082|58082,0,0,0,26,255,208
38,0,7,2,0,2,0,0,0,1|1|228|228|228|228|228|228,255|255|228|228|228|228|228|228,0|0|-28|-28|-28|-28|-28|-28,-6|-6|-28|-28|-28|-28|-28|-28,0|0|-28|-28|-28|-28|-28|-28,4|-4|-28|-28|-28|-28|-29|-30,227|227|59110|59111|57568|57568|57568|57568,0,0,0,26,255,208
39,0,0,0,0,0,0,0,0,224|230|231|226|226|226|226|226,226|226|226|226|226|226|226|226,-30|-30|-30|-30|-30|-30|-30|-30,-26|-26|-25|-26|-29|-27|-28|-28,-28|-28|-30|-29|-27|-30|-29|-29,-29|-29|-29|-29|-27|-28|-28|-30,58851|58338|58851|226|58082|58594|58596|58084,0,0,0,1,255,208
40,60,4,1,0,2,0,0,0,8|8|228|226|227|227|229|228,255|255|227|227|227|227|227|227,4|-4|-29|-29|-29|-29|-29|-29,10|10|-29|-29|-29|-29|-29|-29,0|0|-27|-28|-27|-28|-28|-28,0|0|-28|-27|-29|-29|-29|-29,68|69|58339|58339|58339|58339|58339|58339,0,0,0,1,255,208
41,120,2,2,0,2,0,0,0,8|8|227|227|227|227|227|229,255|255|226|227|227|229|228|228,5|-5|-30|-30|-30|-30|-28|-30,11|11|-27|-30|-29|-27|-28|-28,0|0|-29|-29|-29|-29|-29|-27,0|0|-27|-27|-27|-27|-27|-27,68|69|58086|58082|58082|58082|58082|58082,0,0,0,1,255,208
42,120,0,2,0,2,0,0,0,8|8|228|228|228|228|228|228,255|255|228|228|228|228|228|228,5|-5|-28|-28|-28|-28|-28|-28,11|11|-28|-28|-28|-28|-28|-28,0|0|-28|-28|-28|-28|-28|-28,0|0|-28|-28|-28|-28|-29|-30,68|69|59110|59110|57568|57568|57568|57568,0,0,0,1,255,208
43,130,4,1,0,1,0,0,0,10|230|232|226|226|226|226|226,255|226|226|226|226|226|226|226,0|-30|-30|-30|-30|-30|-30|-30,7|-26|-25|-26|-29|-27|-28|-28,0|-28|-30|-29|-27|-30|-29|-29,0|-29|-29|-29|0|0|0|0,74|0|0|51200|0|0|57856|58082,0,0,0,1,255,208
44,160,6,1,0,1,0,0,0,15|0|0|226|0|227|229|0,255|226|227|227|227|227|227|227,0|-29|-29|-29|-29|-29|-27|-27,8|-27|-27|-27|-27|-27|-29|-29,0|-28|-28|-28|-28|-28|-28|-28,0|-28|-28|-28|-30|-29|-27|-27,75|58853|58853|58339|58339|58339|58339|58339,0,0,0,1,255,208
45,30,1,1,0,1,0,0,0,4|227|227|227|227|227|227|227,255|226|226|227|227|227|226|226,0|-30|-29|-27|-27|-27|-27|-30,11|-29|-27|-30|-29|-27|-28|-28,0|-29|-29|-29|-29|-29|-29|-27,0|-29|-27|-28|-28|-28|-28|-28,64|59111|58086|58082|58082|58082|58082|58082,0,0,0,1,255,112
46,40,1,1,0,1,0,0,0,6|228|228|228|228|228|228|228,255|228|228|228|228|228|228|228,0|-28|-28|-28|-28|-28|-28|-28,10|-28|-28|-28|-28|-28|-28|-28,0|-28|-28|-28|-28|-28|-28|-28,0|-28|-28|-28|-28|-28|-29|-30,7|59110|59110|59110|57568|57568|57568|57568,0,0,0,1,255,112
47,50,1,1,0,1,0,0,0,8|232|232|225|226|226|226|226,255|226|226|226|226|226|226|226,0|-30|-30|-30|-30|-30|-30|-30,10|-26|-25|-26|-29|-27|-28|-28,0|-28|-30|-29|-27|-30|-29|-29,0|-29|-29|0|-56|-56|-60|-56,65|51396|51400|0|51200|51400|196|58339,0,0,0,1,255,144
48,30,3,1,0,1,0,0,0,7|200|196|0|200|0|0|200,255|226|227|227|227|227|227|227,0|-29|-29|-29|-29|-29|-27|-28,16|-30|-30|-30|-30|-30|-30|-29,0|-28|-28|-28|-28|-28|-28|-28,0|-28|-28|-28|-30|-29|-29|-30,208|58594|58596|58338|58339|58339|58339|58339,0,0,0,1,255,208
49,0,4,2,0,2,0,0,0,1|1|227|227|227|227|227|227,255|255|227|227|227|227|227|227,-10|10|-29|-27|-28|-28|-28|-30,0|0|-27|-30|-29|-29|-30|-30,0|0|-29|-29|-29|-29|-29|-27,0|0|-27|-28|-28|-28|-28|-28,39|1|58086|58082|58082|58082|58082|58082,0,0,0,8,255,208
50,0,6,4,0,4,0,0,0,1|1|1|1|228|228|228|228,255|255|255|255|228|228|228|228,-9|9|9|-9|-28|-28|-28|-28,2|2|-2|-2|-28|-28|-28|-28,-2|2|2|-2|-28|-28|-28|-28,0|0|0|0|-28|-28|-29|-30,281|282|301|300|57568|57568|57568|57568,0,0,0,8,255,208
51,0,6,8,0,8,0,0,0,1|1|1|1|1|1|1|1,255|255|255|255|255|255|255|255,-6|6|6|-6|-9|9|0|0,6|6|-6|-6|0|0|9|-9,0|0|0|0|0|0|0|0,0|0|0|0|0|0|0|0,163|164|183|182|39|1|58|77,0,0,0,8,255,208
52,0,6,4,0,4,0,0,0,2|2|2|2|200|0|0|200,255|255|255|255|227|227|227|227,-9|9|9|-9|-29|-29|-27|-28,2|2|-2|-2|-29|-29|-29|-29,-2|2|2|-2|-30|-30|-30|-30,0|0|0|0|-30|-29|-29|-29,277|278|297|296|58339|58339|58339|58339,0,0,0,8,255,208
53,0,6,2,0,2,0,0,0,3|3|227|227|227|227|227|227,255|255|227|227|227|227|227|227,-10|10|-29|-29|-30|-30|-30|-30,0|0|-27|-28|-29|-29|-29|-29,0|0|-29|-27|-27|-27|-27|-27,0|0|-27|-28|-28|-28|-28|-28,102|104|58086|58082|58082|58082|58082|58082,0,0,0,8,255,208
54,0,6,4,0,4,0,0,0,3|3|3|3|228|228|228|228,255|255|255|255|228|228|228|228,-6|6|6|-6|-28|-28|-28|-28,6|6|-6|-6|-28|-28|-28|-28,0|0|0|0|-28|-28|-28|-28,0|0|0|0|-28|-28|-29|-30,121|122|141|140|57568|57568|57568|57568,0,0,0,8,255,208
55,40,1,1,0,1,0,0,0,6|231|231|226|226|226|226|226,255|226|226|226|226|226|226|226,0|-30|-30|-30|-30|-30|-30|-30,10|-26|-25|-26|-29|-27|-28|-28,0|-28|-30|-29|-27|-28|-28|-28,0|-30|-29|0|-56|0|-56|0,45|200|51400|51200|51200|0|200|58339,0,0,0,1,255,112
56,20,1,1,0,1,0,0,0,2|0|200|0|200|0|0|200,255|0|227|227|227|227|227|227,-6|-29|-29|-29|-29|-29|-27|-28,6|-30|-29|-29|-29|-29|-29|-29,0|-29|-29|-29|-29|-29|-29|-29,0|-29|-29|-29|-29|-29|-29|-29,121|58851|58596|58338|58339|58339|58339|58339,0,0,0,1,255,208
57,20,1,1,0,1,0,0,0,2|227|227|227|227|227|227|227,255|227|227|227|227|227|227|227,6|-30|-29|-29|-29|-29|-29|-29,6|-29|-27|-28|-30|-29|-29|-29,0|-29|-29|-27|-28|-28|-28|-28,0|-29|-27|-28|-28|-28|-28|-28,122|59111|58086|58082|58082|58082|58082|58082,0,0,0,1,255,208
58,20,7,1,0,1,4,3,0,8|228|228|228|228|228|228|228,255|228|228|228|228|228|228|228,0|-28|-28|-28|-28|-28|-28|-28,0|-28|-28|-28|-28|-28|-28|-28,0|-28|-28|-28|-28|-28|-28|-28,0|-28|-28|-28|-28|-28|-29|-30,4|59110|59110|59110|57568|57568|57568|57568,0,0,0,1,255,208
59,10,1,1,2,1,0,0,2,3|231|231|226|226|226|226|226,255|226|226|226|226|226|226|226,0|-30|-30|-30|-30|-30|-30|-30,0|-24|-25|-26|-29|-27|-28|-28,0|-28|-30|-29|-27|-28|-28|-28,0|-30|-27|0|-56|0|-56|0,112|51400|51200|51200|51200|0|200|58339,0,0,0,1,255,208
60,60,2,2,0,2,0,0,0,4|4|200|0|196|200|200|196,255|255|0|227|227|227|227|227,0|0|-29|-29|-29|-29|-27|-28,10|10|-29|-29|-29|-29|-29|-29,-5|5|-29|-29|-29|-29|-29|-29,0|0|-29|-29|-29|-29|-29|-29,64|64|58596|58338|58339|58339|58339|58339,0,0,0,1,255,208
61,100,2,2,0,2,0,0,0,6|6|227|227|227|227|227|227,255|255|227|227|227|227|227|227,0|0|-29|-27|-27|-27|-27|-29,10|10|-27|-28|-28|-27|-27|-27,-5|5|-29|-27|-28|-28|-28|-28,0|0|-28|-29|-29|-29|-29|-29,76|76|58089|58082|58082|58082|58082|58082,0,0,0,1,255,208
62,10,1,1,2,1,0,0,2,2|228|228|228|228|228|228|228,255|228|228|228|228|228|228|228,0|-28|-28|-28|-28|-28|-28|-28,0|-28|-28|-28|-28|-28|-28|-28,0|-28|-28|-28|-28|-28|-28|-28,0|-28|-28|-28|-28|-28|-29|-30,112|59110|59110|59366|57568|57568|57568|57568,0,0,0,1,255,208
63,10,1,1,2,1,0,0,3,2|230|231|226|226|226|226|226,255|226|226|226|226|226|226|226,0|-30|-30|-30|-30|-30|-30|-30,0|-25|-25|-26|-29|-27|-28|-28,0|-28|-30|-29|-27|-28|-28|-28,0|-30|-27|-28|0|-28|0|-28,168|0|227|228|228|58851|58624|58853,0,0,0,1,255,208
64,40,4,1,0,1,0,0,0,10|228|0|226|0|0|0|0,255|0|227|227|227|227|227|227,0|-29|-29|-29|-29|-29|-27|-28,1|-30|-29|-29|-29|-29|-29|-29,-20|-27|-27|-27|-27|-27|-27|-27,10|-27|-27|-27|-29|-29|-29|-29,207|58851|58596|58338|58339|58339|58339|58339,0,0,8,1,255,208
65,20,2,1,0,1,0,0,0,5|227|227|227|227|227|227|229,255|229|229|229|229|229|229|229,0|-30|-29|-27|-28|-28|-28|-30,2|-29|-27|-28|-28|-28|-28|-28,-20|-28|-30|-27|-28|-28|-28|-28,10|-29|-26|-27|-27|-27|-27|-27,207|59367|58088|58082|58082|58082|58082|58082,0,0,8,1,255,208
66,0,0,8,0,8,0,0,0,128|121|187|187|187|187|187|187,255|255|255|255|255|255|255|255,0|0|0|-1|1|0|1|-1,1|1|1|1|1|1|0|0,0|0|0|-12|12|0|20|-20,0|0|0|20|20|-20|-10|-10,171|171|100|171|171|171|171|171,0,0,0,6,255,208
67,0,0,4,0,4,0,0,0,2|2|2|2|226|226|226|226,255|255|255|255|226|226|226|226,3|-3|3|-3|-30|-30|-30|-30,3|3|-3|-3|-29|-27|-28|-28,0|0|0|0|-29|-30|-30|-30,0|0|0|0|-28|-28|-28|-28,99|99|99|99|58084|58851|58084|58082,0,0,0,6,255,208
68,20,1,2,2,2,0,0,0,2|2|226|226|227|227|229|228,255|255|227|227|227|227|227|227,1|-1|-29|-29|-29|-29|-29|-28,2|2|-29|-29|-29|-29|-29|-29,8|-8|-30|-30|-30|-30|-30|-30,0|0|-30|-30|-30|-29|-29|-29,112|112|58084|58338|58339|58339|58339|58339,0,0,0,1,255,208
69,0,0,2,0,2,0,0,0,4|4|227|227|227|227|227|227,255|255|226|226|226|226|226|228,0|0|-29|-27|-28|-28|-28|-30,3|3|-27|-28|-28|-28|-28|-28,-6|6|-30|-29|-30|-30|-30|-30,0|0|-27|-28|-28|-28|-28|-28,260|260|58088|58082|58082|58082|58082|58082,0,0,0,6,255,208
70,10,1,1,2,1,0,0,3,2|228|228|228|228|228|228|228,255|228|228|228|228|228|228|228,0|-28|-28|-28|-28|-28|-28|-28,0|-28|-28|-28|-28|-28|-28|-28,0|-28|-28|-28|-28|-28|-28|-28,-2|-28|-28|-28|-28|-28|-29|-30,112|59110|59110|59622|57568|57568|57568|57568,0,0,0,1,255,208
71,0,0,8,3,8,0,0,0,1|1|1|1|1|1|1|1,8|8|8|8|8|8|8|8,2|-2|2|-2|3|-3|0|0,2|2|-2|-2|0|0|3|-3,2|-2|2|-2|3|-3|0|0,2|2|-2|-2|0|0|3|-3,214|214|214|214|214|214|214|214,0,0,0,12,12,112
72,60,3,3,0,3,0,0,0,4|3|3|227|227|227|229|228,255|255|255|227|227|227|227|227,0|-3|3|-29|-29|-29|-29|-29,4|3|3|-29|-29|-29|-29|-29,0|0|0|-29|-29|-29|-29|-29,0|0|0|-29|-29|-29|-29|-29,94|140|141|58339|58339|58339|58339|58339,0,0,0,13,255,192
73,0,2,8,9,8,0,0,0,2|2|2|2|2|2|2|2,10|10|10|10|10|10|10|10,-9|9|-9|9|-10|10|-10|10,6|-6|-6|6|-3|3|3|-3,0|0|0|0|0|0|0|0,0|0|0|0|0|0|0|0,172|172|172|172|172|172|172|172,0,0,0,0,255,112
74,0,3,2,0,2,0,0,0,1|175|228|228|228|228|228|228,255|255|228|228|228|228|228|228,-7|6|-28|-28|-28|-28|-28|-28,1|6|-28|-28|-28|-28|-28|-28,2|0|-28|-28|-28|-28|-28|-28,0|0|-28|-28|-28|-28|-29|-30,246|255|59110|59622|57568|57568|57568|57568,0,0,0,8,255,208
75,0,3,2,0,2,0,0,0,174|1|232|226|226|226|226|226,255|255|226|226|226|226|226|226,-6|7|-30|-30|-30|-30|-30|-30,6|1|-25|-26|-29|-28|-29|-29,0|-2|-30|-29|-29|-29|-29|-29,0|0|-29|-27|-28|-28|-30|-30,255|246|58596|58596|58084|58851|58596|58853,0,0,0,8,255,208
76,40,4,4,0,4,0,0,0,4|4|4|4|229|229|229|228,255|255|255|255|229|229|229|229,-5|-5|5|5|-29|-29|-27|-27,0|0|0|0|-29|-29|-29|-29,0|0|0|0|-29|-29|-29|-29,0|14|0|14|-29|-29|-29|-29,105|124|106|125|58339|58853|58853|58853,0,0,0,6,255,208
77,30,4,3,0,3,0,0,0,1|1|1|227|227|227|227|229,255|255|255|229|229|229|229|229,0|-10|10|-27|-28|-28|-28|-28,-10|0|0|-30|-30|-30|-28|-28,0|0|0|-29|-29|-29|-29|-29,0|0|0|-28|-28|-28|-28|-28,77|39|1|58082|58082|58082|58082|58082,0,0,0,6,255,208
78,30,4,3,0,3,0,0,0,1|1|1|228|228|228|228|228,255|255|255|228|228|228|228|228,0|-2|2|-28|-28|-28|-28|-28,8|7|7|-28|-28|-28|-28|-28,0|0|0|-28|-28|-28|-28|-28,0|0|0|-28|-28|-28|-29|-30,58|201|202|59878|57568|57568|57568|57568,0,0,0,6,255,208
79,30,4,3,0,3,0,0,0,1|1|1|226|226|226|226|226,255|255|255|226|226|226|226|226,0|-6|6|-30|-30|-30|-30|-30,8|6|6|-26|-29|-26|-27|-28,0|0|0|-29|-29|-29|-29|-29,0|0|0|-27|-30|-28|-30|-29,58|163|164|58082|58082|58851|58596|58596,0,0,0,6,255,208
80,40,3,4,0,4,0,0,0,1|1|1|1|229|228|228|228,255|255|255|255|228|228|228|228,0|-7|7|0|-29|-29|-27|-28,10|7|7|-10|-29|-29|-29|-29,0|0|0|0|-29|-29|-29|-29,0|0|0|0|-29|-29|-29|-29,58|163|164|77|58339|58597|58596|58596,0,0,0,6,255,208
81,70,2,7,0,7,0,0,0,1|1|1|1|1|1|1|229,255|255|255|255|255|255|255|228,-10|10|-7|7|0|-7|7|-30,0|0|7|7|-10|-7|-7|-30,0|0|0|0|0|0|0|-29,0|0|0|0|0|0|0|-28,77|58|182|163|1|183|164|58082,0,0,0,6,255,208
82,30,4,3,0,3,0,0,0,1|1|1|228|228|228|228|228,255|255|255|228|228|228|228|228,0|-10|10|-28|-28|-28|-28|-28,10|0|0|-28|-28|-28|-28|-28,0|0|0|-28|-28|-28|-28|-28,0|0|0|-28|-28|-28|-29|-30,58|39|1|60134|57568|57568|57568|57568,0,0,0,6,255,208
83,80,3,8,0,8,0,0,0,184|184|184|184|184|184|184|184,255|255|255|255|255|255|255|255,120|120|120|120|120|120|120|120,6|6|6|6|6|6|6|6,-70|-50|-30|-10|10|30|50|70,0|0|0|0|0|0|0|0,98|98|98|98|98|98|98|98,0,0,0,6,1,208
84,20,2,2,0,2,0,0,0,2|184|227|227|229|228|228|226,255|255|227|227|226|226|226|226,0|0|-30|-29|-29|-29|-29|-30,8|6|-29|-29|-29|-29|-29|-29,0|0|-27|-27|-28|-26|-27|-27,0|0|-27|-27|-29|-29|-29|-29,98|98|58082|58338|58339|58083|58082|58082,0,0,0,6,1,208
85,80,3,8,0,8,0,0,0,1|2|1|2|1|2|1|2,255|255|255|255|255|255|255|255,120|120|120|120|120|120|120|120,8|8|8|8|8|8|8|8,0|0|-12|-12|12|12|-24|-24,0|14|0|14|0|14|0|14,157|159|157|159|157|159|157|159,0,0,0,6,255,208
86,10,2,1,0,1,0,0,0,189|228|228|228|228|228|228|228,255|228|228|228|228|228|228|228,0|-28|-28|-28|-28|-28|-28|-28,0|-28|-28|-28|-28|-28|-28|-28,0|-28|-28|-28|-28|-28|-28|-28,0|-28|-28|-28|-28|-28|-29|-30,238|59110|59110|59878|57575|57568|57568|57568,1,0,0,6,255,208
87,0,8,1,0,1,0,0,0,30|230|229|226|226|226|226|226,4|226|226|226|226|226|226|226,120|-30|-30|-30|-30|-30|-30|-30,120|-27|-25|-26|-29|-27|-28|-29,-40|-28|-28|-28|-28|-29|-27|-28,-30|-28|-28|-28|-30|-27|-30|-29,60034|58339|58083|58082|58082|58851|58596|58596,0,0,0,1,255,208
88,30,3,3,0,3,0,0,0,20|20|20|227|229|228|228|226,255|255|255|227|227|227|227|227,120|120|120|-29|-29|-29|-29|-29,10|10|10|-29|-29|-29|-29|-29,-32|-32|-32|-28|-29|-27|-28|-28,-24|0|28|-28|-30|-29|-29|-29,60023|60024|60025|58339|58339|58339|58339|58339,0,0,0,6,255,208
89,20,2,2,3,2,0,0,0,189|1|227|229|228|228|228|228,255|255|227|229|228|228|228|228,0|0|-29|-29|-30|-30|-30|-30,-1|-1|-29|-29|-29|-29|-27|-30,0|0|-28|-28|-28|-28|-30|-27,-1|-1|-28|-28|-28|-28|-28|-28,107|107|58085|58082|58082|58082|58082|58082,-1,0,0,6,255,208
90,70,2,7,0,7,0,0,0,1|1|1|1|1|1|1|228,255|255|255|255|255|255|255|228,-10|10|-7|7|0|-7|7|-28,0|0|7|7|-10|-7|-7|-28,0|0|0|0|0|0|0|-28,0|0|0|0|0|0|0|-30,39|1|163|164|77|182|183|57568,0,0,0,6,255,208
91,40,4,4,0,4,0,0,0,3|1|1|3|226|226|226|226,255|255|255|255|226|226|226|226,0|-2|2|0|-30|-30|-30|-30,10|7|7|10|-29|-27|-28|-29,0|0|0|0|-28|-29|-29|-30,6|0|0|-6|-30|-27|-30|-29,60|201|202|60|58339|58851|58596|58596,0,0,0,6,255,208
92,0,10,2,0,2,0,0,0,192|1|229|229|229|228|228|226,255|255|227|227|227|227|227|227,0|0|-29|-29|-29|-29|-29|-29,8|8|-29|-29|-29|-29|-29|-29,0|0|-28|-28|-29|-27|-28|-28,0|0|-28|-28|-30|-29|-29|-29,65|65|58339|58339|58339|58339|58339|58339,0,0,0,27,255,208
93,0,10,2,0,2,0,0,0,193|2|229|229|228|228|228|228,255|255|227|229|228|228|228|228,0|0|-29|-29|-29|-29|-29|-29,8|8|-29|-29|-29|-29|-27|-30,0|0|-30|-30|-30|-30|-30|-27,0|0|-28|-28|-28|-28|-28|-28,64|64|58085|58082|58082|58082|58082|58082,0,0,0,27,255,208
94,0,10,1,0,1,0,0,0,195|228|228|228|228|228|228|228,255|228|228|228|228|228|228|228,0|-28|-28|-28|-28|-28|-28|-28,0|-28|-28|-28|-28|-28|-28|-28,0|-28|-28|-28|-28|-28|-28|-28,0|-28|-28|-28|-28|-28|-29|-30,71|59110|59110|59110|59880|59881|59112|58341,1,0,0,7,6,208
95,0,10,4,0,4,0,0,0,196|197|4|4|226|226|226|226,255|255|121|121|226|226|226|226,-12|12|-6|6|-30|-30|-30|-30,0|0|0|0|-29|-27|-28|-29,0|0|0|0|-28|-29|-27|-27,0|0|0|0|-29|-27|-30|-29,45|7|45|7|58341|58851|58596|58596,0,0,0,27,1,208
96,0,10,2,0,2,0,0,0,196|4|226|226|226|226|226|226,255|121|227|227|227|227|227|227,-12|-6|-29|-29|-29|-29|-29|-29,0|0|-29|-29|-29|-29|-29|-29,0|0|-28|-28|-29|-27|-28|-28,0|0|-28|-28|-30|-29|-29|-29,45|45|58339|58339|58339|58339|58339|58339,0,0,0,27,1,208
97,0,10,2,0,2,0,0,0,197|4|228|228|228|228|228|228,255|121|226|228|227|227|227|227,12|6|-29|-27|-27|-27|-27|-27,0|0|-29|-29|-29|-29|-27|-30,0|0|-27|-27|-27|-27|-29|-27,0|0|-28|-28|-28|-28|-28|-28,7|7|58085|58082|58082|58082|58082|58082,0,0,0,27,1,208
98,20,0,1,0,8,0,0,0,2|2|2|2|2|2|2|2,255|255|255|255|255|255|255|255,0|0|0|0|0|0|0|0,14|14|14|14|14|14|14|14,-8|-4|0|4|8|4|0|-4,0|0|0|0|0|0|0|0,70|70|70|70|70|70|70|70,0,0,0,1,255,208
99,20,0,1,0,8,0,0,0,2|2|2|2|2|2|2|2,255|255|255|255|255|255|255|255,-2|-1|0|1|2|1|0|-1,14|14|14|14|14|14|14|14,-8|-4|0|4|8|4|0|-4,0|0|0|0|0|0|0|0,70|70|70|70|70|70|70|70,0,0,0,1,255,208
100,40,0,2,0,6,0,0,0,2|2|2|2|2|2|227|227,255|255|255|255|255|255|229|229,-2|2|-1|1|0|0|-27|-27,14|14|14|14|14|14|-27|-27,-8|8|-4|4|-2|2|-28|-28,0|0|0|0|0|0|-27|-27,70|70|70|70|70|70|58597|58854,0,0,0,1,255,208
101,10,6,1,0,1,0,0,0,2|228|228|226|226|226|226|226,255|228|226|229|229|229|229|229,0|-30|-29|-29|-30|-30|-30|-30,12|-30|-29|-29|-29|-29|-27|-30,0|-28|-28|-28|-28|-28|-29|-27,0|-28|-28|-28|-28|-28|-28|-28,252|59367|58087|58082|58082|58082|58082|58082,0,0,0,28,255,208
102,10,10,1,0,1,0,0,0,10|228|228|228|228|228|228|228,255|228|228|228|228|228|228|228,0|-28|-28|-28|-28|-28|-28|-28,10|-28|-28|-28|-28|-28|-28|-28,0|-28|-28|-28|-28|-28|-28|-28,0|-28|-28|-28|-28|-28|-29|-30,253|59110|59110|59110|59110|59366|60136|58856,0,0,0,27,255,208
103,10,16,1,0,1,0,0,0,30|224|225|226|226|226|226|226,255|226|226|226|226|226|226|226,0|-30|-30|-30|-30|-30|-30|-30,8|-26|-24|-26|-29|-27|-28|-29,0|-28|-28|-28|-28|-29|-27|-28,0|-28|-28|-28|-30|-29|-30|-29,254|58339|58339|58339|58339|58853|58596|58596,0,0,0,26,255,208
104,0,0,1,0,1,0,0,0,90|227|227|227|227|227|227|227,250|228|228|227|229|228|228|228,120|-28|-28|-28|-28|-28|-28|-28,120|-28|-28|-28|-28|-28|-28|-28,-24|-28|-28|-28|-29|-27|-28|-28,24|-28|-28|-28|-28|-28|-28|-28,98|58596|58596|58851|58596|58596|58340|58597,0,0,8,1,255,208
105,20,0,1,0,4,0,0,0,2|2|2|2|227|227|227|227,255|255|255|255|228|228|228|228,-2|0|2|0|-29|-29|-29|-29,14|14|14|14|-29|-29|-29|-30,-4|0|4|0|-28|-28|-29|-28,0|0|0|0|-29|-29|-29|-29,70|70|70|70|58082|58082|58082|58082,0,0,0,1,255,208
106,20,0,1,0,8,0,0,0,2|2|2|2|2|2|2|2,255|255|255|255|255|255|255|255,-4|-2|0|2|4|2|0|-2,14|14|14|14|14|14|14|14,-8|-4|0|4|8|4|0|-4,0|0|0|0|0|0|0|0,70|70|70|70|70|70|70|70,0,0,0,1,255,208
107,20,0,1,0,8,0,0,0,2|2|2|2|2|2|2|2,255|255|255|255|255|255|255|255,-4|-2|0|2|4|2|0|-2,14|14|14|14|14|14|14|14,-8|-4|0|4|8|4|0|-4,0|0|0|0|0|0|0|0,70|70|70|70|70|70|70|70,0,0,0,1,255,208
108,40,0,2,0,6,0,0,0,2|2|2|2|2|2|227|227,255|255|255|255|255|255|228|228,-4|4|-2|2|-1|1|-28|-28,14|14|14|14|14|14|-28|-28,-8|8|-4|4|-2|2|-29|-29,0|0|0|0|0|0|-29|-29,70|70|70|70|70|70|58340|58597,0,0,0,1,255,208
109,80,3,8,0,8,0,0,0,1|1|1|1|1|1|1|1,255|255|255|255|255|255|255|255,0|0|0|0|0|0|0|0,12|13|14|15|16|17|18|19,0|0|0|0|0|0|0|0,0|0|0|0|0|0|0|0,135|116|116|116|116|116|116|97,0,0,0,8,255,144
110,30,3,1,0,1,0,0,4,3|228|228|228|228|228|228|228,255|228|228|228|228|228|228|228,0|-28|-28|-28|-28|-28|-28|-28,0|-28|-28|-28|-28|-28|-28|-28,0|-28|-28|-28|-28|-28|-28|-28,0|-28|-28|-28|-28|-28|-29|-30,214|59110|59110|59110|58854|59365|59623|58855,0,0,0,1,255,208
111,20,3,2,0,2,0,0,0,2|2|226|226|226|226|226|226,255|255|226|226|226|226|226|226,-4|-4|-30|-30|-30|-30|-30|-30,5|-5|-25|-26|-29|-26|-27|-27,5|5|-28|-28|-28|-29|-27|-28,0|0|-28|-28|-28|-27|-28|-27,169|169|58596|58596|58596|58596|58596|58596,0,-1,0,1,255,208
112,10,4,1,0,1,0,0,0,1|227|227|227|227|227|227|227,255|228|228|227|229|228|228|228,0|-28|-28|-28|-28|-28|-28|-28,8|-28|-28|-29|-29|-29|-29|-29,-5|-29|-29|-29|-29|-26|-27|-27,0|-27|-27|-27|-27|-27|-27|-27,58|58597|58597|58851|58596|58596|58340|58597,0,0,0,1,255,208
113,10,4,1,0,1,0,0,0,1|228|229|229|229|229|229|229,255|229|229|229|228|228|228|228,0|-28|-28|-28|-28|-28|-29|-27,8|-28|-27|-27|-28|-26|-27|-28,6|-28|-28|-28|-28|-28|-29|-27,0|-28|-28|-28|-28|-28|-28|-28,58|59111|58086|58082|58082|58082|58082|58082,0,0,0,1,255,208
114,40,0,1,0,1,0,0,0,2|228|228|228|228|228|228|228,255|228|228|228|228|228|228|228,0|-28|-28|-28|-28|-28|-28|-28,14|-28|-28|-28|-28|-28|-28|-28,0|-28|-28|-28|-28|-28|-28|-28,0|-28|-28|-28|-28|-28|-29|-30,142|59110|59110|59110|58854|59365|59367|59111,0,0,0,1,255,144
115,10,1,1,2,1,0,0,3,2|226|226|226|226|226|226|226,255|226|226|226|226|226|226|226,0|-30|-30|-30|-30|-30|-30|-30,0|-26|-25|-26|-29|-27|-28|-28,-8|-28|-28|-28|-28|-29|-27|-28,-2|-28|-28|-28|-28|-28|-28|-28,112|58596|58596|58596|58596|58596|58596|58596,0,0,0,1,255,208
116,10,1,1,2,1,0,0,3,2|227|227|227|227|227|227|227,255|228|228|227|229|228|228|228,0|-28|-28|-28|-28|-28|-28|-28,0|-28|-28|-29|-27|-27|-27|-27,8|-27|-27|-27|-27|-27|-28|-28,-2|-28|-28|-28|-28|-28|-28|-28,112|58340|58597|58851|58596|58596|58340|58595,0,0,0,1,255,208
117,30,1,1,0,1,0,0,4,5|227|229|228|228|228|228|228,255|228|228|228|228|228|228|228,0|-28|-28|-28|-28|-28|-29|-27,0|-28|-28|-28|-29|-27|-28|-28,0|-28|-28|-28|-28|-28|-29|-27,0|-28|-28|-28|-28|-28|-28|-28,285|59111|58086|58082|58082|58082|58082|58082,0,0,0,1,255,208
118,40,3,2,0,2,0,0,0,3|3|228|228|228|228|228|228,255|255|228|228|228|228|228|228,0|0|-28|-28|-28|-28|-28|-28,14|14|-28|-28|-28|-28|-28|-28,-6|6|-28|-28|-28|-28|-28|-28,0|0|-28|-28|-28|-28|-29|-30,143|144|59110|59110|58854|59365|59367|59367,0,0,0,13,255,192
119,80,3,1,3,1,0,0,0,10|226|226|226|226|226|226|226,255|226|226|226|226|226|226|226,0|-30|-30|-30|-30|-30|-30|-30,10|-26|-25|-26|-29|-27|-28|-28,0|-28|-28|-28|-28|-29|-27|-28,0|-28|-28|-28|-28|-28|-28|-28,34|58596|58596|58596|58596|58596|58596|58596,0,0,0,1,255,144
120,80,4,1,3,1,0,0,0,12|229|229|229|229|229|229|229,255|228|228|227|229|228|228|228,0|-28|-28|-28|-28|-28|-28|-28,8|-28|-28|-29|-27|-28|-28|-28,0|-28|-28|-28|-28|-28|-28|-28,0|-28|-28|-28|-28|-28|-28|-28,30|58340|58597|58851|58596|58596|58596|58597,0,0,0,1,255,112
121,10,0,1,9,8,0,0,0,2|2|2|2|2|2|2|2,8|8|8|8|8|8|8|8,-2|-1|0|1|2|1|0|-1,5|6|7|6|5|6|7|6,-4|-2|0|2|4|2|0|-2,0|0|0|0|0|0|0|0,21|20|21|21|20|21|20|21,1,0,0,4,255,112
122,30,3,3,0,3,0,0,0,2|1|1|228|228|228|228|228,255|255|255|228|228|228|228|228,0|0|0|-28|-28|-28|-28|-28,12|12|12|-28|-28|-28|-28|-28,0|-6|5|-28|-28|-28|-28|-28,0|4|4|-28|-28|-28|-29|-30,107|108|108|59110|58854|59365|59367|59367,0,0,0,1,255,112
123,320,1,4,0,4,0,0,0,10|10|10|10|226|226|226|226,255|255|255|255|226|226|226|226,0|0|0|0|-30|-30|-30|-30,24|24|24|24|-29|-27|-28|-28,-6|6|-6|6|-28|-29|-27|-28,-6|-6|6|6|-28|-28|-28|-28,239|240|258|259|58596|58596|58596|58596,0,0,0,1,255,208
124,80,1,1,0,1,0,0,0,2|228|228|228|228|228|228|228,255|228|228|227|229|228|228|228,0|-28|-28|-28|-28|-28|-28|-28,12|-28|-28|-29|-27|-28|-28|-28,0|-28|-28|-28|-28|-28|-28|-28,0|-28|-28|-28|-28|-28|-28|-28,108|58340|58597|58851|58596|58596|58596|58340,0,0,0,1,255,208
125,10,4,1,0,1,0,0,0,1|227|229|228|228|228|228|228,255|228|228|228|228|228|228|228,0|-28|-28|-28|-28|-28|-29|-27,6|-28|-28|-28|-29|-27|-28|-28,-8|-28|-29|-26|-27|-27|-28|-27,0|-28|-28|-28|-28|-28|-28|-29,58|59111|58086|58082|58082|58082|58082|58082,0,0,0,1,255,208
126,10,4,1,0,1,0,0,0,1|228|228|228|228|228|228|228,255|228|228|228|228|228|228|228,0|-28|-28|-28|-28|-28|-28|-28,6|-28|-28|-28|-28|-28|-28|-28,8|-28|-28|-28|-28|-28|-28|-28,0|-28|-28|-28|-28|-28|-29|-30,58|59110|59110|59110|58854|59365|59367|59367,0,0,0,1,255,208
127,50,5,5,2,5,0,0,0,3|3|3|3|3|226|226|226,255|255|255|255|255|226|226|226,0|-1|1|-2|2|-30|-30|-30,3|2|2|1|1|-28|-28|-28,0|0|0|0|0|-29|-27|-28,0|0|0|0|0|-28|-28|-28,112|112|112|112|112|58596|58596|58596,0,0,0,6,255,208
128,30,4,1,3,1,0,0,0,4|228|228|228|228|228|228|228,255|228|228|227|229|228|228|228,0|-28|-28|-28|-28|-28|-28|-28,7|-28|-28|-29|-27|-28|-28|-28,0|-28|-28|-28|-28|-28|-28|-28,0|-28|-28|-28|-28|-28|-28|-28,185|58340|58597|58851|58596|58596|58596|58340,0,0,3,13,11,128
129,30,4,1,3,1,0,0,0,1|227|228|228|228|228|228|228,255|228|228|228|228|228|228|228,0|-28|-28|-28|-28|-28|-29|-27,0|-28|-28|-28|-29|-27|-28|-28,-8|-28|-29|-27|-28|-28|-28|-27,0|-28|-28|-28|-28|-28|-29|-30,107|59111|58086|58082|58082|58082|58082|58082,0,0,5,13,12,128
130,50,0,5,10,5,0,0,0,3|2|2|1|1|228|228|228,10|9|9|6|6|228|228|228,0|2|-2|3|-3|-28|-28|-28,13|11|11|10|10|-28|-28|-28,0|0|0|0|0|-28|-28|-28,106|105|105|104|104|-28|-29|-30,153|154|154|157|157|59365|59367|59367,-1,0,0,1,255,144
131,10,4,1,0,1,0,0,0,2|226|226|226|226|226|226|226,255|226|226|226|226|226|226|226,0|-30|-30|-30|-30|-30|-30|-30,6|-26|-25|-26|-26|-28|-28|-29,0|-29|-29|-29|-29|-30|-28|-29,0|-29|-29|-29|-29|-29|-29|-29,61|58339|58339|58339|58339|58339|58339|58339,0,0,0,1,255,208
132,10,4,1,0,1,0,0,0,2|227|227|227|227|227|227|227,255|227|227|227|227|227|227|227,0|-29|-29|-29|-29|-29|-29|-29,6|-29|-29|-29|-28|-29|-29|-29,0|-29|-29|-29|-29|-29|-29|-29,0|-29|-29|-29|-29|-29|-29|-29,162|58339|58340|58594|58339|58339|58339|58339,0,0,0,1,255,208
133,10,4,1,1,1,0,0,0,4|227|226|227|227|227|227|227,255|227|227|227|227|227|227|227,0|-29|-29|-29|-29|-29|-30|-29,6|-29|-29|-29|-30|-28|-29|-29,0|-29|-29|-29|-29|-29|-29|-29,0|-29|-29|-29|-29|-30|-30|-29,168|59111|58086|58082|58082|58082|58082|58082,0,0,0,1,255,208
134,60,4,3,0,3,0,0,0,2|1|1|228|228|228|228|228,255|255|255|228|228|228|228|228,0|5|-5|-28|-28|-28|-28|-28,10|8|8|-28|-28|-28|-28|-28,0|0|0|-28|-28|-28|-28|-28,0|0|0|-28|-28|-28|-29|-30,244|227|227|59110|59366|59367|59367|59367,0,0,0,1,255,208
135,60,4,3,0,3,0,0,0,2|1|1|226|226|226|226|226,255|255|255|226|226|226|226|226,0|5|-5|-30|-30|-30|-30|-30,-10|-8|-8|-26|-26|-26|-26|-25,0|0|0|-25|-25|-25|-25|-25,0|0|0|-25|-25|-25|-25|-25,244|227|227|59367|59367|59367|59367|59367,0,0,0,1,255,208
136,120,3,2,2,2,0,0,0,3|3|231|231|231|231|231|231,255|255|231|231|231|231|231|231,0|0|-25|-25|-25|-25|-25|-25,6|6|-25|-25|-25|-25|-25|-25,0|0|-25|-25|-22|-24|-25|-25,0|14|-27|-25|-25|-25|-25|-25,117|136|59367|59367|59367|59367|59367|59367,0,0,0,0,255,192
137,80,3,4,0,8,0,0,0,3|3|1|1|3|3|1|1,255|255|255|255|255|255|255|255,-10|-10|-8|-8|10|10|8|8,0|0|4|-4|0|0|4|-4,0|-12|0|0|0|12|0|0,0|0|0|0|0|0|0|0,244|244|244|244|244|244|244|244,0,0,0,1,255,208
138,120,4,6,0,6,0,0,0,3|3|2|2|1|1|228|228,255|255|255|255|255|255|228|228,0|0|3|-3|6|-6|-28|-28,-10|-10|-9|-9|-8|-8|-28|-28,0|0|0|0|0|0|-28|-28,0|12|0|0|0|0|-29|-30,244|244|245|245|244|244|59368|59111,0,0,0,1,255,208
139,20,2,1,0,7,0,0,0,3|3|3|3|3|3|3|226,255|255|255|255|255|255|255|226,-9|-6|-3|0|3|6|9|-30,3|5|7|9|7|5|3|-31,0|0|0|0|0|0|0|-31,0|0|0|0|0|0|0|-32,244|244|244|244|244|244|244|57825,0,0,0,1,255,208
140,20,2,1,0,7,0,0,0,3|3|3|3|3|3|3|225,255|255|255|255|255|255|255|225,-9|-6|-3|0|3|6|9|-32,-3|-5|-7|-9|-7|-5|-3|-30,0|0|0|0|0|0|0|-26,0|0|0|0|0|0|0|-31,185|185|185|185|185|185|185|57824,1,0,0,1,11,128
141,10,1,1,2,1,0,0,4,1|224|226|226|226|226|224|224,255|224|226|226|226|226|224|224,0|-32|-30|-30|-30|-30|-30|-30,0|-32|-32|-30|-30|-30|-30|-32,0|-30|-31|-31|-31|-31|-32|-31,0|-32|-30|-32|-31|-31|-30|-31,226|59111|58086|58082|58082|58082|58082|58082,0,0,0,1,255,208
142,30,3,3,0,3,0,0,0,1|1|1|228|228|228|228|228,255|255|255|228|228|228|228|228,0|-1|1|-28|-28|-28|-28|-28,0|0|0|-28|-28|-28|-28|-28,0|0|0|-28|-28|-28|-28|-28,0|0|0|-28|-28|-28|-29|-30,304|304|304|59109|59624|59880|59368|58854,1,0,0,0,255,208
143,10,0,1,9,2,1,1,7,1|1|226|226|226|226|226|226,8|8|226|226|226|226|226|226,0|0|-30|-30|-30|-30|-30|-30,0|0|-25|-26|-27|-32|-28|-24,-1|1|-23|-22|-26|-19|-21|-21,0|0|-28|-17|-19|-21|-23|-23,21|20|59368|59111|59370|58855|58858|59626,0,0,0,1,255,112
144,50,0,5,0,5,0,0,0,1|1|1|1|1|237|232|232,255|255|255|255|255|229|229|226,0|-1|1|-2|2|-29|-23|-23,-1|-3|-3|-4|-4|-26|-26|-27,0|0|0|0|0|-25|-25|-24,0|0|0|0|0|-28|-24|-23,304|304|304|304|304|60911|59883|57577,1,0,0,1,255,208
145,10,1,1,2,1,0,0,3,2|235|235|235|233|232|232|232,255|234|233|229|236|234|232|226,0|-28|-28|-27|-19|-24|-24|-25,0|-26|-26|-27|-27|-27|-30|-29,0|-23|-25|-27|-29|-23|-23|-23,-10|-31|-30|-24|-26|-26|-27|-28,112|59111|58086|58082|58082|58082|58082|58082,0,0,0,1,255,208
146,10,1,1,2,1,0,0,4,2|228|228|228|228|228|228|228,255|228|228|228|228|228|228|228,0|-28|-28|-28|-28|-28|-28|-28,0|-28|-28|-28|-28|-28|-28|-28,0|-28|-28|-28|-28|-28|-28|-28,0|-28|-28|-28|-28|-28|-29|-30,112|59110|59110|59366|59880|59883|59625|58854,0,0,0,1,255,208
147,30,7,1,2,1,0,0,0,1|226|226|226|226|226|226|226,1|226|226|226|226|226|226|226,0|-30|-30|-30|-30|-30|-30|-30,0|-24|-25|-26|-30|-28|-19|-21,0|-19|-24|-25|-28|-20|-25|-25,0|-24|-28|-19|-24|-24|-24|-23,228|60652|59884|59112|60140|58599|58343|58340,0,0,0,0,255,128
148,40,1,1,2,1,0,0,0,0|230|230|230|230|234|231|230,1|235|232|231|230|230|231|226,0|-29|-24|-28|-28|-30|-25|-26,0|-30|-29|-29|-23|-24|-25|-28,0|-31|-31|-25|-24|-26|-26|-25,0|-26|-28|-30|-28|-19|-21|-26,247|58599|59372|59367|58600|59629|59624|58089,0,0,0,0,255,128
149,40,9,1,8,1,0,0,0,4|229|230|234|231|231|231|231,255|231|232|229|235|232|232|226,0|-26|-26|-26|-22|-25|-26|-26,3|-24|-25|-26|-26|-25|-30|-29,0|-24|-28|-28|-30|-25|-26|-26,0|-29|-29|-23|-24|-25|-28|-28,191|59623|58089|58082|58082|58082|58082|58082,0,0,0,1,255,128
150,120,9,3,6,3,0,0,0,4|4|4|228|228|228|228|228,255|255|255|228|228|228|228|228,0|1|-1|-28|-28|-28|-28|-28,3|2|2|-28|-28|-28|-28|-28,0|0|0|-28|-28|-28|-28|-28,0|0|0|-28|-28|-28|-29|-30,191|191|191|59367|60391|58597|59365|58854,0,0,0,1,255,128
151,0,6,1,0,2,0,0,0,4|4|226|226|226|226|226|226,255|255|226|226|226|226|226|226,0|0|-30|-30|-30|-30|-30|-30,5|5|-25|-26|-32|-24|-22|-19,-4|4|-21|-26|-29|-23|-24|-24,0|0|-27|-21|-22|-22|-22|-22,72|72|58595|58596|59110|58598|59111|59110,1,0,0,1,255,208
152,0,6,1,0,1,0,0,0,4|228|228|228|228|230|230|229,255|235|234|234|233|233|232|226,0|-29|-28|-28|-28|-28|-28|-28,5|-28|-28|-28|-27|-28|-25|-26,-1|-28|-31|-25|-26|-27|-27|-25,-4|-27|-28|-32|-24|-22|-19|-26,72|58342|59625|59368|58855|60139|60138|58090,1,0,0,1,255,208
153,0,2,2,3,8,2,10,0,6|8|6|6|6|6|6|6,255|255|255|255|255|255|255|255,8|-8|10|-10|10|-10|13|-13,-12|-12|-13|-13|-10|-10|-6|-6,0|0|0|0|0|0|0|0,24|24|24|24|24|24|24|24,214|214|214|214|214|214|214|214,0,0,0,1,255,208
154,120,3,2,2,2,0,0,0,3|3|228|228|228|228|228|228,255|255|228|228|228|228|228|228,0|0|-28|-28|-28|-28|-28|-28,6|6|-28|-28|-28|-28|-28|-28,0|0|-28|-28|-28|-28|-28|-28,-14|0|-28|-28|-28|-28|-29|-30,117|136|59110|59367|59879|58596|59364|58854,0,0,0,0,255,192
155,0,3,1,0,1,0,0,0,2|226|226|226|226|226|226|226,255|226|226|226|226|226|226|226,0|-30|-30|-30|-30|-30|-30|-30,10|-25|-25|-26|-32|-24|-26|-27,0|-27|-28|-28|-28|-28|-28|-28,0|-28|-28|-28|-28|-28|-29|-26,59|59107|58853|58597|58853|58597|58853|58853,0,0,0,8,255,208
156,0,4,1,0,1,0,0,0,3|228|228|228|228|228|229|229,255|227|226|228|227|227|227|226,0|-29|-28|-28|-28|-28|-28|-28,10|-28|-28|-28|-28|-28|-28|-29,0|-30|-32|-25|-26|-26|-27|-25,0|-26|-26|-32|-24|-26|-27|-26,60|58596|58596|58596|58596|58596|58340|58854,0,0,0,8,255,208
157,0,4,1,0,1,0,0,0,4|229|229|229|229|229|230|230,255|228|228|228|228|228|228|228,0|-28|-28|-28|-28|-27|-27|-29,10|-30|-28|-29|-29|-29|-30|-29,0|-28|-28|-28|-28|-28|-28|-28,0|-28|-28|-28|-28|-28|-29|-30,165|59367|58088|58082|58082|58082|58082|58082,0,0,0,8,255,208
158,0,4,2,0,2,0,0,0,2|2|228|228|228|228|228|228,255|255|228|228|228|228|228|228,0|0|-28|-28|-28|-28|-28|-28,10|10|-28|-28|-28|-28|-28|-28,-6|6|-28|-28|-28|-28|-28|-28,0|0|-28|-28|-28|-28|-29|-30,59|59|59110|59367|59623|58596|59364|58854,0,0,0,8,255,208
159,0,5,3,0,3,0,0,0,3|1|1|226|226|226|226|226,255|255|255|226|226|226|226|226,0|0|0|-30|-30|-30|-30|-30,10|10|10|-26|-30|-25|-22|-17,0|-8|8|-29|-27|-28|-28|-29,0|4|4|-28|-28|-28|-28|-28,60|58|58|58596|58596|58851|58596|58596,0,0,0,8,255,208
160,0,5,3,0,3,0,0,0,4|1|1|228|228|228|228|228,255|255|255|229|228|228|227|229,0|0|0|-28|-28|-28|-28|-28,10|10|10|-28|-28|-28|-28|-28,0|-9|9|-25|-26|-26|-27|-25,0|4|4|-30|-25|-22|-17|-26,165|58|58|58851|58596|58596|58596|58596,0,0,0,8,255,208
161,0,5,3,0,3,0,0,0,2|2|2|228|228|228|228|228,255|255|255|228|228|228|228|228,0|0|0|-28|-28|-28|-28|-28,10|10|10|-28|-28|-29|-27|-28,0|-10|10|-28|-28|-28|-28|-28,0|4|4|-28|-28|-28|-28|-30,59|59|59|58082|58082|58082|58082|58082,0,0,0,8,255,208
162,0,5,3,0,3,0,0,0,3|2|2|228|228|228|228|228,255|255|255|228|228|228|228|228,0|0|0|-28|-28|-28|-28|-28,10|10|10|-28|-28|-28|-28|-28,0|-10|10|-28|-28|-28|-28|-28,0|4|4|-28|-28|-28|-29|-30,60|59|59|59367|59623|58596|59364|59110,0,0,0,8,255,208
163,0,5,5,0,5,0,0,0,3|2|2|1|1|226|226|226,255|255|255|255|255|226|226|226,0|0|0|0|0|-30|-30|-30,10|10|10|10|10|-25|-23|-21,0|-10|10|-18|18|-28|-28|-29,0|4|4|8|8|-28|-28|-28,60|59|59|58|58|58851|58596|63460,0,0,0,8,255,208
164,0,5,5,0,5,0,0,0,3|2|2|2|2|228|228|228,255|255|255|255|255|228|227|229,0|0|0|0|0|-28|-28|-28,10|10|10|10|10|-28|-28|-29,0|-10|10|-20|20|-27|-27|-25,0|4|4|8|8|-23|-21|-27,60|59|59|59|59|58616|58596|58596,0,0,0,8,255,208
165,0,5,5,0,5,0,0,0,5|2|2|2|2|228|228|228,255|255|255|255|255|249|249|248,0|0|0|0|0|-28|-28|-9,10|10|10|10|10|-7|-27|-28,0|-10|10|-24|24|-28|-28|-28,0|4|4|8|8|-28|-29|-30,62|59|59|59|59|58082|58082|58082,0,0,0,8,255,208
166,0,3,1,0,1,0,0,0,2|228|228|228|228|228|228|228,255|228|228|228|228|228|228|228,0|-28|-28|-28|-28|-28|-28|-28,10|-28|-28|-28|-28|-28|-28|-28,0|-28|-28|-28|-28|-28|-28|-28,0|-28|-28|-28|-28|-28|-29|-30,59|59110|59110|59367|59623|58596|59364|59110,0,0,0,8,255,208
167,0,3,2,0,2,0,0,0,1|1|226|226|226|226|226|226,255|255|226|226|226|226|226|226,-3|3|-30|-30|-30|-30|-30|-30,9|9|-25|-26|-32|-25|-24|-22,-4|4|-28|-29|-27|-28|-28|-29,0|0|-28|-28|-28|-28|-28|-28,201|202|58596|58596|58596|58851|58596|63735,0,0,0,8,255,208
168,0,4,3,0,3,0,0,0,1|1|1|247|228|228|228|228,255|255|255|229|228|228|227|229,-3|3|0|-28|-28|-28|-28|-28,9|9|10|-28|-28|-28|-28|-28,-4|4|0|-27|-26|-27|-21|-23,0|0|0|-32|-25|-24|-22|-25,201|202|58|63736|63736|63480|58596|58596,0,0,0,8,255,208
169,0,4,3,0,3,0,0,0,1|1|2|248|247|228|228|228,255|255|255|248|248|248|248|248,-7|7|0|-28|-28|-28|-9|-8,7|7|10|-8|-8|-8|-27|-28,-5|5|0|-8|-28|-28|-28|-28,0|0|0|-28|-28|-28|-28|-32,163|164|59|58082|58082|58082|58082|58082,0,0,0,8,255,208
170,0,5,5,0,5,0,0,0,1|1|1|1|1|228|228|228,255|255|255|255|255|228|228|228,-7|7|0|-3|3|-28|-28|-28,7|7|10|9|9|-28|-28|-28,-5|5|0|-4|4|-28|-28|-28,0|0|0|0|0|-28|-29|-30,163|164|58|201|202|58596|59364|59110,0,0,0,8,255,208
171,0,5,5,0,5,0,0,0,1|1|2|1|1|226|226|226,255|255|255|255|255|226|226|226,-7|7|0|-3|3|-30|-30|-30,7|7|10|9|9|-25|-26|-25,-5|5|0|-4|4|-28|-28|-30,0|0|0|0|0|-29|-29|-29,163|164|59|201|202|58594|62691|63736,0,0,0,8,255,208
172,0,5,3,0,3,0,0,0,3|3|1|225|225|225|227|227,255|255|255|229|228|228|227|228,-7|7|0|-29|-29|-29|-29|-29,7|7|10|-29|-29|-29|-29|-29,-5|5|0|-21|-26|-27|-23|-25,0|0|0|-32|-25|-26|-25|-27,121|122|58|63736|63736|63736|58359|58339,0,0,0,8,255,208
173,0,5,3,0,3,0,0,0,3|3|2|248|248|247|227|227,255|255|255|248|248|248|248|248,-7|7|0|-29|-29|-12|-8|-8,7|7|10|-8|-8|-8|-30|-31,-5|5|0|-8|-31|-31|-29|-29,0|0|0|-29|-29|-29|-29|-31,121|122|59|58082|58082|58082|58082|58082,0,0,0,8,255,208
174,0,5,5,0,5,0,0,0,3|3|1|1|1|228|228|228,255|255|255|255|255|228|228|228,-7|7|0|-3|3|-28|-28|-28,7|7|10|9|9|-28|-28|-28,-5|5|0|-4|4|-28|-28|-28,0|0|0|0|0|-28|-29|-30,121|122|58|201|202|58596|59364|58854,0,0,0,8,255,208
175,0,5,5,0,5,0,0,0,3|3|2|1|1|226|226|226,255|255|255|255|255|226|226|226,-7|7|0|-3|3|-30|-30|-30,7|7|10|9|9|-28|-31|-31,-5|5|0|-4|4|-28|-28|-29,0|0|0|0|0|-27|-27|-27,121|122|59|201|202|59107|63461|63736,0,0,0,8,255,208
176,0,5,5,0,5,0,0,0,3|3|2|2|2|226|229|229,255|255|255|255|255|228|227|230,-7|7|0|-3|3|-27|-27|-27,7|7|10|9|9|-27|-27|-28,-5|5|0|-4|4|-27|-24|-25,0|0|0|0|0|-31|-31|-29,121|122|59|279|280|63736|63224|58853,0,0,0,8,255,208
177,0,10,1,0,1,0,0,0,192|241|243|247|248|248|246|229,255|247|248|248|246|240|243|248,0|-8|-10|-27|-27|-9|-8|-8,2|-16|-30|-30|-30|-31|-29|-30,0|-8|-8|-8|-30|-30|-27|-27,0|-27|-27|-27|-27|-27|-28|-30,65|59370|58088|58082|58082|58082|58082|58082,1,0,0,10,255,208
178,0,10,1,0,2,0,0,0,192|192|228|228|228|228|228|228,255|255|228|228|228|228|228|228,-1|1|-28|-28|-28|-28|-28|-28,2|2|-28|-28|-28|-28|-28|-28,2|2|-28|-28|-28|-28|-28|-28,0|0|-28|-28|-28|-28|-29|-30,65|65|59110|59367|59623|58596|59364|58597,1,0,0,10,255,208
179,0,10,1,0,1,0,0,0,193|226|226|226|226|226|226|226,255|226|226|226|226|226|226|226,0|-30|-30|-30|-30|-30|-30|-30,4|-25|-25|-26|-30|-22|-22|-24,0|-28|-28|-29|-27|-28|-28|-29,0|-28|-28|-28|-28|-28|-28|-28,64|58596|58596|58596|58596|58851|63716|63736,1,0,0,10,255,208
180,0,10,2,0,2,0,0,0,192|192|226|226|226|228|228|228,255|255|227|229|228|228|227|229,-1|1|-28|-28|-28|-28|-28|-28,2|2|-28|-28|-28|-28|-28|-30,-5|5|-32|-22|-26|-27|-24|-25,0|0|-26|-30|-22|-22|-24|-27,65|65|63736|58104|58082|63730|63736|58611,1,0,0,10,255,208
181,0,10,2,0,2,0,0,0,192|192|226|242|247|248|248|243,255|255|248|248|226|226|226|242,-2|2|-8|-13|-28|-8|-8|-8,2|2|-30|-30|-30|-31|-30|-30,-10|10|-8|-8|-30|-30|-28|-28,0|0|-28|-28|-28|-28|-30|-30,65|65|58088|58082|58082|58082|58082|58082,1,0,0,10,255,208
182,0,10,1,0,1,0,0,0,20|228|228|228|228|228|228|228,255|228|228|228|228|228|228|228,0|-28|-28|-28|-28|-28|-28|-28,3|-28|-28|-28|-28|-28|-28|-28,0|-28|-28|-28|-28|-28|-28|-28,0|-28|-28|-28|-28|-28|-29|-30,74|59110|59110|59367|59623|58597|59365|58852,1,0,0,10,255,208
183,0,10,2,0,2,0,0,0,193|193|226|226|226|226|226|226,255|255|226|226|226|226|226|226,-1|1|-30|-30|-30|-30|-30|-30,4|4|-25|-26|-30|-24|-25|-26,-2|2|-28|-29|-27|-28|-28|-29,0|0|-28|-28|-28|-28|-28|-28,64|64|58596|58596|58596|58851|63716|63736,1,0,0,10,255,208
184,0,10,3,0,3,0,0,0,20|192|192|226|228|228|228|228,255|255|255|229|228|228|227|229,0|-1|1|-28|-28|-28|-28|-28,3|2|2|-28|-28|-28|-28|-28,0|-5|5|-23|-26|-27|-24|-25,0|8|8|-30|-24|-25|-26|-28,74|65|65|58104|58082|62434|63736|58103,1,0,0,10,255,208
185,0,10,3,0,3,0,0,0,193|193|193|226|243|248|248|247,255|255|255|248|226|226|226|226,0|-1|1|-9|-30|-8|-8|-8,2|2|2|-30|-28|-29|-27|-28,0|-5|5|-8|-30|-30|-28|-28,0|8|8|-28|-28|-28|-28|-29,64|64|64|58082|58082|58082|58082|58082,1,0,0,10,255,208
186,0,10,5,0,5,0,0,0,20|192|192|192|192|228|228|228,255|255|255|255|255|228|228|228,0|-1|1|-2|2|-28|-28|-28,3|2|2|2|2|-28|-28|-28,0|-5|5|-10|10|-28|-28|-28,0|8|8|10|10|-28|-29|-30,74|65|65|65|65|59367|59367|58853,1,0,0,10,255,208
187,0,10,5,0,5,0,0,0,24|192|192|192|192|226|226|226,255|255|255|255|255|226|226|226,0|-1|1|-3|3|-30|-30|-30,3|2|2|2|2|-24|-25|-26,0|-5|5|-10|10|-29|-29|-30,0|8|8|10|10|-29|-29|-29,75|65|65|65|65|58594|63715|63736,1,0,0,10,255,208
188,0,0,1,0,3,0,0,0,1|0|0|227|227|227|227|227,255|255|255|227|227|227|226|228,101|101|101|-29|-29|-29|-29|-29,14|14|14|-29|-29|-29|-29|-29,0|0|0|-24|-26|-27|-24|-25,4|4|4|-29|-24|-25|-26|-28,289|293|293|58104|58337|58339|63736|57848,0,0,0,6,255,208
189,0,0,1,0,3,0,0,0,1|1|0|227|227|248|248|248,255|255|255|248|225|225|227|227,101|101|101|-8|-31|-8|-8|-8,14|14|14|-8|-29|-30|-28|-29,0|0|0|-8|-31|-31|-29|-29,4|4|4|-29|-29|-29|-29|-29,289|289|293|58082|58082|58082|58082|58082,0,0,0,6,255,208
190,0,0,1,0,1,0,0,0,1|228|228|228|228|228|228|228,255|228|228|228|228|228|228|228,101|-28|-28|-28|-28|-28|-28|-28,14|-28|-28|-28|-28|-28|-28|-28,0|-28|-28|-28|-28|-28|-28|-28,4|-28|-28|-28|-28|-28|-29|-30,286|59110|59110|59111|59110|59110|59110|58853,0,0,0,6,255,208
191,0,0,1,0,4,0,0,0,1|2|1|0|226|226|226|226,255|255|255|255|226|226|226|226,101|101|101|101|-30|-30|-30|-30,14|14|14|14|-30|-25|-25|-26,0|0|0|0|-27|-27|-27|-27,4|4|4|4|-26|-27|-27|-27,286|287|286|288|58853|58853|63717|63736,0,0,0,6,255,208
192,0,0,1,0,2,0,0,0,1|2|229|229|229|229|229|229,255|255|229|229|229|229|229|229,101|101|-29|-26|-27|-27|-27|-27,14|14|-27|-27|-27|-27|-27|-27,0|0|-32|-24|-26|-27|-24|-25,4|4|-26|-29|-25|-25|-26|-29,286|287|63736|58104|58850|59108|58085|58082,0,0,0,6,255,208
193,0,0,2,0,8,0,0,0,2|2|1|1|0|0|1|1,255|255|255|255|255|255|255|255,101|101|101|101|101|101|101|101,14|14|14|14|14|14|14|14,-6|6|-6|6|-6|6|-6|6,4|4|4|4|4|4|4|4,287|287|286|286|288|288|286|286,0,0,0,6,255,208
194,0,0,1,0,4,0,0,0,2|4|2|0|228|228|228|228,255|255|255|255|228|228|228|228,101|101|101|101|-28|-28|-28|-28,14|14|14|14|-28|-28|-28|-28,0|0|0|0|-28|-28|-28|-28,4|4|4|4|-28|-28|-29|-30,290|291|290|292|59110|59110|59110|58853,0,0,0,6,255,208
195,0,0,3,0,6,0,0,0,1|1|1|2|0|0|226|226,255|255|255|255|255|255|226|226,101|101|101|101|101|101|-30|-30,14|14|14|14|14|14|-29|-29,0|-10|10|0|-10|10|-28|-28,4|4|4|4|4|4|-28|-28,286|289|289|287|293|293|63716|63736,0,0,0,6,255,208
196,0,0,3,0,6,0,0,0,0|2|2|1|1|1|228|228,255|255|255|255|255|255|228|228,101|101|101|101|101|101|-28|-28,14|14|14|14|14|14|-28|-28,0|-10|10|0|-10|10|-24|-25,4|4|4|4|4|4|-29|-28,293|287|287|289|286|286|58596|58082,0,0,0,6,255,208
197,0,0,3,0,6,0,0,0,2|1|1|4|0|0|248|248,255|255|255|255|255|255|228|228,101|101|101|101|101|101|-8|-8,14|14|14|14|14|14|-28|-28,0|-10|10|0|-10|10|-28|-28,4|4|4|4|4|4|-28|-29,290|289|289|291|293|293|58082|58082,0,0,0,6,255,208
198,0,0,3,0,6,0,0,0,2|2|2|4|1|1|228|228,255|255|255|255|255|255|228|228,101|101|101|101|101|101|-28|-28,14|14|14|14|14|14|-28|-28,0|-10|10|0|-10|10|-28|-28,4|4|4|4|4|4|-29|-30,290|287|287|291|286|286|59368|58853,0,0,0,6,255,208
199,0,9,3,0,3,0,0,0,4|2|1|226|226|226|226|226,255|255|255|226|226|226|226|226,120|120|120|-30|-30|-30|-30|-30,8|8|8|-26|-32|-26|-25|-29,0|0|0|-28|-28|-28|-28|-28,-14|0|14|-29|-27|-28|-28|-28,97|116|135|58596|58596|58596|63716|63736,1,0,0,14,255,208
200,0,8,4,0,4,0,0,0,4|2|2|1|228|228|228|228,255|255|255|255|228|228|228|228,120|120|120|120|-28|-28|-28|-28,9|9|8|8|-28|-28|-28|-30,0|0|0|0|-26|-27|-24|-24,-14|0|0|14|-26|-25|-29|-27,97|116|116|135|58594|58851|58596|58596,1,0,0,14,255,208
201,0,8,5,0,5,0,0,0,4|2|2|2|1|248|248|248,255|255|255|255|255|226|228|228,120|120|120|120|120|-8|-8|-8,9|9|8|7|7|-30|-28|-28,0|0|0|0|0|-30|-28|-28,-14|0|0|0|14|-28|-30|-29,97|116|116|116|135|58082|58082|58082,1,0,0,14,255,208
202,0,7,6,0,6,0,0,0,4|2|2|2|2|1|228|228,255|255|255|255|255|255|228|228,120|120|120|120|120|120|-28|-28,9|9|8|7|6|6|-28|-28,0|0|0|0|0|0|-28|-28,-14|0|0|0|0|14|-29|-30,97|116|116|116|116|135|59625|58853,1,0,0,14,255,208
203,0,7,8,0,8,0,0,0,4|2|2|2|2|2|2|1,255|255|255|255|255|255|255|255,120|120|120|120|120|120|120|120,9|9|8|7|6|5|4|4,0|0|0|0|0|0|0|0,-14|0|0|0|0|0|0|14,97|116|116|116|116|116|116|135,1,0,0,14,255,208
204,0,7,8,0,8,0,0,0,4|2|2|1|4|2|2|1,255|255|255|255|255|255|255|255,-1|-1|-1|-1|1|1|1|1,14|14|13|13|14|14|13|13,0|0|0|0|0|0|0|0,-14|0|0|14|-14|0|0|14,97|116|116|135|97|116|116|135,1,0,0,14,255,208
205,0,7,8,0,8,0,0,0,4|2|1|4|2|1|4|2,255|255|255|255|255|255|255|255,-3|-3|-3|3|3|3|0|0,14|14|14|14|14|14|14|14,0|0|0|0|0|0|0|0,-14|0|14|-14|0|14|-18|-4,97|116|135|97|116|135|97|135,1,0,0,14,255,208
206,0,6,8,0,8,0,0,0,4|2|1|4|2|1|12|4,255|255|255|255|255|255|255|255,-3|-3|-3|3|3|3|0|0,14|14|14|14|14|14|14|14,0|0|0|0|0|0|0|0,-14|0|14|-14|0|14|-18|-4,97|116|135|97|116|135|101|139,1,0,0,14,255,208
207,0,6,8,0,8,0,0,0,4|2|4|2|12|4|4|2,255|255|255|255|255|255|255|255,-3|-3|3|3|0|0|0|0,14|14|14|14|14|14|13|13,0|0|0|0|0|0|0|0,0|14|0|14|-18|-4|-4|10,97|135|101|139|101|120|120|139,1,0,0,14,255,208
208,0,7,8,0,8,0,0,0,12|4|4|4|4|4|4|2,255|255|255|255|255|255|255|255,120|120|120|120|120|120|120|120,9|9|8|7|6|5|4|4,0|0|0|0|0|0|0|0,-14|0|0|0|0|0|0|14,101|120|120|120|120|120|120|139,1,0,0,14,255,208
209,0,7,8,0,8,0,0,0,12|4|4|2|12|4|4|2,255|255|255|255|255|255|255|255,-1|-1|-1|-1|1|1|1|1,14|14|13|13|14|14|13|13,0|0|0|0|0|0|0|0,-14|0|0|14|-14|0|0|14,101|120|120|139|101|120|120|139,1,0,0,14,255,208
210,0,4,1,0,1,0,0,0,3|228|228|228|228|228|228|228,255|228|228|228|228|228|228|228,0|-28|-28|-28|-28|-28|-28|-28,10|-28|-28|-28|-28|-28|-28|-28,0|-28|-28|-28|-28|-28|-28|-28,0|-28|-28|-28|-28|-28|-29|-30,227|59110|59110|59109|60135|58596|59364|58854,1,0,0,5,255,208
211,0,5,1,0,1,0,0,0,5|226|226|226|226|226|226|226,255|226|226|226|226|226|226|226,0|-30|-30|-30|-30|-30|-30|-30,11|-26|-25|-26|-30|-27|-26|-29,0|-28|-28|-29|-26|-27|-27|-27,0|-27|-28|-29|-27|-28|-28|-28,214|58596|58596|58340|58854|58853|58597|63735,1,0,0,5,255,208
212,0,4,1,0,1,0,0,0,3|248|248|246|228|228|228|228,98|228|227|230|229|229|229|229,0|-28|-29|-27|-28|-28|-28|-28,10|-28|-28|-28|-28|-28|-28|-30,0|-27|-31|-19|-26|-26|-27|-25,0|-26|-26|-30|-27|-26|-29|-26,227|59107|63461|63736|63736|63736|63736|58616,1,0,0,5,255,208
213,0,4,1,0,1,0,0,0,5|228|228|228|228|248|248|248,98|226|247|248|248|248|248|248,0|-8|-8|-8|-28|-28|-9|-8,11|-8|-8|-8|-8|-8|-8|-8,0|-8|-8|-8|-8|-8|-8|-8,0|-8|-8|-28|-28|-28|-30|-32,214|59117|58086|58082|58082|58082|58082|58082,1,0,0,5,255,208
214,0,5,2,0,2,0,0,0,3|3|228|228|228|228|228|228,98|98|228|228|228|228|228|228,0|0|-28|-28|-28|-28|-28|-28,10|10|-28|-28|-28|-28|-28|-28,-6|6|-28|-28|-28|-28|-28|-28,0|0|-28|-28|-28|-28|-29|-30,227|227|59110|59109|59623|58596|59364|58342,1,0,0,5,255,208
215,0,4,2,0,2,0,0,0,5|3|226|226|226|226|226|226,98|98|226|226|226|226|226|226,0|0|-30|-30|-30|-30|-30|-30,11|10|-25|-26|-30|-29|-30|-28,-2|-2|-28|-29|-27|-28|-28|-28,0|0|-28|-29|-27|-28|-28|-28,214|227|58596|58340|58597|58596|58596|63459,1,0,4,5,255,208
216,0,4,2,0,2,0,0,0,5|5|248|248|226|228|228|228,98|98|227|229|228|228|228|228,0|0|-29|-27|-28|-28|-28|-28,11|9|-28|-28|-28|-28|-28|-29,-2|-2|-31|-21|-26|-26|-27|-27,0|0|-26|-30|-29|-30|-28|-29,214|214|58596|63735|63736|63736|63736|58616,1,0,4,5,255,208
217,0,4,3,0,3,0,0,0,5|5|3|228|228|248|248|248,98|98|98|247|248|248|248|248,0|0|0|-8|-28|-28|-28|-9,9|7|5|-8|-8|-8|-8|-8,-2|-2|-2|-8|-8|-8|-8|-8,0|0|0|-28|-28|-28|-29|-32,214|214|227|58082|58082|58082|58082|58082,1,0,5,5,255,208
218,0,4,4,0,4,0,0,0,5|3|3|3|228|228|228|228,98|98|98|98|228|228|228|228,0|0|-4|4|-28|-28|-28|-28,8|6|8|8|-28|-28|-28|-28,-2|-2|-2|-2|-28|-28|-28|-28,0|0|0|0|-28|-28|-29|-30,214|227|227|227|59623|58597|59365|58341,1,0,4,5,255,208
219,0,4,4,0,4,0,0,0,5|3|5|5|226|226|226|226,98|98|98|98|226|226|226|226,0|0|-4|4|-30|-30|-30|-30,8|6|8|8|-30|-24|-24|-23,-2|-2|-2|-2|-27|-28|-28|-28,0|0|0|0|-28|-29|-29|-29,214|227|214|214|58597|58596|58596|58595,1,0,1,5,255,208
220,0,4,4,0,4,0,0,0,5|3|5|5|225|225|227|227,98|98|98|98|228|228|228|228,0|0|-4|4|-29|-29|-29|-29,1|-1|0|0|-29|-29|-29|-29,-2|-2|-2|-2|-26|-26|-27|-23,0|0|0|0|-24|-24|-23|-21,214|227|214|214|63736|63736|63736|57848,1,0,4,5,255,208
221,0,1,1,0,2,0,0,0,1|1|227|227|227|248|248|248,98|98|226|228|243|248|248|248,0|0|-8|-8|-31|-31|-29|-29,20|20|-8|-8|-8|-8|-8|-8,-4|4|-8|-8|-8|-8|-8|-8,0|0|-8|-31|-31|-29|-29|-30,67|67|58085|58082|58082|58082|58082|58082,-1,0,0,20,255,208
222,0,1,1,0,4,0,0,0,1|1|1|1|228|228|228|228,98|98|98|98|228|228|228|228,-1|0|1|0|-28|-28|-28|-28,20|20|20|20|-28|-28|-28|-28,-6|0|6|0|-28|-28|-28|-28,0|0|0|0|-28|-28|-29|-30,67|67|67|67|59366|59368|59111|58596,-1,0,0,20,255,208
223,0,1,1,0,4,0,0,0,1|1|1|1|226|226|226|226,98|98|98|98|226|226|226|226,-2|0|2|0|-30|-30|-30|-30,20|20|20|20|-30|-25|-25|-25,-6|0|6|0|-27|-28|-28|-28,0|0|0|0|-26|-27|-27|-27,67|67|67|67|58597|58596|58596|59107,-1,0,0,20,255,208
224,0,1,1,0,6,0,0,0,1|1|1|1|1|1|229|229,98|98|98|98|98|98|228|228,-1|0|0|1|0|0|-27|-27,20|20|20|20|20|20|-27|-27,-6|-2|2|6|2|-2|-27|-25,0|0|0|0|0|0|-25|-22,67|67|67|67|67|67|58082|58082,-1,0,0,20,255,208
225,0,1,1,0,8,0,0,0,1|1|1|1|1|1|1|1,98|98|98|98|98|98|98|98,-2|-1|0|1|2|1|0|-1,20|20|20|20|20|20|20|20,-8|-4|0|4|8|4|0|-4,0|0|0|0|0|0|0|0,67|67|67|67|67|67|67|67,-1,0,0,20,255,208
226,0,1,1,0,8,0,0,0,1|1|1|1|1|1|1|1,98|98|98|98|98|98|98|98,-2|-1|0|1|2|1|0|-1,20|20|20|20|20|20|20|20,-8|-4|0|4|8|4|0|-4,0|0|0|0|0|0|0|0,67|67|67|67|67|67|67|67,-1,0,0,20,255,208
227,0,2,1,0,4,0,0,0,2|2|2|2|226|226|226|226,98|98|98|98|226|226|226|226,-1|0|1|0|-30|-30|-30|-30,20|20|20|20|-30|-25|-25|-25,-6|0|6|0|-27|-28|-28|-28,0|0|0|0|-27|-28|-28|-28,70|70|70|70|58596|58596|58596|58851,-1,0,0,20,255,208
228,0,2,1,0,6,0,0,0,2|2|2|2|2|2|228|228,98|98|98|98|98|98|228|228,-1|0|0|1|0|0|-28|-28,20|20|20|20|20|20|-28|-29,-6|-2|2|6|2|-2|-27|-25,0|0|0|0|0|0|-25|-23,70|70|70|70|70|70|58082|58082,-1,0,0,20,255,208
229,0,2,1,0,8,0,0,0,2|2|2|2|2|2|2|2,98|98|98|98|98|98|98|98,-2|-1|0|1|2|1|0|-1,20|20|20|20|20|20|20|20,-8|-4|0|4|8|4|0|-4,0|0|0|0|0|0|0|0,70|70|70|70|70|70|70|70,-1,0,0,20,255,208
230,0,1,1,0,8,0,0,0,2|2|2|2|2|2|2|2,98|98|98|98|98|98|98|98,-2|-1|0|1|2|1|0|-1,20|20|20|20|20|20|20|20,-8|-4|0|4|8|4|0|-4,0|0|0|0|0|0|0|0,70|70|70|70|70|70|70|70,-1,0,0,20,255,208
231,0,0,1,0,8,0,0,0,2|2|2|2|2|2|2|2,98|98|98|98|98|98|98|98,-2|-1|0|1|2|1|0|-1,20|20|20|20|20|20|20|20,-8|-4|0|4|8|4|0|-4,0|0|0|0|0|0|0|0,70|70|70|70|70|70|70|70,-1,0,0,20,255,208
232,0,5,3,2,3,0,0,0,1|1|1|226|226|226|226|227,255|255|255|229|228|228|228|228,0|0|0|-27|-28|-28|-28|-28,22|22|22|-28|-28|-28|-29|-32,0|0|0|-22|-26|-23|-23|-24,-22|-8|6|-32|-29|-29|-29|-30,191|191|191|58597|58596|58339|58339|58339,0,0,0,15,255,128
233,0,5,4,2,4,0,0,0,1|1|1|1|227|227|227|226,255|255|255|255|227|228|227|227,0|0|0|0|-30|-30|-29|-29,22|22|22|22|-28|-28|-28|-30,0|0|0|0|-28|-28|-28|-28,-22|-8|6|20|-28|-29|-32|-30,191|191|191|191|58082|58082|58082|58082,0,0,0,15,255,128
234,0,5,6,2,6,0,0,0,1|1|1|1|1|2|228|228,255|255|255|255|255|255|228|228,0|0|0|0|0|0|-28|-28,22|22|22|22|22|-12|-28|-28,0|0|0|0|0|0|-28|-28,-22|-8|6|20|34|0|-29|-30,191|191|191|191|191|191|59367|59880,0,0,0,15,255,128
235,0,5,7,2,7,0,0,0,1|1|1|1|1|2|2|231,255|255|255|255|255|255|255|229,0|0|0|0|0|0|0|-27,22|22|22|22|22|-12|-12|-27,0|0|0|0|0|0|0|-26,-22|-8|6|20|34|0|-14|-31,191|191|191|191|191|191|191|58849,0,0,0,15,255,128
236,0,5,6,2,6,0,0,0,1|1|1|1|2|2|227|227,255|255|255|255|101|101|226|226,0|0|0|0|-10|10|-27|-28,22|22|22|22|10|10|-30|-30,0|0|0|0|0|0|-25|-25,-22|-8|6|20|0|0|-27|-27,191|191|191|191|194|196|57571|59105,0,0,0,15,255,128
237,0,5,8,2,8,0,0,0,1|1|1|1|2|2|2|2,255|255|255|255|101|101|101|101,0|0|0|0|-10|10|-10|10,22|22|22|22|10|10|10|10,0|0|0|0|0|0|12|-12,-22|-8|6|20|0|0|14|14,191|191|191|191|194|196|194|196,0,0,0,15,255,128
238,0,5,6,2,6,0,0,0,3|1|1|1|2|2|228|228,103|103|103|103|101|101|228|228,0|0|0|0|-10|10|-28|-28,22|22|22|22|10|10|-28|-28,0|0|0|0|0|0|-28|-28,-22|-8|6|20|0|0|-29|-30,210|229|248|267|194|196|59624|59369,0,0,0,15,255,128
239,0,5,8,2,8,0,0,0,3|1|1|1|2|2|2|2,103|103|103|103|101|101|101|101,0|0|0|0|-10|10|-10|10,22|22|22|22|10|10|10|10,0|0|0|0|0|0|12|-12,-22|-8|6|20|0|0|14|14,210|229|248|267|194|196|194|196,0,0,0,15,255,128
240,0,5,8,2,8,0,0,0,3|1|1|1|2|2|2|2,103|103|103|103|101|101|101|101,0|0|0|0|-7|7|-7|7,22|22|22|22|10|10|10|10,0|0|0|0|0|0|12|-12,-22|-8|6|20|0|0|14|14,210|229|248|267|194|196|194|196,0,0,0,15,255,128
241,0,2,4,2,8,0,0,0,3|1|1|1|3|1|1|1,103|103|103|103|103|103|103|103,0|0|0|0|0|0|0|0,22|22|22|22|22|22|22|22,-8|-8|-8|-8|8|8|8|8,-22|-8|6|20|-22|-8|6|20,210|229|248|267|210|229|248|267,0,0,0,15,255,128
242,0,1,8,2,8,0,0,0,1|1|1|1|1|1|1|1,103|103|103|103|103|103|103|103,0|0|0|0|0|0|0|0,22|22|22|22|22|22|22|22,-8|-8|-8|-8|8|8|8|8,-22|-8|6|20|-22|-8|6|20,210|229|248|267|210|229|248|267,0,0,0,15,255,128
243,0,2,1,9,6,0,0,0,2|2|2|2|2|2|230|233,10|10|10|10|10|10|229|229,-10|10|-10|10|-12|12|-27|-27,4|-4|-4|4|0|0|-31|-32,0|0|0|0|0|0|-28|-28,0|0|0|0|0|0|-32|-31,172|172|172|172|172|172|57824|58340,0,0,0,0,255,112
244,0,2,1,9,8,0,0,0,2|2|2|2|2|2|2|2,10|10|10|10|10|10|10|10,-9|9|-9|9|-10|10|-10|10,6|-6|-6|6|-3|3|3|-3,0|0|0|0|0|0|0|0,0|0|0|0|0|0|0|0,172|172|172|172|172|172|172|172,0,0,0,0,255,112
245,0,1,1,9,6,0,0,0,2|2|2|2|2|2|224|226,10|10|10|10|10|10|224|224,-10|10|-10|10|-12|12|-32|-30,4|-4|-4|4|0|0|-31|-32,0|0|0|0|0|0|-32|-32,0|0|0|0|0|0|-30|-32,172|172|172|172|172|172|58082|58082,0,0,0,0,255,112
246,0,1,1,9,8,0,0,0,2|2|2|2|2|2|2|2,10|10|10|10|10|10|10|10,-9|9|-9|9|-10|10|-10|10,6|-6|-6|6|-3|3|3|-3,0|0|0|0|0|0|0|0,0|0|0|0|0|0|0|0,172|172|172|172|172|172|172|172,0,0,0,0,255,112
247,0,2,2,9,6,0,0,0,2|2|2|2|2|2|228|114,10|10|10|10|10|10|227|226,-10|10|-10|10|-12|12|-30|-30,4|-4|-4|4|0|0|-26|-25,0|0|0|0|0|0|-25|-25,0|0|0|0|0|0|-25|-25,172|172|172|172|172|172|59367|59367,0,0,0,0,255,112
248,0,2,2,9,8,0,0,0,2|2|2|2|2|2|2|2,10|10|10|10|10|10|10|10,-9|9|-9|9|-10|10|-10|10,6|-6|-6|6|-3|3|3|-3,0|0|0|0|0|0|0|0,0|0|0|0|0|0|0|0,172|172|172|172|172|172|172|172,0,0,0,0,255,112
249,0,1,2,9,6,0,0,0,2|2|2|2|2|2|231|231,10|10|10|10|10|10|231|231,-10|10|-10|10|-12|12|-25|-25,4|-4|-4|4|0|0|-25|-25,0|0|0|0|0|0|-25|-25,0|0|0|0|0|0|-25|-25,172|172|172|172|172|172|58082|58082,0,0,0,0,255,112
250,0,1,2,9,8,0,0,0,2|2|2|2|2|2|2|2,10|10|10|10|10|10|10|10,-9|9|-9|9|-10|10|-10|10,6|-6|-6|6|-3|3|3|-3,0|0|0|0|0|0|0|0,0|0|0|0|0|0|0|0,172|172|172|172|172|172|172|172,0,0,0,0,255,112
251,0,2,4,9,8,0,0,0,2|2|2|2|2|2|2|2,10|10|10|10|10|10|10|10,-9|9|-9|9|-10|10|-10|10,6|-6|-6|6|-3|3|3|-3,0|0|0|0|0|0|0|0,0|0|0|0|0|0|0|0,172|172|172|172|172|172|172|172,0,0,0,0,255,112
252,0,3,6,9,6,0,0,0,2|2|2|2|2|2|229|229,10|10|10|10|10|10|231|229,-10|10|-10|10|-12|12|-25|-25,4|-4|-4|4|0|0|-26|-26,0|0|0|0|0|0|-26|-27,0|0|0|0|0|0|-26|-26,172|172|172|172|172|172|59110|59110,0,0,0,0,255,112
253,0,2,8,9,8,0,0,0,2|2|2|2|2|2|2|2,10|10|10|10|10|10|10|10,-9|9|-9|9|-10|10|-10|10,6|-6|-6|6|-3|3|3|-3,0|0|0|0|0|0|0|0,0|0|0|0|0|0|0|0,172|172|172|172|172|172|172|172,0,0,0,0,255,112
254,0,4,1,0,2,0,0,0,1|1|228|228|228|228|228|228,255|255|228|228|228|228|228|228,-10|10|-28|-28|-28|-28|-28|-28,0|0|-28|-28|-28|-28|-28|-28,0|0|-28|-28|-28|-28|-28|-28,0|0|-28|-28|-28|-28|-29|-30,39|1|59110|59367|59879|58596|59364|58854,0,0,0,8,255,208
255,0,6,2,0,2,0,0,0,1|1|228|230|229|229|229|230,255|255|229|227|230|227|233|230,-10|10|0|0|0|0|0|0,0|0|0|0|0|0|0|0,0|0|0|0|0|0|0|0,0|0|0|0|0|0|0|-29,39|1|58594|58342|58082|58082|58082|58097,0,0,0,8,255,208
256,0,6,2,0,2,0,0,0,2|2|0|0|0|0|0|0,255|255|0|0|0|0|0|0,-10|10|0|0|0|0|0|0,0|0|0|-32|-31|-29|-29|-30,0|0|-29|-29|-29|-29|-29|-29,0|0|-30|-30|-30|-29|-29|-29,40|2|58339|57827|57825|57825|57825|57825,0,0,0,8,255,208
257,0,6,5,0,5,0,0,0,1|1|1|1|1|226|226|226,255|255|255|255|255|226|226|226,-9|9|9|-9|0|-30|-30|-30,2|2|-2|-2|-10|-30|-30|-30,-2|2|2|-2|0|-30|-30|-30,0|0|0|0|0|-30|-30|-30,281|282|301|300|77|58082|58082|58082,0,0,0,8,255,208
258,0,6,2,0,2,0,0,0,3|3|228|228|228|228|228|228,255|255|228|228|228|228|228|228,-10|10|-28|-28|-28|-28|-28|-28,0|0|-28|-28|-28|-28|-28|-28,0|0|-28|-28|-28|-28|-28|-28,0|0|-28|-28|-28|-28|-29|-30,41|3|59110|59367|59623|58596|59364|58854,0,0,0,8,255,208
259,0,6,3,0,3,0,0,0,3|3|1|228|228|229|229|229,255|255|255|227|231|227|231|227,-10|10|0|64|64|-31|64|64,0|0|-10|-31|64|64|-31|64,0|0|0|64|64|64|64|64,0|0|0|-32|64|64|64|-31,41|3|77|58083|58082|58082|61922|61939,0,0,0,8,255,208
260,0,6,4,0,4,0,0,0,2|2|2|2|64|64|64|64,255|255|255|255|224|64|64|64,-9|9|9|-9|64|64|64|64,2|2|-2|-2|64|-31|-29|-30,-2|2|2|-2|-29|-29|-29|-29,0|0|0|0|-30|-29|-29|-29,277|278|297|296|57825|57825|57825|57825,0,0,0,8,255,208
261,0,6,6,0,6,0,0,0,2|2|2|2|1|1|226|226,255|255|255|255|255|255|226|226,-9|9|9|-9|-10|10|-30|-30,2|2|-2|-2|0|0|-30|-30,-2|2|2|-2|0|0|-30|-30,0|0|0|0|0|0|-30|-30,277|278|297|296|39|1|58082|58082,0,0,0,8,255,208
262,0,6,6,0,6,0,0,0,2|2|2|2|3|3|228|228,255|255|255|255|255|255|228|228,-9|9|9|-9|-10|10|-28|-28,2|2|-2|-2|0|0|-28|-28,-2|2|2|-2|0|0|-28|-28,0|0|0|0|0|0|-29|-30,277|278|297|296|41|3|59364|59110,0,0,0,8,255,208
263,0,6,6,0,6,0,0,0,2|2|2|2|4|4|229|229,255|255|255|255|255|255|230|0,-9|9|9|-9|-10|10|-31|-31,2|2|-2|-2|0|0|-30|-31,-2|2|2|-2|0|0|-30|-31,0|0|0|0|0|0|-31|-32,277|278|297|296|203|222|62705|62452,0,0,0,8,255,208
264,0,6,6,0,6,0,0,0,2|2|2|2|5|5|224|224,255|255|255|255|255|255|225|225,-9|9|9|-9|-10|10|-31|-31,2|2|-2|-2|0|0|-29|-30,-2|2|2|-2|0|0|-29|-29,0|0|0|0|0|0|-29|-29,277|278|297|296|43|5|57825|57825,0,0,0,8,255,208
265,0,3,1,0,4,0,0,0,1|1|1|1|226|226|226|226,255|255|255|255|226|226|226|226,-9|9|9|-9|-30|-30|-30|-30,2|2|-2|-2|-30|-30|-30|-30,-2|2|2|-2|-30|-30|-30|-30,0|0|0|0|-30|-30|-30|-30,281|282|301|300|58082|58082|58082|58082,0,0,0,8,255,208
266,0,4,2,0,4,0,0,0,1|1|1|1|228|228|228|228,255|255|255|255|228|228|228|228,-9|9|9|-9|-28|-28|-28|-28,2|2|-2|-2|-28|-28|-28|-28,-2|2|2|-2|-28|-28|-28|-28,0|0|0|0|-28|-28|-29|-30,281|282|301|300|59623|58596|59364|59110,0,0,0,8,255,208
267,0,6,4,0,4,0,0,0,1|1|1|1|245|243|228|229,255|255|255|255|230|230|230|0,-9|9|9|-9|-30|-28|-29|-29,2|2|-2|-2|-31|-28|-29|-31,-2|2|2|-2|-31|-31|-31|-32,0|0|0|0|-30|-30|-30|-31,281|282|301|300|61937|61937|62452|62196,0,0,0,8,255,208
268,0,6,5,0,5,0,0,0,1|1|1|1|1|225|225|225,255|255|255|255|255|224|225|224,-6|6|6|-6|0|-32|-30|-30,6|6|-6|-6|-10|-32|-29|-30,-4|4|4|-4|0|-29|-29|-29,0|0|0|0|0|-29|-29|-29,163|164|183|182|77|57825|57825|57825,0,0,0,8,255,208
269,0,6,4,0,4,0,0,0,2|2|1|1|226|226|226|226,255|255|255|255|226|226|226|226,-9|9|6|-6|-30|-30|-30|-30,2|2|-6|-6|-30|-30|-30|-30,-2|2|4|-4|-30|-30|-30|-30,0|0|0|0|-30|-30|-30|-30,277|278|183|182|58082|58082|58082|58082,0,0,0,8,255,208
270,0,6,5,0,5,0,0,0,2|2|1|1|1|228|228|228,255|255|255|255|255|228|228|228,-9|9|6|-6|0|-28|-28|-28,2|2|-6|-6|-10|-28|-28|-28,-2|2|4|-4|0|-28|-28|-28,0|0|0|0|0|-28|-29|-30,277|278|183|182|77|58596|59364|59110,0,0,0,8,255,208
271,0,6,5,0,5,0,0,0,2|2|2|2|1|245|226|228,255|255|255|255|255|225|229|0,-9|9|6|-6|0|-28|-31|-31,2|2|-6|-6|-10|-29|-29|-31,-2|2|4|-4|0|-31|-31|-32,0|0|0|0|0|-31|-31|-32,277|278|295|294|77|62965|62707|62453,0,0,0,8,255,208
272,0,6,7,0,7,0,0,0,2|2|2|2|1|1|1|224,255|255|255|255|255|255|255|224,-9|9|6|-6|0|-10|10|-31,2|2|-6|-6|-10|0|0|-30,-2|2|4|-4|0|0|0|-29,0|0|0|0|0|0|0|-29,277|278|295|294|77|39|1|57825,0,0,0,8,255,208
273,0,6,7,0,7,0,0,0,2|2|2|2|1|2|2|226,255|255|255|255|255|255|255|226,-9|9|6|-6|0|-2|2|-30,2|2|-6|-6|-10|-9|-9|-30,-2|2|4|-4|0|-4|4|-30,0|0|0|0|0|0|0|-30,277|278|295|294|77|298|299|58082,0,0,0,8,255,208
274,0,6,8,0,8,0,0,0,2|2|2|2|2|2|1|1,255|255|255|255|255|255|255|255,-9|9|6|-6|-2|2|-10|10,2|2|-6|-6|-9|-9|0|0,-2|2|4|-4|-4|4|0|0,0|0|0|0|0|0|0|0,277|278|295|294|298|299|39|1,0,0,0,8,255,208
275,0,6,8,0,8,0,0,0,2|2|2|2|2|2|2|2,255|255|255|255|255|255|255|255,-9|9|6|-6|-2|2|-10|10,2|2|-6|-6|-9|-9|0|0,-2|2|4|-4|-4|4|0|0,0|0|0|0|0|0|0|0,277|278|295|294|298|299|40|2,0,0,0,8,255,208
276,0,6,2,0,2,0,0,0,1|1|226|228|226|228|227|227,100|100|225|227|227|225|226|225,-13|13|-31|-31|-31|-31|-28|-29,0|0|-29|-29|-29|-31|-25|-26,-2|2|-28|-29|-28|-27|-26|-26,0|0|-28|-28|-28|-25|-25|-25,6|44|59367|58343|58339|58339|58339|58339,0,0,0,13,255,208
277,0,6,3,0,3,0,0,0,1|1|1|228|228|228|228|228,100|100|98|228|228|228|228|228,-13|13|0|-28|-28|-28|-28|-28,0|0|13|-28|-28|-28|-28|-28,-2|2|0|-28|-28|-28|-28|-28,0|0|0|-28|-28|-28|-28|-28,6|44|63|58596|58596|58596|58596|58596,0,0,0,13,255,208
278,0,6,4,0,4,0,0,0,1|1|1|1|228|228|228|228,100|100|98|98|228|228|228|228,-13|13|-2|2|-28|-28|-28|-28,0|0|13|13|-28|-28|-28|-28,-2|2|-4|4|-28|-28|-28|-28,0|0|0|0|-28|-28|-29|-30,6|44|224|223|59623|58596|59364|58854,0,0,0,13,255,208
279,0,6,3,0,3,0,0,0,2|2|1|243|243|246|226|227,100|100|98|227|230|227|229|0,-13|13|0|-30|-30|-31|-31|-29,0|0|13|-29|-31|-30|-30|-31,-2|2|0|-31|-31|-31|-31|-31,0|0|0|-29|-29|-29|-29|-31,16|54|63|58854|63986|63736|64249|62712,0,0,0,13,255,208
280,0,6,4,0,4,0,0,0,2|2|1|1|225|227|225|226,100|100|98|98|226|225|225|225,-13|13|-2|2|-31|-31|-30|-30,0|0|13|13|-29|-31|-25|-26,-2|2|-4|4|-29|-29|-27|-26,0|0|0|0|-28|-25|-25|-25,16|54|224|223|58339|58339|58339|58339,0,0,0,13,255,208
281,0,6,6,0,6,0,0,0,2|2|2|2|1|1|228|228,100|100|100|100|98|98|228|228,-13|13|-13|13|-2|2|-28|-28,-1|-1|1|1|13|13|-28|-28,-2|2|-2|2|-4|4|-28|-28,4|4|-4|-4|0|0|-28|-28,16|54|16|54|224|223|58596|58596,0,0,0,13,255,208
282,0,6,6,0,6,0,0,0,3|3|3|3|1|1|228|228,100|100|100|100|98|98|228|228,-13|13|-13|13|-2|2|-28|-28,0|0|0|0|13|13|-28|-28,-2|2|-2|2|-4|4|-28|-28,-7|-7|7|7|0|0|-29|-30,105|106|124|125|224|223|59365|58597,0,0,0,13,255,208
283,0,6,6,0,6,0,0,0,3|3|3|3|2|1|226|227,100|100|100|100|98|98|229|0,-13|13|-13|13|0|0|-31|-29,0|0|0|0|13|-13|-27|-28,-2|2|-2|2|0|0|-27|-27,-7|-7|7|7|0|0|-30|-31,105|106|124|125|73|82|63992|63738,0,0,0,13,255,208
284,0,6,7,0,7,0,0,0,3|3|3|3|2|1|1|226,100|100|100|100|98|98|98|229,-13|13|-13|13|0|-2|2|-29,0|0|0|0|13|-13|-13|-25,-2|2|-2|2|0|-4|4|-27,-7|-7|7|7|0|0|0|-25,105|106|124|125|73|243|242|58339,0,0,0,13,255,208
285,0,6,7,0,7,0,0,0,3|3|3|3|2|2|2|228,100|100|100|100|98|98|98|228,-13|13|-13|13|0|-9|9|-28,0|0|0|0|13|-9|-9|-28,-2|2|-2|2|0|-9|9|-28,-7|-7|7|7|0|0|0|-28,105|106|124|125|73|130|131|58596,0,0,0,13,255,208
286,0,6,8,0,8,0,0,0,3|3|3|3|2|2|2|2,100|100|100|100|98|98|98|98,-13|13|-13|13|-9|9|-9|9,0|0|0|0|-9|-9|9|9,-2|2|-2|2|-9|9|-9|9,-7|-7|7|7|0|0|0|0,105|106|124|125|130|131|149|150,0,0,0,13,255,208
287,0,6,1,0,1,0,0,0,2|243|245|248|245|246|226|227,98|229|231|226|228|227|229|0,0|0|64|64|64|64|64|-30,0|64|64|-30|-31|-30|-29|-31,0|-31|-31|-31|-31|-31|-31|-31,0|-30|-28|-30|-28|-30|-28|-31,73|59367|59620|58853|62436|63737|63736|62714,1,0,0,13,255,208
288,0,6,3,0,3,0,0,0,2|1|1|64|64|226|64|64,98|98|98|226|227|225|225|225,0|-1|1|-31|-31|-31|-30|-30,0|-1|-1|-30|-28|-30|-25|-25,0|-4|4|-28|-28|-30|-28|-27,0|0|0|-25|-25|-25|-25|-25,73|63|63|58343|58339|58339|58339|58339,1,0,0,13,255,208
289,0,6,4,0,4,0,0,0,1|1|1|1|228|228|228|228,98|98|98|98|228|228|228|228,-1|1|-2|2|-28|-28|-28|-28,0|0|-1|-1|-28|-28|-28|-28,-4|4|-8|8|-28|-28|-28|-28,0|0|0|0|-28|-28|-28|-28,63|63|63|63|58596|58596|58596|58596,1,0,0,13,255,208
290,0,6,5,0,5,0,0,0,1|1|1|1|1|228|228|228,98|98|98|98|98|228|228|228,-1|1|-2|2|0|-28|-28|-28,-1|-1|-2|-2|0|-28|-28|-28,-4|4|-8|8|0|-28|-28|-28,0|0|0|0|0|-28|-29|-30,63|63|63|63|63|58339|58852|58596,1,0,0,13,255,208
291,0,6,4,0,4,0,0,0,2|2|1|1|245|247|226|227,98|98|98|98|231|230|229|0,-1|1|-3|3|-31|-31|64|-29,0|0|-1|-1|64|-30|-30|-31,-4|4|-8|8|-31|-31|-31|-31,0|0|0|0|-29|-30|-29|-31,73|73|63|63|58341|63989|63736|62714,1,0,0,13,255,208
292,0,6,4,0,4,0,0,0,3|3|1|1|64|227|64|225,98|98|98|98|226|225|227|225,0|0|-2|2|-31|-31|-28|-30,1|1|-1|-1|-29|-30|-25|-25,-6|6|-8|8|-29|-30|-28|-28,0|0|0|0|-29|-29|-25|-25,143|144|63|63|58339|58339|58339|58339,1,0,0,13,255,208
293,0,6,4,0,4,0,0,0,3|3|2|2|228|228|228|228,98|98|98|98|228|228|228|228,0|0|-2|2|-28|-28|-28|-28,1|1|-1|-1|-28|-28|-28|-28,-6|6|-8|8|-28|-28|-28|-28,0|0|0|0|-28|-28|-28|-28,143|144|73|73|58596|58596|58596|58596,1,0,0,13,255,208
294,0,6,6,0,6,0,0,0,3|3|1|1|1|1|228|228,98|98|98|98|98|98|228|228,0|0|-1|1|-2|2|-28|-28,1|1|0|0|-1|-1|-28|-28,-6|6|-4|4|-8|8|-28|-28,0|0|0|0|0|0|-29|-30,143|144|63|63|63|63|59366|59367,1,0,0,13,255,208
295,0,6,6,0,6,0,0,0,3|3|2|2|1|1|225|227,98|98|98|98|98|98|229|0,0|0|-1|1|-3|3|-31|-28,1|1|0|0|-1|-1|-29|-31,-6|6|-4|4|-8|8|-31|-31,0|0|0|0|0|0|-29|-31,143|144|73|73|63|63|63737|62713,1,0,0,13,255,208
296,0,6,6,0,6,0,0,0,3|3|3|3|3|3|227|227,98|98|98|98|98|98|226|225,0|0|-3|-3|3|3|-28|-29,1|1|-2|-2|-2|-2|-24|-25,-6|6|-12|0|0|12|-25|-25,0|0|0|0|0|0|-25|-26,143|144|143|144|143|144|58339|58339,1,0,0,13,255,208
297,0,6,8,0,8,0,0,0,3|3|3|3|3|3|3|3,98|98|98|98|98|98|98|98,-1|-1|1|1|-3|-3|3|3,0|0|0|0|-2|-2|-2|-2,-12|0|0|12|-24|-12|12|24,0|0|0|0|0|0|0|0,143|144|143|144|143|144|143|144,1,0,0,13,255,208
298,80,20,8,3,8,0,0,0,128|128|128|128|128|128|128|128,255|255|255|255|255|255|255|255,0|0|1|-1|1|-1|1|-1,1|-1|1|1|-1|-1|0|0,0|0|0|0|0|0|0|0,0|0|0|0|0|0|0|0,271|271|271|271|271|271|271|271,0,0,0,8,255,208
299,0,90,1,3,1,0,0,0,99|243|248|246|248|226|227|227,255|229|233|231|233|229|229|0,120|-30|-31|-28|-31|-28|-31|-28,2|-29|-31|-30|-31|-29|-29|-31,-20|-31|-31|-31|-31|-31|-31|-31,20|-29|-29|-29|-29|-29|-29|-31,263|59367|59107|58596|59108|58341|63990|63225,0,0,160,0,255,208
300,0,7,2,0,2,0,0,0,1|1|225|228|225|228|227|227,255|255|225|227|227|225|226|225,-10|10|-31|-31|-31|-31|-28|-29,0|0|-29|-29|-29|-31|-24|-25,0|0|-25|-25|-24|-24|-22|-22,0|0|-23|-24|-24|-25|-25|-26,227|227|58596|58343|58339|58339|58339|58339,0,0,0,26,255,208
301,0,7,2,0,2,0,0,0,2|2|228|228|228|228|228|228,105|105|228|228|228|228|228|228,-10|10|-28|-28|-28|-28|-28|-28,0|0|-28|-28|-28|-28|-28|-28,0|0|-28|-28|-28|-28|-28|-28,0|0|-28|-28|-28|-28|-28|-28,185|185|58596|58596|58596|58596|58596|58596,0,0,0,26,255,208
302,0,7,4,0,4,0,0,0,1|1|1|1|228|228|228|228,255|255|255|255|228|228|228|228,-9|9|9|-9|-28|-28|-28|-28,2|-2|2|-2|-28|-28|-28|-28,0|0|0|0|-28|-28|-28|-28,0|0|0|0|-28|-28|-29|-30,227|227|227|227|58598|58596|58596|59622,0,0,0,26,255,208
303,0,7,4,0,4,0,0,0,2|1|2|1|226|226|227|228,105|255|105|255|226|226|229|0,-9|9|9|-9|-31|-29|-31|-29,2|-2|2|-2|-30|-30|-30|-31,0|0|0|0|64|64|64|64,0|0|0|0|-31|-31|64|-31,185|227|185|227|59108|58853|63203|63480,0,0,0,26,255,208
304,0,7,6,0,6,0,0,0,2|1|2|1|1|1|226|226,105|255|105|255|255|255|226|64,-9|9|9|-9|-10|10|-29|-31,2|-2|2|-2|0|0|-23|-25,0|0|0|0|0|0|-24|-26,0|0|0|0|0|0|-26|-26,185|227|185|227|227|227|58339|58339,0,0,0,26,255,208
305,0,7,7,0,7,0,0,0,2|1|2|1|2|2|1|228,105|255|105|255|105|105|255|228,-9|9|9|-9|-10|10|0|-28,2|-2|2|-2|0|0|-10|-28,0|0|0|0|0|0|0|-28,0|0|0|0|0|0|0|-28,185|227|185|227|185|185|227|58596,0,0,0,26,255,208
306,0,7,7,0,7,0,0,0,2|2|2|2|2|2|1|228,105|105|105|105|105|105|255|228,-9|9|9|-9|-10|10|0|-28,2|-2|2|-2|0|0|-10|-28,0|0|0|0|0|0|0|-28,0|0|0|0|0|0|0|-30,185|185|185|185|185|185|227|59108,0,0,0,26,255,208
307,0,7,6,0,6,0,0,0,2|1|2|1|4|4|228|228,105|255|105|255|103|103|229|0,-9|9|9|-9|-6|6|-31|-29,2|-2|2|-2|0|0|-30|-31,0|0|0|0|0|0|-31|-31,0|0|0|0|0|0|-31|-28,185|227|185|227|204|204|58341|58083,0,0,0,26,255,208
308,0,7,6,0,6,0,0,0,2|2|2|2|4|4|226|226,105|105|105|105|103|103|226|225,-9|9|9|-9|-6|6|-28|-29,2|-2|2|-2|0|0|-23|-24,0|0|0|0|0|0|-26|-28,0|0|0|0|0|0|-26|-26,185|185|185|185|204|204|58339|58339,0,0,0,26,255,208
309,0,7,8,0,8,0,0,0,2|1|2|1|1|1|4|4,105|255|105|255|255|255|103|103,-9|9|9|-9|-3|3|-6|6,2|-2|2|-2|-7|-7|0|0,0|0|0|0|0|0|0|0,0|0|0|0|0|0|0|0,185|227|185|227|227|227|204|204,0,0,0,26,255,208
310,0,7,8,0,8,0,0,0,2|2|2|2|1|1|4|4,105|105|105|105|255|255|103|103,-9|9|9|-9|-3|3|-6|6,2|-2|2|-2|-7|-7|0|0,0|0|0|0|0|0|0|0,0|0|0|0|0|0|0|0,185|185|185|185|227|227|204|204,0,0,0,26,255,208
311,0,11,1,0,1,0,0,0,1|227|227|227|227|228|228|229,90|233|231|226|227|227|229|226,120|-31|-31|-30|-31|-29|-31|-29,120|-30|-30|-30|-31|-30|-30|-31,-13|-31|-31|-31|-31|-31|-31|-31,14|-30|-31|-29|-31|-29|-30|-26,227|59110|58852|58853|59108|58853|58853|58339,0,0,6,26,255,208
312,0,21,1,5,1,0,0,0,2|226|225|227|225|227|226|226,90|226|225|226|226|225|226|225,120|-31|-31|-31|-31|-31|-29|-30,120|-29|-31|-29|-27|-24|-23|-23,-18|-24|-25|-24|-23|-26|-28|-27,20|-26|-26|-28|-28|-23|-24|-25,185|58853|59366|59111|58339|58339|58339|58339,0,0,7,26,255,208
313,0,16,1,5,1,0,0,0,2|228|228|228|228|228|228|228,90|228|228|228|228|228|228|228,120|-28|-28|-28|-28|-28|-28|-28,120|-28|-28|-28|-28|-28|-28|-28,-24|-28|-28|-28|-28|-28|-28|-28,24|-28|-28|-28|-28|-28|-28|-28,185|58596|58596|58596|58596|58596|58596|58596,0,0,8,26,255,208
314,0,8,1,5,1,0,0,0,2|228|228|228|228|228|228|228,90|228|228|228|228|228|228|228,120|-28|-28|-28|-28|-28|-28|-28,120|-28|-28|-28|-28|-28|-28|-28,-24|-28|-28|-28|-28|-28|-28|-28,24|-28|-28|-28|-28|-28|-29|-30,185|59110|59110|59368|58856|60133|59111|58853,0,0,8,26,255,208
315,0,16,2,5,2,0,0,0,2|2|230|230|230|230|231|231,90|90|227|227|228|228|227|229,120|120|-26|-26|-26|-26|-26|-26,120|120|-26|-26|-26|-26|-26|-26,-30|-18|-26|-26|-26|-26|-26|-26,24|24|-26|-26|-26|-26|-25|-24,185|185|58341|59109|59364|59110|59110|59110,0,0,8,26,255,208
316,0,8,2,5,2,0,0,0,2|2|230|230|230|230|230|230,45|45|230|230|230|230|230|230,120|120|-26|-26|-26|-25|-25|-24,120|120|-23|-23|-23|-23|-23|-23,-40|-8|-25|-24|-24|-28|-27|-27,24|24|-24|-27|-27|-24|-25|-24,185|185|59367|59111|58341|58339|58339|58339,0,0,8,26,255,208
317,0,16,3,5,3,0,0,0,2|2|2|228|228|228|228|228,45|45|90|228|228|228|228|228,120|120|120|-28|-28|-28|-28|-28,120|120|120|-28|-28|-28|-28|-28,-40|-8|-24|-28|-28|-28|-28|-28,24|24|4|-28|-28|-28|-28|-28,185|185|185|58596|58596|58596|58596|58596,0,0,8,26,255,208
318,0,8,1,3,1,0,0,0,4|228|228|228|228|228|228|228,90|228|228|228|228|228|228|228,120|-28|-28|-28|-28|-28|-28|-28,120|-28|-28|-28|-28|-28|-28|-28,-24|-28|-28|-28|-28|-28|-28|-28,24|-28|-28|-28|-28|-28|-29|-30,204|59110|59110|59624|58855|60389|59111|58854,0,0,8,26,255,208
319,0,16,2,3,2,0,0,0,4|4|227|227|227|227|227|227,90|90|227|228|229|228|228|227,120|120|-29|-29|-29|-29|-29|-29,120|120|-29|-29|-29|-29|-29|-29,-30|-18|-29|-29|-29|-29|-29|-29,24|24|-29|-29|-29|-29|-30|-30,204|204|58854|58083|58082|57825|58081|58082,0,0,8,26,255,208
320,0,8,2,3,2,0,0,0,4|4|227|227|227|227|227|227,45|45|227|226|226|226|226|226,120|120|-30|-30|-30|-29|-27|-27,120|120|-24|-23|-23|-23|-23|-23,-40|-8|-25|-24|-24|-28|-27|-26,24|24|-23|-27|-27|-25|-24|-24,204|204|59366|59367|58341|58339|58339|58339,0,0,8,26,255,208
321,0,16,3,3,3,0,0,0,4|4|4|228|228|228|228|228,45|45|90|228|228|228|228|228,120|120|120|-28|-28|-28|-28|-28,120|120|120|-28|-28|-28|-28|-28,-50|8|-24|-28|-28|-28|-28|-28,24|24|4|-28|-28|-28|-28|-28,204|204|204|58596|58596|58596|58596|58596,0,0,8,26,255,208
322,0,4,2,0,2,0,0,0,1|1|228|228|228|228|228|228,255|255|228|228|228|228|228|228,0|0|-28|-28|-28|-28|-28|-28,12|12|-28|-28|-28|-28|-28|-28,-5|5|-28|-28|-28|-28|-28|-28,0|0|-28|-28|-28|-28|-29|-30,225|225|59110|58855|58854|60133|59111|58854,0,0,0,26,255,208
323,0,5,3,0,3,0,0,0,1|1|1|227|228|228|228|228,255|255|255|229|229|229|228|228,0|-2|2|-28|-28|-28|-28|-28,12|11|11|-27|-28|-28|-28|-28,0|0|0|-28|-28|-28|-28|-28,0|0|0|-28|-28|-28|-28|-28,225|225|225|58597|58854|58596|58596|58596,0,0,0,26,255,208
324,0,5,4,0,4,0,0,0,1|1|1|1|228|228|228|228,255|255|255|255|228|228|228|228,-2|2|-4|4|-30|-26|-25|-25,11|11|12|12|-24|-23|-23|-23,0|0|0|0|-24|-28|-27|-26,0|0|0|0|-27|-26|-26|-26,225|225|225|225|58342|58339|58339|58339,0,0,0,26,255,208
325,0,6,5,0,5,0,0,0,1|1|1|1|1|228|228|228,255|255|255|255|255|228|228|228,0|-3|3|-6|6|-28|-28|-28,12|11|11|9|9|-28|-28|-28,0|0|0|0|0|-28|-28|-28,0|0|0|0|0|-28|-28|-28,225|225|225|225|225|58596|58596|58596,0,0,0,26,255,208
326,0,6,6,0,6,0,0,0,1|1|1|1|1|1|228|228,255|255|255|255|255|255|228|228,-3|3|-6|6|0|0|-28|-28,11|11|9|9|12|12|-28|-28,0|0|0|0|-4|4|-28|-28,0|0|0|0|0|0|-29|-30,225|225|225|225|225|225|59111|58854,0,0,0,26,255,208
327,0,6,4,0,4,0,0,0,1|1|2|2|229|229|229|229,255|255|255|255|229|229|229|229,-6|6|0|0|-27|-27|-26|-26,9|9|11|11|-27|-27|-27|-27,0|0|8|-8|-27|-27|-27|-27,0|0|0|0|-27|-28|-26|-27,225|225|244|244|59111|58853|58853|58853,0,0,0,26,255,208
328,0,6,5,0,5,0,0,0,1|1|2|2|2|229|229|229,255|255|255|255|255|229|229|229,-5|5|3|-3|0|-25|-25|-25,9|9|11|11|12|-23|-23|-22,0|0|0|0|0|-27|-27|-26,0|0|0|0|0|-26|-26|-26,225|225|244|244|244|58339|58339|58339,0,0,0,26,255,208
329,0,6,6,0,6,0,0,0,1|1|3|3|2|2|228|228,255|255|255|255|255|255|228|228,-6|6|3|-3|0|0|-28|-28,9|9|11|11|12|12|-28|-28,0|0|0|0|-8|8|-28|-28,0|0|0|0|0|0|-28|-28,225|225|244|244|244|244|58596|58596,0,0,0,26,255,208
330,0,6,6,0,6,0,0,0,2|2|3|2|2|2|228|228,255|255|255|255|255|255|228|228,-6|6|3|-3|0|0|-28|-28,9|9|11|11|12|12|-28|-28,0|0|0|0|-8|8|-28|-28,0|0|0|0|0|0|-29|-30,244|244|244|244|244|244|59110|59110,0,0,0,26,255,208
331,0,6,7,0,7,0,0,0,2|2|3|2|2|2|3|229,255|255|255|255|255|255|255|231,-8|8|6|-6|3|-3|0|-29,9|9|10|10|11|11|12|-29,0|0|0|0|0|0|0|-29,0|0|0|0|0|0|0|-29,244|244|244|244|244|244|244|58339,0,0,0,26,255,208
332,0,6,8,0,8,0,0,0,5|2|2|2|2|2|2|2,255|255|255|255|255|255|255|255,0|-4|4|-6|6|0|-3|3,12|12|12|9|9|12|11|11,0|-4|4|0|0|0|0|0,0|-6|-6|0|0|9|0|0,244|244|244|244|244|226|226|226,0,0,0,26,255,208
333,0,8,1,0,1,0,0,0,2|228|228|228|228|228|228|228,255|228|228|228|228|228|228|228,0|-28|-28|-28|-28|-28|-28|-28,-6|-28|-28|-28|-28|-28|-28|-28,0|-28|-28|-28|-28|-28|-28|-28,0|-28|-28|-28|-28|-28|-28|-28,126|58596|58596|58596|58596|58596|58596|58596,1,0,0,16,255,208
334,0,8,2,0,2,0,0,0,2|2|228|228|228|228|228|228,255|255|228|228|228|228|228|228,-1|1|-28|-28|-28|-28|-28|-28,-7|-7|-28|-28|-28|-28|-28|-28,-5|5|-28|-28|-28|-28|-28|-28,0|0|-28|-28|-28|-28|-29|-30,126|126|59110|58855|58854|59366|59110|59366,1,0,0,16,255,208
335,0,8,3,0,3,0,0,0,2|2|2|228|227|228|228|228,255|255|255|228|231|229|229|229,-2|2|0|-26|-28|-29|-28|-28,-7|-7|-5|-28|-28|-28|-28|-28,-5|5|0|-28|-28|-28|-28|-28,0|0|0|-28|-28|-28|-28|-28,126|126|126|58596|58596|58596|58596|58596,1,0,0,16,255,208
336,0,8,2,0,2,0,0,0,3|3|228|228|229|230|229|229,255|255|228|228|228|228|228|228,-1|1|-27|-26|-25|-25|-25|-25,-8|-8|-23|-23|-23|-22|-22|-21,-5|5|-25|-24|-23|-25|-25|-26,0|0|-27|-27|-27|-26|-26|-26,214|214|58339|58339|59365|58342|58339|58339,1,0,0,16,255,208
337,0,8,3,0,3,0,0,0,3|3|3|228|228|228|228|228,255|255|255|228|228|228|228|228,-2|2|0|-28|-28|-28|-28|-28,-8|-8|-5|-28|-28|-28|-28|-28,-5|5|0|-28|-28|-28|-28|-28,0|0|0|-28|-28|-28|-28|-28,214|214|214|58596|58596|58596|58596|58596,1,0,0,16,255,208
338,0,8,5,0,5,0,0,0,2|2|2|2|3|228|228|228,255|255|255|255|255|228|228|228,-2|2|-4|4|0|-28|-28|-28,-7|-7|-7|-7|-5|-28|-28|-28,-5|5|-8|8|0|-28|-28|-28,0|0|0|0|0|-28|-29|-30,126|126|126|126|214|59367|59366|59367,1,0,0,16,255,208
339,0,8,4,0,4,0,0,0,3|3|2|2|228|227|228|228,255|255|255|255|230|229|229|229,-2|2|-4|4|-29|-28|-28|-28,-7|-7|-7|-7|-28|-28|-28|-28,-5|5|-8|8|-28|-28|-28|-28,0|0|0|0|-28|-28|-28|-28,214|214|126|126|58596|58596|58596|58596,1,0,0,16,255,208
340,0,8,6,0,6,0,0,0,3|3|2|2|2|2|229|229,255|255|255|255|255|255|228|228,-2|2|-4|4|-1|1|-24|-25,-7|-7|-7|-7|-6|-6|-21|-20,-5|5|-8|8|-3|3|-25|-25,0|0|0|0|0|0|-26|-26,214|214|126|126|126|126|58339|58339,1,0,0,16,255,208
341,0,8,4,0,4,0,0,0,3|3|3|3|228|228|228|228,255|255|255|255|228|228|228|228,-2|2|-4|4|-28|-28|-28|-28,-7|-7|-8|-8|-28|-28|-28|-28,-5|5|-8|8|-28|-28|-28|-28,0|0|0|0|-28|-28|-28|-28,214|214|214|214|58596|58596|58596|58596,1,0,0,16,255,208
342,0,8,4,0,4,0,0,0,2|2|5|5|228|228|228|228,255|255|255|255|228|228|228|228,-1|1|-1|1|-28|-28|-28|-28,-8|-8|-7|-7|-28|-28|-28|-28,-4|5|-5|5|-28|-28|-28|-28,0|0|0|0|-28|-28|-29|-30,126|126|263|263|59366|59622|59367|59879,1,0,0,16,255,208
343,0,8,6,0,6,0,0,0,2|2|5|5|2|2|227|228,255|255|255|255|255|255|229|229,-1|1|-1|1|-3|3|-28|-28,-8|-8|-7|-7|-7|-7|-28|-28,-4|5|-5|5|-5|5|-28|-28,0|0|0|0|0|0|-28|-28,126|126|263|263|126|126|58596|58596,1,0,0,16,255,208
344,0,8,1,0,1,0,0,0,2|228|228|228|228|231|229|229,255|229|228|228|228|228|228|227,0|-27|-26|-25|-25|-24|-24|-25,6|-26|-24|-22|-22|-21|-20|-24,0|-25|-24|-22|-24|-25|-25|-25,0|-26|-24|-26|-26|-26|-26|-26,126|58338|58339|58339|58339|58854|58339|58339,-1,0,0,16,255,208
345,0,8,2,0,2,0,0,0,2|2|228|228|228|228|228|228,255|255|228|228|228|228|228|228,-1|1|-28|-28|-28|-28|-28|-28,7|7|-28|-28|-28|-28|-28|-28,-5|5|-28|-28|-28|-28|-28|-28,0|0|-28|-28|-28|-28|-28|-28,126|126|58596|58596|58596|58596|58596|58596,-1,0,0,16,255,208
346,0,8,3,0,3,0,0,0,2|2|2|228|228|228|228|228,255|255|255|228|228|228|228|228,-2|2|0|-28|-28|-28|-28|-28,7|7|5|-28|-28|-28|-28|-28,-5|5|0|-28|-28|-28|-28|-28,0|0|0|-28|-28|-28|-29|-30,126|126|126|59110|59366|59622|59110|59623,-1,0,0,16,255,208
347,0,8,2,0,2,0,0,0,3|3|230|230|229|228|226|228,255|255|228|228|230|229|229|229,-1|1|-26|-26|-29|-28|-28|-28,8|8|-28|-28|-28|-28|-28|-28,-5|5|-28|-28|-28|-28|-28|-28,0|0|-28|-28|-28|-28|-28|-28,214|214|58596|58596|58596|58596|58596|58596,-1,0,0,16,255,208
348,0,8,3,0,3,0,0,0,3|3|3|228|228|232|231|230,255|255|255|228|228|228|228|226,-2|2|0|-25|-25|-24|-24|-24,8|8|5|-26|-26|-26|-26|-25,-5|5|0|-23|-24|-25|-25|-25,0|0|0|-26|-26|-26|-26|-26,214|214|214|58339|58339|59109|58341|58339,-1,0,0,16,255,208
349,0,8,5,0,5,0,0,0,2|2|2|2|3|228|228|228,255|255|255|255|255|228|228|228,-2|2|-4|4|0|-28|-28|-28,7|7|7|7|5|-28|-28|-28,-5|5|-8|8|0|-28|-28|-28,0|0|0|0|0|-28|-28|-28,126|126|126|126|214|58596|58596|58596,-1,0,0,16,255,208
350,0,8,4,0,4,0,0,0,3|3|2|2|228|228|228|228,255|255|255|255|228|228|228|228,-2|2|-4|4|-28|-28|-28|-28,7|7|7|7|-28|-28|-28|-28,-5|5|-8|8|-28|-28|-28|-28,0|0|0|0|-28|-28|-29|-30,214|214|126|126|59366|59622|59111|59623,-1,0,0,16,255,208
351,0,8,6,0,6,0,0,0,3|3|2|2|2|2|226|228,255|255|255|255|255|255|229|229,-2|2|-4|4|-1|1|-28|-28,7|7|7|7|6|6|-28|-28,-5|5|-8|8|-3|3|-28|-28,0|0|0|0|0|0|-28|-28,214|214|126|126|126|126|58596|58596,-1,0,0,16,255,208
352,0,8,4,0,4,0,0,0,3|3|3|3|228|232|230|230,255|255|255|255|230|230|229|226,-2|2|-4|4|-24|-24|-24|-24,7|7|8|8|-24|-24|-24|-23,-5|5|-8|8|-25|-25|-25|-25,0|0|0|0|-26|-26|-26|-26,214|214|214|214|58339|59107|58341|58339,-1,0,0,16,255,208
353,0,8,4,0,4,0,0,0,2|2|5|5|228|228|228|228,255|255|255|255|228|228|228|228,-1|1|-1|1|-28|-28|-28|-28,8|8|7|7|-28|-28|-28|-28,-4|5|-5|5|-28|-28|-28|-28,0|0|0|0|-28|-28|-28|-28,126|126|263|263|58596|58596|58596|58596,-1,0,0,16,255,208
354,0,8,6,0,6,0,0,0,2|2|5|5|2|2|228|228,255|255|255|255|255|255|228|228,-1|1|-1|1|-3|3|-28|-28,8|8|7|7|7|7|-28|-28,-4|5|-5|5|-5|5|-28|-28,0|0|0|0|0|0|-29|-30,126|126|263|263|126|126|59111|59623,-1,0,0,16,255,208
355,0,2,1,0,2,0,0,0,1|1|230|230|229|228|64|226,255|255|227|228|230|228|228|228,-6|6|-26|-26|-29|-28|-28|-28,21|21|-28|-28|-28|-28|-28|-28,-2|2|-28|-28|-28|-28|-28|-28,20|20|-28|-28|-28|-28|-28|-28,132|133|58596|58596|58596|58596|58596|58596,-1,0,0,20,255,208
356,0,2,1,0,4,0,0,0,1|1|1|1|228|229|226|230,255|255|255|255|226|226|226|64,-6|6|-7|7|-24|-24|-24|-24,21|21|21|21|-21|-19|-17|-18,-2|2|-4|4|-25|-25|-25|-26,20|20|20|20|-26|-26|-26|-26,132|133|132|133|58339|58851|58598|58339,-1,0,0,20,255,208
357,0,3,2,0,4,0,0,0,1|1|1|1|228|228|228|228,255|255|255|255|228|228|228|228,-6|6|-7|7|-28|-28|-28|-28,21|21|21|21|-28|-28|-28|-28,-2|2|-4|4|-28|-28|-28|-28,20|20|20|20|-28|-28|-28|-28,132|133|132|133|58596|58596|58596|58596,-1,0,0,20,255,208
358,0,3,2,0,6,0,0,0,1|1|1|1|1|1|228|228,255|255|255|255|255|255|228|228,-6|6|-7|7|-5|5|-28|-28,21|21|21|21|21|21|-28|-28,-2|2|-4|4|-1|1|-28|-28,20|20|20|20|20|20|-29|-30,132|133|132|133|132|133|59109|59623,-1,0,0,20,255,208
359,0,2,2,0,6,0,0,0,1|1|1|1|1|1|225|227,255|255|255|255|255|255|227|227,-6|6|-7|7|-5|5|-28|-28,21|21|21|21|21|21|-28|-28,-2|2|-4|4|-1|1|-28|-28,20|20|20|20|20|20|-28|-28,132|133|132|133|132|133|58596|58596,-1,0,0,20,255,208
360,0,2,2,0,8,0,0,0,1|1|1|1|1|1|1|1,255|255|255|255|255|255|255|255,-6|6|-7|7|-8|8|-5|5,21|21|21|21|21|21|21|21,-2|2|-4|4|-6|6|-1|1,20|20|20|20|20|20|20|20,132|133|132|133|132|133|132|133,-1,0,0,20,255,208
361,0,1,2,0,8,0,0,0,1|1|1|1|1|1|1|1,255|255|255|255|255|255|255|255,-6|6|-7|7|-8|8|-5|5,21|21|21|21|21|21|21|21,-2|2|-4|4|-6|6|-1|1,20|20|20|20|20|20|20|20,132|133|132|133|132|133|132|133,-1,0,0,20,255,208
362,0,2,3,0,8,0,0,0,1|1|1|1|1|1|1|1,255|255|255|255|255|255|255|255,-6|6|-7|7|-8|8|-5|5,21|21|21|21|21|21|21|21,-2|2|-4|4|-6|6|-1|1,20|20|20|20|20|20|20|20,132|133|132|133|132|133|132|133,-1,0,0,20,255,208
363,0,2,2,0,6,0,0,0,2|2|2|2|2|2|227|229,255|255|255|255|255|255|231|231,-6|6|-7|7|-5|5|-28|-28,21|21|21|21|21|21|-28|-28,-2|2|-4|4|-1|1|-28|-28,20|20|20|20|20|20|-28|-28,151|152|151|152|151|152|58596|58596,-1,0,0,20,255,208
364,0,2,2,0,8,0,0,0,2|2|2|2|2|2|2|2,255|255|255|255|255|255|255|255,-6|6|-7|7|-8|8|-5|5,21|21|21|21|21|21|21|21,-2|2|-4|4|-6|6|-1|1,20|20|20|20|20|20|20|20,151|152|151|152|151|152|151|152,-1,0,0,20,255,208
365,0,1,2,0,8,0,0,0,2|2|2|2|2|2|2|2,255|255|255|255|255|255|255|255,-6|6|-7|7|-8|8|-5|5,21|21|21|21|21|21|21|21,-2|2|-4|4|-6|6|-1|1,20|20|20|20|20|20|20|20,151|152|151|152|151|152|151|152,-1,0,0,20,255,208
366,0,3,1,4,2,0,0,0,1|1|229|229|229|229|229|229,255|255|229|229|229|229|229|229,0|0|-27|-27|-27|-27|-27|-27,6|6|-27|-27|-27|-27|-27|-27,-4|4|-27|-27|-27|-27|-27|-27,0|0|-27|-27|-28|-29|-29|-30,233|233|59110|59110|59877|59878|59366|59623,0,0,0,13,255,208
367,0,8,1,0,1,0,0,0,112|226|227|226|226|227|227|227,255|227|230|226|227|227|230|227,0|-29|-27|-28|-29|-28|-28|-28,0|-28|-28|-28|-28|-28|-28|-28,0|-28|-28|-28|-28|-28|-28|-28,0|-28|-28|-28|-28|-28|-28|-28,31|58596|58596|58596|58596|58596|58596|58596,1,0,0,7,6,208
368,0,9,2,0,2,0,0,0,112|112|228|228|228|230|227|227,255|255|226|226|227|227|227|227,1|-1|-29|-29|-28|-29|-29|-29,-1|-1|-29|-29|-29|-29|-29|-29,0|0|-29|-29|-29|-30|-30|-29,0|0|-25|-26|-26|-26|-26|-26,31|31|58339|58339|58339|58851|58854|58339,1,0,0,7,6,208
369,0,10,3,0,3,0,0,0,112|112|112|227|227|227|227|227,255|255|255|227|227|227|227|227,1|-1|0|-29|-29|-29|-29|-29,-1|-1|0|-29|-29|-29|-29|-29,0|0|0|-29|-29|-29|-29|-29,0|0|0|-29|-29|-29|-29|-29,31|31|31|58339|58339|58339|58339|58339,1,0,0,7,6,208
370,0,11,4,0,4,0,0,0,112|112|112|112|227|227|227|227,255|255|255|255|227|227|227|227,1|-1|0|0|-29|-29|-29|-29,-2|-2|0|0|-29|-29|-29|-29,0|0|-3|3|-29|-29|-29|-29,0|0|0|0|-29|-29|-29|-30,31|31|31|31|58853|58853|59366|59623,1,0,0,7,6,208
371,0,12,1,0,1,0,0,0,116|230|230|230|230|228|230|228,255|230|230|230|230|230|230|228,0|-25|-25|-25|-26|-28|-28|-28,-2|-28|-28|-28|-28|-28|-28|-28,0|-28|-28|-28|-28|-28|-28|-28,0|-28|-28|-28|-28|-28|-28|-28,32|58596|58596|58596|58596|58596|58596|58596,1,0,0,7,6,208
372,0,12,2,0,4,0,0,0,112|116|112|116|228|232|228|230,255|255|255|255|230|228|228|230,-1|0|1|0|-26|-26|-26|-28,-3|-2|-3|-2|-28|-28|-26|-26,0|0|0|0|-26|-26|-26|-26,0|0|0|0|-26|-26|-26|-26,31|32|31|32|58082|59109|58854|58084,1,0,0,7,6,208
373,0,12,3,0,3,0,0,0,112|116|112|226|226|226|226|226,255|255|255|226|226|226|226|226,-1|0|1|-30|-30|-30|-30|-30,-3|-2|-3|-30|-30|-30|-30|-30,0|0|0|-30|-30|-30|-30|-30,0|0|0|-30|-30|-30|-30|-30,31|32|31|58082|58082|58082|58082|58082,1,0,0,7,6,208
374,0,12,3,0,3,0,0,0,112|113|112|226|226|226|226|226,255|255|255|226|226|226|226|226,-1|0|1|-30|-30|-30|-30|-30,-4|-3|-4|-30|-30|-30|-30|-30,0|0|0|-30|-30|-30|-30|-30,0|0|0|-30|-30|-30|-30|-29,31|32|31|59110|59110|59110|59367|59624,1,0,0,7,6,208
375,0,12,2,0,2,0,0,0,113|113|232|232|232|232|232|232,255|255|228|228|228|228|227|228,0|0|-26|-26|-25|-27|-28|-28,-4|-4|-28|-28|-28|-28|-28|-28,-6|6|-28|-28|-28|-28|-28|-28,0|0|-28|-28|-28|-28|-28|-28,32|32|58596|58596|58596|58596|58596|58596,1,0,0,7,6,208
376,0,12,4,0,4,0,0,0,113|113|112|112|232|231|229|229,255|255|255|255|230|228|231|232,0|0|1|-1|-24|-25|-26|-28,-4|-4|-1|-1|-28|-24|-24|-24,-6|6|0|0|-28|-28|-28|-27,0|0|0|0|-26|-26|-26|-26,32|32|31|31|59108|59110|59110|58597,1,0,0,7,6,208
377,0,12,3,0,3,0,0,0,114|112|112|227|227|227|227|227,255|255|255|227|227|227|227|227,0|1|-1|-29|-29|-29|-29|-29,-4|-1|-1|-29|-29|-29|-29|-29,0|0|0|-29|-29|-29|-29|-29,0|0|0|-29|-29|-29|-29|-29,33|31|31|58339|58339|58339|58339|58339,1,0,0,7,6,208
378,0,11,1,0,2,0,0,0,3|3|227|227|227|227|227|227,255|255|227|227|227|227|227|227,2|-2|-29|-29|-29|-29|-29|-29,-1|-1|-29|-29|-29|-29|-29|-29,0|0|-29|-29|-29|-29|-29|-29,0|0|-29|-29|-29|-29|-29|-29,99|99|59110|59110|59110|59366|59623|59880,1,0,0,25,0,208
379,0,11,2,0,2,0,0,0,3|3|229|229|229|231|229|231,255|255|230|230|230|229|227|227,2|-2|-28|-26|-26|-25|-25|-25,-1|-1|-25|-25|-25|-25|-25|-25,0|0|-25|-25|-25|-25|-25|-25,0|0|-25|-25|-25|-25|-25|-25,99|99|59367|59367|59367|59367|59367|59367,1,0,0,25,0,208
380,0,11,4,0,4,0,0,0,3|3|2|2|231|231|231|231,255|255|255|255|229|227|231|231,3|-3|4|-4|-27|-27|-27|-29,-1|-1|-1|-1|-29|-25|-26|-26,0|0|0|0|-26|-26|-26|-27,0|0|0|0|-26|-26|-26|-26,99|99|99|99|59110|59110|59110|59110,1,0,0,25,0,208
381,0,11,6,0,6,0,0,0,3|3|2|2|2|2|230|230,255|255|255|255|255|255|230|230,3|-3|4|-4|5|-5|-26|-26,-1|-1|-2|-2|-3|-3|-26|-26,0|0|0|0|0|0|-26|-26,0|0|0|0|0|0|-26|-26,99|99|99|99|99|99|59110|59110,1,0,0,25,0,208
382,0,11,1,0,2,0,0,0,4|4|230|230|230|230|230|230,255|255|230|230|230|230|230|230,2|-2|-26|-26|-26|-26|-26|-26,-1|-1|-26|-26|-26|-26|-26|-26,0|0|-26|-26|-26|-26|-26|-26,0|0|-26|-26|-26|-26|-26|-26,100|100|59110|59110|59110|59366|59624|59368,1,0,0,25,0,208
383,0,11,2,0,2,0,0,0,4|4|230|230|230|231|231|231,255|255|230|230|230|230|230|230,2|-2|-29|-26|-26|-26|-26|-27,-1|-1|-26|-27|-26|-26|-27|-25,0|0|-27|-26|-26|-25|-26|-26,0|0|-23|-24|-24|-24|-26|-26,100|100|59111|59620|58853|59109|59107|59364,1,0,0,25,0,208
384,0,11,3,0,4,0,0,0,4|2|4|2|231|231|231|231,255|255|255|255|230|230|231|231,2|3|-2|-3|-26|-26|-26|-26,-1|-4|-1|-4|-26|-25|-26|-26,0|0|0|0|-25|-25|-25|-25,0|0|0|0|-26|-26|-26|-26,100|99|100|99|59110|59110|59110|59110,1,0,0,25,0,208
385,0,11,4,0,4,0,0,0,4|2|4|2|230|230|230|230,255|255|255|255|230|230|230|230,2|3|-2|-3|-26|-26|-26|-26,-1|-4|-1|-4|-26|-26|-26|-26,0|0|0|0|-26|-26|-26|-26,0|0|0|0|-26|-26|-26|-26,100|99|100|99|59110|59110|59110|59110,1,0,0,25,0,208
386,0,11,2,0,2,0,0,0,8|8|230|230|230|230|230|230,255|255|230|230|230|230|230|230,2|-2|-26|-26|-26|-26|-26|-26,-2|-2|-26|-26|-26|-26|-26|-26,0|0|-26|-26|-26|-26|-26|-26,0|0|-26|-26|-26|-26|-26|-26,98|98|59110|59110|59110|59623|59368|59111,1,0,0,25,0,208
387,0,11,4,0,4,0,0,0,8|8|4|4|230|230|230|230,255|255|255|255|230|230|230|230,2|-2|4|-4|-27|-27|-27|-27,-2|-2|-4|-4|-27|-27|-27|-26,0|0|0|0|-26|-25|-26|-26,0|0|0|0|-26|-26|-26|-26,98|98|100|100|59110|59110|59108|59108,1,0,0,25,0,208
388,0,11,6,0,6,0,0,0,8|8|4|4|2|2|231|231,255|255|255|255|255|255|231|231,2|-2|4|-4|6|-6|-26|-26,-2|-2|-4|-4|-6|-6|-26|-26,0|0|0|0|0|0|-26|-26,0|0|0|0|0|0|-26|-26,98|98|100|100|99|99|59110|59110,1,0,0,25,0,208
389,0,11,1,0,2,0,0,0,3|3|230|230|230|230|230|230,255|255|230|230|230|230|230|230,2|-2|-26|-26|-26|-26|-26|-26,-1|-1|-26|-26|-26|-26|-26|-26,0|0|-26|-26|-26|-26|-26|-26,0|0|-26|-26|-26|-26|-26|-26,99|99|59110|59110|59110|59110|59110|59110,1,0,4,25,0,208
390,0,11,2,0,2,0,0,0,3|3|230|230|230|230|230|230,255|255|230|230|230|230|230|230,2|-2|-26|-26|-26|-26|-26|-26,-1|-1|-26|-26|-26|-26|-26|-26,0|0|-26|-26|-26|-26|-26|-26,0|0|-26|-26|-26|-26|-26|-26,99|99|59110|59110|59366|59624|58598|58339,1,0,4,25,0,208
391,0,11,4,0,4,0,0,0,3|3|2|2|227|227|227|227,255|255|255|255|227|227|227|227,3|-3|4|-4|-29|-29|-29|-29,-1|-1|-1|-1|-29|-29|-29|-29,0|0|0|0|-29|-29|-29|-29,0|0|0|0|-29|-29|-29|-29,99|99|99|99|58339|58339|59107|59110,1,0,4,25,0,208
392,0,11,6,0,6,0,0,0,3|3|2|2|2|2|227|227,255|255|255|255|255|255|227|227,3|-3|4|-4|5|-5|-29|-29,-1|-1|-2|-2|-3|-3|-29|-29,0|0|0|0|0|0|-29|-29,0|0|0|0|0|0|-29|-29,99|99|99|99|99|99|58339|58339,1,0,4,25,0,208
393,0,11,1,0,2,0,0,0,4|4|227|227|227|227|227|227,255|255|227|227|227|227|227|227,2|-2|-29|-29|-29|-29|-29|-29,-1|-1|-29|-29|-29|-29|-29|-29,0|0|-29|-29|-29|-29|-29|-29,0|0|-29|-29|-29|-29|-29|-29,100|100|58339|58339|58339|58339|58339|58339,1,0,5,25,0,208
394,0,11,2,0,2,0,0,0,4|4|227|227|227|227|227|227,255|255|227|227|227|227|227|227,2|-2|-29|-29|-29|-29|-29|-29,-1|-1|-29|-29|-29|-29|-29|-29,0|0|-29|-29|-29|-29|-29|-29,0|0|-29|-29|-29|-29|-29|-29,100|100|59110|59110|59622|59112|58596|58596,1,0,5,25,0,208
395,0,11,3,0,4,0,0,0,4|2|4|2|228|228|228|228,255|255|255|255|228|228|228|228,2|3|-2|-3|-28|-28|-28|-28,-1|-4|-1|-4|-28|-28|-28|-29,0|0|0|0|-28|-28|-28|-28,0|0|0|0|-28|-28|-28|-28,100|99|100|99|58596|58596|58339|58339,1,0,5,25,0,208
396,0,11,4,0,4,0,0,0,4|2|4|2|228|228|228|228,255|255|255|255|228|228|228|228,2|3|-2|-3|-28|-28|-28|-28,-1|-4|-1|-4|-28|-28|-28|-28,0|0|0|0|-29|-28|-28|-28,0|0|0|0|-28|-28|-28|-28,100|99|100|99|58596|58596|58596|58596,1,0,5,25,0,208
397,0,11,2,0,2,0,0,0,8|8|228|228|228|228|228|228,255|255|228|228|228|228|228|228,2|-2|-28|-28|-28|-28|-28|-28,-2|-2|-28|-28|-28|-28|-28|-28,0|0|-28|-28|-28|-28|-28|-28,0|0|-28|-28|-28|-28|-28|-28,98|98|58596|58596|58596|58596|58596|58596,1,0,6,25,0,208
398,0,11,4,0,4,0,0,0,8|8|4|4|228|228|228|228,255|255|255|255|228|228|228|228,2|-2|4|-4|-28|-28|-28|-28,-2|-2|-4|-4|-28|-28|-28|-28,0|0|0|0|-28|-28|-28|-28,0|0|0|0|-28|-28|-28|-28,98|98|100|100|59623|58598|58596|58596,1,0,6,25,0,208
399,0,11,6,0,6,0,0,0,8|8|4|4|2|2|228|228,255|255|255|255|255|255|228|228,2|-2|4|-4|6|-6|-28|-28,-2|-2|-4|-4|-6|-6|-28|-28,0|0|0|0|0|0|-28|-28,0|0|0|0|0|0|-28|-28,98|98|100|100|99|99|58596|58596,1,0,6,25,0,208
400,0,3,1,3,1,0,0,0,149|228|228|228|228|228|228|228,255|228|228|228|228|228|228|228,0|-28|-28|-28|-28|-28|-28|-28,6|-28|-28|-28|-28|-28|-28|-28,0|-28|-28|-28|-28|-28|-28|-28,0|-28|-28|-28|-28|-28|-28|-28,35|58596|58596|58596|58596|58596|58596|58596,0,0,0,10,255,208
401,0,2,1,3,1,0,0,0,149|228|228|228|228|228|228|228,255|228|228|228|228|228|228|228,0|-28|-28|-28|-28|-28|-28|-28,6|-28|-28|-28|-28|-28|-28|-28,0|-28|-28|-28|-28|-28|-28|-28,0|-28|-28|-28|-28|-28|-28|-28,35|58596|58596|58596|58596|58596|58596|58596,0,0,0,10,255,208
402,0,4,1,3,1,0,0,0,150|228|228|228|228|228|228|228,98|228|228|228|228|228|228|228,0|-28|-28|-28|-28|-28|-28|-28,6|-28|-28|-28|-28|-28|-28|-28,0|-28|-28|-28|-28|-28|-28|-28,0|-28|-28|-28|-28|-28|-28|-28,35|59110|59110|59110|59368|58596|58596|58596,0,0,0,10,255,208
403,0,3,1,3,1,0,0,0,150|228|228|228|228|228|228|228,98|228|228|228|228|228|228|228,0|-28|-28|-28|-28|-28|-28|-28,6|-28|-28|-28|-28|-28|-28|-28,0|-28|-28|-28|-28|-28|-28|-24,0|-28|-28|-28|-28|-28|-28|-28,35|58596|58596|58596|58596|58596|58596|58596,0,0,0,10,255,208
404,0,2,1,3,1,0,0,0,150|228|228|228|228|228|228|228,98|228|228|228|228|228|228|228,0|-28|-28|-28|-28|-28|-28|-28,6|-28|-28|-28|-28|-28|-28|-28,0|-28|-28|-28|-28|-28|-28|-28,0|-28|-28|-28|-28|-28|-28|-28,35|58596|58596|58596|58596|58596|58596|58596,0,0,0,10,255,208
405,0,5,1,3,1,0,0,0,151|228|228|228|228|228|228|228,98|228|228|228|228|228|228|228,0|-28|-28|-28|-28|-28|-28|-28,6|-28|-28|-28|-28|-28|-28|-28,0|-28|-28|-28|-28|-28|-28|-28,0|-28|-28|-28|-28|-28|-28|-28,35|58596|58596|58596|58596|58596|58596|58596,0,0,0,10,255,208
406,0,5,1,3,1,0,0,0,152|228|228|228|228|228|228|228,98|228|228|228|228|228|228|228,120|-28|-28|-28|-28|-28|-28|-28,6|-28|-28|-28|-28|-28|-28|-28,0|-28|-28|-28|-28|-28|-28|-28,0|-28|-28|-28|-28|-28|-28|-28,35|59111|59110|59110|58855|58596|58596|58596,0,0,0,10,255,208
407,0,5,1,3,1,0,0,0,153|228|228|228|228|228|228|228,98|228|228|228|228|228|228|228,120|-28|-28|-28|-28|-24|-28|-28,6|-28|-28|-28|-28|-28|-28|-28,0|-28|-28|-28|-24|-28|-28|-24,0|-28|-28|-28|-28|-28|-28|-28,35|58596|58596|58596|58596|58596|58596|58596,0,0,0,10,255,208
408,0,5,1,3,1,0,0,0,154|228|228|228|228|228|228|228,98|232|232|228|228|228|228|228,120|-28|-28|-28|-28|-28|-28|-28,6|-28|-28|-28|-28|-28|-28|-28,0|-28|-28|-28|-28|-28|-28|-28,0|-28|-28|-28|-28|-28|-28|-28,35|58596|58596|58596|58596|58596|58596|58596,0,0,0,10,255,208
409,0,5,2,3,2,0,0,0,152|152|228|228|228|228|228|228,98|98|228|228|228|228|228|228,120|120|-28|-28|-28|-28|-28|-28,6|6|-28|-28|-28|-28|-28|-28,-7|7|-28|-28|-28|-28|-28|-28,0|0|-28|-28|-28|-28|-28|-28,35|35|58596|58596|58596|58596|58596|58596,0,0,0,10,255,208
410,0,5,3,3,3,0,0,0,152|152|153|228|228|228|228|228,98|98|98|228|228|228|228|228,120|120|120|-28|-28|-28|-28|-28,6|6|6|-28|-28|-28|-28|-28,-9|9|0|-28|-28|-28|-28|-28,6|6|0|-28|-28|-28|-28|-28,35|35|35|59110|58855|58596|58596|58596,0,0,0,10,255,208
411,0,8,1,0,1,0,0,0,128|228|232|228|232|228|232|232,255|232|232|232|228|228|228|228,0|-28|-28|-28|-24|-24|-24|-28,0|-24|-24|-28|-28|-28|-28|-28,0|-28|-28|-24|-24|-24|-28|-24,0|-24|-28|-28|-28|-24|-24|-28,57|58596|58596|59620|59624|58596|58600|59624,1,0,0,7,6,208
412,0,6,1,0,1,0,0,0,128|228|232|228|228|232|228|232,255|226|226|226|228|228|228|228,0|-28|-24|-24|-28|-24|-28|-28,0|-24|-24|-28|-28|-24|-24|-24,0|-28|-24|-28|-28|-24|-28|-28,0|-28|-28|-28|-28|-28|-28|-28,57|58596|58596|58596|58596|58596|58596|58596,1,0,0,7,6,208
413,0,4,1,0,1,0,0,0,128|228|228|228|228|228|228|228,255|228|228|228|228|228|228|228,0|-28|-28|-28|-28|-28|-28|-28,0|-28|-28|-28|-28|-28|-28|-28,0|-28|-28|-28|-28|-28|-28|-28,0|-28|-28|-28|-28|-28|-28|-28,57|58596|58596|58596|58596|58596|58596|58596,1,0,0,7,6,208
414,0,10,2,0,2,0,0,0,128|128|228|228|228|228|228|228,255|255|228|228|228|228|228|228,0|0|-28|-28|-28|-28|-28|-28,-1|-1|-28|-28|-28|-28|-28|-28,9|-9|-28|-28|-28|-28|-28|-28,0|0|-28|-28|-28|-28|-28|-28,57|57|59110|59110|58855|58596|58596|58596,1,0,0,7,6,208
415,0,8,2,0,2,0,0,0,128|128|232|226|232|232|226|226,255|255|226|226|232|226|228|228,0|0|-28|-28|-28|-24|-30|-30,0|0|-30|-24|-30|-28|-28|-28,9|-9|-28|-28|-24|-30|-30|-24,0|0|-24|-30|-24|-30|-24|-30,57|57|58596|59620|58082|58088|59624|58082,1,0,0,7,6,208
416,0,6,1,0,1,0,0,0,113|226|232|226|228|232|226|228,255|232|228|228|228|228|228|228,0|-28|-24|-30|-24|-30|-24|-30,-1|-30|-24|-30|-28|-24|-30|-30,0|-30|-24|-30|-28|-24|-30|-28,4|-28|-28|-28|-28|-28|-28|-28,76|58596|58596|58596|58596|58596|58596|58596,1,0,0,7,6,208
417,0,4,1,0,1,0,0,0,113|228|228|228|228|228|228|228,255|228|228|228|228|228|228|228,0|-28|-28|-28|-28|-28|-28|-28,-1|-28|-28|-28|-28|-28|-28|-28,0|-28|-28|-28|-28|-28|-28|-28,4|-28|-28|-28|-28|-28|-28|-28,76|58596|58596|58596|58596|58596|58596|58596,1,0,0,7,6,208
418,0,5,1,0,1,0,0,0,114|228|228|228|228|228|228|228,255|228|228|228|228|228|228|228,0|-28|-28|-28|-28|-28|-28|-28,-1|-28|-28|-28|-28|-28|-28|-28,0|-28|-28|-28|-28|-28|-28|-28,4|-28|-28|-28|-28|-28|-28|-28,95|59111|59110|59110|58855|58596|58596|58596,1,0,0,7,6,208
419,0,6,2,0,2,0,0,0,113|113|232|226|232|226|226|228,255|255|226|228|232|226|228|228,0|0|-28|-28|-28|-24|-30|-28,-1|-1|-28|-24|-30|-28|-28|-28,9|-9|-28|-28|-24|-30|-28|-24,0|0|-24|-30|-24|-24|-28|-30,76|76|58596|59620|58594|58088|58088|58594,1,0,0,7,6,208
420,0,7,2,0,2,0,0,0,114|114|232|226|228|232|226|228,255|255|232|226|228|228|228|228,0|0|-24|-30|-24|-30|-24|-30,-1|-1|-28|-30|-28|-24|-30|-28,9|-9|-24|-30|-28|-24|-30|-28,0|0|-28|-28|-28|-28|-28|-28,95|95|58596|58596|58596|58596|58596|58596,1,0,0,7,6,208
421,0,9,4,0,4,0,0,0,114|114|128|128|228|228|228|228,255|255|255|255|228|228|228|228,0|0|0|0|-28|-28|-28|-28,-1|-1|-2|-2|-28|-28|-28|-28,9|-9|16|-16|-28|-28|-28|-28,0|0|0|0|-28|-28|-28|-28,95|95|57|57|58596|58596|58596|58596,1,0,0,7,6,208
422,0,8,1,0,2,0,0,0,128|128|228|228|228|228|228|228,255|255|228|228|228|228|228|228,-6|6|-28|-28|-28|-28|-28|-28,6|6|-28|-28|-28|-28|-28|-28,0|0|-28|-28|-28|-28|-28|-28,0|0|-28|-28|-28|-28|-28|-28,13|14|59110|59110|59111|58596|58596|58596,0,0,0,7,98,208
423,0,6,1,0,2,0,0,0,128|128|228|226|232|226|228|228,255|255|226|228|232|226|228|228,-6|6|-28|-28|-28|-28|-24|-28,6|6|-24|-28|-30|-28|-28|-28,0|0|-28|-28|-28|-24|-28|-24,0|0|-24|-30|-28|-24|-24|-24,13|14|58596|59620|59624|58084|58088|58596,0,0,0,7,98,208
424,0,8,2,0,2,0,0,0,128|128|228|232|232|228|226|232,255|255|228|226|228|228|228|228,-6|6|-24|-30|-24|-30|-24|-30,6|6|-24|-24|-28|-24|-30|-28,0|0|-28|-24|-24|-28|-30|-24,0|0|-28|-28|-28|-28|-28|-28,13|14|58596|58596|58596|58596|58596|58596,0,0,0,7,98,208
425,0,7,2,0,4,0,0,0,128|128|128|128|228|228|228|228,255|255|255|255|228|228|228|228,-5|5|-7|7|-28|-28|-28|-28,7|7|5|5|-28|-28|-28|-28,0|0|0|0|-28|-28|-28|-28,0|0|0|0|-28|-28|-28|-28,13|14|13|14|58596|58596|58596|58596,0,0,0,7,98,208
426,0,8,4,0,4,0,0,0,128|128|128|128|228|228|228|228,255|255|255|255|228|228|228|228,-5|5|-7|7|-28|-28|-28|-28,7|7|5|5|-28|-28|-28|-28,0|0|0|0|-28|-28|-28|-28,0|0|0|0|-28|-28|-28|-28,13|14|13|14|59111|58596|58596|58596,0,0,0,7,98,208
427,0,6,4,0,6,0,0,0,128|128|128|128|128|128|228|228,255|255|255|255|255|255|228|228,-5|5|-7|7|-6|6|-30|-30,7|7|5|5|6|6|-28|-28,0|0|0|0|0|0|-30|-28,0|0|0|0|0|0|-30|-30,13|14|13|14|13|14|58084|58596,0,0,0,7,98,208
428,0,7,6,0,6,0,0,0,128|128|128|128|128|128|226|228,255|255|255|255|255|255|228|228,-5|5|-7|7|-6|6|-28|-30,7|7|5|5|6|6|-30|-28,0|0|0|0|0|0|-30|-28,0|0|0|0|0|0|-28|-28,13|14|13|14|13|14|58596|58596,0,0,0,7,98,208
429,0,6,4,0,6,0,0,0,128|128|128|128|113|113|228|228,255|255|255|255|255|255|228|228,-5|5|-7|7|-6|6|-28|-28,7|7|5|5|6|6|-28|-28,0|0|0|0|0|0|-28|-28,0|0|0|0|0|0|-28|-28,13|14|13|14|96|115|58596|58596,0,0,0,7,98,208
430,0,5,4,0,4,0,0,0,113|113|113|113|228|228|228|228,255|255|255|255|228|228|228|228,-6|6|-7|7|-28|-28|-28|-28,6|6|5|5|-28|-28|-28|-28,0|0|0|0|-28|-28|-28|-28,0|0|0|0|-28|-28|-28|-28,96|115|96|115|59366|58598|58596|58596,0,0,0,7,98,208
431,0,6,2,0,2,0,0,0,114|114|228|228|228|228|228|228,255|255|228|228|228|228|228|228,-7|7|-28|-28|-28|-28|-28|-28,7|7|-28|-28|-28|-28|-28|-28,0|0|-28|-28|-28|-28|-28|-28,0|0|-28|-28|-28|-28|-28|-28,15|53|58596|59620|58594|58596|58596|58596,0,0,0,7,98,208
432,0,5,2,0,8,0,0,0,114|114|114|114|114|114|114|114,255|255|255|255|255|255|255|255,-7|7|-9|9|-8|8|-6|6,7|7|5|5|6|6|8|8,0|0|0|0|0|0|0|0,0|0|0|0|0|0|0|0,15|53|15|53|15|53|15|53,0,0,0,7,98,208
433,0,2,1,0,2,0,0,0,149|149|228|228|228|228|228|228,255|255|228|228|228|228|228|228,-9|9|-28|-28|-28|-28|-28|-28,0|0|-28|-28|-28|-28|-28|-28,0|0|-28|-28|-28|-28|-28|-28,0|0|-28|-28|-28|-28|-28|-28,256|257|58596|58596|58596|58596|58596|58596,0,0,0,10,255,208
434,0,3,2,0,2,0,0,0,149|149|228|228|228|228|228|228,255|255|228|228|228|228|228|228,-9|9|-28|-28|-28|-28|-28|-28,0|0|-28|-28|-28|-28|-28|-28,0|0|-28|-28|-28|-28|-28|-28,0|0|-28|-28|-28|-28|-28|-28,256|257|59110|59110|59110|59111|58597|58596,0,0,0,10,255,208
435,0,4,2,0,2,0,0,0,150|150|228|228|228|228|228|228,255|255|228|228|228|228|228|228,-9|9|-28|-28|-28|-28|-28|-28,0|0|-28|-28|-28|-28|-28|-28,0|0|-28|-28|-28|-28|-28|-28,0|0|-28|-28|-28|-28|-28|-28,256|257|58596|58596|58594|58596|58596|58596,0,0,0,10,255,208
436,0,5,3,0,3,0,0,0,150|150|150|228|228|228|228|228,255|255|255|228|228|228|228|228,-9|9|0|-28|-28|-28|-28|-28,0|0|-9|-28|-28|-28|-28|-28,0|0|0|-28|-28|-28|-28|-28,0|0|0|-28|-28|-28|-28|-28,256|257|209|58596|58596|58596|58596|58596,0,0,0,10,255,208
437,0,6,4,0,4,0,0,0,150|150|150|150|228|228|228|228,255|255|255|255|228|228|228|228,-9|9|-9|9|-28|-28|-28|-28,0|0|0|0|-28|-28|-28|-28,0|0|0|0|-28|-28|-28|-28,0|0|14|14|-28|-28|-28|-28,256|257|256|257|58596|58596|58596|58596,0,0,0,10,255,208
438,0,6,3,0,3,0,0,0,151|151|150|228|228|228|228|228,255|255|255|228|228|228|228|228,-10|10|0|-28|-28|-28|-28|-28,0|0|-9|-28|-28|-28|-28|-28,0|0|0|-28|-28|-28|-28|-28,0|0|0|-28|-28|-28|-28|-28,256|257|209|59110|59110|59366|59367|59367,0,0,0,10,255,208
439,0,6,4,0,4,0,0,0,151|151|150|150|231|231|231|231,255|255|255|255|231|231|231|231,-10|10|0|0|-25|-25|-25|-25,0|0|-9|9|-25|-25|-25|-25,0|0|0|0|-25|-25|-25|-25,0|0|0|0|-25|-25|-25|-25,256|257|209|208|59367|59367|59367|59367,0,0,0,10,255,208
440,0,6,4,0,4,0,0,0,152|152|151|151|231|231|231|231,255|255|255|255|231|231|231|231,-12|12|0|0|-25|-25|-25|-25,0|0|-11|-11|-25|-25|-25|-25,0|0|-6|6|-25|-25|-25|-25,0|0|0|0|-25|-25|-25|-25,256|257|209|209|59367|59367|59367|59367,0,0,0,10,255,208
441,0,6,4,0,4,0,0,0,153|153|151|151|231|231|231|231,255|255|255|255|231|231|231|231,-12|12|0|0|-25|-25|-25|-25,0|0|-11|-11|-25|-25|-25|-25,0|0|-6|6|-25|-25|-25|-25,0|0|0|0|-25|-25|-25|-25,256|257|209|209|59367|59367|59367|59367,0,0,0,10,255,208
442,0,6,5,0,5,0,0,0,151|151|151|151|151|231|231|231,255|255|255|255|255|231|231|231,0|-10|10|-10|10|-25|-25|-25,-11|0|0|0|0|-25|-25|-25,0|0|0|0|0|-25|-25|-25,0|7|7|-7|-7|-25|-24|-24,209|256|257|256|257|59110|59110|59110,0,0,0,10,255,208
443,0,6,6,0,6,0,0,0,151|151|151|151|151|154|230|230,255|255|255|255|255|255|230|230,0|-10|10|-10|10|0|-26|-26,-11|0|0|0|0|13|-26|-26,0|0|0|0|0|0|-26|-26,0|7|7|-7|-7|0|-26|-26,209|256|257|256|257|208|59110|59110,0,0,0,10,255,208
444,0,2,1,9,1,0,0,0,2|230|230|230|230|230|230|230,10|230|230|230|230|230|230|230,0|-26|-26|-26|-26|-26|-26|-26,5|-26|-26|-26|-26|-26|-26|-26,0|-26|-26|-26|-26|-26|-26|-26,0|-26|-26|-26|-26|-26|-26|-26,172|59110|59110|59110|59110|59110|59110|59110,0,0,0,0,255,112
445,0,2,1,0,1,0,0,0,1|230|230|230|230|230|230|230,255|230|230|230|230|230|230|230,0|-26|-26|-26|-26|-26|-26|-26,9|-26|-26|-26|-26|-26|-26|-26,0|-26|-26|-26|-26|-26|-26|-26,0|-26|-26|-26|-26|-26|-26|-26,39|59110|59110|59110|59110|59110|59110|59110,0,0,0,8,255,208
446,0,2,1,0,1,0,0,0,1|230|230|230|230|230|230|230,255|230|230|230|230|230|230|230,0|-26|-26|-26|-26|-26|-26|-26,12|-26|-26|-26|-26|-26|-26|-26,0|-26|-26|-26|-26|-26|-26|-26,0|-26|-26|-26|-26|-26|-26|-26,6|58854|59110|58594|59110|59110|59110|59110,0,0,0,13,255,208
447,0,4,1,3,1,0,0,0,4|230|230|230|230|230|230|230,255|230|230|230|230|230|230|230,0|-26|-26|-26|-26|-26|-26|-26,7|-26|-26|-26|-26|-26|-26|-26,0|-26|-26|-26|-26|-26|-26|-26,0|-26|-26|-26|-26|-26|-26|-26,204|59110|59110|59110|59110|59110|59110|59110,0,0,0,26,255,208
448,0,3,1,0,1,0,0,0,2|230|230|230|230|230|230|230,255|230|230|230|230|230|230|230,0|-26|-26|-26|-26|-26|-26|-26,10|-26|-26|-26|-26|-26|-26|-26,0|-26|-26|-26|-26|-26|-26|-26,0|-26|-26|-26|-26|-26|-26|-26,126|59110|59110|59110|59110|59110|59110|59110,1,0,0,16,255,208
449,0,2,1,0,1,0,0,0,1|230|230|230|230|230|230|230,255|230|230|230|230|230|230|230,0|-26|-26|-26|-26|-26|-26|-26,14|-26|-26|-26|-26|-26|-26|-26,0|-26|-26|-26|-26|-26|-26|-26,0|-26|-26|-26|-26|-26|-26|-26,99|59110|59110|59110|59110|59110|59110|59110,0,0,0,20,255,208
450,0,8,1,0,1,0,0,0,128|230|230|230|230|230|230|230,255|230|230|230|230|230|230|230,-7|-26|-26|-26|-26|-26|-26|-26,20|-26|-26|-26|-26|-26|-26|-26,0|-26|-26|-26|-26|-26|-26|-26,0|-26|-26|-26|-26|-26|-26|-26,171|58597|59110|371|17989|18502|18507|14384,0,0,0,7,98,208
451,0,3,1,0,1,0,0,0,2|87|85|1|118|113|118|1,255|48|116|58|59|54|115|1,0|4|1|1|5|1|1|1,9|1|2|1|1|1|87|85,0|1|1|1|1|1|1|1,0|1|88|-85|1|1|1|1,59|258|1281|257|258|513|514|3074,0,0,0,8,255,208
452,0,4,1,0,1,0,0,0,2|0|1|2|1|1|1|87,255|121|117|1|1|115|1|1,0|0|0|88|-85|1|119|121,11|1|115|2|1|1|2|0,0|2|1|1|1|119|20|19,0|19|19|19|18|18|18|17,260|29046|4881|4882|4627|4627|5139|4977,0,0,0,6,255,208
453,0,6,1,0,1,0,0,0,3|161|161|161|19|19|18|19,255|19|20|20|19|19|19|19,0|18|18|18|17|17|20|19,11|17|19|18|19|19|18|19,0|19|20|20|19|19|19|19,0|18|18|18|17|17|20|32,261|8224|5920|538|514|5910|6423|520,0,0,0,6,255,208
454,0,8,1,0,1,0,0,0,5|2|2|119|120|119|48|54,255|51|48|114|1|21|2|2,0|48|48|48|1|2|3|10,11|4|12|48|54|57|51|48,0|48|116|58|59|54|115|48,0|-92|3|26|24|4|11|48,262|13113|12336|304|17989|18759|4609|14384,0,0,0,6,255,208
455,0,10,1,0,1,0,0,0,10|1|1|80|114|116|114|59,255|58|48|54|57|51|48|1,0|1|4|1|1|3|9|6,11|3|91|87|87|85|1|1,0|85|-120|-128|59|58|58|-128,0|83|80|1|91|90|87|87,263|1544|262|1025|257|29953|629|3850,0,0,0,6,255,208
456,0,12,1,0,1,0,0,0,20|0|3|91|87|87|85|115,255|119|85|136|128|59|58|58,0|50|80|80|1|115|120|119,11|87|4|8|6|3|0|0,0|1|1|1|1|115|18|19,0|19|19|19|18|18|18|117,264|4466|4880|4882|4627|4627|4627|4370,0,0,0,6,255,208
457,0,14,1,0,1,0,0,0,40|161|161|18|19|19|18|19,255|19|20|20|19|19|19|19,0|18|18|18|17|17|20|19,11|17|19|18|19|19|18|19,0|19|20|20|19|19|19|19,0|18|18|18|17|17|20|32,265|8224|544|5910|6423|1026|514|522,0,0,0,6,255,208
458,0,3,1,0,1,0,0,0,1|2|2|115|119|115|48|58,255|55|48|115|117|1|26|2,0|59|61|55|48|1|8|6,9|2|13|48|58|60|55|48,0|117|48|54|57|51|48|2,0|2|26|23|2|2|2|2,58|14140|560|258|326|257|5138|14640,0,0,0,8,255,208
459,0,2,1,0,1,0,0,0,4|85|1|88|114|115|114|1,255|1|48|58|60|55|48|1,0|1|1|5|1|1|1|1,9|2|1|1|1|87|85|1,0|1|1|1|1|1|1|1,0|1|1|88|-85|1|1|1,59|513|257|261|513|31745|30069|777,0,0,0,8,255,208
460,0,2,1,0,1,0,0,0,8|0|2|1|1|1|87|118,255|115|1|1|1|1|1|0,0|0|0|1|88|118|119|115,9|1|1|1|1|0|0|2,0|1|2|1|1|18|18|19,0|19|19|19|18|18|114|120,60|4466|4880|4882|4627|4627|4627|4370,0,0,0,8,255,208
461,0,2,3,0,3,0,0,0,6|5|5|18|19|19|19|19,255|255|255|19|20|19|20|19,0|-2|2|17|17|18|18|18,9|8|8|19|19|19|19|19,0|-2|2|19|20|19|20|19,0|0|0|32|32|32|32|32,59|279|280|5634|5911|2073|1282|2569,0,0,0,8,255,208
462,0,2,3,0,3,0,0,0,8|10|10|2|117|117|48|57,255|255|255|113|116|117|2|48,0|-6|6|54|115|48|1|2,9|6|6|48|57|59|54|48,0|-2|2|58|60|55|48|25,0|0|0|2|-92|3|26|24,60|121|122|263|17921|19016|12367|14394,0,0,0,8,255,208
463,0,2,7,0,7,0,0,0,10|10|10|6|6|8|8|59,255|255|255|255|255|255|255|1,0|-6|6|-2|2|-8|8|6,9|6|6|8|8|0|0|1,0|-2|2|-2|2|-4|4|-128,0|0|0|0|0|0|0|87,60|121|122|279|280|102|104|261,0,0,0,8,255,208
464,0,5,1,0,1,0,0,0,2|0|91|117|115|85|113|117,98|80|85|136|128|59|58|50,0|50|113|115|113|117|117|90,0|87|87|4|4|3|3|0,0|4|1|1|1|18|18|19,0|19|19|19|18|18|117|117,66|4465|4880|4882|4627|4627|4627|4370,1,0,0,13,255,208
465,0,3,1,0,1,0,0,0,6|18|19|18|19|19|19|18,98|19|18|19|19|19|19|19,0|19|18|18|16|18|18|19,0|18|17|18|19|19|19|18,0|19|18|19|19|19|19|19,0|32|32|3|2|7|6|6,73|1799|5894|537|516|2562|2818|3846,1,0,0,13,255,208
466,0,3,1,0,1,0,0,0,12|25|23|2|114|116|48|56,98|54|48|114|114|116|119|2,0|54|57|51|48|19|1|2,0|4|6|48|56|60|54|48,0|123|48|57|59|54|48|23,0|22|2|2|2|26|23|48,123|13884|12336|466|17989|18246|12364|14139,1,0,0,13,255,208
467,0,3,2,0,2,0,0,0,10|10|89|88|113|113|113|1,98|98|48|56|60|54|1|4,0|0|5|1|1|1|1|1,0|0|1|1|87|85|1|89,-6|6|1|1|1|1|1|1,0|0|87|1|88|-85|1|1,143|144|258|1281|257|258|30840|514,1,0,0,13,255,208
468,0,3,3,0,3,0,0,0,10|10|10|124|117|87|115|116,98|98|98|1|1|1|1|0,0|0|0|117|115|116|114|1,0|-1|-1|1|0|1|0|1,0|-12|12|2|1|18|18|19,0|0|0|19|18|18|118|124,73|73|73|4882|4627|4627|4627|4370,1,0,0,13,255,208
469,0,3,3,0,3,0,0,0,12|12|12|18|19|19|18|16,98|98|98|20|19|20|19|19,0|0|0|16|16|18|17|18,0|-1|-1|18|19|19|18|16,0|-12|12|20|19|32|32|32,0|0|0|6|4|8|7|7,123|123|123|6423|520|2309|522|2820,1,0,0,13,255,208
470,0,4,1,0,1,0,0,0,1|0|0|0|82|0|3|0,98|137|229|128|62|71|22|1,0|27|-125|62|12|22|2|115,20|-128|62|70|22|1|117|8,0|6|12|22|1|0|-21|5,0|-64|-93|12|22|85|-128|62,67|29952|59651|1189|2239|769|13374|35606,-1,0,0,20,255,208
471,0,1,1,0,1,0,0,0,4|30|20|22|128|249|0|117,98|233|51|1|184|28|0|41,0|-63|-32|3|-119|-61|1|-64,20|-40|-119|-54|-63|-30|6|-119,0|-63|-30|2|1|-38|-75|12,0|-125|-19|2|62|-117|118|0,70|885|62697|256|35782|2076|29915|9731,-1,0,0,20,255,208
472,0,1,1,0,1,0,0,0,8|38|136|93|2|8|255|116,98|38|136|125|3|139|92|4,0|-37|116|4|38|-120|93|4,20|-1|116|4|38|-120|125|5,0|92|6|8|-37|116|4|38,0|93|6|8|-1|116|4|38,219|35591|2140|56072|1140|34854|2141|65288,-1,0,0,20,255,208
473,0,1,2,0,2,0,0,0,8|8|255|116|4|38|136|125,98|98|92|12|8|219|116|4,0|0|93|12|8|-1|116|4,20|20|125|13|-117|92|14|8,-4|4|4|38|-120|93|14|8,0|0|4|38|-120|125|15|-117,218|218|1140|34854|4189|65288|1140|34854,-1,0,0,20,255,208
474,0,1,3,0,3,0,0,0,10|6|6|125|19|139|92|20,98|98|98|4|38|136|93|20,0|0|0|4|38|-120|125|21,20|20|20|8|-37|116|4|38,0|-8|8|8|-1|116|4|38,0|0|0|-125|-58|24|-127|-57,218|70|70|4329|10751|33751|6383|65113,-1,0,0,20,255,208
475,0,1,3,0,3,0,0,0,12|10|10|6|136|211|183|12,98|98|98|62|139|118|0|9,0|0|0|-125|-17|24|-2|-49,20|20|20|-59|52|-127|-57|32,0|-8|8|117|-31|-23|-11|1,0|0|0|0|116|3|-23|14,219|218|218|29928|9731|1416|60472|1140,-1,0,0,20,255,208
476,0,2,1,9,1,0,0,0,3|116|4|38|136|101|3|139,10|4|56|232|116|4|38|136,0|4|56|-20|116|4|38|-120,5|5|-117|68|6|56|-24|116,0|38|-120|69|6|56|-20|116,0|38|-120|101|7|-117|68|8,172|1140|34854|2117|60472|1140|34854|2405,0,0,0,0,255,112
477,0,2,2,9,2,0,0,0,4|4|11|139|68|12|56|232,10|10|38|136|69|12|56|236,-4|4|38|-120|101|13|-117|68,5|5|-24|116|4|38|-120|69,0|0|-20|116|4|38|-120|101,0|0|68|16|56|-24|116|4,172|172|60472|1140|34854|4453|17547|14354,0,0,0,0,255,112
478,0,2,4,9,4,0,0,0,5|5|5|5|116|4|38|136,10|10|10|10|116|4|38|136,0|0|-1|1|22|56|-24|116,5|5|5|5|22|56|-20|116,-4|4|-6|6|23|-125|-58|24,0|0|0|0|-2|-55|116|3,172|172|172|172|29903|59651|65242|50563,0,0,0,0,255,112
479,0,2,5,9,5,0,0,0,6|6|6|6|6|102|165|1,10|10|10|10|10|165|1|199,0|0|0|-1|1|1|-57|-120,5|5|5|5|5|-57|-120|-47,0|4|-4|-6|6|-120|-47|-13,0|0|0|0|0|-47|-13|102,172|172|172|172|172|53640|26355|421,0,0,0,0,255,112
480,0,2,7,9,7,0,0,0,7|7|7|7|7|7|7|209,10|10|10|10|10|10|10|243,0|0|0|-1|1|-2|2|102,5|5|5|5|5|5|5|-91,0|4|-4|-6|6|-8|8|1,0|0|0|0|0|0|0|-57,172|172|172|172|172|172|172|53640,0,0,0,0,255,112
481,0,2,8,9,8,0,0,0,8|8|8|8|8|8|8|8,10|10|10|10|10|10|10|10,0|0|0|-1|1|-2|2|0,6|5|5|5|5|5|5|7,0|4|-4|-6|6|-8|8|0,0|0|0|0|0|0|0|8,172|172|172|172|172|172|172|172,0,0,0,0,255,112
482,0,4,1,0,1,0,0,0,3|208|193|226|2|1|194|136,105|30|142|30|20|22|183|12,0|-19|2|62|-117|118|0|9,7|117|3|-23|-12|0|-120|-39,0|4|56|-24|116|3|38|-120,0|56|-20|116|4|38|-120|101,185|580|59448|1140|34854|581|60472|1140,0,0,0,26,255,208
483,0,2,1,0,1,0,0,0,4|116|4|38|136|101|5|139,103|6|56|232|116|4|38|136,0|6|56|-20|116|4|38|-120,7|7|-117|68|8|56|-24|116,0|38|-120|69|8|56|-20|116,0|38|-120|101|9|-117|68|10,204|1140|34854|2629|60472|1140|34854|2917,0,0,0,26,255,208
484,0,2,3,0,3,0,0,0,8|3|3|139|68|14|56|232,103|105|105|136|69|14|56|236,0|-1|1|-120|101|15|-117|68,7|7|7|116|4|38|-120|69,0|-4|4|116|4|38|-120|101,0|0|0|18|56|-24|116|4,204|185|185|1140|34854|4965|17547|14356,0,0,0,26,255,208
485,0,2,3,0,3,0,0,0,8|8|8|232|116|4|38|136,103|103|103|236|116|4|38|136,0|0|0|-58|24|-127|-57|64,7|6|6|116|3|-23|16|-1,0|-9|9|-17|24|-2|-49|116,0|0|0|-2|31|93|-2|14,204|204|204|41494|5702|16011|5638|15875,0,0,0,26,255,208
486,0,2,4,0,4,0,0,0,8|8|8|8|62|6|22|201,103|103|103|103|128|62|71|22,0|0|0|0|62|12|22|2,7|7|6|6|70|22|1|117,-4|4|-14|14|22|1|0|-21,0|0|0|0|12|22|85|-65,204|204|204|204|5674|11779|5696|1678,0,0,0,26,255,208
487,0,2,4,0,4,0,0,0,8|8|8|8|193|224|3|137,103|103|103|103|216|137|202|193,0|0|0|0|-63|-30|2|1,7|7|6|6|-125|-19|2|62,-4|4|-14|14|-10|116|51|1,0|0|0|0|-118|28|8|-37,204|204|204|204|4067|35366|32813|4069,0,0,0,26,255,208
488,0,3,1,0,1,0,0,0,2|199|40|1|254|201|117|209,255|215|131|239|24|89|254|205,0|-71|1|-41|-127|-57|32|1,-4|-59|24|-125|-59|28|-78|6,0|-45|-73|12|-125|-19|2|62,0|118|0|9|-10|117|21|-125,126|53246|61045|50563|33076|8391|65060|30155,1,0,0,16,255,208
489,0,3,2,0,2,0,0,0,2|2|116|22|136|196|128|228,255|255|15|38|138|45|128|229,0|0|-24|-48|-24|8|-60|38,-4|-4|70|71|-2|-54|117|-34,0|0|40|1|-2|-55|117|-44,0|0|24|35|-2|-49|117|-92,126|126|8391|65060|30155|60311|45635|45340,1,0,0,16,255,208
490,0,3,2,0,2,0,0,0,4|4|208|232|8|196|38|136,255|255|71|254|201|117|226|129,0|0|1|-2|-54|117|-40|-127,-4|-4|35|-2|-49|116|3|-23,0|0|-125|-59|52|-127|-57|32,0|0|-53|116|3|-23|82|-1,214|214|3627|5638|23410|35137|49610|1762,1,0,0,16,255,208
491,0,3,4,0,4,0,0,0,5|5|2|2|139|118|0|9,255|255|255|255|136|217|183|24,0|0|0|0|116|22|-120|-60,-4|-4|-4|-4|15|38|-118|45,0|0|-8|8|-24|-48|-24|8,0|0|0|0|70|71|-2|-49,214|214|126|126|54389|10587|33751|6383,1,0,0,16,255,208
492,0,3,6,0,6,0,0,0,10|10|5|5|2|2|3|62,255|255|255|255|255|255|12|131,0|0|0|0|0|0|-125|46,-3|-3|-4|-4|-5|-5|22|-55,-6|6|-3|3|-8|8|126|6,0|0|0|0|0|0|0|-75,214|214|214|214|126|126|34831|49348,1,0,0,16,255,208
493,0,3,8,0,8,0,0,0,12|12|8|8|8|8|6|6,255|255|255|255|255|255|255|255,0|0|0|0|0|0|0|0,-3|-3|-4|-4|-5|-5|-6|-6,-6|6|-3|3|-10|10|-12|12,0|0|0|0|0|0|0|0,214|214|214|214|214|214|126|126,1,0,0,16,255,208
494,0,8,1,0,1,0,0,0,128|127|164|0|160|121|164|162,255|164|128|62|127|164|0|117,0|-128|62|122|-92|0|117|10,0|6|126|-92|0|-58|6|122,0|-99|-128|126|8|-99|116|44,0|-118|78|8|-64|-31|4|-120,57|6174|48891|24|47282|33974|1163|3877,1,0,0,7,6,208
495,0,9,2,0,2,0,0,0,128|128|231|31|128|126|6|157,255|255|30|138|94|6|142|30,0|0|-66|24|0|-78|-72|-74,-1|-1|4|-119|-63|-127|-31|-16,9|-9|15|15|0|-40|60|31,0|0|40|-64|-21|6|60|15,57|57|56320|64640|29215|10244|60388|32775,1,0,0,7,6,208
496,0,9,2,0,2,0,0,0,113|113|198|56|254|202|117|191,255|255|202|4|0|85|137|229,0|0|22|11|6|76|22|117,-1|-1|0|106|1|106|4|-102,9|-9|-17|0|-93|72|22|-1,0|0|22|-102|-75|68|-17|0,76|76|19478|50198|19006|35862|41920|5710,1,0,0,7,6,208
497,0,9,2,0,2,0,0,0,114|114|6|80|22|1|128|62,255|255|0|116|3|232|173|255,0|0|-56|2|0|0|-60|62,-1|-1|-116|-64|-93|-84|-92|-128,9|-9|-92|0|117|3|-23|-43,0|0|-38|-114|6|-84|-92|-114,95|95|58879|4025|35087|35326|49659|2795,1,0,0,7,6,208
498,0,9,4,0,4,0,0,0,114|114|128|128|139|132|64|1,255|255|255|255|38|139|132|192,0|0|0|0|-61|-64|-21|2,-1|-1|-2|-2|-61|112|112|38,9|-9|16|-16|2|-125|-17|2,0|0|0|0|1|-37|38|-117,95|95|57|57|33931|65216|51233|49921,1,0,0,7,6,208
499,0,9,6,0,6,0,0,0,114|114|128|128|128|128|203|1,255|255|255|255|255|255|33|200,0|0|0|0|0|0|-2|33,-1|-1|-2|-2|0|0|-64|-17,9|-9|16|-16|30|-30|-119|29,0|0|0|0|0|0|-117|28,95|95|57|57|57|57|9923|33931,1,0,0,7,6,208
500,0,3,1,0,1,0,0,0,149|137|29|78|131|239|2|114,255|233|61|255|142|218|201|203,0|-119|-27|-55|-53|10|84|89,6|73|65|78|46|83|72|80,0|-124|0|0|-115|-66|126|-1,0|87|-65|111|9|14|87|-102,241|567|48781|65406|22294|33983|7702|27223,0,0,0,10,255,208
501,0,4,1,0,1,0,0,0,150|22|137|134|124|255|184|1,98|59|134|124|255|119|51|137,0|-2|-21|3|-1|70|-2|-115,6|126|-1|22|87|-117|126|-2,0|-25|2|-127|-57|80|22|30,0|106|4|49|-64|80|80|-102,241|615|37274|26373|35586|65094|34363|65404,0,0,0,10,255,208
502,0,5,1,0,1,0,0,0,152|2|139|200|139|218|161|132,98|64|139|248|193|231|2|137,0|80|22|-119|-99|82|22|-115,6|126|-1|22|87|-102|-48|11,0|2|-102|-111|5|103|2|-55,0|85|-119|-27|-24|81|-1|-55,241|58761|52169|2760|0|32395|13828|34187,0,0,0,10,255,208
503,0,5,1,0,1,0,0,0,153|3|255|70|252|139|70|252,98|224|139|240|209|224|1|240,0|126|4|3|-8|-127|-57|108,6|22|7|38|-117|5|59|70,0|115|15|38|-117|5|38|3,0|2|64|59|70|6|118|2,241|18059|15356|64070|51317|18059|35324|65094,0,0,0,10,255,208
504,0,5,2,0,2,0,0,0,152|152|59|70|6|117|3|233,98|98|139|70|6|54|137|133,0|0|-127|-57|-16|-14|22|87,6|6|6|72|49|-46|-71|16,-7|7|-37|-102|110|14|103|2,0|0|11|-125|-46|0|82|80,241|241|39426|1425|615|32395|33028|61639,0,0,0,10,255,208
505,0,5,3,0,3,0,0,0,152|152|153|238|242|22|87|154,98|98|98|2|154|145|5|103,0|0|0|4|-127|-57|-16|-14,6|6|6|126|4|-127|-57|-18,-9|9|0|106|2|-117|126|4,6|6|0|-14|22|87|-102|58,241|241|241|615|32395|33028|61639|5874,0,0,0,10,255,208
506,0,5,1,3,1,0,0,0,2|252|209|224|80|129|199|238,255|22|87|154|58|12|103|2,0|-111|5|103|2|-117|126|4,8|-57|-16|-14|22|87|-117|126,0|54|-60|-67|-4|-2|6|87,0|126|4|54|-1|-75|-6|-4,153|62190|22294|15002|26380|39426|1425|615,0,0,0,2,255,0
507,0,5,2,3,2,0,0,0,2|2|24|251|30|142|30|136,255|255|237|235|7|128|233|128,-2|2|1|-49|-118|12|70|-29,8|8|-55|124|-16|-13|-92|-118,0|0|8|-55|124|-25|127|-11,0|0|70|-84|-13|-86|-118|12,153|153|31945|60374|44516|49161|1150|50945,0,0,0,2,255,0
508,0,4,2,3,4,0,0,0,2|2|2|2|164|73|209|233,255|255|255|255|40|237|235|180,-2|2|-1|1|-9|-128|-19|64,7|7|8|8|-57|1|0|116,0|0|0|0|-23|114|4|-13,0|0|0|0|-85|-86|-21|-36,153|153|153|153|4|3272|0|18059,0,0,0,2,255,0
509,0,4,2,3,6,0,0,0,2|2|2|2|2|2|70|244,255|255|255|255|255|255|119|34,-2|2|-4|4|-1|1|70|-4,7|7|5|5|8|8|126|4,0|0|0|0|0|0|-4|1,0|0|0|0|0|0|70|-12,153|153|153|153|153|153|18057|35832,0,0,0,2,255,0
510,0,4,3,3,6,0,0,0,2|2|2|2|2|2|7|38,255|255|255|255|255|255|126|247,-2|2|0|-1|1|0|54|-60,7|7|9|7|7|9|-117|70,0|0|0|0|0|0|38|-117,0|0|0|0|0|0|-4|37,153|153|153|153|153|153|17921|60408,0,0,0,2,255,0
511,0,3,2,3,8,0,0,0,2|2|2|2|2|2|2|2,255|255|255|255|255|255|255|255,0|0|1|-1|2|-2|3|-3,9|9|8|8|7|7|6|6,6|-6|6|-6|6|-6|6|-6,0|0|0|0|0|0|0|0,153|153|153|153|153|153|153|153,0,0,0,2,255,0
512,0,4,4,3,8,0,0,0,2|2|2|2|2|2|2|2,255|255|255|255|255|255|255|255,0|0|1|-1|2|-2|3|-3,9|9|8|8|7|7|6|6,6|-6|6|-6|6|-6|6|-6,0|0|0|0|0|0|0|0,153|153|153|153|153|153|153|153,0,0,0,2,255,0
513,0,4,6,3,8,0,0,0,2|2|2|2|2|2|2|2,255|255|255|255|255|255|255|255,0|0|1|-1|2|-2|3|-3,9|9|8|8|7|7|6|6,6|-6|6|-6|6|-6|6|-6,0|0|0|0|0|0|0|0,153|153|153|153|153|153|153|153,0,0,0,2,255,0
514,0,5,8,3,8,0,0,0,2|2|2|2|2|2|2|2,255|255|255|255|255|255|255|255,0|0|1|-1|2|-2|3|-3,9|9|8|8|7|7|6|6,6|-6|6|-6|6|-6|6|-6,0|0|0|0|0|0|0|0,153|153|153|153|153|153|153|153,0,0,0,2,255,0
515,0,4,8,3,8,0,0,0,2|2|2|2|2|2|2|2,255|255|255|255|255|255|255|255,0|0|1|-1|2|-2|3|-3,9|9|8|8|7|7|6|6,6|-6|6|-6|6|-6|6|-6,0|0|0|0|0|0|0|0,153|153|153|153|153|153|153|153,0,0,0,2,255,0
516,0,3,8,3,8,0,0,0,2|2|2|2|2|2|2|2,255|255|255|255|255|255|255|255,0|0|1|-1|2|-2|3|-3,9|9|8|8|7|7|6|6,6|-6|6|-6|6|-6|6|-6,0|0|0|0|0|0|0|0,153|153|153|153|153|153|153|153,0,0,0,2,255,0
517,0,4,2,3,2,0,0,0,2|2|199|240|242|22|87|139,255|255|254|209|224|139|240|209,-6|6|-16|-117|126|4|3|-8,2|2|108|-10|22|87|106|6,0|0|4|-127|-57|-18|-14|22,0|0|58|12|103|2|-102|-111,153|153|65214|254|29953|51647|1730|51200,0,0,0,2,255,0
518,0,4,2,3,2,0,0,0,2|2|170|145|48|237|243|164,255|255|138|70|6|136|134|243,-5|5|-66|0|-1|22|87|85,3|3|-3|49|-64|-119|-122|-12,0|0|4|-1|-122|-12|-4|-1,0|0|-4|85|-24|7|-5|-117,153|153|22147|33266|62654|38652|29952|39652,0,0,0,2,255,0
519,0,4,2,3,4,0,0,0,2|2|2|2|104|0|3|154,255|255|255|255|198|6|210|149,-7|7|-5|5|-107|0|-58|6,1|1|3|3|-46|-107|30|87,0|0|0|0|2|-118|70|10,0|0|0|0|-118|-125|86|-14,153|153|153|153|31366|35836|31894|11772,0,0,0,2,255,0
520,0,4,2,3,6,0,0,0,2|2|2|2|2|2|244|252,255|255|255|255|255|255|138|134,-7|7|-5|5|-7|7|-30|-102,1|1|3|3|-1|-1|-12|-4,0|0|0|0|0|0|122|-4,0|0|0|0|0|0|0|-125,153|153|153|153|153|153|54075|1660,0,0,0,2,255,0
521,0,4,2,3,6,0,0,0,2|2|2|2|2|2|159|250,255|255|255|255|255|255|249|154,-7|7|-5|5|-8|8|116|12,1|1|3|3|2|2|85|-24,0|0|0|0|0|0|-12|-4,0|0|0|0|0|0|85|-24,153|153|153|153|153|153|58761|32452,0,0,0,2,255,0
522,0,20,1,3,1,0,0,0,187|126|10|49|192|38|137|5,255|137|69|2|201|202|8|0,0|4|0|0|-117|70|14|72,2|-64|15|64|-117|-8|-118|-123,0|109|48|-28|-119|70|-4|-117,0|-4|-47|-25|-117|-123|40|6,153|33790|64638|30215|41234|28284|32452|9738,0,0,0,2,255,0
523,0,20,7,3,7,0,0,0,187|2|2|2|2|2|2|26,255|255|255|255|255|255|255|163,0|-7|7|-5|5|-8|8|109,2|1|1|3|3|2|2|62,0|0|0|0|0|0|0|64,0|0|0|0|0|0|0|116,153|153|153|153|153|153|153|41213,0,0,0,2,255,0
524,0,30,1,3,1,0,0,0,187|48|228|163|228|163|128|126,255|0|116|21|138|70|253|48,0|5|8|0|-117|-8|-118|-123,2|109|48|-28|-93|28|-92|-21,0|-96|-15|-93|48|-28|107|-64,0|-60|62|78|-31|3|-8|38,153|12325|41956|42012|32384|255|7540|61856,0,0,0,2,255,0
525,0,30,7,3,7,0,0,0,187|2|2|2|2|2|2|206,255|255|255|255|255|255|255|228,0|-7|7|-5|5|-8|8|3,2|1|1|3|3|2|2|109,0|0|0|0|0|0|0|118,0|0|0|0|0|0|0|-2,153|153|153|153|153|153|153|18056,0,0,0,2,255,0
526,0,20,7,3,7,0,0,0,187|2|2|2|2|2|2|7,255|255|255|255|255|255|255|48,0|-7|7|-5|5|-8|8|-123,-3|1|1|3|3|2|2|-21,0|0|0|0|0|0|0|6,0|0|0|0|0|0|0|-93,153|153|153|153|153|153|153|1734,1,0,0,2,255,0
527,0,15,7,3,7,0,0,0,187|2|2|2|2|2|2|162,255|255|255|255|255|255|255|117,0|-7|7|-5|5|-8|8|-57,-1|1|1|3|3|2|2|54,0|0|0|0|0|0|0|-10,0|0|0|0|0|0|0|11,153|153|153|153|153|153|153|14342,1,0,0,2,255,0
528,0,5,1,3,1,0,0,0,2|163|48|228|107|192|82|196,255|66|225|3|248|38|138|69,0|48|-28|-93|-94|109|-21|23,8|-25|-93|48|-28|107|-64|82,0|62|66|-31|3|-8|38|-118,0|31|48|-28|-93|-94|109|-55,153|58761|16000|42112|29696|26713|270|15466,0,0,0,2,255,0
529,0,4,3,3,6,0,0,0,2|2|2|2|2|2|103|2,255|255|255|255|255|255|104|144,-2|2|0|-1|1|0|104|14,7|7|9|7|7|9|-92|-104,0|0|0|0|0|0|-71|-128,0|0|0|0|0|0|76|-102,153|153|153|153|153|153|39424|1058,0,0,0,2,255,0
530,0,5,8,3,8,0,0,0,2|2|2|2|2|2|2|2,255|255|255|255|255|255|255|255,0|0|1|-1|2|-2|3|-3,9|9|8|8|7|7|6|6,6|-6|6|-6|6|-6|6|-6,0|0|0|0|0|0|0|0,153|153|153|153|153|153|153|153,0,0,0,2,255,0
531,0,3,8,3,8,0,0,0,2|2|2|2|2|2|2|2,255|255|255|255|255|255|255|255,0|0|1|-1|2|-2|3|-3,9|9|8|8|7|7|6|6,6|-6|6|-6|6|-6|6|-6,0|0|0|0|0|0|0|0,153|153|153|153|153|153|153|153,0,0,0,2,255,0
532,0,15,1,3,1,0,0,0,187|154|172|20|103|2|154|204,255|103|2|80|104|224|0|154,0|4|55|2|-21|18|104|51,-1|104|-62|0|-1|54|28|-92,0|-32|0|-102|34|4|55|2,0|-53|85|-119|-27|-125|126|8,153|33137|2174|190|27261|55436|49294|61631,1,0,0,2,255,0
533,0,30,7,3,7,0,0,0,187|2|2|2|2|2|2|94,255|255|255|255|255|255|255|227,0|-7|7|-5|5|-8|8|126,2|1|1|3|3|2|2|15,0|0|0|0|0|0|0|0,0|0|0|0|0|0|0|6,153|153|153|153|153|153|153|34818,0,0,0,2,255,0
534,0,3,1,3,1,0,0,0,2|137|68|6|201|202|6|0,255|2|0|0|131|126|6|0,0|3|-23|1|1|-128|126|12,8|116|78|-117|70|8|45|6,0|80|-117|70|6|45|14|0,0|106|2|-102|-124|19|7|2,153|1288|6|35664|1606|3629|20480|1130,0,0,0,2,255,0
535,0,10,2,0,2,0,0,0,166|166|132|19|7|2|139|70,255|255|6|0|80|255|118|6,0|0|-102|-124|19|7|2|-21,7|7|70|8|45|6|0|80,0|0|6|45|14|0|80|106,0|0|-124|19|7|2|-117|70,90|90|35664|1606|3629|20480|2410|33946,0,0,0,14,6,208
536,0,3,1,0,1,0,0,0,2|19|7|2|139|70|8|5,255|0|80|255|118|6|106|10,0|-124|19|7|2|-117|70|8,8|-102|109|-117|70|6|-93|-100,0|-128|126|10|10|118|11|-128,0|10|10|-58|6|-110|109|1,160|1734|28050|35328|2654|56072|14452|58047,0,0,0,5,255,96
537,0,2,1,0,1,0,0,0,2|41|206|137|240|193|230|2,255|198|1|198|129|198|246|108,0|4|2|-95|-102|109|-119|68,8|-117|30|-100|109|-119|92|3,0|-110|109|-120|68|5|-55|-54,0|0|85|-119|-27|-128|62|-128,160|8309|3688|26625|137|5736|40961|42006,0,0,0,5,255,96
538,0,4,2,0,2,0,0,0,2|2|235|36|104|14|1|106,255|255|22|1|106|60|106|0,0|0|13|55|2|104|14|1,8|8|0|104|22|1|104|-62,-8|8|0|-102|117|13|55|2,0|0|-128|-92|0|117|31|104,160|160|26624|315|7329|53668|35808|47312,0,0,0,5,255,96
539,0,3,2,0,2,0,0,0,2|2|16|104|59|1|106|60,255|255|154|117|13|55|2|104,0|0|104|-106|0|104|59|1,8|8|0|106|0|-102|117|13,-8|8|-55|-53|-56|2|0|0,0|0|-1|0|-58|6|15|24,160|160|58416|53387|32452|9734|1418|15256,0,0,0,5,255,96
540,0,4,3,0,3,0,0,0,2|2|2|128|126|30|0|118,255|255|255|30|48|228|196|126,0|0|0|5|126|61|38|-118,8|8|8|30|49|-64|38|-119,-10|10|0|18|38|-128|61|0,5|5|-5|62|-98|-92|0|117,160|160|160|50726|5|32452|9742|1478,0,0,0,5,255,96
541,0,3,3,0,3,0,0,0,2|2|2|138|70|30|48|228,255|255|255|38|41|5|198|6,0|0|0|-23|11|1|-118|70,8|8|8|6|38|40|5|-128,-10|10|0|0|117|5|-58|6,5|5|-5|-60|126|26|38|-117,160|160|160|5758|35622|11525|12|27216,0,0,0,5,255,96
542,0,4,4,0,4,0,0,0,2|2|2|2|139|5|45|12,255|255|255|255|154|132|19|7,0|0|0|0|38|-117|5|5,8|8|8|8|126|22|38|-117,-15|15|-8|8|80|106|16|-102,5|5|-5|-5|-60|126|26|38,160|160|160|160|9750|1419|3117|20480,0,0,0,5,255,96
543,0,5,5,0,5,0,0,0,2|2|2|2|2|139|5|64,255|255|255|255|255|132|19|7,0|0|0|0|0|-117|5|5,8|8|8|8|8|22|38|-117,-20|20|-12|12|0|19|-102|-124,8|8|-2|-2|-6|26|38|-117,160|160|160|160|160|1285|16|27216,0,0,0,5,255,96
544,0,5,6,0,6,0,0,0,2|2|2|2|2|2|5|16,255|255|255|255|255|255|19|7,0|0|0|0|0|0|5|5,8|8|8|8|8|8|38|-117,-24|24|-18|18|-12|12|22|-102,8|8|-2|-2|-6|-6|-70|81,160|160|160|160|160|160|4853|519,0,0,0,5,255,96
545,0,6,7,0,7,0,0,0,2|2|2|2|2|2|2|70,255|255|255|255|255|255|255|69,0|0|0|0|0|0|0|48,8|8|8|8|8|8|8|0,-24|24|-18|18|-12|12|0|116,8|8|-2|-2|-6|-6|-8|-8,160|160|160|160|160|160|160|41946,0,0,0,5,255,96
546,0,6,8,0,8,0,0,0,2|2|2|2|2|2|2|2,255|255|255|255|255|255|255|255,0|0|0|0|0|0|0|0,8|8|8|8|8|8|8|8,-24|24|-18|18|-12|12|-5|5,8|8|-2|-2|-6|-6|-8|-8,160|160|160|160|160|160|160|160,0,0,0,5,255,96
547,0,2,1,0,2,0,0,0,2|2|54|86|108|255|54|32,255|255|54|34|226|196|126|252,-6|6|117|35|-117|126|4|54,6|6|14|80|-102|15|31|7,-6|6|40|3|60|2|117|120,0|0|-109|109|1|-21|4|-2,159|161|28051|58416|63627|48512|20927|29952,0,0,0,5,255,96
548,0,3,2,0,2,0,0,0,2|2|126|248|140|70|250|161,255|255|38|59|5|126|6|38,-6|6|4|-21|15|-95|112|108,6|6|-8|38|59|5|125|4,-6|6|69|4|-95|114|108|-60,0|0|38|59|69|2|126|6,159|161|4331|29345|50284|63614|15142|581,0,0,0,5,255,96
549,0,3,2,0,4,0,0,0,2|2|2|2|198|6|124|89,255|255|255|255|164|100|198|6,-6|6|-7|7|-106|2|60|4,6|6|5|5|0|-58|6|-109,-6|6|-6|6|-2|6|-109|109,0|0|0|0|-28|-117|-8|-128,159|161|159|161|12397|35812|49656|2023,0,0,0,5,255,96
550,0,3,3,0,3,0,0,0,2|2|2|15|24|0|116|87,255|255|255|48|228|139|248|193,-6|6|0|-57|-74|23|30|7,6|6|-8|-116|70|-6|-95|112,-6|6|0|69|1|126|6|38,0|0|0|-21|16|-95|112|108,159|161|160|32001|9732|19966|41221|27762,0,0,0,5,255,96
551,0,3,4,0,4,0,0,0,2|2|2|2|248|38|59|69,255|255|255|255|254|77|6|128,-6|6|0|0|116|3|-23|107,6|6|-8|-8|60|5|116|31,-6|6|-8|8|60|7|116|23,0|0|0|0|60|9|116|15,159|161|160|160|4156|884|16105|33537,0,0,0,5,255,96
552,0,4,5,0,5,0,0,0,2|2|2|2|2|198|6|200,255|255|255|255|255|89|0|38,-6|6|6|-6|0|117|19|-58,6|6|-6|-6|-8|6|-60|109,-6|6|6|-6|0|50|0|-23,0|0|0|0|0|27|-58|6,159|161|159|161|160|12452|27620|6592,0,0,0,5,255,96
553,0,4,6,0,6,0,0,0,2|2|2|2|2|2|3|160,255|255|255|255|255|255|10|5,-6|6|6|-6|0|0|6|124,6|6|-6|-6|-8|-8|100|-58,-6|6|6|-6|-8|8|0|60,0|0|0|0|0|0|109|-99,159|161|159|161|160|160|41728|22910,0,0,0,5,255,96
554,0,4,7,0,7,0,0,0,2|2|2|2|2|2|2|224,255|255|255|255|255|255|255|6,-6|6|6|-6|0|0|0|117,6|6|-6|-6|-8|-8|-8|6,-6|6|6|-6|-12|12|0|-28,0|0|0|0|0|0|4|126,159|161|159|161|160|160|160|28099,0,0,0,5,255,96
555,0,5,8,0,8,0,0,0,2|2|2|2|2|2|2|2,255|255|255|255|255|255|255|255,-6|6|6|-6|0|0|0|0,6|6|-6|-6|-8|-8|-8|-8,-6|6|6|-6|-16|16|-10|10,0|0|0|0|0|0|4|4,159|161|159|161|160|160|160|160,0,0,0,5,255,96
556,0,6,8,0,8,0,0,0,2|2|2|2|2|2|2|2,255|255|255|255|255|255|255|255,-6|6|6|-6|0|0|0|0,6|6|-6|-6|-8|-8|-8|8,-6|6|6|-6|-16|16|0|0,0|0|0|0|0|0|4|-4,159|161|159|161|160|160|160|160,0,0,0,5,255,96
557,0,6,8,0,8,0,0,0,2|2|2|2|2|2|2|2,255|255|255|255|255|255|255|255,-6|6|6|-6|0|0|-6|6,6|6|-6|-6|-8|-8|8|8,-6|6|6|-6|-16|16|0|0,0|0|0|0|0|0|-4|-4,159|161|159|161|160|160|159|161,0,0,0,5,255,96
558,0,3,1,0,1,0,0,0,2|119|3|233|234|0|128|62,255|164|0|116|3|233|224|0,0|62|126|89|0|116|3|-23,8|0|-96|-109|109|48|-28|107,0|37|-60|62|90|-31|3|-8,0|-118|69|33|-94|-108|109|-58,160|365|16000|28052|30464|59651|136|16000,0,0,0,5,255,96
559,0,4,2,0,2,0,0,0,2|2|152|59|194|124|8|160,255|255|38|40|5|235|5|198,0|0|109|0|-21|96|-128|62,8|8|98|117|29|-60|126|6,-8|8|61|4|125|5|-58|6,0|0|0|-60|126|6|38|-118,160|160|50726|5|15595|16000|28052|30051,0,0,0,5,255,96
560,0,4,4,0,4,0,0,0,2|2|2|2|33|128|46|148,255|255|255|255|109|48|228|196,0|0|0|0|5|125|10|-96,8|8|8|8|38|41|5|-21,-15|15|-8|8|109|0|-128|62,5|5|-5|-5|8|-96|-109|109,160|160|160|160|58416|63627|34246|5799,0,0,0,5,255,96
561,0,5,5,0,5,0,0,0,3|3|3|3|3|102|128|62,255|255|255|255|255|128|62|132,0|0|0|0|0|62|43|-30,8|8|8|8|8|44|-30|0,-20|20|-12|12|0|81|0|-128,8|8|-2|-2|-6|28|-128|62,160|160|160|160|160|3701|16000|57900,0,0,0,5,255,96
562,0,6,7,0,7,0,0,0,4|4|4|4|4|4|4|20,255|255|255|255|255|255|255|198,0|0|0|0|0|0|0|80,8|8|8|8|8|8|8|89,-24|24|-18|18|-12|12|0|-58,8|8|-2|-2|-6|-6|-8|89,160|160|160|160|160|160|160|30782,0,0,0,5,255,96
563,0,6,8,0,8,0,0,0,6|6|6|6|6|6|6|6,255|255|255|255|255|255|255|255,0|0|0|0|0|0|0|0,8|8|8|8|8|8|8|8,-24|24|-18|18|-12|12|-5|5,8|8|-2|-2|-6|-6|-8|-8,160|160|160|160|160|160|160|160,0,0,0,5,255,96
564,0,3,1,1,1,0,0,0,2|129|89|255|160|129|89|0,255|122|164|106|6|154|89|25,0|2|49|-46|-117|-56|-117|-38,8|-60|109|-104|-103|59|-45|127,0|125|3|-23|-73|0|59|-63,0|3|-23|-80|0|49|-64|-93,157|16000|28104|29696|32810|10814|164|8565,0,0,0,5,255,96
565,0,2,1,0,1,0,0,0,1|54|34|226|255|54|198|109,255|70|14|80|154|15|31|7,0|-21|43|106|0|106|9|104,10|1|-102|89|25|103|2|80,0|-76|0|-102|89|25|103|2,0|-1|54|32|-30|-1|54|34,58|50742|35437|3654|39504|7951|519|16000,0,0,0,8,255,208
566,0,3,2,0,2,0,0,0,1|1|2|72|72|139|62|182,255|255|231|6|137|133|78|89,-1|1|-102|89|25|103|2|72,9|9|62|-74|109|-63|-25|6,-4|4|80|89|-117|62|-74|109,0|0|6|-125|-67|80|89|0,58|58|28086|59329|65286|20613|65369|32270,0,0,0,8,255,208
567,0,2,2,0,2,0,0,0,1|1|109|0|116|7|198|6,255|255|15|235|5|198|6|42,-1|1|49|-64|-93|126|89|-96,9|9|58|6|-61|109|117|15,-4|4|120|-92|-99|-58|6|122,0|0|-58|6|125|-92|0|-128,58|58|887|35049|40960|22908|58416|6445,0,0,0,8,255,208
568,0,3,3,0,3,0,0,0,1|1|1|48|228|139|208|161,255|255|255|7|0|43|194|80,-1|1|0|-109|109|48|-28|-117,9|9|10|108|5|7|0|3,-4|4|0|-72|0|-102|113|30,0|0|0|-109|109|48|-28|-117,58|58|58|11008|18626|20552|106|37792,0,0,0,8,255,208
569,0,2,3,0,3,0,0,0,1|1|1|154|113|30|55|2,255|255|255|89|160|124|89|48,-1|1|0|5|0|-9|-7|-110,9|9|10|5|-58|6|-46|107,-4|4|0|10|0|-56|14|0,0|0|0|20|39|118|3|-23,58|58|58|16068|57666|63491|32393|36092,0,0,0,8,255,208
570,0,2,3,0,3,0,0,0,1|1|2|214|5|107|70|8,255|255|255|70|225|3|248|137,-1|1|0|70|-6|-60|126|-4,9|9|10|80|49|-46|-117|-56,-4|4|0|-32|-93|-103|59|-45,0|0|0|3|-23|-84|5|59,58|58|59|32452|9980|17803|10576|57350,0,0,0,8,255,208
571,0,3,3,0,3,0,0,0,2|2|1|228|139|248|138|133,255|255|255|228|139|248|136|149,-1|1|0|126|-8|38|-118|69,9|9|10|-119|70|-10|-72|1,-4|4|0|-10|118|3|-23|98,0|0|0|109|-21|4|-1|6,59|59|58|36031|47467|71|35145|10442,0,0,0,8,255,208
572,0,3,3,0,3,0,0,0,2|2|2|109|0|127|3|233,255|255|255|62|182|109|193|231,-1|1|0|74|89|30|7|-119,9|9|10|70|-12|-118|70|18,-4|4|0|-8|-118|-123|45|-92,0|0|0|38|58|69|6|116,59|59|59|63627|48512|42029|30216|35342,0,0,0,8,255,208
573,0,4,5,0,5,0,0,0,2|2|2|1|1|133|45|164,255|255|255|255|255|242|38|136,-2|2|0|-1|1|-119|69|28,8|8|10|9|9|125|76|0,-8|8|0|-2|2|-60|126|-14,0|0|0|0|0|126|-8|38,279|280|59|58|58|9920|17801|12557,0,0,0,8,255,208
574,0,4,5,0,5,0,0,0,2|2|3|1|1|69|21|49,255|255|255|255|255|233|149|0,-2|2|0|-1|1|69|76|-94,8|8|10|9|9|109|19|118,-8|8|0|-2|2|-28|-103|-71,0|0|0|0|0|-94|-107|109,279|280|60|58|58|5445|38304|12397,0,0,0,8,255,208
575,0,3,7,0,7,0,0,0,2|2|1|1|1|1|1|109,255|255|255|255|255|255|255|148,-2|2|0|-1|1|-1|1|69,8|8|10|9|9|9|9|-28,-8|8|0|-1|1|-7|7|-96,0|0|0|0|0|0|0|23,279|280|58|58|58|58|58|58416,0,0,0,8,255,208
576,0,15,1,0,1,0,0,11,112|69|19|255|255|196|126|248,255|138|69|78|196|126|242|38,0|69|25|-118|70|18|48|-28,-3|-8|-118|-123|45|-92|48|-28,0|126|-8|3|-8|38|-128|125,0|99|118|41|-118|70|18|48,171|35576|11653|12452|50404|63614|63491|35366,0,0,0,26,98,208
577,0,10,1,0,1,0,0,11,112|32|1|235|34|138|70|18,255|228|139|248|138|133|45|164,0|-28|-60|126|-8|3|-8|38,-3|69|9|-60|126|-14|38|-120,0|32|38|-58|69|34|0|-60,0|-8|38|-118|69|79|-60|126,171|17800|35361|4678|58416|63627|34186|42029,0,0,0,26,98,208
578,0,10,1,0,1,0,0,10,128|18|48|228|139|248|138|133,255|164|48|228|196|126|248|3,0|38|-118|69|41|-104|-103|-117,-3|-117|-38|-117|70|16|49|-46,0|-63|19|-45|-60|126|-14|38,0|5|-95|120|109|-103|-117|-56,171|18059|12558|978|5057|9939|17801|50178,0,0,0,26,98,208
579,0,10,2,0,2,0,0,10,112|112|248|38|138|69|75|152,255|255|242|38|137|69|8|138,0|0|48|-28|-117|-8|-118|-123,-3|-3|48|-28|-60|126|-8|3,-6|6|-118|69|25|-104|-60|126,0|0|-119|69|4|-118|70|18,171|171|34186|42029|58416|32452|1016|9976,0,0,0,26,98,208
580,0,10,2,0,2,0,0,9,128|128|69|25|0|198|6|148,255|255|138|70|18|48|228|139,0|0|-123|45|-92|48|-28|-47,-3|-3|126|-8|3|-8|38|-117,-6|6|-60|126|-14|38|-119|69,0|0|-125|125|26|0|117|11,171|171|34246|27531|60160|40971|28052|16011,0,0,0,26,98,208
581,0,10,3,0,3,0,0,9,128|128|112|18|160|148|109|48,255|255|255|0|64|196|126|242,-5|5|0|30|-21|15|-60|126,0|0|-3|69|4|64|-60|126,-5|5|0|69|30|-128|62|-108,0|0|-3|7|-128|62|-108|109,171|171|171|17963|41740|28024|16003|28024,0,0,0,26,98,208
582,0,10,4,0,4,0,0,9,128|128|112|112|5|0|161|120,255|255|255|255|38|1|69|4,-5|5|-3|3|99|116|7|-128,0|0|-3|-3|117|82|-118|70,-5|5|-3|3|-8|-118|-123|45,0|0|-3|-3|126|-8|3|-8,171|171|171|171|55947|18059|11022|2630,0,0,0,26,98,208
583,0,9,4,0,4,0,0,8,128|128|112|112|252|255|131|62,255|255|255|255|6|199|6|120,-5|5|-3|3|120|109|-60|126,0|0|-3|-3|6|-23|-118|0,-5|5|-3|3|-28|-117|-8|-118,0|0|-3|-3|-28|-60|126|-8,171|171|171|171|50193|62078|49201|35110,0,0,0,26,98,208
584,0,9,6,0,6,0,0,8,128|128|112|112|112|112|228|196,255|255|255|255|255|255|125|33,-5|5|-3|3|-3|3|48|-28,0|0|-3|-3|3|3|48|-28,-5|5|-3|3|-3|3|-118|69,0|0|-3|-3|3|3|-119|69,171|171|171|171|171|171|12306|35812,0,0,0,26,98,208
585,0,9,7,0,7,0,0,8,128|128|112|112|112|112|112|137,255|255|255|255|255|255|255|139,-5|5|-3|3|-3|3|0|-60,0|0|-3|-3|3|3|-4|25,-5|5|-3|3|-3|3|0|-28,0|0|-3|-3|3|3|-4|-28,171|171|171|171|171|171|171|17801,0,0,0,26,98,208
586,0,9,8,0,8,0,0,8,128|128|112|112|112|112|112|112,255|255|255|255|255|255|255|255,-5|5|-3|3|-3|3|0|0,0|0|-3|-3|3|3|-4|6,-5|5|-3|3|-3|3|0|0,0|0|-3|-3|3|3|-4|6,171|171|171|171|171|171|171|171,0,0,0,26,98,208
587,0,20,1,0,1,0,0,11,128|43|69|2|153|49|208|41,255|139|200|139|62|176|109|193,0|7|-117|-123|-73|23|-60|126,-3|38|43|5|-103|49|-48|41,0|3|-63|-93|-78|109|-95|-78,-3|59|6|-90|109|115|12|-95,19|42659|41069|28080|38306|33645|45118|25709,0,0,0,26,98,208
588,0,20,1,0,2,0,0,11,128|128|126|248|38|138|69|9,255|255|45|5|0|196|126|242,-3|3|69|38|-21|8|-60|126,-3|-3|-58|69|36|0|-60|126,-3|3|-118|85|2|-118|70|18,-3|-3|-117|-8|-120|-107|33|-92,19|19|63046|884|41961|51706|4298|11008,0,0,0,26,98,208
589,0,20,2,0,2,0,0,11,128|128|99|111|110|110|101|99,255|255|111|110|32|104|97|115,-3|3|105|109|101|100|32|111,-3|-3|46|70|89|111|117|32,-3|3|111|117|108|100|32|99,-3|-3|99|107|32|121|111|117,19|19|25956|12141|25966|30580|29295|8299,0,0,0,26,98,208
590,0,20,2,0,2,0,0,10,116|116|99|97|108|32|99|111,255|255|101|99|116|105|111|110,-3|3|74|40|77|97|107|101,-3|-3|117|114|101|32|98|111,-3|3|32|99|111|109|112|117,-3|-3|114|115|32|97|114|101,19|19|26478|29728|25960|29472|28001|8293,0,0,0,26,98,208
591,0,20,2,0,2,0,0,9,116|116|99|111|114|100|32|104,255|255|110|39|116|13|32|102,-4|4|108|101|110|32|111|117,-1|-1|41|35|80|114|101|115,-4|4|69|78|84|69|82|32,-1|-1|32|114|101|116|117|114,19|19|29728|25960|24864|25970|24942|7470,0,0,0,26,98,208
592,0,20,2,0,2,0,0,8,116|116|100|32|116|104|101|32,255|255|109|101|46|25|89|111,-4|4|104|97|118|101|32|101,0|0|116|101|100|32|116|104,-4|4|103|97|109|101|46|11,0|0|73|84|77|83|71|46,19|19|24931|27756|26173|27753|12389|12336,0,0,0,26,98,208
593,0,20,2,0,2,0,0,7,113|113|116|5|154|98|28|55,255|255|62|47|251|0|117|3,-4|4|0|-128|126|6|0|117,2|2|-107|0|-128|126|6|5,-4|4|-23|-116|0|-65|76|-4,2|2|-65|25|37|14|87|106,19|19|615|59802|26376|48898|64588|22302,0,0,0,26,98,208
594,0,20,4,0,4,0,0,8,128|128|128|128|30|87|154|233,255|255|255|255|76|252|30|87,-4|4|-2|2|87|106|0|-102,-2|-2|-4|-4|-102|-23|8|103,-4|4|-2|2|30|87|-65|-41,-2|-2|-4|-4|0|-102|13|10,19|19|19|19|64588|22302|59802|26376,0,0,0,26,98,208
595,0,20,4,0,4,0,0,7,116|116|128|128|8|103|2|191,255|255|255|255|154|169|8|103,-4|4|-2|2|-5|0|116|59,-2|-2|-4|-4|0|116|12|-65,-4|4|-2|2|-102|20|54|39,-2|-2|-4|-4|-128|-102|47|44,19|19|19|19|39552|11346|551|49160,0,0,0,26,98,208
596,0,15,2,0,4,0,0,7,114|114|114|114|1|154|225|36,255|255|255|255|154|225|36|39,-4|4|-2|2|-31|36|39|2,-2|-2|-4|-4|36|39|2|106,-4|4|-2|2|39|2|-95|90,-2|-2|-4|-4|-70|116|16|-1,19|19|19|19|4832|22682|26371|41218,0,0,0,26,98,208
597,0,20,4,0,4,0,0,6,114|114|114|114|3|103|2|161,255|255|255|255|232|22|116|16,-4|4|-2|2|-1|54|-26|22,-2|-2|-4|-4|88|3|103|2,-4|4|-2|2|6|-20|22|116,-2|-2|-4|-4|22|-1|54|-22,19|19|19|19|41218|5870|1547|5872,0,0,0,26,98,208
598,0,4,2,0,2,0,0,0,1|1|161|70|225|11|6|72,255|255|16|255|54|72|225|255,-10|10|-31|104|80|-31|-102|88,0|0|2|-95|82|-31|11|6,0|0|116|16|-1|54|84|-31,0|0|82|-31|104|98|6|-102,285|285|17057|3041|17414|29921|65296|17462,0,0,0,6,255,208
599,0,4,3,0,3,0,0,0,1|1|1|226|116|16|255|54,255|255|255|54|100|226|104|140,-10|10|0|3|103|2|-95|-114,0|0|-10|-112|113|116|16|-1,0|0|0|-1|54|-114|113|104,0|0|0|88|3|103|2|-95,285|285|285|4212|14079|32816|14079|32814,0,0,0,6,255,208
600,0,5,4,0,4,0,0,0,1|1|1|1|134|255|54|66,255|255|255|255|154|88|3|103,-10|10|-10|10|11|6|-74|-110,0|0|0|0|-74|-110|-1|54,0|0|0|0|69|-102|88|3,3|3|-4|-4|-5|11|6|2,285|285|285|285|54|27387|39679|856,0,0,0,6,255,208
601,0,5,4,0,4,0,0,0,1|1|1|1|3|1|154|88,255|255|255|255|86|225|11|6,-10|10|0|0|-1|54|88|-31,0|0|-10|10|104|-105|1|-102,0|0|0|0|-95|90|-31|11,0|0|0|0|16|-1|54|92,285|285|285|285|22682|26371|41218|27634,0,0,0,6,255,208
602,0,5,6,0,6,0,0,0,1|1|1|1|1|1|2|161,255|255|255|255|255|255|116|17,-10|10|-10|10|0|0|44|108,0|0|0|0|-10|10|16|7,0|0|0|0|0|0|-4|107,3|3|-4|-4|0|0|87|-95,285|285|285|285|285|285|28278|1547,0,0,0,6,255,208
603,0,5,4,0,8,0,0,0,2|2|1|1|2|2|2|2,255|255|255|255|255|255|255|255,-10|10|0|0|-10|10|-10|10,0|0|-10|10|0|0|0|0,0|0|0|0|0|0|0|0,0|0|0|0|-8|-10|8|8,170|170|285|285|170|170|170|170,0,0,0,6,255,208
604,0,5,5,0,5,0,0,0,2|2|2|2|1|107|11|6,255|255|255|255|255|230|107|30,-10|10|-10|10|0|-46|82|80,0|0|0|0|-10|-95|-22|107,0|0|0|0|0|17|-65|-22,-8|-8|8|8|0|108|49|-46,170|170|170|170|285|1547|27632|4468,0,0,0,6,255,208
605,0,5,7,0,7,0,0,0,2|2|2|2|1|1|1|15,255|255|255|255|255|255|255|43,-10|10|-10|10|0|0|0|3,0|0|0|0|10|-10|-10|-99,0|0|0|0|0|-3|3|2,-8|-8|8|8|0|0|0|55,170|170|170|170|285|285|285|551,0,0,0,6,255,208
606,0,5,8,0,8,0,0,0,2|2|2|2|1|1|1|1,255|255|255|255|255|255|255|255,-10|10|-10|10|0|0|0|0,0|0|0|0|10|10|-10|-10,0|0|0|0|-3|3|-3|3,-8|-8|8|8|0|0|0|0,170|170|170|170|285|285|285|285,0,0,0,6,255,208
607,0,5,6,0,6,0,0,0,2|2|2|2|2|2|163|0,255|255|255|255|255|255|108|128,-10|10|-10|10|-10|10|49|-64,0|0|0|0|0|0|48|-28,0|0|0|0|0|0|48|-28,-16|-16|0|0|16|16|-93|-102,170|170|170|170|170|170|16492|50944,0,0,0,6,255,208
608,0,5,8,0,8,0,0,0,2|2|2|2|2|2|1|1,255|255|255|255|255|255|255|255,-10|10|-10|10|-10|10|0|0,0|0|0|0|0|0|-10|-10,0|0|0|0|0|0|-3|3,-16|-16|0|0|16|16|0|0,170|170|170|170|170|170|285|285,0,0,0,6,255,208
609,0,8,1,0,1,0,0,11,128|108|161|156|109|64|64|163,255|108|49|192|163|196|108|107,0|-104|108|86|-60|62|82|-31,10|-8|38|-118|69|83|48|-28,0|-90|108|107|6|-102|108|86,3|62|82|-31|3|-8|38|-118,19|58416|43171|27500|38918|22124|16068|57682,0,0,0,26,98,208
610,0,6,1,0,2,0,0,11,128|128|108|86|196|62|82|225,255|255|38|128|125|37|1|176,0|0|1|64|-94|-41|108|107,10|-2|108|86|-60|62|82|-31,0|0|38|-118|69|84|-94|-40,3|-3|6|-104|108|86|-60|62,19|19|35366|9797|41880|27846|50849|63340,0,0,0,26,98,208
611,0,5,1,0,3,0,0,10,128|128|128|152|163|206|108|161,255|255|255|216|163|208|108|107,0|-3|3|86|-60|62|82|-31,10|-1|-1|-118|69|84|-94|-39,0|3|3|-102|108|86|-60|62,3|-1|-1|-8|38|-118|69|38,19|19|19|63340|41944|27852|1643|27802,0,0,0,26,98,208
612,0,6,2,0,2,0,0,10,128|128|247|216|163|212|108|131,255|255|108|0|126|14|161|166,0|0|-71|10|0|-9|-7|-94,10|-2|-21|5|-58|6|-100|108,0|0|62|-100|108|0|117|4,3|-3|-100|108|-72|105|0|43,19|19|736|41635|41324|27810|40611|33644,0,0,0,26,98,208
613,0,10,3,0,3,0,0,9,128|128|128|5|198|6|157|108,255|255|255|157|108|0|117|4,0|-3|3|108|-72|105|0|43,10|0|0|-63|-32|2|-93|-92,0|-3|3|108|-93|-96|108|-95,3|0|0|6|24|-5|117|64,19|19|19|26648|284|14079|27796|14440,0,0,0,26,98,208
614,0,10,3,0,3,0,0,9,128|112|112|0|118|24|104|28,255|255|255|150|108|104|56|1,0|-3|3|5|15|0|80|106,10|0|0|29|55|2|-21|62,0|-3|3|108|0|118|24|104,3|0|0|54|-108|108|104|56,19|19|19|20480|106|30106|14093|33538,0,0,0,26,98,208
615,0,10,2,0,4,0,0,9,128|128|128|128|15|0|80|106,255|255|255|255|55|2|161|88,-1|1|-3|3|107|6|-104|108,10|10|0|0|-31|3|-8|38,-4|4|-3|3|118|30|106|5,3|3|0|0|86|-60|62|82,19|19|19|19|7272|65281|37942|39532,0,0,0,26,98,208
616,0,8,2,0,4,0,0,8,128|128|112|112|248|38|128|125,255|255|255|255|106|5|107|6,-1|1|-3|3|62|82|-31|3,12|12|0|0|85|80|104|28,-4|4|-3|3|108|-102|126|41,3|3|0|0|109|-93|88|-70,19|19|19|19|47704|1595|64280|8565,0,0,0,26,98,208
617,0,15,5,0,5,0,0,8,128|128|112|112|128|108|106|2,255|255|255|255|255|55|2|235,-1|1|-3|3|0|-108|108|5,12|12|0|0|-3|108|48|-28,-4|4|-3|3|0|-90|108|106,3|3|0|0|-3|6|55|2,19|19|19|19|19|1595|64280|8565,0,0,0,26,98,208
618,0,15,6,0,6,0,0,7,128|128|112|112|128|128|106|2,255|255|255|255|255|255|2|235,-1|1|-3|3|-2|2|108|5,12|12|0|0|-3|-3|48|-28,-4|4|-3|3|-2|2|108|106,3|3|0|0|-3|-3|55|2,19|19|19|19|19|19|33791|43070,0,0,0,26,98,208
619,0,15,7,0,7,0,0,7,128|128|112|112|112|128|128|6,255|255|255|255|255|255|255|108,-1|0|1|-3|3|-2|2|49,12|12|12|0|0|-3|-3|-119,-4|0|4|-3|3|-2|2|-58,3|3|3|0|0|-3|-3|-106,19|19|19|19|19|19|19|10,0,0,0,26,98,208
620,0,1,1,0,8,0,0,0,4|4|4|4|4|4|4|4,255|255|255|255|255|255|255|255,-2|1|3|-2|4|-1|-3|1,6|8|5|7|5|9|5|7,20|-10|-20|20|-30|10|30|-20,30|40|10|20|10|50|20|30,255|255|255|255|255|255|255|255,0,0,0,10,255,128
621,0,1,1,0,1,0,0,0,99|190|98|255|150|0|117|232,255|112|110|58|134|97|255|116,0|-58|70|-1|0|-58|-122|97,8|0|-57|-122|98|-1|1|0,0|4|-1|-122|98|-1|-117|-66,0|-1|-118|-125|99|-1|40|-122,266|48769|65378|150|59509|29088|14958|24966,0,0,0,10,11,128
622,0,0,8,9,8,0,0,0,4|4|4|4|2|2|2|2,8|8|8|8|8|8|8|8,2|-2|2|-2|3|-3|0|0,2|2|-2|-2|0|0|3|-3,2|-2|2|-2|3|-3|0|0,2|2|-2|-2|0|0|3|-3,21|21|21|21|20|20|20|20,0,0,0,12,1,112
623,0,40,3,1,8,0,0,0,4|4|4|4|4|4|4|4,255|255|255|255|255|255|255|255,-2|1|3|-2|4|-1|-3|1,6|8|5|7|5|9|5|7,80|-40|-80|80|-120|40|120|-80,60|80|20|40|80|100|10|60,109|109|109|109|109|109|109|109,0,0,0,10,255,240
624,0,40,1,0,4,0,0,0,1|1|1|1|241|23|55|2,255|255|255|255|62|116|110|0,0|0|0|0|0|-115|126|-128,8|7|9|6|48|14|87|-102,0|0|0|0|-115|126|-128|22,0|0|0|0|79|11|103|2,304|304|304|304|22294|20122|26399|39426,0,0,0,10,255,240
625,0,4,1,1,1,0,0,0,2|154|62|3|103|2|163|118,255|137|22|120|110|196|62|118,0|-116|-64|-93|126|110|-60|62,8|110|-119|-8|-93|124|110|-115,0|-128|22|87|-60|62|118|110,0|87|-1|54|122|110|49|-64,109|15002|26380|39426|1425|615|32397|5760,0,0,0,5,255,240
626,0,4,2,1,2,0,0,0,2|2|154|145|5|103|2|154,255|255|7|2|141|126|128|22,0|0|-48|11|103|2|-102|-111,8|8|2|-55|-53|85|-119|-27,12|-12|85|-119|-27|-6|30|-59,14|14|-60|126|6|-71|0|3,109|109|61120|44098|59600|59600|58026|8184,0,0,0,5,255,240
627,0,4,3,1,3,0,0,0,2|2|2|252|41|255|161|130,255|255|255|246|184|1|0|59,1|-1|0|3|-23|-112|0|-119,8|8|8|3|-1|70|-8|-117,12|-12|0|70|-6|87|-117|126,14|14|0|58|-7|22|87|-102,109|109|109|39679|2314|615|37274|26373,0,0,0,5,255,240
628,0,4,4,1,4,0,0,0,2|2|2|2|87|154|65|9,255|255|255|255|254|154|10|9,1|-1|0|0|5|103|2|95,8|8|8|8|-1|-128|-31|63,26|-26|12|-12|6|24|-5|-118,14|14|14|14|-86|-125|126|-6,109|109|109|109|35579|65350|34854|18181,0,0,0,5,255,240
629,0,4,5,1,5,0,0,0,2|2|2|2|2|117|255|201,255|255|255|255|255|6|0|140,2|-2|1|-1|0|-4|-115|-66,8|8|8|8|8|-84|-86|-111,26|-26|12|-12|0|-37|-115|-66,14|14|14|14|0|-66|0|-1,109|109|109|109|109|5882|27223|39425,0,0,0,5,255,240
630,0,4,6,1,6,0,0,0,2|2|2|2|2|2|70|49,255|255|255|255|255|255|103|2,3|-3|2|-2|1|-1|-66|-70,8|8|8|8|8|8|1|-128,40|-40|26|-26|12|-12|-23|69,20|20|14|14|14|14|116|3,109|109|109|109|109|109|36097|15038,0,0,0,5,255,240
631,0,4,7,1,7,0,0,0,2|2|2|2|2|2|2|218,255|255|255|255|255|255|255|2,3|-3|2|-2|1|-1|0|58,8|8|8|8|8|8|8|87,40|-40|26|-26|12|-12|0|-102,20|20|14|14|14|14|0|103,109|109|109|109|109|109|109|29696,0,0,0,5,255,240
632,0,4,6,1,6,0,0,0,2|2|2|2|2|2|146|30,255|255|255|255|255|255|235|5,2|-2|1|-1|0|0|-128|110,8|8|8|8|8|8|87|104,40|-40|26|-26|12|-12|2|-115,20|20|14|14|14|14|-48|11,109|109|109|109|109|109|36183|190,0,0,0,5,255,240
633,0,4,7,1,7,0,0,0,2|2|2|2|2|2|2|154,255|255|255|255|255|255|255|103,2|-2|1|-1|2|-2|0|-102,8|8|8|8|8|8|10|103,40|-40|26|-26|12|-12|0|4,20|20|14|14|14|14|0|-7,109|109|109|109|109|109|109|39426,0,0,0,5,255,240
634,0,4,8,1,8,0,0,0,2|2|2|2|2|2|2|2,255|255|255|255|255|255|255|255,2|-2|1|-1|2|-2|0|0,8|8|8|8|8|8|10|10,40|-40|26|-26|12|-12|-7|7,20|20|14|14|14|14|0|0,109|109|109|109|109|109|109|109,0,0,0,5,255,240
635,0,4,8,1,8,0,0,0,2|2|2|2|2|2|2|2,255|255|255|255|255|255|255|255,-3|3|1|-1|2|-2|1|-1,8|8|8|8|8|8|10|10,40|-40|26|-26|12|-12|-7|7,20|20|14|14|14|14|0|0,109|109|109|109|109|109|109|109,0,0,0,5,255,240
636,0,12,1,0,1,0,0,0,171|48|228|139|208|138|134|253,255|48|228|43|194|59|193|125,0|-118|-122|-3|-2|48|-28|64,0|-122|-2|-2|-118|-122|-3|-2,0|-28|-117|-8|-128|-69|0|-1,0|116|7|-128|-66|-4|-2|0,103|18058|12294|35812|35528|65414|12542|35812,1,0,0,10,255,240
637,0,10,1,0,1,0,0,0,171|0|116|135|255|118|14|255,255|12|141|190|252|253|22|87,0|-66|0|-1|22|87|-118|-122,0|-2|48|-28|80|-118|-122|-1,0|48|-28|-117|-48|-118|-122|-2,0|48|-28|43|-62|80|-102|-59,103|40962|29067|41040|29068|41040|29069|39504,1,0,0,10,255,240
638,0,8,1,0,1,0,0,0,171|117|3|233|42|255|138|134,255|254|58|134|253|254|116|51,0|118|14|-1|118|12|-115|-66,0|-3|22|87|-115|-66|0|-1,0|87|-118|-122|-2|-2|48|-28,0|80|104|-1|0|-102|-59|14,103|35744|20593|36000|20593|36256|20593|52890,1,0,0,10,255,240
639,0,8,2,0,2,0,0,0,171|171|137|229|255|118|12|255,255|255|138|70|8|48|228|193,-1|1|-60|62|-114|113|3|-8,0|0|0|-1|6|87|-118|70,-6|6|-102|118|51|7|2|-55,0|0|0|10|84|89|82|73,103|103|21572|33480|0|32397|5760|48983,1,0,0,10,255,240
640,0,6,2,0,2,0,0,0,171|171|2|198|134|127|255|1,255|255|254|134|127|255|141|126,-1|1|87|-118|-122|127|-1|48,0|0|-32|8|-60|62|-114|113,-6|6|-127|-57|0|-1|6|87,0|0|12|39|2|-128|-66|127,103|103|32397|5760|39511|3164|551|32397,1,0,0,10,255,240
641,0,6,3,0,3,0,0,0,171|171|171|141|126|128|22|87,255|255|255|255|48|228|139|248,-2|2|0|-127|-57|-126|113|30,0|0|0|12|39|2|-128|-66,-6|6|0|117|-38|-115|126|-128,-1|-1|0|92|12|39|2|-115,103|103|103|9996|50690|32646|511|1259,1,0,0,10,255,240
642,0,5,2,0,4,0,0,0,171|171|171|171|168|114|30|87,255|255|255|255|2|128|190|127,-2|2|-1|1|-115|126|-128|22,0|0|0|0|39|2|-115|126,-6|6|-4|4|92|12|39|2,-1|-1|0|0|1|-21|4|-2,103|103|103|103|34442|65407|58416|63595,1,0,0,10,255,240
643,0,7,4,0,4,0,0,0,171|171|171|171|126|128|22|87,255|255|255|255|2|141|126|128,-2|2|-1|1|12|39|2|-58,0|0|0|0|-21|4|-2|-122,-6|6|-4|4|-128|22|87|-118,-1|-1|0|0|-28|107|-8|18,103|103|103|103|9996|32770|32702|3071,1,0,0,10,255,240
644,0,5,3,0,3,0,0,0,171|171|171|12|39|2|198|134,255|255|255|235|4|254|134|127,-1|1|0|-128|22|87|-118|-122,0|0|0|-28|107|-8|21|-127,-6|6|0|30|87|-102|16|12,-1|-1|0|-66|127|-1|7|117,103|103|103|23706|9996|36098|32894|22294,1,0,0,10,255,240
645,0,5,4,0,4,0,0,0,171|171|171|171|87|138|134|127,255|255|255|255|248|31|129|199,-2|2|0|0|-102|16|12|39,0|0|0|0|-1|7|117|-36,-10|10|-6|6|87|-102|92|12,-4|-4|-2|-2|-128|22|87|-102,103|103|103|103|60161|65028|32646|36351,1,0,0,10,255,240
646,0,5,5,0,5,0,0,0,171|171|171|171|171|12|39|2,255|255|255|255|255|117|220|141,-2|2|0|0|0|92|12|39,0|0|0|0|0|87|-102|92,-10|10|-6|6|0|127|-1|1,-4|-4|-2|-2|0|-1|-115|126,103|103|103|103|103|17088|16068|32814,1,0,0,10,255,240
647,0,4,1,0,1,0,0,0,1|33|117|214|141|126|128|22,255|154|92|12|39|2|141|126,0|22|87|-102|92|12|39|2,12|-122|127|-1|1|-21|4|-2,0|127|-1|-115|126|-128|22|87,0|-122|127|-1|48|-28|107|-8,228|24263|7816|39511|3088|551|48768|65407,0,0,0,6,255,32
648,0,7,1,0,1,0,0,0,2|87|154|92|12|39|2|198,105|127|255|1|235|4|254|134,0|-1|-115|126|-128|22|87|-118,8|127|-1|48|-28|107|-8|18,0|-57|36|-119|30|87|-102|16,0|39|2|-128|-66|127|-1|9,185|32397|5760|39511|3164|551|32397|5760,0,0,0,6,255,32
649,0,6,1,0,1,0,0,0,2|141|126|128|22|87|138|134,105|255|48|228|107|248|18|129,0|-22|-119|30|87|-102|16|12,8|2|-128|-66|127|-1|8|117,0|-115|126|-128|22|87|-102|92,0|39|2|-115|126|-128|22|87,185|9996|50690|32646|511|1259|34558|65407,0,0,0,6,255,32
650,0,6,3,0,3,0,0,0,2|1|1|87|154|16|12|39,105|255|255|127|255|6|117|220,0|-10|10|22|87|-102|92|12,8|0|0|126|-128|22|87|-102,0|0|0|2|-58|-122|127|-1,0|0|0|-2|-122|127|-1|-115,185|228|228|65407|58416|63595|33037|41927,0,0,0,6,255,32
651,0,6,4,0,4,0,0,0,2|1|1|1|154|92|12|39,105|255|255|255|22|87|154|92,0|-9|9|0|-122|127|-1|1,8|2|2|-10|127|-1|-115|126,0|0|0|0|-122|127|-1|48,0|0|0|0|-127|-57|-15|-128,185|228|228|228|32702|1535|56437|32397,0,0,0,6,255,32
652,0,6,5,0,5,0,0,0,2|1|1|1|1|255|0|235,105|255|255|255|255|141|126|128,0|-9|9|-8|8|-1|48|-28,8|2|2|-3|-3|64|-127|30,0|0|0|0|0|2|-128|-66,0|0|0|0|0|-115|126|-128,185|228|228|228|228|22294|23706|9996,0,0,0,6,255,32
653,0,6,3,0,3,0,0,0,4|1|1|127|255|48|228|107,103|255|255|199|250|129|30|87,0|-10|10|39|2|-128|-66|127,7|0|0|-36|-115|126|-128|22,0|0|0|12|39|2|-115|126,0|0|0|-102|92|12|39|2,204|228|228|65028|32646|36351|32894|22294,0,0,0,6,255,32
654,0,6,5,0,5,0,0,0,4|1|1|1|1|190|127|255,103|255|255|255|255|128|22|87,0|-9|9|-8|8|-115|126|-128,7|2|2|-3|-3|39|2|-58,0|0|0|0|0|4|-2|-122,0|0|0|0|0|22|87|-118,204|228|228|228|228|36692|22302|4250,0,0,0,6,255,32
655,0,6,6,0,6,0,0,0,4|1|1|1|1|2|128|22,103|255|255|255|255|105|198|134,0|-9|9|-8|8|0|-122|127,7|2|2|-3|-3|-8|-118|-122,0|0|0|0|0|0|13|-127,0|0|0|0|0|0|16|12,204|228|228|228|228|185|22294|23706,0,0,0,6,255,32
656,0,6,5,0,5,0,0,0,4|2|2|2|2|134|127|255,103|105|105|105|105|138|134|127,0|-6|6|-8|8|21|-127|-57,7|6|6|-3|-3|16|12|39,0|0|0|0|0|4|117|-36,0|0|0|0|0|-102|92|12,204|185|185|185|185|551|34502|65407,0,0,0,6,255,32
657,0,6,7,0,7,0,0,0,4|4|4|2|2|1|1|26,103|103|103|105|105|255|255|2,0|-6|6|-6|6|-10|10|-115,7|6|6|-6|-6|0|0|39,0|0|0|0|0|0|0|92,0|0|0|0|0|0|0|0,204|204|204|185|185|228|228|12543,0,0,0,6,255,32
658,0,2,2,0,2,0,0,0,1|1|255|10|117|220|141|126,255|255|87|154|92|12|39|2,0|0|-128|22|87|-102|92|12,12|12|-58|-122|127|-1|1|-21,-6|6|-122|127|-1|-115|126|-128,4|4|-118|-122|127|-1|48|-28,108|108|57543|7824|39511|3088|551|48768,0,0,0,20,255,112
659,0,6,1,0,1,0,0,0,3|128|22|87|154|92|12|39,255|198|134|127|255|1|235|4,0|-122|127|-1|-115|126|-128|22,2|-118|-122|127|-1|48|-28|107,-10|18|-127|-57|-90|-111|30|87,0|16|12|39|2|-128|-66|127,88|56437|32397|5760|39511|3164|551|32397,0,0,20,26,255,32
660,0,5,1,0,1,0,0,0,3|127|255|141|126|128|22|87,255|134|127|255|48|228|107|248,0|-127|-57|51|-124|30|87|-102,2|12|39|2|-128|-66|127|-1,-30|117|-36|-115|126|-128|22|87,0|92|12|39|2|-115|126|-128,88|23706|9996|50690|32646|255|1259|34558,0,0,30,26,255,32
661,0,5,2,0,2,0,0,0,3|3|178|132|30|87|154|16,255|255|2|128|190|127|255|9,0|0|-115|126|-128|22|87|-102,2|-2|39|2|-115|126|-128|22,-30|-30|92|12|39|2|-58|-122,0|0|1|-21|4|-2|-122|127,88|88|22294|34442|65407|58416|63595|33034,0,0,30,26,255,32
662,0,5,2,0,2,0,0,0,3|3|126|128|22|87|154|92,255|255|2|141|126|128|22|87,0|0|12|39|2|-58|-122|127,2|2|-21|4|-2|-122|127|-1,-30|-20|-128|22|87|-118|-122|127,0|0|-28|107|-64|22|-60|62,88|88|51073|65514|22278|4250|9996|32770,0,0,30,26,255,32
663,0,5,3,0,3,0,0,0,3|3|3|22|87|154|92|12,255|255|255|134|127|255|1|235,0|0|0|127|-1|-115|126|-128,2|2|-2|-122|127|-1|48|-28,-30|-20|-30|-127|-57|53|-122|30,0|0|0|12|39|2|-128|-66,88|88|88|32894|22294|23706|9996|36098,0,0,30,26,255,32
664,0,7,2,0,2,0,0,0,3|3|127|255|141|126|128|22,255|255|134|127|255|48|228|107,0|120|-127|-57|91|-121|30|87,1|120|12|39|2|-128|-66|127,-17|-7|117|-36|-115|126|-128|22,-35|-5|-48|11|103|2|-55|-53,88|88|35334|1905|1734|29067|50700|35846,0,0,4,26,255,32
665,0,7,2,0,2,0,0,0,3|3|137|22|144|113|104|130,255|255|62|3|103|2|163|46,0|120|22|48|-128|104|38|2,1|120|3|103|2|-93|66|-122,-20|-10|68|-122|-55|-53|-56|4,-30|0|-117|126|4|54|-60|125,88|88|65094|32395|13828|32196|36092|35264,0,0,5,26,255,32
666,0,6,2,0,2,0,0,0,3|3|186|64|1|138|4|36,255|255|192|117|22|40|237|138,0|120|-128|-31|63|41|-54|-118,1|120|102|-13|-86|9|-46|117,-26|-13|10|-118|4|70|38|-120,-30|0|74|117|-40|75|117|-46,88|88|2560|22868|18770|20033|20526|17225,0,0,6,26,255,32
667,0,5,2,0,2,0,0,0,3|3|55|2|141|190|124|255,255|255|138|70|8|48|228|139,0|120|-25|2|-1|-75|126|-110,1|120|124|-110|-102|-94|12|103,-30|-20|-111|5|103|2|104|24,-30|0|62|3|103|2|-119|70,88|88|48781|65404|22294|32452|1788|35415,0,0,7,26,255,32
668,0,6,3,0,3,0,0,0,3|3|3|8|48|228|64|139,255|255|255|2|139|133|124|146,0|120|120|-110|43|-63|27|-45,1|120|120|80|80|-102|58|12,-24|-7|-19|-111|5|103|2|-115,-30|0|0|22|87|-102|-48|11,88|88|88|21762|64488|65534|65142|30463,0,0,6,26,255,32
669,0,6,4,0,4,0,0,0,3|3|3|3|48|228|105|192,255|255|255|255|180|146|3|248,1|-1|120|120|6|87|-65|-46,1|1|120|120|0|3|-102|90,-24|-24|-7|-19|126|6|0|116,-30|-30|0|0|30|87|-102|50,88|88|88|88|22868|18770|20033|20526,0,0,6,26,255,32
670,0,0,1,3,8,0,0,0,3|3|3|3|3|3|3|3,255|255|255|255|255|255|255|255,0|4|6|4|0|-4|-6|-4,6|4|0|-4|-6|-4|0|4,0|4|6|4|0|-4|-6|-4,-6|-4|0|4|6|4|0|-4,126|126|126|126|126|126|126|126,0,0,0,26,255,32
671,0,2,1,0,1,0,0,0,1|117|213|141|190|126|255|22,255|154|78|31|103|2|154|145,0|103|2|-93|-80|-110|-119|22,0|-110|-115|-66|126|-1|22|87,0|-48|11|103|2|-102|-111|5,0|2|-55|-61|85|-119|-27|-24,246|52169|35157|51685|3019|16720|17740|21588,-1,0,0,26,255,32
672,0,8,4,0,8,0,0,0,4|2|2|1|4|2|2|1,255|255|255|255|255|255|255|255,120|120|120|120|120|120|120|120,7|7|6|6|6|6|5|5,0|0|0|0|0|0|0|0,-14|0|0|14|-14|0|0|14,97|116|116|135|101|120|120|139,1,0,0,14,255,208
673,0,3,2,0,2,0,0,0,1|1|145|5|103|2|8|192,255|255|255|6|184|146|141|126,0|0|87|105|6|-72|-110|0,8|8|62|-76|-110|3|-8|-127,-16|15|-3|6|87|-102|4|12,0|0|-125|-60|4|-102|-111|5,58|58|32397|5760|39511|3024|615|37274,0,0,0,8,255,208
674,0,3,3,0,3,0,0,0,1|1|1|180|146|3|248|129,255|255|255|6|87|154|50|0,0|0|0|-54|2|0|85|-119,8|8|8|69|-102|62|3|103,-16|15|0|-110|-119|22|-74|-110,0|0|-4|7|2|-55|-53|85,58|58|58|51685|21963|58761|52169|35157,0,0,0,8,255,208
675,0,3,4,0,4,0,0,0,1|1|1|1|180|2|41|17,255|255|255|255|0|0|38|58,0|0|0|0|0|0|36|88,8|8|8|8|0|0|118|110,-19|18|-15|14|0|0|117|-74,0|0|-2|-2|0|0|92|-70,58|58|58|58|0|61118|0|62442,0,0,0,8,255,208
676,0,3,5,0,5,0,0,0,1|1|1|1|1|0|12|83,255|255|255|255|255|0|47|110,0|0|0|0|0|0|-25|-109,8|8|8|8|8|0|-25|-88,-19|18|-15|14|0|0|125|-50,0|0|-2|-2|-4|0|-109|-9,58|58|58|58|58|7435|2|2872,0,0,0,8,255,208
677,0,3,7,0,7,0,0,0,1|1|1|1|1|1|1|111,255|255|255|255|255|255|255|85,0|0|0|0|0|0|0|49,8|8|8|8|8|8|8|84,-19|18|-15|14|-11|10|0|0,0|0|-2|-2|-4|-4|-6|-102,58|58|58|58|58|58|58|54,0,0,0,8,255,208
678,0,3,7,0,7,0,0,0,1|1|1|1|1|1|1|54,255|255|255|255|255|255|255|97,0|0|0|0|0|0|0|112,8|8|8|8|8|8|8|-1,-19|18|-15|14|-6|5|0|106,0|0|-2|-2|-4|-4|-6|0,58|58|58|58|58|58|58|8296,0,0,0,8,255,208
679,0,3,3,0,6,0,0,0,1|1|1|1|1|1|0|0,255|255|255|255|255|255|0|0,0|0|0|0|0|0|104|97,8|8|8|8|8|-8|108|111,-16|15|0|-16|15|0|0|0,0|0|-4|0|0|4|0|0,58|58|134|58|58|77|20562|154,0,0,0,8,255,208
680,0,3,4,0,8,0,0,0,1|1|1|1|1|1|1|1,255|255|255|255|255|255|255|255,0|0|0|0|0|0|0|0,8|8|8|8|-8|-8|8|8,-19|18|-15|14|-3|2|-6|5,0|0|-2|-2|4|4|-2|-2,58|58|58|58|58|58|58|58,0,0,0,8,255,208
681,0,3,3,0,6,0,0,0,1|1|173|1|1|1|154|0,255|255|255|255|255|255|13|80,0|0|0|0|0|0|100|32,8|8|8|8|8|-8|82|80,-16|15|0|-16|15|0|104|97,0|0|-4|0|0|4|97|112,58|58|241|58|58|77|20037|17748,0,0,0,8,255,208
682,0,3,2,0,8,0,0,0,173|173|1|1|1|1|1|1,255|255|255|255|255|255|255|255,0|0|0|0|0|0|0|0,8|8|8|8|8|8|8|8,-16|15|-5|4|-5|4|-5|4,0|0|0|0|0|0|0|0,241|241|58|58|58|58|58|58,0,0,0,8,255,208
683,0,3,5,0,5,0,0,0,1|1|1|1|173|0|106|1,255|255|255|255|255|103|101|32,0|0|0|0|0|1|106|25,8|8|8|8|8|-102|18|66,-19|18|-15|14|0|65|67|69,0|0|-2|-2|-4|97|114|116,58|58|58|58|241|8293|8224|8224,0,0,0,8,255,208
684,0,3,2,0,2,0,0,0,1|1|32|32|32|0|0|1,255|255|0|0|0|0|0|30,-6|6|80|32|84|97|108|111,6|6|32|32|76|105|103|104,-16|15|70|105|103|104|116|101,0|0|32|32|32|32|-23|0,163|164|28682|8215|21278|28789|29285|24899,0,0,0,8,255,208
685,0,3,3,0,3,0,0,0,1|1|1|32|32|32|32|119,255|255|255|2|254|26|232|253,-6|6|0|101|110|99|111|114,6|6|-8|104|111|101|110|105,-16|15|0|32|32|32|32|32,0|0|4|32|32|32|32|32,163|164|77|57361|7214|18206|28261|28515,0,0,0,8,255,208
686,0,3,4,0,4,0,0,0,1|1|1|1|32|32|32|32,255|255|255|255|1|2|0|20,-6|6|-7|7|77|105|99|114,6|6|4|4|112|32|83|116,-16|15|-16|15|114|32|32|32,0|0|0|0|32|32|32|32,163|164|281|282|8217|8526|19742|25449,0,0,0,8,255,208
687,0,3,6,0,6,0,0,0,1|1|1|1|1|1|32|32,255|255|255|255|255|255|1|2,-6|6|-7|7|-8|8|80|114,6|6|3|3|0|0|101|32,-16|15|-16|15|-16|15|114|45,0|0|0|0|0|0|32|32,163|164|281|282|39|1|8643|21278,0,0,0,8,255,208
688,0,3,8,0,8,0,0,0,1|1|1|1|1|1|1|1,255|255|255|255|255|255|255|255,-6|6|-7|7|-8|8|-3|3,6|6|3|3|0|0|7|7,-16|15|-16|15|-16|15|-16|15,0|0|0|0|0|0|0|0,163|164|281|282|39|1|201|202,0,0,0,8,255,208
689,0,3,4,0,4,0,0,0,3|3|1|1|32|32|32|32,255|255|255|255|32|32|32|15,-6|6|-3|3|0|8|64|31,6|6|7|7|108|118|101|114,-16|15|-16|15|112|32|32|32,0|0|0|0|32|32|32|32,121|122|201|202|81|277|2|16394,0,0,0,8,255,208
690,0,3,6,0,6,0,0,0,3|3|1|1|1|1|32|32,255|255|255|255|255|255|32|32,-6|6|-3|3|-7|7|0|30,6|6|7|7|3|3|-64|14,-16|15|-16|15|-16|15|32|32,0|0|0|0|0|0|32|32,121|122|201|202|281|282|32|0,0,0,0,8,255,208
691,0,3,4,0,4,0,0,0,3|3|3|3|32|32|32|32,255|255|255|255|32|32|32|32,-7|7|-4|4|10|0|-12|1,4|4|7|7|97|110|99|101,-16|15|-16|15|45|49|50|32,0|0|0|0|32|32|32|32,98|98|98|98|3584|53248|7687|25927,0,0,0,8,255,208
692,0,3,6,0,6,0,0,0,3|3|3|3|3|3|32|32,255|255|255|255|255|255|19|1,-7|7|-4|4|-8|8|110|100,4|4|7|7|1|1|99|114,-16|15|-16|15|-16|15|110|32,0|0|0|0|0|0|32|32,98|98|98|98|98|98|25454|25701,0,0,0,8,255,208
693,0,3,2,0,2,0,0,0,173|173|32|32|32|32|11|1,255|255|152|58|30|71|114|97,-6|6|116|114|111|110|32|80,6|6|115|101|45|87|97|118,-16|15|32|32|32|32|32|32,0|0|32|15|1|50|-1|80,241|241|408|8293|8224|8224|8224|8224,0,0,0,8,255,208
694,0,3,3,0,3,0,0,0,173|173|173|48|1|0|0|30,255|255|255|117|99|116|117|114,-6|6|0|73|110|116|101|103,6|6|-7|121|32|70|105|101,-16|15|0|32|32|32|5|2,0|0|0|0|30|65|100|118,241|241|241|28233|25972|29287|29801|8313,0,0,0,8,255,208
695,0,5,1,0,2,0,0,0,174|175|71|101|110|99|111|114,255|255|76|111|119|32|69|110,-6|6|103|121|32|83|104|105,6|6|100|32|32|32|32|32,-16|15|-103|0|-12|1|30|71,0|0|99|111|114|101|32|72,255|255|28229|29285|31079|21280|26984|27749,0,0,0,8,255,208
696,0,8,2,0,2,0,0,0,174|175|111|114|112|32|76|88,255|255|67|108|97|115|115|32,-6|6|32|32|32|32|32|32,6|6|8|6|-101|0|-48|7,-16|15|105|99|114|111|67|111,0|0|32|76|88|83|32|67,255|255|16928|8224|8224|8224|8224|1568,0,0,0,8,255,208
697,0,8,3,0,3,0,0,0,174|175|1|32|67|108|97|115,255|255|255|32|32|32|32|32,-6|6|0|32|5|9|-97|0,6|6|-8|77|105|99|114|111,-16|15|0|112|32|72|88|83,0|0|0|97|115|115|32|65,255|255|111|8224|2336|41226|57344|7726,0,0,0,8,255,208
698,0,8,4,0,4,0,0,0,174|175|1|1|66|32|32|32,255|255|255|255|32|32|7|12,-6|6|-6|6|30|77|105|99,6|6|-6|-6|114|112|32|72,-16|15|-15|14|108|97|115|115,0|0|0|0|32|32|32|32,255|255|111|111|97|3776|1168|8293,0,0,0,8,255,208
699,0,8,5,0,5,0,0,0,174|175|1|1|1|32|32|32,255|255|255|255|255|0|0|30,-6|6|-6|6|0|115|111|114,6|6|-6|-6|-8|32|32|32,-16|15|-15|14|0|32|32|32,0|0|0|0|0|32|15|1,255|255|111|111|111|22304|28265|8292,0,0,0,8,255,208
700,0,8,6,0,6,0,0,0,174|175|1|1|1|1|1|108,255|255|255|255|255|255|32|111,-6|6|-6|6|0|0|108|111,6|6|-6|-6|-8|-8|32|32,-16|15|-15|14|-4|3|32|32,0|0|0|0|0|0|30|65,255|255|111|111|111|111|8224|8224,0,0,0,8,255,208
701,0,8,7,0,7,0,0,0,174|175|1|1|1|1|1|32,255|255|255|255|255|255|255|32,-6|6|-6|6|-3|3|0|32,6|6|-6|-6|-7|-7|-8|32,-16|15|-15|14|-9|8|0|2,0|0|0|0|0|0|0|32,255|255|111|111|111|111|111|8224,0,0,0,8,255,208
702,0,8,7,0,7,0,0,0,174|175|1|1|1|1|1|108,255|255|255|255|255|255|255|32,-6|6|-6|6|-3|3|0|32,6|6|-6|-6|-7|-7|8|8,-16|15|-15|14|-9|8|0|83,0|0|0|0|0|0|0|32,255|255|111|111|111|111|111|8224,0,0,0,8,255,208
703,0,8,5,0,5,0,0,0,174|175|174|175|1|32|32|32,255|255|255|255|255|32|32|32,-6|6|-6|6|0|32|125|0,6|6|6|6|-8|68|117|97,-16|15|-19|18|0|99|97|110,0|0|12|12|0|32|32|32,255|255|255|255|111|32032|5120|37385,0,0,0,8,255,208
704,0,8,7,0,7,0,0,0,174|175|174|175|1|1|1|32,255|255|255|255|255|255|255|32,-6|6|-6|6|0|-3|3|80,6|6|6|6|8|-7|-7|68,-16|15|-19|18|0|-9|8|108,0|0|12|12|0|0|0|32,255|255|255|255|111|111|111|29300,0,0,0,8,255,208
705,0,8,8,0,8,0,0,0,174|175|174|175|1|1|1|1,255|255|255|255|255|255|255|255,-6|6|-6|6|0|-6|6|0,6|6|6|6|8|-6|-6|-8,-16|15|-19|18|0|-9|8|0,0|0|12|12|0|0|0|0,255|255|255|255|111|111|111|111,0,0,0,8,255,208
706,0,1,5,0,5,0,0,0,99|99|99|99|99|0|102|1,255|255|255|255|255|101|107|101,0|-1|1|-2|2|98|115|32,8|7|7|5|5|32|32|32,0|0|0|0|0|32|32|32,0|0|0|0|0|-59|2|30,266|266|266|266|266|8224|8224|8224,0,0,0,10,11,128
707,0,11,8,1,8,0,0,0,20|20|20|20|20|20|20|20,255|255|255|255|255|255|255|255,120|120|120|120|120|120|120|120,120|120|120|120|120|120|120|120,14|0|-14|0|9|9|-9|-9,0|14|0|-14|9|-9|-9|9,227|227|227|227|227|227|227|227,0,0,0,26,255,208
708,70,2,7,0,7,0,0,0,189|189|189|189|189|189|189|100,255|255|255|255|255|255|255|32,0|-1|1|-2|2|-3|3|32,1|0|0|0|0|-1|-1|104,0|0|0|0|0|0|0|116,0|0|0|0|0|0|0|115,238|238|238|238|238|238|238|8224,1,0,0,6,255,208
709,0,9,8,0,8,0,0,8,114|114|114|114|114|114|114|114,255|255|255|255|255|255|255|255,-5|5|-3|3|-3|3|0|0,0|0|-3|-3|3|3|-4|6,-5|5|-3|3|-3|3|0|0,0|0|-3|-3|3|3|-4|6,171|171|171|171|171|171|171|171,0,0,0,26,98,208
710,10,0,1,3,1,0,0,0,128|32|32|32|32|32|32|32,255|32|32|32|32|32|32|32,0|0|0|104|5|110|2|30,1|111|116|32|68|111|103|32,0|32|32|32|32|32|32|32,0|32|32|32|32|32|32|32,271|8224|8224|0|357|711|10|3776,0,0,0,8,255,208
711,0,6,8,0,8,0,0,0,12|12|6|6|6|6|6|6,255|255|255|255|255|255|255|255,0|0|0|0|0|0|0|0,8|8|8|8|8|8|8|8,-24|24|-18|18|-12|12|-5|5,8|8|-2|-2|-6|-6|-8|-8,160|160|160|160|160|160|160|160,0,0,0,5,255,96
712,0,3,1,0,1,0,0,0,3|44|255|10|38|100|128|140,255|128|100|51|255|11|58|159,0|27|-79|-128|100|58|-2|-3,10|122|-118|126|56|-1|10|44,0|-116|-110|-116|-128|-128|-128|92,0|-1|10|44|-128|-116|-110|-116,64|9789|65022|9725|12844|65317|9481|42890,0,0,0,13,255,208
713,0,3,2,0,2,0,0,0,2|2|255|16|100|138|126|100,255|255|70|70|70|44|255|12,0|0|-2|-1|17|38|17|38,10|10|-84|2|45|0|33|-112,-6|6|113|2|59|0|33|-112,0|0|4|2|65|0|33|-112,64|64|71|36908|0|24|14|36888,0,0,0,13,255,208
714,0,3,3,0,3,0,0,0,1|1|1|0|56|0|57|144,255|255|255|0|60|0|24|48,0|-1|1|0|78|0|24|-112,9|8|8|84|90|0|24|-112,0|0|0|84|94|0|57|-112,0|0|0|0|98|0|57|-112,226|226|226|12312|56|0|120|36888,0,0,0,6,255,32
715,0,3,5,0,5,0,0,0,1|1|1|1|1|0|24|144,255|255|255|255|255|0|24|144,0|-1|1|-2|2|0|24|-112,9|8|8|6|6|0|24|-112,0|0|0|0|0|0|24|-112,0|0|0|0|0|0|24|-112,226|226|226|226|226|21584|226|36888,0,0,0,6,255,32
716,0,3,7,0,7,0,0,0,1|1|1|1|1|1|1|144,255|255|255|255|255|255|255|144,0|-1|1|-2|2|-3|3|-112,9|8|8|6|6|4|4|-112,0|0|0|0|0|0|0|-112,0|0|0|0|0|0|0|-112,226|226|226|226|226|226|226|36888,0,0,0,6,255,32
717,0,6,1,0,1,0,0,0,2|0|113|85|84|1|24|144,98|0|148|255|95|1|24|144,0|0|78|84|106|1|24|-112,12|0|78|84|121|1|24|-112,0|0|80|84|-119|1|24|-112,0|0|80|84|-101|1|24|-112,73|21873|428|36888|24|16732|476|36888,0,0,0,13,255,208
718,0,6,3,0,3,0,0,0,2|2|2|85|242|1|24|144,98|98|98|65|247|1|24|144,0|-12|12|85|4|2|24|-112,12|0|12|85|9|2|24|-112,0|0|0|65|14|2|24|-112,0|0|0|85|27|2|24|-112,73|16|54|36897|0|626|548|36888,0,0,0,13,255,208
719,0,6,4,0,4,0,0,0,2|2|2|2|63|2|33|144,98|98|98|98|67|2|24|144,0|0|-12|12|78|2|24|-112,12|12|0|12|82|2|33|-112,6|-6|0|0|87|2|24|-112,0|0|0|0|92|2|24|-112,143|144|16|54|24|21922|621|36897,0,0,0,13,255,208
720,0,8,1,0,1,0,0,0,10|0|161|85|132|2|24|144,4|0|162|85|137|2|33|144,120|0|114|2|-115|2|24|-112,120|0|92|65|-105|2|24|-112,-40|0|-90|85|-101|2|24|-112,-30|0|-95|85|-90|2|24|-112,60022|21922|683|36897|0|626|687|36888,0,0,0,1,255,208
