id,animation,turret,fireFrequency,xMove,yMove,xAccel,yAccel,xCAccel,yCAccel,startX,startY,startXC,startYC,armor,size,graphic,explosionType,animate,shapeBank,xRev,yRev,deathGraphic,deathLevel,deathAnimation,launchFrequency,launchType,value,enemyDie,shapeBankFile
0,1,0|0|0,0|0|0,0,0,0,0,0,0,0,0,0,0,1,1,0|0|0|0|0|0|0|0|0|0|0|0|0|0|0|0|0|0|0|0,30,0,0,0,0,0,0,0,0,0,0,0,
1,8,127|59|9,60|0|0,0,0,0,0,0,0,0,0,0,0,254,1,1|3|5|7|39|41|43|45|0|0|0|0|0|0|0|0|0|0|0|0,36,2,2,0,0,1,40,0,90,2,2250,0,newsh4.shp
2,1,252|0|0,1|0|0,0,5,0,0,0,0,130,-13,125,0,10,1,169|0|0|0|0|0|0|0|0|0|0|0|0|0|0|0|0|0|0|0,26,0,10,0,0,0,0,0,0,0,25,0,newshf.shp
3,12,0|0|0,0|0|0,0,0,92,0,0,8,130,-13,100,0,2,0,171|171|190|190|209|209|228|228|247|247|266|266|0|0|0|0|0|0|0|0,0,1,1,0,0,0,0,0,0,0,5,0,newsh2.shp
4,20,0|0|0,0|0|0,0,1,0,0,0,0,130,-13,100,0,4,1,159|159|161|161|163|163|165|165|167|167|165|165|163|163|161|161|159|159|159|159,2,1,1,0,0,0,0,0,0,0,25,0,newsh2.shp
5,8,0|0|0,0|0|0,0,0,0,0,0,0,130,-13,100,0,6,1,229|231|233|235|237|239|241|243|0|0|0|0|0|0|0|0|0|0|0|0,4,1,1,0,0,0,0,0,0,0,20,0,newsh2.shp
6,1,0|0|78,0|0|0,0,0,0,0,0,0,0,0,0,0,6,1,85|0|0|0|0|0|0|0|0|0|0|0|0|0|0|0|0|0|0|0,2,0,1,0,0,0,0,0,0,0,25,0,newsh2.shp
7,1,0|78|0,0|0|0,0,0,0,0,0,0,0,0,0,0,6,1,87|0|0|0|0|0|0|0|0|0|0|0|0|0|0|0|0|0|0|0,2,0,1,0,0,0,0,0,0,0,25,0,newsh2.shp
8,1,0|0|0,0|0|0,0,0,0,0,0,0,0,0,0,0,6,1,123|0|0|0|0|0|0|0|0|0|0|0|0|0|0|0|0|0|0|0,2,0,1,0,0,0,0,0,0,0,25,0,newsh2.shp
9,1,0|0|0,0|0|0,0,0,0,0,0,0,0,0,0,0,6,1,125|0|0|0|0|0|0|0|0|0|0|0|0|0|0|0|0|0|0|0,2,0,1,0,0,0,0,0,0,0,25,0,newsh2.shp
10,8,0|0|0,0|0|0,0,1,0,0,0,0,130,-13,100,0,3,1,191|193|195|197|199|201|203|205|0|0|0|0|0|0|0|0|0|0|0|0,4,1,1,0,0,0,0,0,0,0,15,0,newsh2.shp
11,8,0|0|0,0|0|0,0,0,97,97,0,0,130,-13,100,0,6,1,243|241|239|237|235|233|231|229|0|0|0|0|0|0|0|0|0|0|0|0,6,1,1,0,0,0,0,0,0,0,20,0,newsh2.shp
12,8,0|0|0,0|0|0,0,1,0,0,0,0,130,-13,100,0,3,1,205|203|201|199|197|195|193|191|0|0|0|0|0|0|0|0|0|0|0|0,4,1,1,0,0,0,0,0,0,0,15,0,newsh2.shp
13,1,116|0|0,20|0|0,0,0,0,0,0,0,0,0,0,0,6,1,85|0|0|0|0|0|0|0|0|0|0|0|0|0|0|0|0|0|0|0,26,0,1,0,0,0,0,0,0,0,25,0,newsh2.shp
14,1,115|0|0,20|0|0,0,0,0,0,0,0,0,0,0,0,6,1,87|0|0|0|0|0|0|0|0|0|0|0|0|0|0|0|0|0|0|0,26,0,1,0,0,0,0,0,0,0,25,0,newsh2.shp
15,8,2|3|4,0|0|0,0,0,0,0,0,0,130,-13,125,0,10,1,91|45|93|39|43|129|41|131|0|0|0|0|0|0|0|0|0|0|0|0,3,0,1,0,0,0,0,0,0,0,20,0,newsh2.shp
16,12,0|0|0,0|0|0,0,0,0,0,0,8,150,-13,100,0,12,0,171|171|190|190|209|209|228|228|247|247|266|266|0|0|0|0|0|0|0|0,0,1,1,0,0,0,0,0,0,0,5,0,newsh2.shp
17,1,59|0|0,0|0|0,0,1,0,0,0,0,0,0,0,0,5,1,267|0|0|0|0|0|0|0|0|0|0|0|0|0|0|0|0|0|0|0,8,0,1,0,0,0,0,0,0,0,20,0,newsh2.shp
18,1,0|0|0,0|0|0,0,0,0,0,16,0,0,0,0,0,50,1,7|0|0|0|0|0|0|0|0|0|0|0|0|0|0|0|0|0|0|0,8,0,1,0,0,0,0,0,0,0,0,0,newsh2.shp
19,1,0|0|0,0|0|0,0,0,0,0,16,0,0,0,0,0,50,1,9|0|0|0|0|0|0|0|0|0|0|0|0|0|0|0|0|0|0|0,8,0,1,0,0,0,0,0,0,0,0,0,newsh2.shp
20,1,0|0|0,0|0|0,0,0,0,0,16,0,0,0,0,0,50,1,11|0|0|0|0|0|0|0|0|0|0|0|0|0|0|0|0|0|0|0,8,0,1,0,0,0,0,0,0,0,500,0,newsh2.shp
21,1,0|0|0,0|0|0,0,0,0,0,-16,0,0,0,0,0,50,1,5|0|0|0|0|0|0|0|0|0|0|0|0|0|0|0|0|0|0|0,8,0,1,0,0,0,0,0,0,0,0,0,newsh2.shp
22,1,0|0|0,0|0|0,0,0,0,0,-16,0,0,0,0,0,50,1,3|0|0|0|0|0|0|0|0|0|0|0|0|0|0|0|0|0|0|0,8,0,1,0,0,0,0,0,0,0,0,0,newsh2.shp
23,1,0|0|0,0|0|0,0,0,0,0,-16,0,0,0,0,0,50,1,1|0|0|0|0|0|0|0|0|0|0|0|0|0|0|0|0|0|0|0,8,0,1,0,0,0,0,0,0,0,500,0,newsh2.shp
24,1,62|0|0,20|0|0,2,2,0,0,10,-20,-20,-3,0,0,2,1,269|0|0|0|0|0|0|0|0|0|0|0|0|0|0|0|0|0|0|0,8,0,1,0,0,0,0,0,0,0,50,0,newsh2.shp
25,1,62|0|0,20|0|0,-2,2,0,0,-10,-20,100,-3,0,0,2,1,271|0|0|0|0|0|0|0|0|0|0|0|0|0|0|0|0|0|0|0,8,0,1,0,0,0,0,0,0,0,50,0,newsh2.shp
26,1,125|0|0,0|0|0,0,0,0,0,0,0,0,0,0,0,4,1,49|0|0|0|0|0|0|0|0|0|0|0|0|0|0|0|0|0|0|0,6,0,1,0,0,0,0,0,0,0,10,0,newsh2.shp
27,1,126|0|0,0|0|0,0,0,0,0,0,0,0,0,0,0,4,1,51|0|0|0|0|0|0|0|0|0|0|0|0|0|0|0|0|0|0|0,6,0,1,0,0,0,0,0,0,0,10,0,newsh2.shp
28,1,125|0|0,0|0|0,0,0,0,0,-12,0,0,0,0,0,4,1,49|0|0|0|0|0|0|0|0|0|0|0|0|0|0|0|0|0|0|0,0,0,1,-2,0,0,0,0,0,0,10,0,newsh2.shp
29,1,126|0|0,0|0|0,0,0,0,0,12,0,0,0,0,0,4,1,51|0|0|0|0|0|0|0|0|0|0|0|0|0|0|0|0|0|0|0,0,0,1,2,0,0,0,0,0,0,10,0,newsh2.shp
30,1,0|0|0,0|0|0,0,0,0,0,0,0,0,0,0,0,6,1,89|0|0|0|0|0|0|0|0|0|0|0|0|0|0|0|0|0|0|0,0,0,1,0,0,0,0,0,0,0,15,0,newsh2.shp
31,1,0|0|0,0|0|0,0,0,0,0,0,0,0,0,0,0,6,1,127|0|0|0|0|0|0|0|0|0|0|0|0|0|0|0|0|0|0|0,0,0,1,0,0,0,0,0,0,0,25,0,newsh2.shp
32,1,0|0|0,0|0|0,0,0,0,0,0,0,0,0,0,0,6,1,273|0|0|0|0|0|0|0|0|0|0|0|0|0|0|0|0|0|0|0,1,0,1,0,0,0,0,0,0,0,2,0,newsh2.shp
33,1,0|0|0,0|0|0,0,0,0,0,0,0,0,0,0,0,6,1,275|0|0|0|0|0|0|0|0|0|0|0|0|0|0|0|0|0|0|0,1,0,1,0,0,0,0,0,0,0,2,0,newsh2.shp
34,1,0|0|0,0|0|0,0,0,0,0,0,0,0,0,0,0,6,1,277|0|0|0|0|0|0|0|0|0|0|0|0|0|0|0|0|0|0|0,1,0,1,0,0,0,0,0,0,0,2,0,newsh2.shp
35,1,0|0|0,0|0|0,0,0,0,0,0,0,0,0,0,0,6,1,279|0|0|0|0|0|0|0|0|0|0|0|0|0|0|0|0|0|0|0,1,0,1,0,0,0,0,0,0,0,2,0,newsh2.shp
36,1,0|0|0,0|0|0,0,0,0,0,0,0,0,0,0,0,6,1,281|0|0|0|0|0|0|0|0|0|0|0|0|0|0|0|0|0|0|0,1,0,1,0,0,0,0,0,0,0,2,0,newsh2.shp
37,1,0|0|0,0|0|0,0,0,0,0,0,0,0,0,0,0,6,1,283|0|0|0|0|0|0|0|0|0|0|0|0|0|0|0|0|0|0|0,1,0,1,0,0,0,0,0,0,0,2,0,newsh2.shp
38,1,0|0|0,0|0|0,0,0,0,0,0,0,0,0,0,0,6,1,245|0|0|0|0|0|0|0|0|0|0|0|0|0|0|0|0|0|0|0,1,0,1,0,0,0,0,0,0,0,2,0,newsh2.shp
39,1,0|0|0,0|0|0,0,0,0,0,0,0,0,0,0,0,6,1,207|0|0|0|0|0|0|0|0|0|0|0|0|0|0|0|0|0|0|0,1,0,1,0,0,0,0,0,0,0,2,0,newsh2.shp
40,9,59|0|0,60|0|0,0,0,0,0,0,0,0,0,0,0,10,1,153|155|157|157|155|155|155|153|153|0|0|0|0|0|0|0|0|0|0|0,5,2,1,0,0,0,0,0,0,0,10,0,newsh2.shp
41,1,0|0|0,0|0|0,0,0,0,0,0,0,0,0,0,0,20,1,169|0|0|0|0|0|0|0|0|0|0|0|0|0|0|0|0|0|0|0,23,0,1,0,0,0,0,0,0,0,100,0,newsh2.shp
42,1,0|0|0,0|0|0,0,0,0,0,0,0,0,0,0,0,12,1,15|0|0|0|0|0|0|0|0|0|0|0|0|0|0|0|0|0|0|0,9,0,1,0,0,0,0,0,0,0,10,0,newsh2.shp
43,1,0|0|0,0|0|0,0,0,0,0,0,0,0,0,0,0,12,1,17|0|0|0|0|0|0|0|0|0|0|0|0|0|0|0|0|0|0|0,9,0,1,0,0,0,0,0,0,0,10,0,newsh2.shp
44,1,0|0|0,0|0|0,0,0,0,0,0,0,0,0,0,0,12,1,53|0|0|0|0|0|0|0|0|0|0|0|0|0|0|0|0|0|0|0,9,0,1,0,0,0,0,0,0,0,10,0,newsh2.shp
45,1,0|0|0,0|0|0,0,0,0,0,0,0,0,0,0,0,12,1,55|0|0|0|0|0|0|0|0|0|0|0|0|0|0|0|0|0|0|0,9,0,1,0,0,0,0,0,0,0,10,0,newsh2.shp
46,1,0|0|0,0|0|0,0,0,0,0,0,0,0,0,0,0,254,1,10|0|0|0|0|0|0|0|0|0|0|0|0|0|0|0|0|0|0|0,36,0,2,0,0,162,40,0,0,0,0,0,newsh4.shp
47,1,0|0|0,0|0|0,0,0,0,0,0,0,0,0,0,0,254,1,12|0|0|0|0|0|0|0|0|0|0|0|0|0|0|0|0|0|0|0,36,0,2,0,0,164,40,0,0,0,0,0,newsh4.shp
48,1,0|0|0,0|0|0,0,0,0,0,0,0,0,0,0,0,254,1,14|0|0|0|0|0|0|0|0|0|0|0|0|0|0|0|0|0|0|0,36,0,2,0,0,14,40,0,0,0,250,0,newsh4.shp
49,1,0|0|0,0|0|0,0,0,0,0,0,0,0,0,0,0,254,1,16|0|0|0|0|0|0|0|0|0|0|0|0|0|0|0|0|0|0|0,36,0,2,0,0,168,40,0,0,0,0,0,newsh4.shp
50,1,0|0|0,0|0|0,0,0,0,0,0,0,0,0,0,0,254,1,18|0|0|0|0|0|0|0|0|0|0|0|0|0|0|0|0|0|0|0,36,0,2,0,0,170,40,0,0,0,0,0,newsh4.shp
51,1,0|0|0,0|0|0,0,0,0,0,0,0,0,0,0,0,254,1,48|0|0|0|0|0|0|0|0|0|0|0|0|0|0|0|0|0|0|0,36,0,2,0,0,200,40,0,0,0,0,0,newsh4.shp
52,1,0|59|0,0|10|0,0,0,0,0,0,0,0,0,0,0,254,1,50|0|202|0|0|0|0|0|0|0|0|0|0|0|0|0|0|0|0|0,36,0,2,0,0,3,40,-3,0,0,0,0,newsh4.shp
53,8,127|0|81,60|0|0,0,0,0,0,0,0,0,0,0,0,254,1,1|3|5|7|39|41|43|45|0|0|0|0|0|0|0|0|0|0|0|0,36,2,2,0,0,1,40,0,90,3,1,0,newsh4.shp
54,1,0|59|0,0|10|0,0,0,0,0,0,0,0,0,0,0,254,1,54|0|206|0|0|0|0|0|0|0|0|0|0|0|0|0|0|0|0|0,36,0,2,0,0,3,40,-3,0,0,0,0,newsh4.shp
55,1,0|0|0,0|0|0,0,0,0,0,0,0,0,0,0,0,254,1,56|0|0|0|0|0|0|0|0|0|0|0|0|0|0|0|0|0|0|0,36,0,2,0,0,208,40,0,0,0,0,0,newsh4.shp
56,1,0|0|0,0|0|0,0,0,0,0,0,0,0,0,0,0,100,1,86|0|0|0|0|0|0|0|0|0|0|0|0|0|0|0|0|0|0|0,36,0,2,0,0,238,-1,0,0,0,0,0,newsh4.shp
57,1,0|0|0,0|0|0,0,0,0,0,0,0,0,0,0,0,100,1,88|0|0|0|0|0|0|0|0|0|0|0|0|0|0|0|0|0|0|0,36,0,2,0,0,240,-1,0,0,0,0,0,newsh4.shp
58,1,0|0|0,0|0|0,0,0,0,0,0,0,0,0,0,0,254,1,90|0|0|0|0|0|0|0|0|0|0|0|0|0|0|0|0|0|0|0,36,0,2,0,0,242,40,0,0,0,0,0,newsh4.shp
59,1,0|0|0,0|0|0,0,0,0,0,0,0,0,0,0,0,100,1,92|0|0|0|0|0|0|0|0|0|0|0|0|0|0|0|0|0|0|0,36,0,2,0,0,244,-1,0,0,0,0,0,newsh4.shp
60,1,0|0|0,0|0|0,0,0,0,0,0,0,0,0,0,0,100,1,94|0|0|0|0|0|0|0|0|0|0|0|0|0|0|0|0|0|0|0,36,0,2,0,0,246,-1,0,0,0,0,0,newsh4.shp
61,1,0|0|0,0|0|0,0,0,0,0,0,0,0,0,0,0,0,1,124|0|0|0|0|0|0|0|0|0|0|0|0|0|0|0|0|0|0|0,36,0,2,0,0,0,0,0,0,0,0,0,newsh4.shp
62,1,0|0|0,0|0|0,0,0,0,0,0,0,0,0,0,0,100,1,126|0|0|0|0|0|0|0|0|0|0|0|0|0|0|0|0|0|0|0,36,0,2,0,0,278,-1,0,0,0,0,0,newsh4.shp
63,1,0|0|0,0|0|0,0,0,0,0,0,0,0,0,0,0,254,1,128|0|0|0|0|0|0|0|0|0|0|0|0|0|0|0|0|0|0|0,36,0,2,0,0,280,40,0,0,0,0,0,newsh4.shp
64,1,0|0|0,0|0|0,0,0,0,0,0,0,0,0,0,0,100,1,130|0|0|0|0|0|0|0|0|0|0|0|0|0|0|0|0|0|0|0,36,0,2,0,0,282,-1,0,0,0,0,0,newsh4.shp
65,1,0|0|0,0|0|0,0,0,0,0,0,0,0,0,0,0,0,1,132|0|0|0|0|0|0|0|0|0|0|0|0|0|0|0|0|0|0|0,36,0,2,0,0,0,0,0,0,0,0,0,newsh4.shp
66,1,0|0|0,0|0|0,0,0,0,0,0,0,0,0,0,0,50,1,153|0|0|0|0|0|0|0|0|0|0|0|0|0|0|0|0|0|0|0,24,0,2,0,0,0,0,0,0,0,0,0,newsh4.shp
67,1,0|0|0,0|0|0,0,0,0,0,0,0,0,0,0,0,50,1,155|0|0|0|0|0|0|0|0|0|0|0|0|0|0|0|0|0|0|0,24,0,2,0,0,0,0,0,0,0,0,0,newsh4.shp
68,1,0|0|0,0|0|0,0,0,0,0,0,0,0,0,0,0,50,1,157|0|0|0|0|0|0|0|0|0|0|0|0|0|0|0|0|0|0|0,24,0,2,0,0,0,0,0,0,0,0,0,newsh4.shp
69,1,0|0|0,0|0|0,0,0,0,0,0,0,0,0,0,0,50,1,159|0|0|0|0|0|0|0|0|0|0|0|0|0|0|0|0|0|0|0,24,0,2,0,0,0,0,0,0,0,0,0,newsh4.shp
70,1,0|0|0,0|0|0,0,0,0,0,0,0,0,0,0,0,50,1,191|0|0|0|0|0|0|0|0|0|0|0|0|0|0|0|0|0|0|0,24,0,2,0,0,0,0,0,0,0,0,0,newsh4.shp
71,1,0|0|0,0|0|0,0,0,0,0,0,0,0,0,0,0,50,1,193|0|0|0|0|0|0|0|0|0|0|0|0|0|0|0|0|0|0|0,24,0,2,0,0,0,0,0,0,0,0,0,newsh4.shp
72,1,0|0|0,0|0|0,0,0,0,0,0,0,0,0,0,0,50,1,195|0|0|0|0|0|0|0|0|0|0|0|0|0|0|0|0|0|0|0,24,0,2,0,0,0,0,0,0,0,1000,0,newsh4.shp
73,1,0|0|0,0|0|0,0,0,0,0,0,0,0,0,0,0,50,1,231|0|0|0|0|0|0|0|0|0|0|0|0|0|0|0|0|0|0|0,24,0,2,0,0,0,0,0,0,0,0,0,newsh4.shp
74,1,0|0|0,0|0|0,0,0,0,0,0,0,0,0,0,0,50,1,233|0|0|0|0|0|0|0|0|0|0|0|0|0|0|0|0|0|0|0,24,0,2,0,0,0,0,0,0,0,0,0,newsh4.shp
75,1,0|0|0,0|0|0,0,0,0,0,0,0,0,0,0,0,50,1,235|0|0|0|0|0|0|0|0|0|0|0|0|0|0|0|0|0|0|0,24,0,2,0,0,0,0,0,0,0,0,0,newsh4.shp
76,1,0|0|0,0|0|0,0,0,0,0,0,0,0,0,0,0,50,1,267|0|0|0|0|0|0|0|0|0|0|0|0|0|0|0|0|0|0|0,24,0,2,0,0,0,0,0,0,0,0,0,newsh4.shp
77,1,0|0|0,0|0|0,0,0,0,0,0,0,0,0,0,0,50,1,269|0|0|0|0|0|0|0|0|0|0|0|0|0|0|0|0|0|0|0,24,0,2,0,0,0,0,0,0,0,0,0,newsh4.shp
78,1,0|0|0,0|0|0,0,0,0,0,0,0,0,0,0,0,50,1,271|0|0|0|0|0|0|0|0|0|0|0|0|0|0|0|0|0|0|0,24,0,2,0,0,0,0,0,0,0,0,0,newsh4.shp
79,1,0|0|0,0|0|0,0,0,0,0,0,0,0,0,0,0,50,1,273|0|0|0|0|0|0|0|0|0|0|0|0|0|0|0|0|0|0|0,24,0,2,0,0,0,0,0,0,0,1000,0,newsh4.shp
80,17,0|0|0,0|0|0,0,0,0,0,0,0,0,0,0,0,20,1,39|43|47|191|115|119|123|267|271|267|123|119|115|191|47|43|39|0|0|0,29,2,3,0,0,0,0,0,0,0,0,0,newsh7.shp
81,17,0|0|0,0|0|0,0,0,0,0,0,0,0,0,0,0,20,1,41|45|49|193|117|121|125|269|273|269|125|121|117|193|49|45|41|0|0|0,29,2,3,0,0,0,0,0,0,0,0,0,newsh7.shp
82,17,0|0|0,0|0|0,0,0,0,0,0,0,0,0,0,0,20,1,1|5|9|153|77|81|85|229|233|229|85|81|77|153|9|5|1|0|0|0,29,2,3,0,0,0,0,0,0,0,0,0,newsh7.shp
83,17,0|0|0,0|0|0,0,0,0,0,0,0,0,0,0,0,20,1,3|7|11|155|79|83|87|231|235|231|87|83|79|155|11|7|3|0|0|0,29,2,3,0,0,0,0,0,0,0,0,0,newsh7.shp
84,10,59|0|0,40|0|0,0,0,0,0,0,0,0,0,0,0,14,1,55|55|93|131|93|55|55|55|55|55|0|0|0|0|0|0|0|0|0|0,1,2,3,0,0,0,0,0,0,0,0,0,newsh7.shp
85,5,0|0|0,40|0|0,0,0,0,0,0,0,0,0,0,0,14,1,169|167|165|167|169|0|0|0|0|0|0|0|0|0|0|0|0|0|0|0,1,2,3,0,0,0,0,0,0,0,0,0,newsh7.shp
86,5,0|0|0,0|0|0,0,0,0,0,0,0,0,0,0,0,14,1,207|205|203|205|207|0|0|0|0|0|0|0|0|0|0|0|0|0|0|0,1,2,3,0,0,0,0,0,40,463,0,0,newsh7.shp
87,1,0|0|0,0|0|0,0,0,0,0,0,0,0,0,0,0,20,1,199|0|0|0|0|0|0|0|0|0|0|0|0|0|0|0|0|0|0|0,29,0,3,0,0,0,0,0,0,0,0,0,newsh7.shp
88,1,0|0|0,0|0|0,0,0,0,0,0,0,0,0,0,0,20,1,201|0|0|0|0|0|0|0|0|0|0|0|0|0|0|0|0|0|0|0,29,0,3,0,0,0,0,0,0,0,0,0,newsh7.shp
89,1,0|0|0,0|0|0,0,0,0,0,0,0,0,0,0,0,20,1,161|0|0|0|0|0|0|0|0|0|0|0|0|0|0|0|0|0|0|0,29,0,3,0,0,0,0,0,0,0,0,0,newsh7.shp
90,1,0|0|0,0|0|0,0,0,0,0,0,0,0,0,0,0,20,1,163|0|0|0|0|0|0|0|0|0|0|0|0|0|0|0|0|0|0|0,29,0,3,0,0,0,0,0,0,0,0,0,newsh7.shp
91,1,0|0|0,0|0|0,4,0,0,0,0,0,0,0,0,0,10,1,125|0|0|0|0|0|0|0|0|0|0|0|0|0|0|0|0|0|0|0,0,0,4,0,0,0,0,0,10,454,0,502,newsh8.shp
92,1,0|0|0,0|0|0,4,0,0,0,0,0,0,0,0,0,254,1,127|0|0|0|0|0|0|0|0|0|0|0|0|0|0|0|0|0|0|0,0,0,4,0,0,0,0,0,0,0,0,0,newsh8.shp
93,10,0|0|0,0|0|0,0,1,0,0,-4,0,40,-13,30,0,3,0,19|38|57|76|95|114|133|152|132|151|0|0|0|0|0|0|0|0|0|0,0,1,4,-6,0,0,0,0,0,0,0,0,newsh8.shp
94,10,0|0|0,0|0|0,0,2,0,0,-6,0,40,-13,30,0,3,0,19|38|57|76|95|114|133|152|132|151|0|0|0|0|0|0|0|0|0|0,0,1,4,0,0,0,0,0,0,0,0,0,newsh8.shp
95,10,0|0|0,0|0|0,0,3,0,0,-12,0,40,-13,30,0,3,0,19|38|57|76|95|114|133|152|132|151|0|0|0|0|0|0|0|0|0|0,0,1,4,0,0,0,0,0,0,0,0,0,newsh8.shp
96,10,0|0|0,0|0|0,0,4,0,0,0,0,40,-13,30,0,3,0,19|38|57|76|95|114|133|152|132|151|0|0|0|0|0|0|0|0|0|0,0,1,4,0,0,0,0,0,0,0,0,0,newsh8.shp
97,10,0|0|0,0|0|0,0,3,0,0,12,0,40,-13,30,0,3,0,19|38|57|76|95|114|133|152|132|151|0|0|0|0|0|0|0|0|0|0,0,1,4,0,0,0,0,0,0,0,0,0,newsh8.shp
98,10,0|0|0,0|0|0,0,2,0,0,6,0,40,-13,30,0,3,0,19|38|57|76|95|114|133|152|132|151|0|0|0|0|0|0|0|0|0|0,0,1,4,0,0,0,0,0,0,0,0,0,newsh8.shp
99,10,0|0|0,0|0|0,0,1,0,0,4,0,40,-13,30,0,3,0,19|38|57|76|95|114|133|152|132|151|0|0|0|0|0|0|0|0|0|0,0,1,4,6,0,0,0,0,0,0,0,0,newsh8.shp
100,3,0|0|0,0|0|0,0,1,0,0,0,0,0,0,0,0,10,1,153|155|157|0|0|0|0|0|0|0|0|0|0|0|0|0|0|0|0|0,0,1,4,0,0,0,0,0,30,454,0,0,newsh8.shp
101,3,0|0|0,0|0|0,0,1,0,0,0,0,0,0,0,0,254,1,191|193|195|0|0|0|0|0|0|0|0|0|0|0|0|0|0|0|0|0,0,1,4,0,0,0,0,0,0,0,0,0,newsh8.shp
102,3,0|0|0,0|0|0,0,6,0,0,1,-10,0,0,0,0,6,1,267|269|271|0|0|0|0|0|0|0|0|0|0|0|0|0|0|0|0|0,0,1,4,4,0,0,0,0,0,0,0,0,newsh8.shp
103,3,0|0|0,0|0|0,0,6,0,0,-1,-10,0,0,0,0,6,1,267|269|271|0|0|0|0|0|0|0|0|0|0|0|0|0|0|0|0|0,0,1,4,-4,0,0,0,0,0,0,0,0,newsh8.shp
104,4,63|63|63,30|29|28,0,1,0,0,0,0,0,0,0,0,12,1,1|3|5|7|0|0|0|0|0|0|0|0|0|0|0|0|0|0|0|0,0,1,4,0,0,0,0,0,0,0,0,508,newsh8.shp
105,10,0|0|0,0|0|0,0,1,0,0,-3,0,40,-13,30,0,3,0,19|38|57|76|95|114|133|152|132|151|0|0|0|0|0|0|0|0|0|0,0,1,4,-8,0,0,0,0,0,0,0,0,newsh8.shp
106,11,0|0|0,0|0|0,0,0,0,0,0,0,0,0,0,0,200,1,9|11|13|15|17|47|49|51|53|55|85|0|0|0|0|0|0|0|0|0,0,0,4,0,0,0,0,0,0,0,0,0,newsh8.shp
107,11,0|0|0,0|0|0,0,0,0,0,0,0,0,0,0,0,200,1,45|45|45|45|45|45|87|89|91|93|123|0|0|0|0|0|0|0|0|0,0,0,4,0,0,0,0,0,0,0,0,0,newsh8.shp
108,4,0|0|0,0|0|0,0,-8,0,0,4,10,0,0,0,0,20,1,115|117|119|117|0|0|0|0|0|0|0|0|0|0|0|0|0|0|0|0,0,1,4,0,0,0,0,0,0,0,0,0,newsh8.shp
109,6,0|0|0,0|0|0,0,0,0,0,0,0,0,0,0,0,60,1,277|279|281|165|281|279|0|0|0|0|0|0|0|0|0|0|0|0|0|0,24,1,4,0,0,163,30,0,0,0,0,0,newsh8.shp
110,1,0|0|0,0|0|0,0,0,0,0,0,0,0,0,0,0,60,1,203|0|0|0|0|0|0|0|0|0|0|0|0|0|0|0|0|0|0|0,24,0,4,0,0,201,30,0,0,0,0,0,newsh8.shp
111,1,0|0|0,0|0|0,0,0,0,0,0,0,0,0,0,0,0,1,241|0|0|0|0|0|0|0|0|0|0|0|0|0|0|0|0|0|0|0,24,0,4,0,0,239,30,0,0,0,0,0,newsh8.shp
112,1,0|0|0,0|0|0,0,0,0,0,0,0,0,0,0,0,254,1,167|0|0|0|0|0|0|0|0|0|0|0|0|0|0|0|0|0|0|0,24,0,4,0,0,0,0,0,0,0,0,0,newsh8.shp
113,1,0|0|0,0|0|0,0,0,0,0,0,0,0,0,0,0,254,1,205|0|0|0|0|0|0|0|0|0|0|0|0|0|0|0|0|0|0|0,24,0,4,0,0,0,0,0,0,0,0,0,newsh8.shp
114,1,0|0|0,0|0|0,0,0,0,0,0,0,0,0,0,0,0,1,243|0|0|0|0|0|0|0|0|0|0|0|0|0|0|0|0|0|0|0,24,0,4,0,0,0,0,0,0,0,0,0,newsh8.shp
115,1,0|0|0,0|0|0,0,0,0,0,0,0,0,0,0,0,254,1,169|0|0|0|0|0|0|0|0|0|0|0|0|0|0|0|0|0|0|0,24,0,4,0,0,0,0,0,0,0,0,0,newsh8.shp
116,1,0|0|0,0|0|0,0,0,0,0,0,0,0,0,0,0,254,1,207|0|0|0|0|0|0|0|0|0|0|0|0|0|0|0|0|0|0|0,24,0,4,0,0,0,0,0,0,0,0,0,newsh8.shp
117,1,0|0|0,0|0|0,0,0,0,0,0,0,0,0,0,0,0,1,245|0|0|0|0|0|0|0|0|0|0|0|0|0|0|0|0|0|0|0,24,0,4,0,0,0,0,0,0,0,0,0,newsh8.shp
118,1,0|0|0,0|0|0,0,0,0,0,0,0,0,0,0,0,254,1,161|0|0|0|0|0|0|0|0|0|0|0|0|0|0|0|0|0|0|0,24,0,4,0,0,0,0,0,0,0,0,0,newsh8.shp
119,1,0|0|0,0|0|0,0,0,0,0,0,0,0,0,0,0,254,1,199|0|0|0|0|0|0|0|0|0|0|0|0|0|0|0|0|0|0|0,24,0,4,0,0,0,0,0,0,0,0,0,newsh8.shp
120,1,0|0|0,0|0|0,0,0,0,0,0,0,0,0,0,0,0,1,237|0|0|0|0|0|0|0|0|0|0|0|0|0|0|0|0|0|0|0,24,0,4,0,0,0,0,0,0,0,0,0,newsh8.shp
121,1,0|0|0,0|0|0,0,0,0,0,0,0,0,0,0,0,10,1,115|0|0|0|0|0|0|0|0|0|0|0|0|0|0|0|0|0|0|0,29,0,1,0,0,0,0,0,0,0,5,0,newsh2.shp
122,1,0|0|0,0|0|0,0,0,0,0,0,0,0,0,0,0,10,1,117|0|0|0|0|0|0|0|0|0|0|0|0|0|0|0|0|0|0|0,29,0,1,0,0,0,0,0,0,0,5,0,newsh2.shp
123,1,0|0|0,0|0|0,0,0,0,0,0,0,0,0,0,0,10,1,77|0|0|0|0|0|0|0|0|0|0|0|0|0|0|0|0|0|0|0,29,0,1,0,0,0,0,0,0,0,5,0,newsh2.shp
124,1,0|0|0,0|0|0,0,0,0,0,0,0,0,0,0,0,10,1,79|0|0|0|0|0|0|0|0|0|0|0|0|0|0|0|0|0|0|0,29,0,1,0,0,0,0,0,0,0,5,0,newsh2.shp
125,1,0|0|0,0|0|0,0,0,0,0,0,0,0,0,0,0,10,1,119|0|0|0|0|0|0|0|0|0|0|0|0|0|0|0|0|0|0|0,29,0,1,0,0,0,0,0,0,0,5,0,newsh2.shp
126,1,0|0|0,0|0|0,0,0,0,0,0,0,0,0,0,0,10,1,121|0|0|0|0|0|0|0|0|0|0|0|0|0|0|0|0|0|0|0,29,0,1,0,0,0,0,0,0,0,5,0,newsh2.shp
127,1,0|0|0,0|0|0,0,0,0,0,0,0,0,0,0,0,10,1,81|0|0|0|0|0|0|0|0|0|0|0|0|0|0|0|0|0|0|0,29,0,1,0,0,0,0,0,0,0,5,0,newsh2.shp
128,1,0|0|0,0|0|0,0,0,0,0,0,0,0,0,0,0,10,1,83|0|0|0|0|0|0|0|0|0|0|0|0|0|0|0|0|0|0|0,29,0,1,0,0,0,0,0,0,0,5,0,newsh2.shp
129,4,134|0|0,28|0|0,0,1,0,0,0,0,0,0,0,0,25,1,51|89|127|89|0|0|0|0|0|0|0|0|0|0|0|0|0|0|0|0,0,1,3,0,0,0,0,0,0,0,0,0,newsh7.shp
130,4,0|0|0,0|0|0,0,1,0,0,0,0,0,0,0,0,15,1,53|91|129|91|0|0|0|0|0|0|0|0|0|0|0|0|0|0|0|0,0,1,3,0,0,0,0,0,0,0,0,0,newsh7.shp
131,4,140|0|0,8|0|0,0,1,0,0,0,0,0,0,0,0,15,1,53|91|129|91|0|0|0|0|0|0|0|0|0|0|0|0|0|0|0|0,0,1,3,0,0,0,0,0,0,0,0,0,newsh7.shp
132,1,0|0|0,0|0|0,0,1,0,0,0,0,0,0,0,0,5,0,152|0|0|0|0|0|0|0|0|0|0|0|0|0|0|0|0|0|0|0,0,0,3,0,0,0,0,0,0,0,0,0,newsh7.shp
133,4,141|0|0,40|0|0,0,4,0,0,0,0,0,0,0,0,10,1,13|15|17|15|0|0|0|0|0|0|0|0|0|0|0|0|0|0|0|0,0,1,3,0,6,0,0,0,0,0,0,0,newsh7.shp
134,4,135|0|0,28|0|0,0,-5,0,0,0,0,0,0,0,0,8,1,237|275|239|275|0|0|0|0|0|0|0|0|0|0|0|0|0|0|0|0,0,1,3,0,0,0,0,0,0,0,0,0,newsh7.shp
135,1,0|0|0,0|0|0,0,1,0,0,0,0,130,-13,125,0,3,1,5|0|0|0|0|0|0|0|0|0|0|0|0|0|0|0|0|0|0|0,4,0,8,0,0,0,0,0,0,0,0,0,newshd.shp
136,1,0|0|0,0|0|0,0,2,0,0,0,0,130,-13,125,0,3,1,5|0|0|0|0|0|0|0|0|0|0|0|0|0|0|0|0|0|0|0,4,0,8,0,0,0,0,0,0,0,0,0,newshd.shp
137,1,0|0|0,0|0|0,0,3,0,0,0,0,130,-13,125,0,3,1,5|0|0|0|0|0|0|0|0|0|0|0|0|0|0|0|0|0|0|0,4,0,8,0,0,0,0,0,0,0,0,0,newshd.shp
138,1,0|0|0,0|0|0,0,0,0,0,0,0,130,-13,125,0,10,1,39|0|0|0|0|0|0|0|0|0|0|0|0|0|0|0|0|0|0|0,28,0,8,0,0,0,0,0,0,0,0,0,newshd.shp
139,1,0|0|0,0|0|0,0,0,0,0,0,0,130,-13,125,0,10,1,41|0|0|0|0|0|0|0|0|0|0|0|0|0|0|0|0|0|0|0,28,0,8,0,0,0,0,0,0,0,0,0,newshd.shp
140,1,0|0|0,0|0|0,0,0,0,0,0,0,130,-13,125,0,10,1,1|0|0|0|0|0|0|0|0|0|0|0|0|0|0|0|0|0|0|0,28,0,8,0,0,0,0,0,0,0,0,0,newshd.shp
141,1,0|0|0,0|0|0,0,0,0,0,0,0,130,-13,125,0,10,1,3|0|0|0|0|0|0|0|0|0|0|0|0|0|0|0|0|0|0|0,28,0,8,0,0,0,0,0,0,0,0,0,newshd.shp
142,12,63|0|0,25|0|0,0,0,0,0,0,0,130,-13,125,0,10,1,1|3|5|9|11|13|11|9|7|5|3|1|0|0|0|0|0|0|0|0,7,2,7,0,0,0,0,0,0,0,25,0,newshc.shp
143,5,144|0|0,30|0|0,0,0,0,0,0,0,130,-13,125,0,15,1,39|41|43|41|39|0|0|0|0|0|0|0|0|0|0|0|0|0|0|0,7,2,7,0,0,0,0,0,0,0,100,0,newshc.shp
144,7,142|0|0,35|0|0,0,0,0,0,0,0,130,-13,125,0,2,0,38|57|76|95|76|57|38|0|0|0|0|0|0|0|0|0|0|0|0|0,8,2,7,0,0,0,0,0,0,0,5,0,newshc.shp
145,1,0|0|0,0|0|0,0,0,0,0,0,0,130,-13,125,0,18,1,245|0|0|0|0|0|0|0|0|0|0|0|0|0|0|0|0|0|0|0,7,0,7,0,0,229,8,0,0,0,50,0,newshc.shp
146,1,0|0|0,0|0|0,0,0,0,0,0,0,130,-13,125,0,18,1,283|0|0|0|0|0|0|0|0|0|0|0|0|0|0|0|0|0|0|0,7,0,7,0,0,267,8,0,0,0,0,0,newshc.shp
147,14,0|0|0,0|0|0,0,0,0,0,0,0,130,-13,125,0,10,1,1|3|5|7|9|11|13|15|17|39|41|43|45|47|49|0|0|0|0|0,8,1,11,0,0,0,0,0,0,0,25,0,newshg.shp
148,12,0|0|0,0|0|0,2,0,0,0,0,0,-20,140,0,0,3,1,77|79|81|83|85|87|89|91|93|115|117|119|0|0|0|0|0|0|0|0,8,1,11,0,0,0,0,0,0,0,50,0,newshg.shp
149,1,0|0|0,0|0|0,0,0,0,0,0,0,130,-13,125,0,254,1,1|0|0|0|0|0|0|0|0|0|0|0|0|0|0|0|0|0|0|0,8,0,10,0,0,0,0,0,0,0,25,0,newshf.shp
150,1,0|0|0,0|0|0,0,0,0,0,0,0,130,-13,125,0,254,1,3|0|0|0|0|0|0|0|0|0|0|0|0|0|0|0|0|0|0|0,8,0,10,0,0,0,0,0,0,0,25,0,newshf.shp
151,1,0|0|0,0|0|0,0,0,0,0,0,0,130,-13,125,0,254,1,5|0|0|0|0|0|0|0|0|0|0|0|0|0|0|0|0|0|0|0,8,0,10,0,0,0,0,0,0,0,25,0,newshf.shp
152,1,0|0|0,0|0|0,0,0,0,0,0,0,130,-13,125,0,254,1,7|0|0|0|0|0|0|0|0|0|0|0|0|0|0|0|0|0|0|0,8,0,10,0,0,0,0,0,0,0,25,0,newshf.shp
153,7,59|0|0,25|0|0,0,0,0,0,0,0,0,0,0,0,14,1,39|1|3|3|3|1|39|0|0|0|0|0|0|0|0|0|0|0|0|0,7,2,12,0,0,0,0,0,0,0,50,0,newshh.shp
154,1,0|0|0,0|0|0,0,0,0,0,0,0,130,-13,125,0,20,1,119|0|0|0|0|0|0|0|0|0|0|0|0|0|0|0|0|0|0|0,11,0,12,0,0,0,0,0,0,0,50,0,newshh.shp
155,1,0|0|0,0|0|0,0,0,0,0,0,0,130,-13,125,0,20,1,121|0|0|0|0|0|0|0|0|0|0|0|0|0|0|0|0|0|0|0,11,0,12,0,0,0,0,0,0,0,0,0,newshh.shp
156,1,0|0|0,0|0|0,0,0,0,0,0,0,130,-13,125,0,20,1,81|0|0|0|0|0|0|0|0|0|0|0|0|0|0|0|0|0|0|0,11,0,12,0,0,0,0,0,0,0,0,0,newshh.shp
157,1,0|0|0,0|0|0,0,0,0,0,0,0,130,-13,125,0,20,1,83|0|0|0|0|0|0|0|0|0|0|0|0|0|0|0|0|0|0|0,11,0,12,0,0,0,0,0,0,0,0,0,newshh.shp
158,8,0|0|0,0|0|0,0,0,0,0,0,0,130,-13,125,0,20,1,43|47|47|51|51|47|47|43|0|0|0|0|0|0|0|0|0|0|0|0,11,2,12,0,0,0,0,0,0,0,50,0,newshh.shp
159,8,0|0|0,0|0|0,0,0,0,0,0,0,130,-13,125,0,20,1,45|49|49|53|53|49|49|45|0|0|0|0|0|0|0|0|0|0|0|0,11,2,12,0,0,0,0,0,0,0,0,0,newshh.shp
160,8,116|0|0,30|0|0,0,0,0,0,0,0,130,-13,125,0,20,1,5|9|9|13|13|9|9|5|0|0|0|0|0|0|0|0|0|0|0|0,11,2,12,0,0,0,0,0,0,0,0,0,newshh.shp
161,8,0|0|0,0|0|0,0,0,0,0,0,0,130,-13,125,0,20,1,7|11|11|15|15|11|11|7|0|0|0|0|0|0|0|0|0|0|0|0,11,2,12,0,0,0,0,0,0,0,0,0,newshh.shp
162,7,59|0|0,25|0|0,0,0,0,0,0,0,130,-13,125,0,15,1,39|41|41|41|39|39|39|0|0|0|0|0|0|0|0|0|0|0|0|0,7,2,10,0,0,0,0,0,0,0,25,0,newshf.shp
163,1,92|0|0,0|0|0,0,0,0,0,0,0,130,-13,125,0,3,1,125|123|127|0|0|0|0|0|0|0|0|0|0|0|0|0|0|0|0|0,6,0,10,0,0,0,0,0,0,0,20,0,newshf.shp
164,1,8|0|0,0|0|0,0,0,0,0,0,0,130,-13,125,0,4,1,11|9|13|0|0|0|0|0|0|0|0|0|0|0|0|0|0|0|0|0,6,0,10,0,0,0,0,0,0,0,25,0,newshf.shp
165,1,12|0|0,0|0|0,0,0,0,0,0,0,130,-13,125,0,6,1,49|47|51|0|0|0|0|0|0|0|0|0|0|0|0|0|0|0|0|0,6,0,10,0,0,0,0,0,0,0,40,0,newshf.shp
166,1,8|0|0,0|0|0,0,0,0,0,0,0,130,-13,125,0,8,1,87|85|89|0|0|0|0|0|0|0|0|0|0|0|0|0|0|0|0|0,6,0,10,0,0,0,0,0,0,0,50,0,newshf.shp
167,1,100|0|0,0|0|0,0,0,0,0,0,0,130,-13,125,0,10,1,3|1|5|0|0|0|0|0|0|0|0|0|0|0|0|0|0|0|0|0,6,0,10,0,0,0,0,0,0,0,75,0,newshf.shp
168,1,16|0|0,0|0|0,0,0,0,0,0,0,130,-13,125,0,12,1,55|17|93|0|0|0|0|0|0|0|0|0|0|0|0|0|0|0|0|0,6,0,10,0,0,0,0,0,0,0,50,0,newshf.shp
169,1,98|0|0,0|0|0,0,0,0,0,0,0,130,-13,125,0,14,1,79|77|115|0|0|0|0|0|0|0|0|0|0|0|0|0|0|0|0|0,6,0,10,0,0,0,0,0,0,0,80,0,newshf.shp
170,1,100|0|0,0|0|0,0,0,0,0,0,0,130,-13,125,0,15,1,53|15|91|0|0|0|0|0|0|0|0|0|0|0|0|0|0|0|0|0,6,0,10,0,0,0,0,0,0,0,100,0,newshf.shp
171,4,0|0|0,0|0|0,0,0,0,0,0,0,130,-13,125,0,20,1,43|45|45|43|0|0|0|0|0|0|0|0|0|0|0|0|0|0|0|0,5,2,10,0,0,0,0,0,0,0,75,0,newshf.shp
172,4,0|0|0,0|0|0,0,0,0,0,0,0,130,-13,125,0,20,1,81|83|83|81|0|0|0|0|0|0|0|0|0|0|0|0|0|0|0|0,5,2,10,0,0,0,0,0,0,0,75,0,newshf.shp
173,4,24|0|0,48|0|0,0,0,0,0,0,0,130,-13,125,0,20,1,119|121|121|119|0|0|0|0|0|0|0|0|0|0|0|0|0|0|0|0,5,2,10,0,0,0,0,0,0,0,75,0,newshf.shp
174,1,0|0|0,0|0|0,0,0,0,0,4,0,130,-13,125,0,80,1,125|0|0|0|0|0|0|0|0|0|0|0|0|0|0|0|0|0|0|0,2,0,18,4,0,0,0,0,0,0,0,0,newshn.shp
175,1,0|0|0,0|0|0,0,0,0,0,4,0,130,-13,125,0,80,1,15|0|0|0|0|0|0|0|0|0|0|0|0|0|0|0|0|0|0|0,2,0,18,4,0,0,0,0,0,0,0,0,newshn.shp
176,1,0|0|0,0|0|0,0,0,0,0,4,0,130,-13,125,0,80,1,13|0|0|0|0|0|0|0|0|0|0|0|0|0|0|0|0|0|0|0,2,0,18,4,0,0,0,0,0,0,0,0,newshn.shp
177,1,0|0|0,0|0|0,0,0,0,0,-4,0,130,-13,125,0,80,1,125|0|0|0|0|0|0|0|0|0|0|0|0|0|0|0|0|0|0|0,2,0,18,-4,0,0,0,0,0,0,0,0,newshn.shp
178,1,0|0|0,0|0|0,0,0,0,0,-4,0,130,-13,125,0,80,1,15|0|0|0|0|0|0|0|0|0|0|0|0|0|0|0|0|0|0|0,2,0,18,-4,0,0,0,0,0,0,0,0,newshn.shp
179,1,0|0|0,0|0|0,0,0,0,0,-4,0,130,-13,125,0,80,1,13|0|0|0|0|0|0|0|0|0|0|0|0|0|0|0|0|0|0|0,2,0,18,-4,0,0,0,0,0,0,0,0,newshn.shp
180,20,0|0|0,0|0|0,0,0,0,0,4,0,130,-13,125,0,120,1,163|203|203|203|207|207|207|203|203|203|163|163|163|163|163|163|163|163|163|163,2,1,18,4,0,0,0,0,0,0,250,0,newshn.shp
181,20,0|0|0,0|0|0,0,0,0,0,4,0,130,-13,125,0,120,1,201|205|205|205|245|245|245|205|205|205|201|201|201|201|201|201|201|201|201|201,2,1,18,4,0,0,0,0,0,0,0,0,newshn.shp
182,20,0|0|0,0|0|0,0,0,0,0,-4,0,130,-13,125,0,120,1,11|9|9|9|1|1|1|9|9|9|11|11|11|11|11|11|11|11|11|11,2,1,18,-4,0,0,0,0,0,0,250,0,newshn.shp
183,20,0|0|0,0|0|0,0,0,0,0,-4,0,130,-13,125,0,120,1,49|47|47|47|39|39|39|47|47|47|49|49|49|49|49|49|49|49|49|49,2,1,18,-4,0,0,0,0,0,0,0,0,newshn.shp
184,11,116|0|0,32|0|0,0,0,0,0,0,2,130,-13,125,0,15,1,121|123|123|123|125|125|125|123|123|123|121|0|0|0|0|0|0|0|0|0,6,2,11,0,4,0,0,0,0,0,0,0,newshg.shp
185,14,0|0|0,0|0|0,0,0,0,0,0,0,130,-13,125,0,40,1,1|3|5|7|9|11|13|15|17|39|41|43|45|47|49|0|0|0|0|0,8,1,11,0,0,0,0,0,0,0,25,0,newshg.shp
186,12,116|0|0,60|0|0,3,0,0,0,0,0,-20,155,0,0,10,1,77|79|81|83|85|87|89|91|93|115|117|119|0|0|0|0|0|0|0|0,8,2,11,0,0,0,0,0,0,0,25,0,newshg.shp
187,12,116|0|0,60|0|0,-3,0,0,0,0,0,300,5,0,0,10,1,77|79|81|83|85|87|89|91|93|115|117|119|0|0|0|0|0|0|0|0,8,2,11,0,0,0,0,0,0,0,25,0,newshg.shp
188,12,116|0|0,60|0|0,-3,0,0,0,0,0,300,155,0,0,10,1,77|79|81|83|85|87|89|91|93|115|117|119|0|0|0|0|0|0|0|0,8,2,11,0,0,0,0,0,0,0,25,0,newshg.shp
189,12,116|0|0,60|0|0,3,0,0,0,0,0,-20,5,0,0,10,1,77|79|81|83|85|87|89|91|93|115|117|119|0|0|0|0|0|0|0|0,8,2,11,0,0,0,0,0,0,0,25,0,newshg.shp
190,12,0|0|0,0|0|0,0,0,0,0,1,0,0,0,0,0,10,1,127|127|129|129|129|131|131|131|129|129|129|127|0|0|0|0|0|0|0|0,8,1,11,10,0,0,0,0,0,0,25,0,newshg.shp
191,12,0|0|0,0|0|0,0,0,0,0,-1,0,0,0,0,0,10,1,127|127|129|129|129|131|131|131|129|129|129|127|0|0|0|0|0|0|0|0,8,1,11,-10,0,0,0,0,0,0,25,0,newshg.shp
192,12,0|0|0,0|0|0,0,0,0,0,0,0,130,-13,125,0,20,1,229|229|233|233|233|273|273|273|233|233|233|229|0|0|0|0|0|0|0|0,6,1,4,0,0,0,0,0,0,0,0,0,newsh8.shp
193,12,0|0|0,0|0|0,0,0,0,0,0,0,130,-13,125,0,20,1,231|231|235|235|235|275|275|275|235|235|235|231|0|0|0|0|0|0|0|0,6,1,4,0,0,0,0,0,0,0,0,0,newsh8.shp
194,8,2|3|4,0|0|0,0,0,0,0,0,0,130,-13,125,0,30,1,13|15|17|51|55|89|91|93|0|0|0|0|0|0|0|0|0|0|0|0,3,0,20,0,0,0,0,0,0,0,50,0,newshp.shp
195,8,6|7|8,0|0|0,0,0,0,0,0,0,130,-13,125,0,10,0,19|38|57|76|95|114|133|152|0|127|128|129|130|94|0|146|147|148|149|132,4,0,23,0,0,0,0,0,0,0,25,0,newshs.shp
196,1,0|0|0,0|0|0,0,0,0,0,0,0,130,-13,125,0,40,1,237|0|0|0|0|0|0|0|0|0|0|0|0|0|0|0|0|0|0|0,8,0,8,0,0,0,0,0,0,0,50,0,newshd.shp
197,8,60|0|0,0|0|0,0,0,0,0,0,0,130,-13,125,0,40,1,277|275|275|273|273|271|271|0|0|0|0|0|0|0|0|0|0|0|0|0,7,0,20,0,0,235,-1,0,0,0,25,0,newshp.shp
198,8,60|0|0,0|0|0,0,0,0,0,0,0,130,-13,125,0,40,1,279|281|281|281|245|245|245|283|283|283|0|283|237|237|239|239|237|237|283|0,5,0,20,0,0,87,-1,0,0,199,75,0,newshp.shp
199,12,0|0|0,0|0|0,0,0,94,94,2,2,130,-13,125,0,2,0,171|190|209|228|247|266|285|266|247|228|209|190|0|0|0|0|0|0|0|0,6,1,20,5,5,0,0,0,0,1,100,0,newshp.shp
200,1,0|0|0,0|0|0,4,1,0,0,4,0,0,0,0,0,0,1,281|0|0|0|0|0|0|0|0|0|0|0|0|0|0|0|0|0|0|0,0,0,26,4,0,0,0,0,0,0,30000,0,newsh5.shp
201,1,0|0|0,0|0|0,0,0,0,0,0,0,130,-13,125,0,254,1,2|0|0|0|0|0|0|0|0|0|0|0|0|0|0|0|0|0|0|0,2,0,6,0,0,12,30,0,0,0,500,0,newshb.shp
202,1,0|0|0,0|0|0,0,0,0,0,0,0,130,-13,125,0,254,1,4|0|0|0|0|0|0|0|0|0|0|0|0|0|0|0|0|0|0|0,2,0,6,0,0,14,30,0,0,0,0,0,newshb.shp
203,1,0|0|0,0|0|0,0,0,0,0,0,0,130,-13,125,0,254,1,6|0|0|0|0|0|0|0|0|0|0|0|0|0|0|0|0|0|0|0,2,0,6,0,0,16,30,0,0,0,0,0,newshb.shp
204,1,0|0|0,0|0|0,0,0,0,0,0,0,130,-13,125,0,254,1,8|0|0|0|0|0|0|0|0|0|0|0|0|0|0|0|0|0|0|0,2,0,6,0,0,18,30,0,0,0,0,0,newshb.shp
205,1,0|0|0,0|0|0,0,0,0,0,0,0,130,-13,125,0,254,1,39|0|0|0|0|0|0|0|0|0|0|0|0|0|0|0|0|0|0|0,2,0,6,0,0,49,30,0,0,0,0,0,newshb.shp
206,1,0|0|0,0|0|0,0,0,0,0,0,0,130,-13,125,0,254,1,41|0|0|0|0|0|0|0|0|0|0|0|0|0|0|0|0|0|0|0,2,0,6,0,0,51,30,0,0,0,0,0,newshb.shp
207,1,0|0|0,0|0|0,0,0,0,0,0,0,130,-13,125,0,254,1,43|0|0|0|0|0|0|0|0|0|0|0|0|0|0|0|0|0|0|0,2,0,6,0,0,53,30,0,0,0,0,0,newshb.shp
208,1,0|0|0,0|0|0,0,0,0,0,0,0,130,-13,125,0,254,1,45|0|0|0|0|0|0|0|0|0|0|0|0|0|0|0|0|0|0|0,2,0,6,0,0,55,30,0,0,0,0,0,newshb.shp
209,1,0|0|0,0|0|0,0,0,0,0,0,0,130,-13,125,0,254,1,47|0|0|0|0|0|0|0|0|0|0|0|0|0|0|0|0|0|0|0,2,0,6,0,0,208,30,0,0,0,0,0,newshb.shp
210,1,0|0|0,0|0|0,0,0,0,0,0,0,130,-13,125,0,254,1,77|0|0|0|0|0|0|0|0|0|0|0|0|0|0|0|0|0|0|0,2,0,6,0,0,87,30,0,0,0,0,0,newshb.shp
211,1,0|0|0,0|0|0,0,0,0,0,0,0,130,-13,125,0,254,1,79|0|0|0|0|0|0|0|0|0|0|0|0|0|0|0|0|0|0|0,2,0,6,0,0,89,30,0,0,0,0,0,newshb.shp
212,1,0|0|0,0|0|0,0,0,0,0,0,0,130,-13,125,0,254,1,81|0|0|0|0|0|0|0|0|0|0|0|0|0|0|0|0|0|0|0,2,0,6,0,0,91,30,0,0,0,0,0,newshb.shp
213,1,0|0|0,0|0|0,0,0,0,0,0,0,130,-13,125,0,254,1,83|0|0|0|0|0|0|0|0|0|0|0|0|0|0|0|0|0|0|0,2,0,6,0,0,93,30,0,0,0,0,0,newshb.shp
214,1,0|0|0,0|0|0,0,0,0,0,0,0,130,-13,125,0,254,1,85|0|0|0|0|0|0|0|0|0|0|0|0|0|0|0|0|0|0|0,2,0,6,0,0,246,30,0,0,0,0,0,newshb.shp
215,1,0|0|0,0|0|0,0,0,0,0,0,0,130,-13,125,0,254,1,115|0|0|0|0|0|0|0|0|0|0|0|0|0|0|0|0|0|0|0,2,0,6,0,0,125,30,0,0,0,0,0,newshb.shp
216,13,0|38|0,0|60|0,0,0,0,0,0,0,130,-13,125,0,254,1,117|195|233|271|197|235|273|235|197|271|233|195|117|0|0|0|0|0|0|0,2,2,6,0,0,127,30,0,0,596,0,0,newshb.shp
217,1,0|0|0,0|0|0,0,0,0,0,0,0,130,-13,125,0,254,1,119|0|0|0|0|0|0|0|0|0|0|0|0|0|0|0|0|0|0|0,2,0,6,0,0,129,30,0,0,0,0,0,newshb.shp
218,13,0|37|0,0|60|0,0,0,0,0,0,0,130,-13,125,0,254,1,121|121|121|199|237|275|201|275|237|199|121|121|121|0|0|0|0|0|0|0,2,2,6,0,0,131,30,0,0,596,0,0,newshb.shp
219,1,0|0|0,0|0|0,0,0,0,0,0,0,130,-13,125,0,254,1,123|0|0|0|0|0|0|0|0|0|0|0|0|0|0|0|0|0|0|0,2,0,6,0,0,284,30,0,0,0,0,0,newshb.shp
220,1,0|0|0,0|0|0,0,0,0,0,0,0,130,-13,125,0,254,1,154|0|0|0|0|0|0|0|0|0|0|0|0|0|0|0|0|0|0|0,2,0,6,0,0,164,30,0,0,0,0,0,newshb.shp
221,7,34|0|0,30|0|0,0,0,0,0,0,0,130,-13,125,0,254,1,156|191|229|267|229|191|156|0|0|0|0|0|0|0|0|0|0|0|0|0,2,2,6,0,0,166,30,0,0,0,0,0,newshb.shp
222,7,34|0|0,30|0|0,0,0,0,0,0,0,130,-13,125,0,254,1,158|193|231|269|231|193|158|0|0|0|0|0|0|0|0|0|0|0|0|0,2,2,6,0,0,168,30,0,0,0,0,0,newshb.shp
223,1,0|0|0,0|0|0,0,0,0,0,0,0,130,-13,125,0,254,1,160|0|0|0|0|0|0|0|0|0|0|0|0|0|0|0|0|0|0|0,2,0,6,0,0,170,30,0,0,0,0,0,newshb.shp
224,7,37|0|0,80|0|0,0,0,0,0,0,0,130,-13,125,0,254,1,156|191|229|267|229|191|156|0|0|0|0|0|0|0|0|0|0|0|0|0,2,2,6,0,0,166,30,0,0,0,0,0,newshb.shp
225,7,37|0|0,80|0|0,0,0,0,0,0,0,130,-13,125,0,254,1,158|193|231|269|231|193|158|0|0|0|0|0|0|0|0|0|0|0|0|0,2,2,6,0,0,168,30,0,0,0,0,0,newshb.shp
226,5,116|0|0,40|0|0,0,0,0,0,0,0,130,-13,125,0,25,1,197|201|205|201|197|0|0|0|0|0|0|0|0|0|0|0|0|0|0|0,12,2,7,0,0,45,10,0,0,0,75,0,newshc.shp
227,5,115|0|0,40|0|0,0,0,0,0,0,0,130,-13,125,0,25,1,199|203|207|203|199|0|0|0|0|0|0|0|0|0|0|0|0|0|0|0,12,2,7,0,0,47,10,0,0,0,0,0,newshc.shp
228,1,0|0|0,0|0|0,0,0,0,0,0,0,130,-13,125,0,20,1,269|0|0|0|0|0|0|0|0|0|0|0|0|0|0|0|0|0|0|0,7,0,7,0,0,231,8,0,0,0,100,0,newshc.shp
229,1,0|0|0,0|0|0,0,0,0,0,0,0,130,-13,125,0,20,1,271|0|0|0|0|0|0|0|0|0|0|0|0|0|0|0|0|0|0|0,7,0,7,0,0,233,8,0,0,0,0,0,newshc.shp
230,1,0|0|0,0|0|0,0,0,0,0,0,0,130,-13,125,0,20,1,273|0|0|0|0|0|0|0|0|0|0|0|0|0|0|0|0|0|0|0,7,0,7,0,0,235,8,0,0,0,0,0,newshc.shp
231,1,0|46|0,0|15|0,0,0,0,0,0,0,130,-13,125,0,20,0,275|0|0|0|0|0|0|0|0|0|0|0|0|0|0|0|0|0|0|0,7,0,7,0,0,237,8,0,0,0,0,0,newshc.shp
232,1,0|0|55,0|0|15,0,0,0,0,0,0,130,-13,125,0,16,0,238|0|0|0|0|0|0|0|0|0|0|0|0|0|0|0|0|0|0|0,7,0,7,0,0,276,8,0,0,0,100,0,newshc.shp
233,1,0|0|0,0|0|0,0,0,0,0,0,0,130,-13,125,0,16,1,239|0|0|0|0|0|0|0|0|0|0|0|0|0|0|0|0|0|0|0,7,0,7,0,0,277,8,0,0,0,0,0,newshc.shp
234,1,0|0|0,0|0|0,0,0,0,0,0,0,130,-13,125,0,16,1,241|0|0|0|0|0|0|0|0|0|0|0|0|0|0|0|0|0|0|0,7,0,7,0,0,279,8,0,0,0,0,0,newshc.shp
235,1,0|0|0,0|0|0,0,0,0,0,0,0,130,-13,125,0,16,1,243|0|0|0|0|0|0|0|0|0|0|0|0|0|0|0|0|0|0|0,7,0,7,0,0,281,8,0,0,0,0,0,newshc.shp
236,1,0|0|0,0|0|0,0,0,0,0,0,0,130,-13,125,0,12,1,15|0|0|0|0|0|0|0|0|0|0|0|0|0|0|0|0|0|0|0,18,0,7,0,0,0,0,0,0,0,25,0,newshc.shp
237,1,0|0|0,0|0|0,0,0,0,0,0,0,130,-13,125,0,25,1,55|0|0|0|0|0|0|0|0|0|0|0|0|0|0|0|0|0|0|0,13,0,7,0,0,131,-1,0,0,0,100,0,newshc.shp
238,1,0|0|0,0|0|0,0,0,0,0,0,0,130,-13,125,0,25,1,17|0|0|0|0|0|0|0|0|0|0|0|0|0|0|0|0|0|0|0,11,0,7,0,0,93,-1,0,0,0,0,0,newshc.shp
239,13,0|0|0,0|0|0,0,0,0,0,0,0,130,-13,125,0,25,1,115|117|119|121|123|125|127|125|123|121|119|117|115|0|0|0|0|0|0|0,9,2,7,0,0,129,-1,0,0,0,0,0,newshc.shp
240,13,143|0|0,4|0|0,0,0,0,0,0,0,130,-13,125,0,25,1,77|79|81|83|85|87|89|87|85|83|81|79|77|0|0|0|0|0|0|0,7,2,7,0,0,91,-1,0,0,0,0,0,newshc.shp
241,19,0|0|0,0|0|0,0,0,0,0,0,0,130,-13,125,0,80,1,191|195|199|203|267|271|275|279|129|284|129|279|275|271|267|203|199|195|191|0,27,1,25,14,10,0,0,0,0,0,250,0,newshu.shp
242,19,0|0|0,0|0|0,0,0,0,0,0,0,130,-13,125,0,80,1,193|197|201|205|269|273|277|281|131|208|131|281|277|273|269|205|201|197|193|0,27,1,25,14,10,0,0,0,0,0,0,0,newshu.shp
243,19,255|0|0,2|0|0,0,0,0,0,0,0,130,-13,125,0,80,1,153|157|161|165|229|233|237|241|91|246|91|241|237|233|229|165|161|157|153|0,27,1,25,14,10,0,0,0,0,0,0,0,newshu.shp
244,19,255|0|0,2|0|0,0,0,0,0,0,0,130,-13,125,0,80,1,155|159|163|167|231|235|239|243|93|170|93|243|239|235|231|167|163|159|155|0,27,1,25,14,10,0,0,0,0,0,0,0,newshu.shp
245,1,0|0|0,0|0|0,0,0,0,0,0,0,0,0,0,0,40,1,1|0|0|0|0|0|0|0|0|0|0|0|0|0|0|0|0|0|0|0,27,0,25,0,0,7,15,0,0,0,150,0,newshu.shp
246,1,0|0|0,0|0|0,0,0,0,0,0,0,0,0,0,0,40,1,3|0|0|0|0|0|0|0|0|0|0|0|0|0|0|0|0|0|0|0,27,0,25,0,0,9,15,0,0,0,0,0,newshu.shp
247,1,0|0|0,0|0|0,0,0,0,0,0,0,0,0,0,0,40,1,5|0|0|0|0|0|0|0|0|0|0|0|0|0|0|0|0|0|0|0,27,0,25,0,0,11,15,0,0,0,0,0,newshu.shp
248,1,0|0|0,0|0|0,0,0,0,0,0,0,0,0,0,0,40,1,39|115|115|117|117|119|119|117|117|115|115|0|0|0|0|0|0|0|0|0,27,0,25,0,0,2,15,11,0,0,0,0,newshu.shp
249,1,0|0|0,0|0|0,0,0,0,0,0,0,0,0,0,0,40,1,41|121|121|123|123|125|125|123|123|121|121|0|0|0|0|0|0|0|0|0,27,0,25,0,0,2,15,11,0,0,0,0,newshu.shp
250,1,0|0|0,0|0|0,0,0,0,0,0,0,0,0,0,0,40,1,43|0|0|0|0|0|0|0|0|0|0|0|0|0|0|0|0|0|0|0,27,0,25,0,0,127,15,0,50,556,0,0,newshu.shp
251,1,0|0|0,0|0|0,0,0,0,0,0,0,0,0,0,0,40,1,79|0|0|0|0|0|0|0|0|0|0|0|0|0|0|0|0|0|0|0,27,0,25,0,0,77,15,0,0,0,0,0,newshu.shp
252,1,0|0|0,0|0|0,0,0,0,0,0,0,0,0,0,0,40,0,19|0|0|0|0|0|0|0|0|0|0|0|0|0|0|0|0|0|0|0,27,0,25,0,0,7,15,0,0,0,150,0,newshu.shp
253,1,0|0|0,0|0|0,0,0,0,0,0,0,0,0,0,0,40,1,15|0|0|0|0|0|0|0|0|0|0|0|0|0|0|0|0|0|0|0,27,0,25,0,0,9,15,0,0,0,0,0,newshu.shp
254,1,0|0|0,0|0|0,0,0,0,0,0,0,0,0,0,0,40,1,17|0|0|0|0|0|0|0|0|0|0|0|0|0|0|0|0|0|0|0,27,0,25,0,0,11,15,0,0,0,0,0,newshu.shp
255,1,0|0|0,0|0|0,0,0,0,0,0,0,0,0,0,0,40,0,38|57|57|76|76|95|95|76|76|57|57|0|0|0|0|0|0|0|0|0,27,0,25,0,0,2,15,11,0,0,0,0,newshu.shp
256,1,0|0|0,0|0|0,0,0,0,0,0,0,0,0,0,0,40,1,53|83|83|85|85|87|87|85|85|83|83|0|0|0|0|0|0|0|0|0,27,0,25,0,0,2,15,11,0,0,0,0,newshu.shp
257,1,0|0|0,0|0|0,0,0,0,0,0,0,0,0,0,0,40,1,55|0|0|0|0|0|0|0|0|0|0|0|0|0|0|0|0|0|0|0,27,0,25,0,0,127,15,0,50,556,0,0,newshu.shp
258,1,0|0|0,0|0|0,0,0,0,0,0,0,0,0,0,0,40,1,79|0|0|0|0|0|0|0|0|0|0|0|0|0|0|0|0|0|0|0,27,0,25,0,0,77,15,0,0,0,0,0,newshu.shp
259,6,0|0|0,0|0|0,0,0,0,0,0,0,0,0,0,0,3,1,45|47|49|51|49|47|0|0|0|0|0|0|0|0|0|0|0|0|0|0,8,1,25,0,0,0,0,0,0,0,25,0,newshu.shp
260,1,0|0|0,0|0|0,0,4,0,0,0,0,130,-13,125,0,3,1,43|0|0|0|0|0|0|0|0|0|0|0|0|0|0|0|0|0|0|0,4,0,8,0,0,0,0,0,0,0,0,0,newshd.shp
261,1,0|0|0,0|0|0,0,5,0,0,0,0,130,-13,125,0,3,1,43|0|0|0|0|0|0|0|0|0|0|0|0|0|0|0|0|0|0|0,4,0,8,0,0,0,0,0,0,0,0,0,newshd.shp
262,1,0|0|0,0|0|0,0,6,0,0,0,0,130,-13,125,0,3,1,43|0|0|0|0|0|0|0|0|0|0|0|0|0|0|0|0|0|0|0,4,0,8,0,0,0,0,0,0,0,0,0,newshd.shp
263,1,0|0|0,0|0|0,0,4,0,0,0,0,130,-13,125,0,2,1,85|0|0|0|0|0|0|0|0|0|0|0|0|0|0|0|0|0|0|0,4,0,8,0,0,0,0,0,0,0,0,0,newshd.shp
264,1,0|0|0,0|0|0,0,5,0,0,0,0,130,-13,125,0,2,1,85|0|0|0|0|0|0|0|0|0|0|0|0|0|0|0|0|0|0|0,4,0,8,0,0,0,0,0,0,0,0,0,newshd.shp
265,1,0|0|0,0|0|0,0,6,0,0,0,0,130,-13,125,0,2,1,85|0|0|0|0|0|0|0|0|0|0|0|0|0|0|0|0|0|0|0,4,0,8,0,0,0,0,0,0,0,0,0,newshd.shp
266,1,0|0|0,0|0|0,0,4,0,0,0,0,130,-13,125,0,4,1,123|0|0|0|0|0|0|0|0|0|0|0|0|0|0|0|0|0|0|0,4,0,8,0,0,0,0,0,0,0,0,0,newshd.shp
267,1,0|0|0,0|0|0,0,5,0,0,0,0,130,-13,125,0,4,1,123|0|0|0|0|0|0|0|0|0|0|0|0|0|0|0|0|0|0|0,4,0,8,0,0,0,0,0,0,0,0,0,newshd.shp
268,1,0|0|0,0|0|0,0,6,0,0,0,0,130,-13,125,0,4,1,123|0|0|0|0|0|0|0|0|0|0|0|0|0|0|0|0|0|0|0,4,0,8,0,0,0,0,0,0,0,0,0,newshd.shp
269,20,0|0|0,0|0|0,0,0,0,0,0,0,0,0,0,0,12,1,267|267|269|269|271|271|273|273|271|271|269|269|267|267|267|267|267|267|267|267,5,1,8,0,0,0,0,0,0,0,0,0,newshd.shp
270,6,145|146|0,40|41|0,0,0,0,0,0,0,0,0,0,0,12,1,127|129|131|129|129|127|0|0|0|0|0|0|0|0|0|0|0|0|0|0,5,2,8,0,0,0,0,0,0,0,0,0,newshd.shp
271,5,0|0|0,0|0|0,0,0,0,0,0,0,0,0,0,0,12,1,275|277|279|277|275|0|0|0|0|0|0|0|0|0|0|0|0|0|0|0,5,2,8,0,0,0,0,0,40,463,0,0,newshd.shp
272,18,0|0|0,0|0|0,0,0,0,0,0,0,0,0,0,0,12,1,229|229|229|233|233|233|235|235|235|233|233|233|231|231|231|229|229|229|0|0,5,1,23,0,0,0,0,0,0,0,0,0,newshs.shp
273,20,144|0|0,20|0|0,0,0,0,0,0,0,0,0,0,0,12,1,193|195|197|199|201|203|205|207|169|207|205|203|201|199|197|195|193|193|193|193,5,1,8,0,0,0,0,0,0,0,0,0,newshd.shp
274,18,0|0|0,0|0|0,0,0,0,0,0,0,0,0,0,0,12,1,229|229|229|233|233|233|235|235|235|233|233|233|231|231|231|229|229|229|0|0,5,1,23,0,0,0,0,0,0,0,0,0,newshs.shp
275,18,0|0|0,0|0|0,0,0,0,0,0,0,0,0,0,0,12,1,153|153|155|155|153|153|157|157|159|159|157|157|161|161|163|163|161|161|0|0,5,1,23,0,0,0,0,0,0,0,0,0,newshs.shp
276,18,0|0|0,0|0|0,0,0,0,0,0,0,0,0,0,0,12,1,191|191|193|193|191|191|195|195|197|197|195|195|199|199|201|201|199|199|0|0,5,1,23,0,0,0,0,0,0,0,0,0,newshs.shp
277,20,0|0|0,0|0|0,0,0,0,0,0,0,0,0,0,0,12,1,153|155|155|157|157|159|159|161|161|159|159|157|157|155|155|153|153|153|153|153,5,1,23,0,0,0,0,0,0,0,0,0,newshs.shp
278,20,0|0|0,0|0|0,0,0,0,0,0,0,0,0,0,0,12,1,267|269|269|271|271|273|273|275|275|273|273|271|271|269|269|267|267|267|267|267,5,1,23,0,0,0,0,0,0,0,0,0,newshs.shp
279,20,0|0|0,0|0|0,0,0,0,0,0,0,0,0,0,0,12,1,1|3|3|5|5|7|7|9|9|7|7|5|5|3|3|1|1|1|1|1,5,1,23,0,0,0,0,0,0,0,0,0,newshs.shp
280,20,0|0|0,0|0|0,0,0,0,0,0,0,0,0,0,0,12,1,115|117|117|119|119|121|121|123|123|121|121|119|119|117|117|115|115|115|115|115,5,1,23,0,0,0,0,0,0,0,0,0,newshs.shp
281,20,0|0|0,0|0|0,0,0,0,0,0,0,0,0,0,0,12,1,191|193|193|195|195|197|197|199|199|197|197|195|195|193|193|191|191|191|191|191,5,1,23,0,0,0,0,0,0,0,0,0,newshs.shp
282,6,59|0|0,50|0|0,0,2,0,0,0,0,130,-13,125,0,3,1,79|81|83|81|81|79|0|0|0|0|0|0|0|0|0|0|0|0|0|0,6,2,8,0,0,0,0,0,0,0,0,0,newshd.shp
283,1,5|0|0,0|0|0,0,2,0,0,0,0,130,-13,125,0,8,1,115|0|0|0|0|0|0|0|0|0|0|0|0|0|0|0|0|0|0|0,6,0,8,0,0,0,0,0,0,0,0,0,newshd.shp
284,1,0|0|0,0|0|0,0,2,0,0,0,0,130,-13,125,0,6,1,121|0|0|0|0|0|0|0|0|0|0|0|0|0|0|0|0|0|0|0,6,0,8,0,0,0,0,0,0,0,25,0,newshd.shp
285,8,24|0|0,40|0|0,0,2,0,0,0,0,130,-13,125,0,8,1,157|159|159|161|161|159|159|157|0|0|0|0|0|0|0|0|0|0|0|0,6,2,8,0,0,0,0,0,0,0,250,0,newshd.shp
286,12,0|0|0,0|0|0,0,2,93,0,0,0,130,-13,125,0,8,1,229|231|231|233|233|235|235|233|233|231|231|229|0|0|0|0|0|0|0|0,6,1,8,0,0,0,0,0,0,0,50,0,newshd.shp
287,1,0|0|0,0|0|0,0,0,0,0,0,0,130,-13,125,0,10,1,245|0|0|0|0|0|0|0|0|0|0|0|0|0|0|0|0|0|0|0,27,0,8,0,0,0,0,0,0,0,50,0,newshd.shp
288,20,0|0|0,0|0|0,0,0,0,0,0,0,130,-13,125,0,16,1,283|283|283|283|283|283|281|283|283|281|283|283|283|283|283|283|283|283|283|283,27,1,8,0,0,0,0,0,0,0,0,0,newshd.shp
289,1,0|0|0,0|0|0,0,0,0,0,0,0,130,-13,125,0,16,1,39|0|283|283|283|283|281|283|283|281|283|283|283|283|283|283|283|283|283|283,27,0,22,0,0,0,0,0,0,0,50,0,newshr.shp
290,1,0|0|0,0|0|0,0,0,0,0,0,0,130,-13,125,0,16,1,41|0|283|283|283|283|281|283|283|281|283|283|283|283|283|283|283|283|283|283,27,0,22,0,0,0,0,0,0,0,0,0,newshr.shp
291,1,0|0|0,0|0|0,0,0,0,0,0,0,130,-13,125,0,16,1,1|0|283|283|283|283|281|283|283|281|283|283|283|283|283|283|283|283|283|283,27,0,22,0,0,0,0,0,0,0,0,0,newshr.shp
292,1,0|0|0,0|0|0,0,0,0,0,0,0,130,-13,125,0,16,1,3|0|283|283|283|283|281|283|283|281|283|283|283|283|283|283|283|283|283|283,27,0,22,0,0,0,0,0,0,0,0,0,newshr.shp
293,1,0|0|0,0|0|0,0,0,0,0,0,0,130,-13,125,0,30,1,81|0|283|283|283|283|281|283|283|281|283|283|283|283|283|283|283|283|283|283,27,0,22,0,0,0,0,0,0,0,100,0,newshr.shp
294,1,0|0|0,0|0|0,0,0,0,0,0,0,130,-13,125,0,30,1,83|0|283|283|283|283|281|283|283|281|283|283|283|283|283|283|283|283|283|283,27,0,22,0,0,0,0,0,0,0,0,0,newshr.shp
295,1,0|0|0,0|0|0,0,0,0,0,0,0,130,-13,125,0,30,1,85|0|283|283|283|283|281|283|283|281|283|283|283|283|283|283|283|283|283|283,27,0,22,0,0,0,0,0,0,0,0,0,newshr.shp
296,1,0|0|0,0|0|0,0,0,0,0,0,0,130,-13,125,0,30,1,43|0|283|283|283|283|281|283|283|281|283|283|283|283|283|283|283|283|283|283,27,0,22,0,0,0,0,0,0,0,0,0,newshr.shp
297,1,0|0|0,0|0|0,0,0,0,0,0,0,130,-13,125,0,30,1,45|0|283|283|283|283|281|283|283|281|283|283|283|283|283|283|283|283|283|283,27,0,22,0,0,0,0,0,0,0,0,0,newshr.shp
298,1,0|0|0,0|0|0,0,0,0,0,0,0,130,-13,125,0,30,1,47|0|283|283|283|283|281|283|283|281|283|283|283|283|283|283|283|283|283|283,27,0,22,0,0,0,0,0,0,0,0,0,newshr.shp
299,1,0|0|0,0|0|0,0,0,0,0,0,0,130,-13,125,0,30,1,5|0|283|283|283|283|281|283|283|281|283|283|283|283|283|283|283|283|283|283,27,0,22,0,0,0,0,0,0,0,0,0,newshr.shp
300,1,0|0|0,0|0|0,0,0,0,0,0,0,130,-13,125,0,30,1,7|0|283|283|283|283|281|283|283|281|283|283|283|283|283|283|283|283|283|283,27,0,22,0,0,0,0,0,0,0,0,0,newshr.shp
301,1,0|0|0,0|0|0,0,0,0,0,0,0,130,-13,125,0,30,1,9|0|283|283|283|283|281|283|283|281|283|283|283|283|283|283|283|283|283|283,27,0,22,0,0,0,0,0,0,0,0,0,newshr.shp
302,1,0|0|0,0|0|0,0,0,0,0,0,0,130,-13,125,0,60,1,201|0|0|0|0|0|0|0|0|0|0|0|0|0|0|0|0|0|0|0,6,0,13,0,0,201,50,0,0,0,25,0,newshi.shp
303,1,0|0|0,0|0|0,0,0,0,0,0,0,130,-13,125,0,60,1,203|0|0|0|0|0|0|0|0|0|0|0|0|0|0|0|0|0|0|0,6,0,13,0,0,203,50,0,0,0,25,0,newshi.shp
304,1,0|0|0,0|0|0,0,0,0,0,0,0,130,-13,125,0,60,1,237|0|0|0|0|0|0|0|0|0|0|0|0|0|0|0|0|0|0|0,6,0,13,0,0,237,50,0,0,0,50,0,newshi.shp
305,1,0|0|0,0|0|0,0,0,0,0,0,0,130,-13,125,0,60,1,239|0|0|0|0|0|0|0|0|0|0|0|0|0|0|0|0|0|0|0,6,0,13,0,0,239,50,0,0,0,50,0,newshi.shp
306,1,0|0|0,0|0|0,0,0,0,0,0,0,130,-13,125,0,60,1,241|0|0|0|0|0|0|0|0|0|0|0|0|0|0|0|0|0|0|0,6,0,13,0,0,241,50,0,0,0,75,0,newshi.shp
307,1,0|0|0,0|0|0,0,0,0,0,0,0,130,-13,125,0,60,1,243|0|0|0|0|0|0|0|0|0|0|0|0|0|0|0|0|0|0|0,6,0,13,0,0,243,50,0,0,0,100,0,newshi.shp
308,1,151|0|0,8|0|0,0,0,0,0,0,0,130,-13,125,0,60,1,278|0|268|268|270|270|270|272|272|270|270|270|0|0|0|0|0|0|0|0,6,0,13,0,0,3,50,-12,0,0,150,0,newshi.shp
309,20,0|0|0,0|0|0,0,0,0,0,0,0,0,0,0,0,40,1,77|77|77|77|81|81|85|85|81|81|77|77|77|77|77|77|77|77|77|77,25,1,23,0,0,0,0,0,0,0,75,0,newshs.shp
310,20,0|0|0,0|0|0,0,0,0,0,0,0,0,0,0,0,40,1,79|79|79|79|83|83|87|87|83|83|79|79|79|79|79|79|79|79|79|79,25,1,23,0,0,0,0,0,0,0,0,0,newshs.shp
311,20,0|0|0,0|0|0,0,0,0,0,0,0,0,0,0,0,40,1,39|39|39|39|43|43|47|47|43|43|39|39|39|39|39|39|39|39|39|39,25,1,23,0,0,0,0,0,0,0,0,0,newshs.shp
312,20,0|0|0,0|0|0,0,0,0,0,0,0,0,0,0,0,40,1,41|41|41|41|45|45|49|49|45|45|41|41|41|41|41|41|41|41|41|41,25,1,23,0,0,0,0,0,0,0,0,0,newshs.shp
313,20,0|0|0,0|0|0,0,0,0,0,0,0,0,0,0,0,30,1,191|191|191|191|195|195|199|199|195|195|191|191|191|191|191|191|191|191|191|191,25,1,20,0,0,0,0,0,0,0,50,0,newshp.shp
314,20,0|0|0,0|0|0,0,0,0,0,0,0,0,0,0,0,30,1,193|193|193|193|197|197|201|201|197|197|193|193|193|193|193|193|193|193|193|193,25,1,20,0,0,0,0,0,0,0,0,0,newshp.shp
315,20,0|0|0,0|0|0,0,0,0,0,0,0,0,0,0,0,30,1,153|153|153|153|157|157|161|161|157|157|153|153|153|153|153|153|153|153|153|153,25,1,20,0,0,0,0,0,0,0,0,0,newshp.shp
316,20,0|0|0,0|0|0,0,0,0,0,0,0,0,0,0,0,30,1,155|155|155|155|159|159|163|163|159|159|155|155|155|155|155|155|155|155|155|155,25,1,20,0,0,0,0,0,0,0,0,0,newshp.shp
317,1,0|0|0,0|0|0,0,2,0,0,0,0,130,-13,125,0,3,0,95|0|0|0|0|0|0|0|0|0|0|0|0|0|0|0|0|0|0|0,4,0,8,0,0,0,0,0,0,0,0,0,newshd.shp
318,1,0|0|0,0|0|0,0,4,0,0,0,0,130,-13,125,0,3,0,95|0|0|0|0|0|0|0|0|0|0|0|0|0|0|0|0|0|0|0,4,0,8,0,0,0,0,0,0,0,0,0,newshd.shp
319,1,0|0|0,0|0|0,0,3,0,0,0,0,130,-13,125,0,1,0,114|0|0|0|0|0|0|0|0|0|0|0|0|0|0|0|0|0|0|0,4,0,8,0,0,0,0,0,0,0,0,0,newshd.shp
320,1,0|0|0,0|0|0,0,5,0,0,0,0,130,-13,125,0,1,0,114|0|0|0|0|0|0|0|0|0|0|0|0|0|0|0|0|0|0|0,4,0,8,0,0,0,0,0,0,0,0,0,newshd.shp
321,1,0|0|0,0|0|0,0,4,0,0,0,0,130,-13,125,0,2,0,133|0|0|0|0|0|0|0|0|0|0|0|0|0|0|0|0|0|0|0,4,0,8,0,0,0,0,0,0,0,0,0,newshd.shp
322,1,0|0|0,0|0|0,0,6,0,0,0,0,130,-13,125,0,2,0,133|0|0|0|0|0|0|0|0|0|0|0|0|0|0|0|0|0|0|0,4,0,8,0,0,0,0,0,0,0,0,0,newshd.shp
323,1,0|0|0,0|0|0,0,3,0,0,0,0,130,-13,125,0,3,0,152|0|0|0|0|0|0|0|0|0|0|0|0|0|0|0|0|0|0|0,4,0,8,0,0,0,0,0,0,0,0,0,newshd.shp
324,1,0|0|0,0|0|0,0,5,0,0,0,0,130,-13,125,0,3,0,152|0|0|0|0|0|0|0|0|0|0|0|0|0|0|0|0|0|0|0,4,0,8,0,0,0,0,0,0,0,0,0,newshd.shp
325,8,145|0|0,28|0|0,0,0,0,0,0,0,130,-13,125,0,10,1,277|277|277|125|125|277|277|11|0|0|0|0|0|0|0|0|0|0|0|0,25,2,23,0,0,0,0,0,0,0,20,0,newshs.shp
326,1,0|0|0,0|0|0,0,0,0,0,0,0,130,-13,125,0,30,1,13|0|0|125|125|277|277|11|0|0|0|0|0|0|0|0|0|0|0|0,25,0,23,0,0,17,-1,0,0,0,50,0,newshs.shp
327,1,0|0|0,0|0|0,0,0,0,0,0,0,130,-13,125,0,30,1,15|0|0|125|125|277|277|11|0|0|0|0|0|0|0|0|0|0|0|0,25,0,23,0,0,55,-1,0,0,0,0,0,newshs.shp
328,1,0|0|0,0|0|0,0,0,0,0,0,0,130,-13,125,0,30,1,89|0|0|125|125|277|277|11|0|0|0|0|0|0|0|0|0|0|0|0,25,0,23,0,0,0,0,0,0,0,0,0,newshs.shp
329,1,0|0|0,0|0|0,0,0,0,0,0,0,130,-13,125,0,30,1,91|0|0|125|125|277|277|11|0|0|0|0|0|0|0|0|0|0|0|0,25,0,23,0,0,0,0,0,0,0,0,0,newshs.shp
330,1,0|0|0,0|0|0,0,0,0,0,0,0,130,-13,125,0,30,1,51|0|0|125|125|277|277|11|0|0|0|0|0|0|0|0|0|0|0|0,25,0,23,0,0,0,0,0,0,0,0,0,newshs.shp
331,1,0|0|0,0|0|0,0,0,0,0,0,0,130,-13,125,0,30,1,53|0|0|125|125|277|277|11|0|0|0|0|0|0|0|0|0|0|0|0,25,0,23,0,0,0,0,0,0,0,0,0,newshs.shp
332,1,0|0|0,0|0|0,0,0,0,0,0,0,130,-13,125,0,40,1,9|0|0|125|125|277|277|11|0|0|0|0|0|0|0|0|0|0|0|0,25,0,20,0,0,47,-1,0,0,0,75,0,newshp.shp
333,1,0|0|0,0|0|0,0,0,0,0,0,0,130,-13,125,0,40,1,11|0|0|125|125|277|277|11|0|0|0|0|0|0|0|0|0|0|0|0,25,0,20,0,0,49,-1,0,0,0,0,0,newshp.shp
334,1,0|0|0,0|0|0,0,0,0,0,0,0,130,-13,125,0,40,1,39|0|0|125|125|277|277|11|0|0|0|0|0|0|0|0|0|0|0|0,25,0,20,0,0,0,0,0,0,0,0,0,newshp.shp
335,1,0|0|0,0|0|0,0,0,0,0,0,0,130,-13,125,0,40,1,41|0|0|125|125|277|277|11|0|0|0|0|0|0|0|0|0|0|0|0,25,0,20,0,0,0,0,0,0,0,0,0,newshp.shp
336,20,0|0|0,0|0|0,0,0,0,0,0,0,130,-13,125,0,40,1,1|1|5|5|81|81|77|77|43|43|43|43|43|43|77|77|81|81|5|5,25,1,20,0,0,0,0,0,0,0,0,0,newshp.shp
337,20,0|0|0,0|0|0,0,0,0,0,0,0,130,-13,125,0,40,1,3|3|7|7|83|83|79|79|45|45|45|45|45|45|79|79|83|83|7|7,25,1,20,0,0,0,0,0,0,0,0,0,newshp.shp
338,12,0|0|0,0|0|0,0,0,0,0,0,0,130,-13,125,0,30,1,115|115|115|117|117|117|119|119|119|117|117|117|0|0|0|0|0|0|0|0,25,1,20,0,0,121,-1,0,0,0,100,0,newshp.shp
339,1,0|0|0,0|0|0,0,0,0,0,0,0,130,-13,125,0,30,1,267|0|0|125|125|277|277|11|0|0|0|0|0|0|0|0|0|0|0|0,25,0,20,0,0,0,0,0,0,0,0,0,newshp.shp
340,1,0|0|0,0|0|0,0,0,0,0,0,0,130,-13,125,0,30,1,269|0|0|125|125|277|277|11|0|0|0|0|0|0|0|0|0|0|0|0,25,0,20,0,0,0,0,0,0,0,0,0,newshp.shp
341,1,0|0|0,0|0|0,0,0,0,0,0,0,130,-13,125,0,30,1,229|0|0|125|125|277|277|11|0|0|0|0|0|0|0|0|0|0|0|0,25,0,20,0,0,0,0,0,0,0,0,0,newshp.shp
342,1,0|0|0,0|0|0,0,0,0,0,0,0,130,-13,125,0,30,1,231|0|0|125|125|277|277|11|0|0|0|0|0|0|0|0|0|0|0|0,25,0,20,0,0,0,0,0,0,0,0,0,newshp.shp
343,1,0|0|0,0|0|0,0,0,0,0,0,0,130,-13,125,0,30,1,165|0|0|125|125|277|277|11|0|0|0|0|0|0|0|0|0|0|0|0,25,0,20,0,0,169,-1,0,0,0,75,0,newshp.shp
344,1,0|0|0,0|0|0,0,0,0,0,0,0,130,-13,125,0,30,1,167|0|0|125|125|277|277|11|0|0|0|0|0|0|0|0|0|0|0|0,25,0,20,0,0,207,-1,0,0,0,0,0,newshp.shp
345,1,0|0|0,0|0|0,0,0,0,0,0,0,130,-13,125,0,30,1,241|0|0|125|125|277|277|11|0|0|0|0|0|0|0|0|0|0|0|0,25,0,20,0,0,0,0,0,0,0,0,0,newshp.shp
346,1,0|0|0,0|0|0,0,0,0,0,0,0,130,-13,125,0,30,1,243|0|0|125|125|277|277|11|0|0|0|0|0|0|0|0|0|0|0|0,25,0,20,0,0,0,0,0,0,0,0,0,newshp.shp
347,1,0|0|0,0|0|0,0,0,0,0,0,0,130,-13,125,0,30,1,203|0|0|125|125|277|277|11|0|0|0|0|0|0|0|0|0|0|0|0,25,0,20,0,0,0,0,0,0,0,0,0,newshp.shp
348,1,0|0|0,0|0|0,0,0,0,0,0,0,130,-13,125,0,30,1,205|0|0|125|125|277|277|11|0|0|0|0|0|0|0|0|0|0|0|0,25,0,20,0,0,0,0,0,0,0,0,0,newshp.shp
349,2,0|0|0,0|0|0,0,0,0,0,0,0,130,-13,125,0,70,1,3|17|0|0|0|0|0|0|0|0|0|0|0|0|0|0|0|0|0|0,36,1,13,0,0,11,20,0,0,0,50,0,newshi.shp
350,2,0|0|0,0|0|0,0,0,0,0,0,0,130,-13,125,0,70,1,5|55|0|0|0|0|0|0|0|0|0|0|0|0|0|0|0|0|0|0,36,1,13,0,0,13,20,0,0,0,50,0,newshi.shp
351,1,0|0|0,0|0|0,0,0,0,0,0,0,130,-13,125,0,70,1,39|0|0|0|0|0|0|0|0|0|0|0|0|0|0|0|0|0|0|0,36,0,13,0,0,47,20,0,0,0,50,0,newshi.shp
352,2,0|0|0,0|0|0,0,0,0,0,0,0,130,-13,125,0,70,1,41|93|0|0|0|0|0|0|0|0|0|0|0|0|0|0|0|0|0|0,36,1,13,0,0,49,20,0,0,0,50,0,newshi.shp
353,2,0|0|0,0|0|0,0,0,0,0,0,0,130,-13,125,0,70,1,43|131|0|0|0|0|0|0|0|0|0|0|0|0|0|0|0|0|0|0,36,1,13,0,0,51,20,0,0,0,50,0,newshi.shp
354,1,0|0|0,0|0|0,0,0,0,0,0,0,130,-13,125,0,70,1,45|0|0|0|0|0|0|0|0|0|0|0|0|0|0|0|0|0|0|0,36,0,13,0,0,53,20,0,0,0,50,0,newshi.shp
355,1,0|0|0,0|0|0,0,0,0,0,0,0,130,-13,125,0,70,1,77|0|0|0|0|0|0|0|0|0|0|0|0|0|0|0|0|0|0|0,36,0,13,0,0,85,20,0,0,0,50,0,newshi.shp
356,1,0|0|0,0|0|0,0,0,0,0,0,0,130,-13,125,0,70,1,79|0|0|0|0|0|0|0|0|0|0|0|0|0|0|0|0|0|0|0,36,0,13,0,0,87,20,0,30,511,50,0,newshi.shp
357,1,0|0|0,0|0|0,0,0,0,0,0,0,130,-13,125,0,70,1,81|0|0|0|0|0|0|0|0|0|0|0|0|0|0|0|0|0|0|0,36,0,13,0,0,89,20,0,30,511,50,0,newshi.shp
358,1,0|0|0,0|0|0,0,0,0,0,0,0,130,-13,125,0,70,1,83|0|0|0|0|0|0|0|0|0|0|0|0|0|0|0|0|0|0|0,36,0,13,0,0,91,20,0,0,0,50,0,newshi.shp
359,1,0|9|0,0|0|0,0,0,0,0,0,0,130,-13,125,0,70,1,115|0|0|0|0|0|0|0|0|0|0|0|0|0|0|0|0|0|0|0,36,0,13,0,0,123,20,0,30,511,50,0,newshi.shp
360,1,0|0|0,0|0|0,0,0,0,0,0,0,130,-13,125,0,70,1,117|0|0|0|0|0|0|0|0|0|0|0|0|0|0|0|0|0|0|0,36,0,13,0,0,125,20,0,0,0,50,0,newshi.shp
361,1,0|0|0,0|0|0,0,0,0,0,0,0,130,-13,125,0,70,1,119|0|0|0|0|0|0|0|0|0|0|0|0|0|0|0|0|0|0|0,36,0,13,0,0,127,20,0,0,0,50,0,newshi.shp
362,1,0|9|0,0|0|0,0,0,0,0,0,0,130,-13,125,0,70,1,121|0|0|0|0|0|0|0|0|0|0|0|0|0|0|0|0|0|0|0,36,0,13,0,0,129,20,0,30,511,50,0,newshi.shp
363,1,0|0|0,0|0|0,0,0,0,0,0,0,130,-13,125,0,70,1,154|0|0|0|0|0|0|0|0|0|0|0|0|0|0|0|0|0|0|0,36,0,13,0,0,162,20,0,0,0,50,0,newshi.shp
364,1,0|0|0,0|0|0,0,0,0,0,0,0,130,-13,125,0,70,1,156|0|0|0|0|0|0|0|0|0|0|0|0|0|0|0|0|0|0|0,36,0,13,0,0,164,20,0,0,0,50,0,newshi.shp
365,1,0|0|0,0|0|0,0,0,0,0,0,0,130,-13,125,0,70,1,158|0|0|0|0|0|0|0|0|0|0|0|0|0|0|0|0|0|0|0,36,0,13,0,0,166,20,0,0,0,50,0,newshi.shp
366,1,0|0|0,0|0|0,0,0,0,0,0,0,130,-13,125,0,254,1,3|0|0|0|0|0|0|0|0|0|0|0|0|0|0|0|0|0|0|0,36,0,18,0,0,3,-1,0,0,0,1000,0,newshn.shp
367,1,0|0|0,0|0|0,0,0,0,0,0,0,130,-13,125,0,254,1,5|0|0|0|0|0|0|0|0|0|0|0|0|0|0|0|0|0|0|0,36,0,18,0,0,5,-1,0,0,0,0,0,newshn.shp
368,1,0|0|0,0|0|0,0,0,0,0,0,0,130,-13,125,0,254,1,7|0|0|0|0|0|0|0|0|0|0|0|0|0|0|0|0|0|0|0,36,0,18,0,0,7,-1,0,0,0,0,0,newshn.shp
369,1,0|0|0,0|0|0,0,0,0,0,0,0,130,-13,125,0,254,1,41|0|0|0|0|0|0|0|0|0|0|0|0|0|0|0|0|0|0|0,36,0,18,0,0,51,-1,0,0,0,0,0,newshn.shp
370,1,0|0|0,0|0|0,0,0,0,0,0,0,130,-13,125,0,254,1,43|0|0|0|0|0|0|0|0|0|0|0|0|0|0|0|0|0|0|0,36,0,18,0,0,53,-1,0,0,0,0,0,newshn.shp
371,1,0|0|0,0|0|0,0,0,0,0,0,0,130,-13,125,0,254,1,45|0|0|0|0|0|0|0|0|0|0|0|0|0|0|0|0|0|0|0,36,0,18,0,0,55,-1,0,0,0,0,0,newshn.shp
372,1,0|0|0,0|0|0,0,0,0,0,0,0,130,-13,125,0,254,1,77|0|0|0|0|0|0|0|0|0|0|0|0|0|0|0|0|0|0|0,36,0,18,0,0,87,-1,0,0,0,0,0,newshn.shp
373,1,0|0|0,0|0|0,0,0,0,0,0,0,130,-13,125,0,254,1,79|0|0|0|0|0|0|0|0|0|0|0|0|0|0|0|0|0|0|0,36,0,18,0,0,89,-1,0,0,0,0,0,newshn.shp
374,1,0|0|0,0|0|0,0,0,0,0,0,0,130,-13,125,0,254,1,81|0|0|0|0|0|0|0|0|0|0|0|0|0|0|0|0|0|0|0,36,0,18,0,0,91,-1,0,0,0,0,0,newshn.shp
375,1,0|0|0,0|0|0,0,0,0,0,0,0,130,-13,125,0,254,1,83|0|0|0|0|0|0|0|0|0|0|0|0|0|0|0|0|0|0|0,36,0,18,0,0,93,-1,0,0,0,0,0,newshn.shp
376,1,0|0|0,0|0|0,0,0,0,0,0,0,130,-13,125,0,254,1,85|0|0|0|0|0|0|0|0|0|0|0|0|0|0|0|0|0|0|0,36,0,18,0,0,18,-1,0,0,0,0,0,newshn.shp
377,1,0|0|0,0|0|0,0,0,0,0,0,0,130,-13,125,0,254,1,115|0|0|0|0|0|0|0|0|0|0|0|0|0|0|0|0|0|0|0,36,0,18,0,0,115,-1,0,0,0,0,0,newshn.shp
378,1,0|0|0,0|0|0,0,0,0,0,0,0,130,-13,125,0,254,1,117|0|0|0|0|0|0|0|0|0|0|0|0|0|0|0|0|0|0|0,36,0,18,0,0,127,-1,0,0,0,0,0,newshn.shp
379,9,153|0|0,45|0|0,0,0,0,0,0,0,130,-13,125,0,254,1,119|229|233|237|241|237|233|229|119|0|0|0|0|0|0|0|0|0|0|0,36,0,18,0,0,129,-1,0,0,0,0,0,newshn.shp
380,9,0|0|0,0|0|0,0,0,0,0,0,0,130,-13,125,0,254,1,121|231|235|239|243|239|235|231|121|0|0|0|0|0|0|0|0|0|0|0,36,0,18,0,0,131,-1,0,0,0,0,0,newshn.shp
381,1,0|0|0,0|0|0,0,0,0,0,0,0,130,-13,125,0,254,1,123|0|0|0|0|0|0|0|0|0|0|0|0|0|0|0|0|0|0|0,36,0,18,0,0,123,-1,0,0,0,0,0,newshn.shp
382,1,0|0|0,0|0|0,0,0,0,0,0,0,130,-13,125,0,0,1,153|0|0|0|0|0|0|0|0|0|0|0|0|0|0|0|0|0|0|0,36,0,18,0,0,153,-1,0,0,0,0,0,newshn.shp
383,1,0|0|0,0|0|0,0,0,0,0,0,0,130,-13,125,0,254,1,155|0|0|0|0|0|0|0|0|0|0|0|0|0|0|0|0|0|0|0,36,0,18,0,0,165,-1,0,0,0,0,0,newshn.shp
384,9,0|0|0,0|0|0,0,0,0,0,0,0,130,-13,125,0,254,1,157|267|271|275|279|275|271|267|157|0|0|0|0|0|0|0|0|0|0|0,36,0,18,0,0,167,-1,0,0,0,0,0,newshn.shp
385,9,0|0|0,0|0|0,0,0,0,0,0,0,130,-13,125,0,254,1,159|269|273|277|281|277|273|269|159|0|0|0|0|0|0|0|0|0|0|0,36,0,18,0,0,169,-1,0,0,0,0,0,newshn.shp
386,1,0|0|0,0|0|0,0,0,0,0,0,0,130,-13,125,0,0,1,161|0|0|0|0|0|0|0|0|0|0|0|0|0|0|0|0|0|0|0,36,0,18,0,0,161,-1,0,0,0,0,0,newshn.shp
387,1,0|0|0,0|0|0,0,0,0,0,0,0,130,-13,125,0,0,1,193|0|0|0|0|0|0|0|0|0|0|0|0|0|0|0|0|0|0|0,36,0,18,0,0,193,-1,0,0,0,0,0,newshn.shp
388,1,0|0|0,0|0|0,0,0,0,0,0,0,130,-13,125,0,0,1,195|0|0|0|0|0|0|0|0|0|0|0|0|0|0|0|0|0|0|0,36,0,18,0,0,195,-1,0,0,0,0,0,newshn.shp
389,1,0|0|0,0|0|0,0,0,0,0,0,0,130,-13,125,0,0,1,197|0|0|0|0|0|0|0|0|0|0|0|0|0|0|0|0|0|0|0,36,0,18,0,0,197,-1,0,0,0,0,0,newshn.shp
390,6,0|0|0,0|0|0,0,1,0,0,0,0,130,-13,125,0,0,0,1|2|3|4|5|6|0|0|0|0|0|0|0|0|0|0|0|0|0|0,35,1,21,0,0,0,0,0,0,0,10,0,newshq.shp
391,6,0|0|0,0|0|0,0,1,0,0,0,0,130,-13,125,0,0,0,7|8|9|10|11|12|0|0|0|0|0|0|0|0|0|0|0|0|0|0,36,1,21,0,0,0,0,0,0,0,25,0,newshq.shp
392,6,0|0|0,0|0|0,0,1,0,0,0,0,130,-13,125,0,0,0,26|27|28|29|30|31|0|0|0|0|0|0|0|0|0|0|0|0|0|0,37,1,21,0,0,0,0,0,0,0,50,0,newshq.shp
393,6,0|0|0,0|0|0,0,1,0,0,0,0,130,-13,125,0,0,0,20|21|22|23|24|25|0|0|0|0|0|0|0|0|0|0|0|0|0|0,38,1,21,0,0,0,0,0,0,0,75,0,newshq.shp
394,16,0|0|0,0|0|0,0,1,0,0,0,0,130,-13,125,0,0,0,32|32|33|33|34|34|35|35|36|36|35|35|34|34|33|33|0|0|0|0,39,1,21,0,0,0,0,0,0,0,100,0,newshq.shp
395,16,0|0|0,0|0|0,0,1,0,0,0,0,130,-13,125,0,0,0,14|14|15|15|16|16|17|17|18|18|17|17|16|16|15|15|0|0|0|0,40,1,21,0,0,0,0,0,0,0,250,0,newshq.shp
396,16,0|0|0,0|0|0,0,1,0,0,0,0,130,-13,125,0,0,0,51|51|52|52|53|53|54|54|55|55|54|54|53|53|52|52|0|0|0|0,41,1,21,0,0,0,0,0,0,0,500,0,newshq.shp
397,18,0|0|0,0|0|0,0,1,0,0,0,0,130,-13,125,0,0,1,39|39|39|41|41|41|43|43|43|45|45|45|47|47|47|49|49|49|0|0,42,1,21,0,0,0,0,0,0,0,1000,0,newshq.shp
398,18,0|0|0,0|0|0,0,1,0,0,0,0,130,-13,125,0,0,1,77|77|77|79|79|79|81|81|81|83|83|83|85|85|85|87|87|87|0|0,43,1,21,0,0,0,0,0,0,0,2500,0,newshq.shp
399,18,0|0|0,0|0|0,0,1,0,0,0,0,130,-13,125,0,0,1,115|115|115|117|117|117|119|119|119|121|121|121|123|123|123|125|125|125|0|0,44,1,21,0,0,0,0,0,0,0,5000,0,newshq.shp
400,1,0|0|0,0|0|0,0,0,0,0,0,0,0,0,0,0,200,1,1|0|0|0|0|0|0|0|0|0|0|0|0|0|0|0|0|0|0|0,33,0,24,5,0,115,100,0,0,0,0,0,newsht.shp
401,1,154|0|0,45|0|0,0,0,0,0,0,0,0,0,0,0,200,1,3|117|0|0|0|0|0|0|0|0|0|0|0|0|0|0|0|0|0|0,33,0,24,5,0,2,100,-1,0,0,0,0,newsht.shp
402,1,0|0|0,0|0|0,0,0,0,0,0,0,0,0,0,0,200,1,5|0|0|0|0|0|0|0|0|0|0|0|0|0|0|0|0|0|0|0,33,0,24,5,0,119,100,0,0,0,0,0,newsht.shp
403,1,0|0|0,0|0|0,0,0,0,0,0,0,0,0,0,0,200,1,7|0|0|0|0|0|0|0|0|0|0|0|0|0|0|0|0|0|0|0,33,0,24,5,0,121,100,0,0,0,0,0,newsht.shp
404,1,154|0|0,45|0|0,0,0,0,0,0,0,0,0,0,0,200,1,9|123|0|0|0|0|0|0|0|0|0|0|0|0|0|0|0|0|0|0,33,0,24,5,0,2,100,-1,0,0,0,0,newsht.shp
405,1,0|0|0,0|0|0,0,0,0,0,0,0,0,0,0,0,200,1,11|0|0|0|0|0|0|0|0|0|0|0|0|0|0|0|0|0|0|0,33,0,24,5,0,125,100,0,0,0,0,0,newsht.shp
406,5,154|0|0,30|0|0,0,0,0,0,0,0,0,0,0,0,200,1,39|77|79|77|39|0|0|0|0|0|0|0|0|0|0|0|0|0|0|0,33,2,24,5,0,153,100,0,0,0,0,0,newsht.shp
407,1,154|0|0,45|0|0,0,0,0,0,0,0,0,0,0,0,0,1,41|155|0|0|0|0|0|0|0|0|0|0|0|0|0|0|0|0|0|0,33,0,24,5,0,2,0,-1,0,0,0,0,newsht.shp
408,1,154|116|0,60|30|0,0,0,0,0,0,0,0,0,0,0,200,1,43|157|0|0|0|0|0|0|0|0|0|0|0|0|0|0|0|0|0|0,33,0,24,5,0,2,100,-1,0,0,0,0,newsht.shp
409,1,154|116|0,60|30|0,0,0,0,0,0,0,0,0,0,0,200,1,45|159|0|0|0|0|0|0|0|0|0|0|0|0|0|0|0|0|0|0,33,0,24,5,0,2,100,-1,0,0,0,0,newsht.shp
410,1,154|0|0,45|0|0,0,0,0,0,0,0,0,0,0,0,0,1,47|161|0|0|0|0|0|0|0|0|0|0|0|0|0|0|0|0|0|0,33,0,24,5,0,2,0,-1,0,0,0,0,newsht.shp
411,5,154|0|0,30|0|0,0,0,0,0,0,0,0,0,0,0,200,1,49|87|85|87|49|0|0|0|0|0|0|0|0|0|0|0|0|0|0|0,33,2,24,5,0,163,100,0,0,0,0,0,newsht.shp
412,1,0|0|0,0|0|0,0,0,0,0,0,0,130,-13,125,0,50,1,123|0|0|0|0|0|0|0|0|0|0|0|0|0|0|0|0|0|0|0,3,0,12,0,0,0,0,0,0,0,250,0,newshh.shp
413,1,0|0|0,0|0|0,0,0,0,0,0,0,130,-13,125,0,50,1,125|0|0|0|0|0|0|0|0|0|0|0|0|0|0|0|0|0|0|0,3,0,12,0,0,0,0,0,0,0,0,0,newshh.shp
414,1,0|0|0,0|0|0,0,0,0,0,0,0,130,-13,125,0,50,1,85|0|0|0|0|0|0|0|0|0|0|0|0|0|0|0|0|0|0|0,3,0,12,0,0,0,0,0,0,0,0,0,newshh.shp
415,1,0|0|0,0|0|0,0,0,0,0,0,0,130,-13,125,0,50,1,87|0|0|0|0|0|0|0|0|0|0|0|0|0|0|0|0|0|0|0,3,0,12,0,0,0,0,0,0,0,0,0,newshh.shp
416,1,0|0|0,0|0|0,0,0,0,0,0,0,130,-13,125,0,50,1,79|0|0|0|0|0|0|0|0|0|0|0|0|0|0|0|0|0|0|0,3,0,12,0,0,41,-1,0,0,0,0,0,newshh.shp
417,1,0|0|0,0|0|0,0,0,0,0,8,4,130,-13,125,0,50,1,89|0|0|0|0|0|0|0|0|0|0|0|0|0|0|0|0|0|0|0,10,0,12,2,2,0,0,0,0,0,0,0,newshh.shp
418,1,0|0|0,0|0|0,0,0,0,0,4,2,130,-13,125,0,50,1,127|0|0|0|0|0|0|0|0|0|0|0|0|0|0|0|0|0|0|0,10,0,12,4,4,0,0,0,0,0,0,0,newshh.shp
419,1,0|0|0,0|0|0,0,0,0,0,2,2,130,-13,125,0,50,1,91|0|0|0|0|0|0|0|0|0|0|0|0|0|0|0|0|0|0|0,10,0,12,8,4,0,0,0,0,0,0,0,newshh.shp
420,1,0|0|0,0|0|0,0,0,0,0,1,1,130,-13,125,0,50,1,77|0|0|0|0|0|0|0|0|0|0|0|0|0|0|0|0|0|0|0,30,0,12,16,8,0,0,0,0,0,0,0,newshh.shp
421,1,0|0|0,0|0|0,0,0,0,0,1,1,130,-13,125,0,50,1,115|0|0|0|0|0|0|0|0|0|0|0|0|0|0|0|0|0|0|0,30,0,12,16,8,0,0,0,0,0,0,0,newshh.shp
422,1,0|0|0,0|0|0,0,0,0,0,0,0,130,-13,125,0,10,1,17|0|0|0|0|0|0|0|0|0|0|0|0|0|0|0|0|0|0|0,2,0,12,4,0,0,0,0,0,0,150,0,newshh.shp
423,1,0|0|0,0|0|0,0,0,0,0,0,0,130,-13,125,0,10,1,55|0|0|0|0|0|0|0|0|0|0|0|0|0|0|0|0|0|0|0,2,0,12,4,0,0,0,0,0,0,0,0,newshh.shp
424,1,0|0|0,0|0|0,0,0,0,0,0,0,130,-13,125,0,10,1,93|0|0|0|0|0|0|0|0|0|0|0|0|0|0|0|0|0|0|0,2,0,12,4,0,0,0,0,0,0,0,0,newshh.shp
425,1,0|0|0,0|0|0,0,0,0,0,0,0,130,-13,125,0,20,1,131|0|0|0|0|0|0|0|0|0|0|0|0|0|0|0|0|0|0|0,2,0,12,4,0,0,0,0,0,0,0,0,newshh.shp
426,1,0|0|0,0|0|0,0,0,0,0,0,0,130,-13,125,0,40,1,153|153|89|89|85|85|81|81|77|77|0|0|0|0|0|0|13|9|5|1,24,0,27,0,0,0,0,0,0,0,0,0,newsh#.shp
427,1,0|0|0,0|0|0,0,0,0,0,0,0,130,-13,125,0,40,1,155|155|91|91|87|87|83|83|79|79|0|0|0|0|0|0|15|11|7|3,24,0,27,0,0,0,0,0,0,0,0,0,newsh#.shp
428,1,0|0|0,0|0|0,0,0,0,0,0,0,130,-13,125,0,40,1,191|191|127|127|123|123|119|119|115|115|0|0|0|0|0|0|51|47|43|39,24,0,27,0,0,0,0,0,0,0,0,0,newsh#.shp
429,1,0|0|0,0|0|0,0,0,0,0,0,0,130,-13,125,0,40,1,193|193|129|129|125|125|121|121|117|117|0|0|0|0|0|0|53|49|45|41,24,0,27,0,0,0,0,0,0,0,0,0,newsh#.shp
430,1,0|0|0,0|0|0,0,0,0,0,0,0,130,-13,125,0,60,1,233|229|229|165|165|161|157|0|0|0|0|0|0|0|0|0|13|9|5|1,24,0,27,0,0,0,0,0,0,0,0,0,newsh#.shp
431,1,0|0|0,0|0|0,0,0,0,0,0,0,130,-13,125,0,60,1,235|231|231|167|167|163|159|0|0|0|0|0|0|0|0|0|15|11|7|3,24,0,27,0,0,0,0,0,0,0,0,0,newsh#.shp
432,1,0|0|0,0|0|0,0,0,0,0,0,0,130,-13,125,0,60,1,271|267|267|203|203|199|195|0|0|0|0|0|0|0|0|0|51|47|43|39,24,0,27,0,0,0,0,0,0,0,0,0,newsh#.shp
433,1,0|0|0,0|0|0,0,0,0,0,0,0,130,-13,125,0,60,1,273|269|269|205|205|201|197|0|0|0|0|0|0|0|0|0|53|49|45|41,24,0,27,0,0,0,0,0,0,0,0,0,newsh#.shp
434,1,0|0|0,0|0|0,0,0,0,0,0,0,130,-13,125,0,40,1,39|0|0|0|0|0|0|0|0|0|0|0|0|0|0|0|0|0|0|0,24,0,4,0,0,0,0,0,0,0,0,0,newsh8.shp
435,1,0|0|0,0|0|0,0,0,0,0,0,0,130,-13,125,0,40,1,41|0|0|0|0|0|0|0|0|0|0|0|0|0|0|0|0|0|0|0,24,0,4,0,0,0,0,0,0,0,0,505,newsh8.shp
436,1,0|0|0,0|0|0,0,0,0,0,0,0,130,-13,125,0,40,1,43|0|0|0|0|0|0|0|0|0|0|0|0|0|0|0|0|0|0|0,24,0,4,0,0,0,0,0,0,0,0,0,newsh8.shp
437,1,0|0|0,0|0|0,0,0,0,0,0,0,130,-13,125,0,40,1,77|0|0|0|0|0|0|0|0|0|0|0|0|0|0|0|0|0|0|0,24,0,4,0,0,0,0,0,0,0,0,0,newsh8.shp
438,1,0|0|0,0|0|0,0,0,0,0,0,0,130,-13,125,0,40,1,79|0|0|0|0|0|0|0|0|0|0|0|0|0|0|0|0|0|0|0,24,0,4,0,0,0,0,0,0,0,0,0,newsh8.shp
439,1,0|0|0,0|0|0,0,0,0,0,0,0,130,-13,125,0,40,1,81|0|0|0|0|0|0|0|0|0|0|0|0|0|0|0|0|0|0|0,24,0,4,0,0,0,0,0,0,0,0,0,newsh8.shp
440,1,0|0|0,0|0|0,0,0,0,0,0,0,130,-13,125,0,16,1,45|0|0|0|0|0|0|0|0|0|0|0|0|0|0|0|0|0|0|0,28,0,8,0,0,0,0,0,0,0,0,0,newshd.shp
441,1,0|0|0,0|0|0,0,0,0,0,0,0,130,-13,125,0,16,1,47|0|0|0|0|0|0|0|0|0|0|0|0|0|0|0|0|0|0|0,28,0,8,0,0,0,0,0,0,0,0,0,newshd.shp
442,1,0|0|0,0|0|0,0,0,0,0,0,0,130,-13,125,0,16,1,7|0|0|0|0|0|0|0|0|0|0|0|0|0|0|0|0|0|0|0,28,0,8,0,0,0,0,0,0,0,0,0,newshd.shp
443,1,0|0|0,0|0|0,0,0,0,0,0,0,130,-13,125,0,16,1,9|0|0|0|0|0|0|0|0|0|0|0|0|0|0|0|0|0|0|0,28,0,8,0,0,0,0,0,0,0,0,0,newshd.shp
444,1,0|0|0,0|0|0,0,0,0,0,0,0,130,-13,125,0,50,0,31|0|0|0|0|0|0|0|0|0|0|0|0|0|0|0|0|0|0|0,28,0,8,0,0,0,0,0,0,0,0,0,newshd.shp
445,1,0|0|0,0|0|0,0,0,0,0,0,0,130,-13,125,0,50,1,13|0|0|0|0|0|0|0|0|0|0|0|0|0|0|0|0|0|0|0,28,0,8,0,0,0,0,0,0,0,0,0,newshd.shp
446,1,0|0|0,0|0|0,0,0,0,0,0,0,130,-13,125,0,50,0,15|0|0|0|0|0|0|0|0|0|0|0|0|0|0|0|0|0|0|0,28,0,8,0,0,0,0,0,0,0,0,0,newshd.shp
447,1,0|0|0,0|0|0,0,0,0,0,0,0,130,-13,125,0,50,0,34|0|0|0|0|0|0|0|0|0|0|0|0|0|0|0|0|0|0|0,28,0,8,0,0,0,0,0,0,0,0,0,newshd.shp
448,1,0|0|0,0|0|0,0,0,0,0,0,0,130,-13,125,0,50,1,49|0|0|0|0|0|0|0|0|0|0|0|0|0|0|0|0|0|0|0,28,0,8,0,0,0,0,0,0,0,0,0,newshd.shp
449,1,0|0|0,0|0|0,0,0,0,0,0,0,130,-13,125,0,50,1,51|0|0|0|0|0|0|0|0|0|0|0|0|0|0|0|0|0|0|0,28,0,8,0,0,0,0,0,0,0,0,0,newshd.shp
450,1,0|0|0,0|0|0,0,0,0,0,0,0,130,-13,125,0,50,1,53|0|0|0|0|0|0|0|0|0|0|0|0|0|0|0|0|0|0|0,28,0,8,0,0,0,0,0,0,0,0,0,newshd.shp
451,1,0|0|0,0|0|0,0,0,0,0,0,0,130,-13,125,0,50,0,88|0|0|0|0|0|0|0|0|0|0|0|0|0|0|0|0|0|0|0,28,0,8,0,0,0,0,0,0,0,0,0,newshd.shp
452,1,0|0|0,0|0|0,0,0,0,0,0,0,130,-13,125,0,50,1,89|0|0|0|0|0|0|0|0|0|0|0|0|0|0|0|0|0|0|0,28,0,8,0,0,0,0,0,0,0,0,0,newshd.shp
453,1,0|0|0,0|0|0,0,0,0,0,0,0,130,-13,125,0,50,1,91|0|0|0|0|0|0|0|0|0|0|0|0|0|0|0|0|0|0|0,28,0,8,0,0,0,0,0,0,0,0,0,newshd.shp
454,1,0|0|0,0|0|0,0,0,0,0,0,0,0,0,0,0,20,0,102|0|0|0|0|0|0|0|0|0|0|0|0|0|0|0|0|0|0|0,0,0,4,0,0,140,10,0,0,0,0,0,newsh8.shp
455,8,0|0|0,0|0|0,0,0,0,0,0,0,0,0,0,0,4,0,171|171|190|190|209|209|228|228|0|0|0|0|0|0|0|0|0|0|0|0,0,1,23,0,0,0,0,0,0,4,5,0,newshs.shp
456,8,0|0|0,0|0|0,0,0,0,0,0,0,0,0,0,0,20,1,241|239|243|243|243|239|239|241|0|0|0|0|0|0|0|0|0|0|0|0,1,2,8,0,0,0,0,0,20,455,75,0,newshd.shp
457,1,0|0|0,0|0|0,0,0,0,0,0,0,0,0,0,0,20,1,53|0|0|0|0|0|0|0|0|0|0|0|0|0|0|0|0|0|0|0,5,0,20,0,0,87,-1,0,20,458,50,0,newshp.shp
458,12,0|0|0,0|0|0,0,3,0,0,0,0,0,0,0,0,5,0,19|19|38|38|57|57|76|76|57|57|38|38|0|0|0|0|0|0|0|0,0,1,20,0,0,0,0,0,0,0,15,0,newshp.shp
459,5,0|0|0,0|0|0,0,0,93,0,0,0,0,0,0,0,40,1,93|131|131|131|93|0|0|0|0|0|0|0|0|0|0|0|0|0|0|0,6,2,23,0,0,0,0,0,0,460,150,0,newshs.shp
460,12,0|0|0,0|0|0,0,5,0,0,0,0,0,0,0,0,2,0,95|95|114|114|133|133|152|152|133|133|114|114|0|0|0|0|0|0|0|0,0,1,20,0,0,0,0,0,0,0,7,0,newshp.shp
461,1,0|0|0,0|0|0,0,1,0,0,0,0,0,0,0,0,20,1,16|0|0|0|0|0|0|0|0|0|0|0|0|0|0|0|0|0|0|0,0,0,8,0,0,0,0,0,0,0,20,0,newshd.shp
462,9,116|0|255,100|0|100,0,1,0,0,0,0,130,-13,125,0,20,1,93|55|18|18|18|55|55|55|93|0|0|0|0|0|0|0|0|0|0|0,0,2,8,0,0,0,0,0,0,0,25,0,newshd.shp
463,1,0|0|0,0|0|0,0,4,0,0,0,0,0,0,0,0,80,1,191|0|0|0|0|0|0|0|0|0|0|0|0|0|0|0|0|0|0|0,0,0,8,0,0,0,0,0,0,0,0,0,newshd.shp
464,1,0|0|0,0|0|0,0,0,0,0,0,2,0,0,0,0,254,1,153|0|0|0|0|0|0|0|0|0|0|0|0|0|0|0|0|0|0|0,0,0,9,4,3,0,0,0,0,0,0,0,newshe.shp
465,11,59|0|0,0|0|0,0,0,0,0,0,2,0,0,0,0,20,1,155|157|159|161|163|165|163|161|159|157|155|0|0|0|0|0|0|0|0|0,0,2,9,4,3,0,0,0,0,0,0,0,newshe.shp
466,1,0|0|0,0|0|0,0,0,0,0,0,0,0,0,0,0,254,1,153|0|0|0|0|0|0|0|0|0|0|0|0|0|0|0|0|0|0|0,0,0,9,0,0,0,0,0,0,0,0,0,newshe.shp
467,11,59|0|0,0|0|0,0,0,0,0,0,0,0,0,0,0,20,1,155|157|159|161|163|165|163|161|159|157|155|0|0|0|0|0|0|0|0|0,0,2,9,0,0,0,0,0,0,0,0,0,newshe.shp
468,1,0|0|0,0|0|0,0,0,0,0,0,-8,0,0,0,0,0,1,81|0|0|0|0|0|0|0|0|0|0|0|0|0|0|0|0|0|0|0,0,0,2,0,0,0,-1,0,0,0,0,0,newsh4.shp
469,1,0|0|0,0|0|0,0,0,0,0,0,-8,0,0,0,0,0,1,83|0|0|0|0|0|0|0|0|0|0|0|0|0|0|0|0|0|0|0,0,0,2,0,0,0,-1,0,0,0,0,0,newsh4.shp
470,1,0|0|0,0|0|0,0,0,0,0,0,-8,0,0,0,0,0,1,85|0|0|0|0|0|0|0|0|0|0|0|0|0|0|0|0|0|0|0,0,0,2,0,0,0,-1,0,0,0,0,0,newsh4.shp
471,1,0|0|0,0|0|0,0,0,0,0,0,-8,0,0,0,0,0,1,119|0|0|0|0|0|0|0|0|0|0|0|0|0|0|0|0|0|0|0,0,0,2,0,0,0,-1,0,0,0,0,0,newsh4.shp
472,1,0|0|0,0|0|0,0,0,0,0,0,-8,0,0,0,0,0,1,121|0|0|0|0|0|0|0|0|0|0|0|0|0|0|0|0|0|0|0,0,0,2,0,0,0,-1,0,0,0,0,0,newsh4.shp
473,1,0|0|0,0|0|0,0,0,0,0,0,-8,0,0,0,0,0,1,123|0|0|0|0|0|0|0|0|0|0|0|0|0|0|0|0|0|0|0,0,0,2,0,0,0,-1,0,0,0,0,0,newsh4.shp
474,1,0|0|0,0|0|0,0,1,0,0,0,0,130,-13,125,0,0,1,241|0|0|0|0|0|0|0|0|0|0|0|0|0|0|0|0|0|0|0,45,0,21,0,0,0,0,0,0,0,375,0,newshq.shp
475,1,0|0|0,0|0|0,0,0,0,0,0,0,130,-13,125,0,0,1,243|0|0|0|0|0|0|0|0|0|0|0|0|0|0|0|0|0|0|0,49,0,21,0,0,0,0,0,0,0,500,0,newshq.shp
476,1,0|0|0,0|0|0,0,1,0,0,0,0,130,-13,125,0,0,1,245|0|0|0|0|0|0|0|0|0|0|0|0|0|0|0|0|0|0|0,46,0,21,0,0,0,0,0,0,0,800,0,newshq.shp
477,1,0|0|0,0|0|0,0,1,0,0,0,0,130,-13,125,0,8,1,195|0|0|0|0|0|0|0|0|0|0|0|0|0|0|0|0|0|0|0,0,0,9,0,0,0,0,0,20,479,25,395,newshe.shp
478,1,0|0|0,0|0|0,0,1,0,0,0,0,130,-13,125,0,4,1,233|0|0|0|0|0|0|0|0|0|0|0|0|0|0|0|0|0|0|0,0,0,9,0,0,0,0,0,0,0,15,394,newshe.shp
479,1,0|0|0,0|0|0,0,0,94,94,0,0,130,-13,125,0,1,1,235|0|0|0|0|0|0|0|0|0|0|0|0|0|0|0|0|0|0|0,0,0,9,0,0,0,0,0,0,0,5,0,newshe.shp
480,1,0|0|0,0|0|0,0,0,0,0,0,0,130,-13,125,0,254,1,153|0|0|0|0|0|0|0|0|0|0|0|0|0|0|0|0|0|0|0,34,0,10,0,0,0,0,0,0,0,0,0,newshf.shp
481,1,0|0|0,0|0|0,0,0,0,0,0,0,130,-13,125,0,254,1,155|0|0|0|0|0|0|0|0|0|0|0|0|0|0|0|0|0|0|0,34,0,10,0,0,0,0,0,0,0,0,0,newshf.shp
482,1,0|0|0,0|0|0,0,0,0,0,0,0,130,-13,125,0,254,1,157|0|0|0|0|0|0|0|0|0|0|0|0|0|0|0|0|0|0|0,34,0,10,0,0,0,0,0,0,0,0,0,newshf.shp
483,1,0|0|0,0|0|0,0,0,0,0,0,0,130,-13,125,0,254,1,159|0|0|0|0|0|0|0|0|0|0|0|0|0|0|0|0|0|0|0,34,0,10,0,0,0,0,0,0,0,0,0,newshf.shp
484,1,0|0|0,0|0|0,0,0,0,0,0,0,130,-13,125,0,254,1,161|0|0|0|0|0|0|0|0|0|0|0|0|0|0|0|0|0|0|0,34,0,10,0,0,0,0,0,0,0,0,0,newshf.shp
485,1,0|0|0,0|0|0,0,0,0,0,0,0,130,-13,125,0,254,1,163|0|0|0|0|0|0|0|0|0|0|0|0|0|0|0|0|0|0|0,34,0,10,0,0,0,0,0,0,0,0,0,newshf.shp
486,1,0|0|0,0|0|0,0,0,0,0,0,0,130,-13,125,0,254,1,191|0|0|0|0|0|0|0|0|0|0|0|0|0|0|0|0|0|0|0,34,0,10,0,0,0,0,0,0,0,0,0,newshf.shp
487,1,0|0|0,0|0|0,0,0,0,0,0,0,130,-13,125,0,254,1,193|0|0|0|0|0|0|0|0|0|0|0|0|0|0|0|0|0|0|0,34,0,10,0,0,0,0,0,0,0,0,0,newshf.shp
488,1,0|0|0,0|0|0,0,0,0,0,0,0,130,-13,125,0,254,1,195|0|0|0|0|0|0|0|0|0|0|0|0|0|0|0|0|0|0|0,34,0,10,0,0,0,0,0,40,501,0,0,newshf.shp
489,1,0|0|0,0|0|0,0,0,0,0,0,0,130,-13,125,0,254,1,197|0|0|0|0|0|0|0|0|0|0|0|0|0|0|0|0|0|0|0,34,0,10,0,0,0,0,0,40,501,0,0,newshf.shp
490,1,0|0|0,0|0|0,0,0,0,0,0,0,130,-13,125,0,254,1,199|0|0|0|0|0|0|0|0|0|0|0|0|0|0|0|0|0|0|0,34,0,10,0,0,0,0,0,0,0,0,0,newshf.shp
491,1,0|0|0,0|0|0,0,0,0,0,0,0,130,-13,125,0,254,1,201|0|0|0|0|0|0|0|0|0|0|0|0|0|0|0|0|0|0|0,34,0,10,0,0,0,0,0,0,0,0,0,newshf.shp
492,1,0|0|0,0|0|0,0,0,0,0,0,0,130,-13,125,0,254,1,230|0|0|0|0|0|0|0|0|0|0|0|0|0|0|0|0|0|0|0,34,0,10,0,0,0,0,0,0,0,0,0,newshf.shp
493,20,59|0|0,60|0|0,0,0,0,0,0,0,130,-13,125,0,254,1,232|165|165|203|203|241|241|279|279|279|241|241|241|203|203|203|165|165|165|232,34,2,10,0,0,0,0,0,90,500,0,0,newshf.shp
494,1,0|0|0,0|0|0,0,0,0,0,0,0,130,-13,125,0,254,1,234|0|0|0|0|0|0|0|0|0|0|0|0|0|0|0|0|0|0|0,34,0,10,0,0,0,0,0,60,501,750,0,newshf.shp
495,20,59|0|0,60|0|0,0,0,0,0,0,0,130,-13,125,0,254,1,236|167|167|205|205|243|243|281|281|281|243|243|243|205|205|205|167|167|167|236,34,2,10,0,0,0,0,0,90,500,0,0,newshf.shp
496,1,0|0|0,0|0|0,0,0,0,0,0,0,130,-13,125,0,254,1,238|0|0|0|0|0|0|0|0|0|0|0|0|0|0|0|0|0|0|0,34,0,10,0,0,0,0,0,0,0,0,0,newshf.shp
497,1,0|0|0,0|0|0,0,0,0,0,0,0,130,-13,125,0,254,1,270|0|0|0|0|0|0|0|0|0|0|0|0|0|0|0|0|0|0|0,34,0,10,0,0,0,0,0,0,0,0,0,newshf.shp
498,1,0|0|0,0|0|0,0,0,0,0,0,0,130,-13,125,0,254,1,272|0|0|0|0|0|0|0|0|0|0|0|0|0|0|0|0|0|0|0,34,0,10,0,0,0,0,0,0,0,0,0,newshf.shp
499,1,0|0|0,0|0|0,0,0,0,0,0,0,130,-13,125,0,254,1,274|0|0|0|0|0|0|0|0|0|0|0|0|0|0|0|0|0|0|0,34,0,10,0,0,0,0,0,0,0,0,0,newshf.shp
500,1,252|0|0,1|0|0,0,2,0,0,0,0,130,-13,125,0,10,1,169|0|0|0|0|0|0|0|0|0|0|0|0|0|0|0|0|0|0|0,26,0,10,0,0,0,0,0,0,0,25,0,newshf.shp
501,12,0|0|0,0|0|0,0,0,0,0,0,0,130,-13,125,0,6,0,171|171|171|190|190|190|209|209|209|228|228|228|0|0|0|0|0|0|0|0,4,1,10,0,0,0,0,0,0,4,5,0,newshf.shp
502,1,0|0|0,0|0|0,0,1,0,0,0,0,130,-13,125,0,0,0,37|0|0|0|0|0|0|0|0|0|0|0|0|0|0|0|0|0|0|0,47,0,21,0,0,0,0,0,0,0,150,0,newshq.shp
503,1,0|0|0,0|0|0,0,1,0,0,0,0,130,-13,125,0,0,0,75|0|0|0|0|0|0|0|0|0|0|0|0|0|0|0|0|0|0|0,48,0,21,0,0,0,0,0,0,0,300,0,newshq.shp
504,1,0|0|0,0|0|0,0,1,0,0,0,0,130,-13,125,0,0,0,113|0|0|0|0|0|0|0|0|0|0|0|0|0|0|0|0|0|0|0,49,0,21,0,0,0,0,0,0,0,500,0,newshq.shp
505,1,0|0|0,0|0|0,0,1,0,0,0,0,130,-13,125,0,0,0,19|0|0|0|0|0|0|0|0|0|0|0|0|0|0|0|0|0|0|0,50,0,21,0,0,0,0,0,0,0,750,0,newshq.shp
506,1,0|0|0,0|0|0,0,1,0,0,0,0,130,-13,125,0,0,0,38|0|0|0|0|0|0|0|0|0|0|0|0|0|0|0|0|0|0|0,42,0,21,0,0,0,0,0,0,0,1000,0,newshq.shp
507,1,0|0|0,0|0|0,0,1,0,0,0,0,130,-13,125,0,0,0,57|0|0|0|0|0|0|0|0|0|0|0|0|0|0|0|0|0|0|0,43,0,21,0,0,0,0,0,0,0,2000,0,newshq.shp
508,1,0|0|0,0|0|0,0,1,0,0,0,0,130,-13,125,0,0,0,76|0|0|0|0|0|0|0|0|0|0|0|0|0|0|0|0|0|0|0,51,0,21,0,0,0,0,0,0,0,50,0,newshq.shp
509,1,0|0|0,0|0|0,0,1,0,0,0,0,130,-13,125,0,0,0,95|0|0|0|0|0|0|0|0|0|0|0|0|0|0|0|0|0|0|0,39,0,21,0,0,0,0,0,0,0,250,0,newshq.shp
510,1,0|0|0,0|0|0,0,1,0,0,0,0,130,-13,125,0,0,0,114|0|0|0|0|0|0|0|0|0|0|0|0|0|0|0|0|0|0|0,41,0,21,0,0,0,0,0,0,0,500,0,newshq.shp
511,18,0|0|0,0|0|0,0,0,0,0,0,0,130,-13,125,0,2,0,19|19|38|38|57|57|76|76|95|95|76|76|57|57|38|38|19|19|0|0,6,1,13,0,0,114,1,0,0,2,10,0,newshi.shp
512,15,0|0|0,0|0|0,0,0,0,0,0,0,130,-13,125,0,0,1,191|193|195|193|191|229|231|233|231|229|269|271|273|271|269|0|0|0|0|0,52,1,21,0,0,0,0,0,0,0,1,0,newshq.shp
513,20,0|0|0,0|0|0,0,1,0,0,0,0,130,-13,125,0,0,1,159|161|163|161|159|197|199|201|199|197|235|237|239|237|235|273|275|277|275|273,52,1,21,0,0,0,0,0,0,0,1,0,newshq.shp
514,1,0|0|0,0|0|0,0,0,0,0,0,0,130,-13,125,0,12,1,163|0|0|0|0|0|0|0|0|0|0|0|0|0|0|0|0|0|0|0,18,0,7,0,0,0,0,0,40,515,25,0,newshc.shp
515,16,0|0|0,0|0|0,0,3,0,0,0,0,0,0,0,0,5,0,190|190|209|209|228|228|247|247|266|266|285|285|304|304|171|171|0|0|0|0,18,1,7,0,0,0,0,0,0,0,0,0,newshc.shp
516,1,0|0|0,0|0|0,0,0,0,0,0,0,150,-13,100,0,20,1,1|0|0|0|0|0|0|0|0|0|0|0|0|0|0|0|0|0|0|0,25,0,9,0,0,0,0,0,0,0,50,0,newshe.shp
517,1,0|0|0,0|0|0,0,0,0,0,0,0,150,-13,100,0,20,1,3|0|0|0|0|0|0|0|0|0|0|0|0|0|0|0|0|0|0|0,25,0,9,0,0,0,0,0,0,0,0,0,newshe.shp
518,1,0|0|0,0|0|0,0,0,0,0,0,0,150,-13,100,0,20,1,5|0|0|0|0|0|0|0|0|0|0|0|0|0|0|0|0|0|0|0,25,0,9,0,0,0,0,0,0,0,0,0,newshe.shp
519,1,0|0|0,0|0|0,0,0,0,0,0,0,150,-13,100,0,20,1,39|0|0|0|0|0|0|0|0|0|0|0|0|0|0|0|0|0|0|0,25,0,9,0,0,0,0,0,0,0,0,0,newshe.shp
520,1,0|0|0,0|0|0,0,0,0,0,0,0,150,-13,100,0,20,1,41|0|0|0|0|0|0|0|0|0|0|0|0|0|0|0|0|0|0|0,25,0,9,0,0,0,0,0,0,0,0,0,newshe.shp
521,1,0|0|0,0|0|0,0,0,0,0,0,0,150,-13,100,0,20,1,43|0|0|0|0|0|0|0|0|0|0|0|0|0|0|0|0|0|0|0,25,0,9,0,0,0,0,0,0,0,0,0,newshe.shp
522,1,0|0|0,0|0|0,0,0,0,0,0,0,150,-13,100,0,40,1,1|0|0|0|0|0|0|0|0|0|0|0|0|0|0|0|0|0|0|0,25,0,9,0,0,7,-1,0,0,0,10015,0,newshe.shp
523,1,0|0|0,0|0|0,0,0,0,0,0,0,150,-13,100,0,40,1,3|0|0|0|0|0|0|0|0|0|0|0|0|0|0|0|0|0|0|0,25,0,9,0,0,9,-1,0,0,0,10015,0,newshe.shp
524,1,0|0|0,0|0|0,0,0,0,0,0,0,150,-13,100,0,40,1,5|0|0|0|0|0|0|0|0|0|0|0|0|0|0|0|0|0|0|0,25,0,9,0,0,11,-1,0,0,0,10015,0,newshe.shp
525,1,0|0|0,0|0|0,0,0,0,0,0,0,150,-13,100,0,40,1,39|0|0|0|0|0|0|0|0|0|0|0|0|0|0|0|0|0|0|0,25,0,9,0,0,45,-1,0,0,0,10015,0,newshe.shp
526,1,0|0|0,0|0|0,0,0,0,0,0,0,150,-13,100,0,40,1,41|0|0|0|0|0|0|0|0|0|0|0|0|0|0|0|0|0|0|0,25,0,9,0,0,47,-1,0,0,0,10015,0,newshe.shp
527,1,0|0|0,0|0|0,0,0,0,0,0,0,150,-13,100,0,40,1,43|0|0|0|0|0|0|0|0|0|0|0|0|0|0|0|0|0|0|0,25,0,9,0,0,49,-1,0,0,0,10015,0,newshe.shp
528,1,0|0|0,0|0|0,0,0,0,0,0,0,0,0,0,0,20,1,153|0|0|0|0|0|0|0|0|0|0|0|0|0|0|0|0|0|0|0,5,0,8,0,0,0,0,0,0,0,100,0,newshd.shp
529,9,0|0|0,0|0|0,0,2,0,0,0,0,130,-13,125,0,15,1,163|165|167|167|167|165|165|165|163|0|0|0|0|0|0|0|0|0|0|0,6,2,8,0,0,0,0,0,0,530,50,0,newshd.shp
530,9,0|0|0,0|0|0,0,5,0,0,0,0,130,-13,125,0,4,0,171|171|190|190|209|209|190|190|171|0|0|0|0|0|0|0|0|0|0|0,2,1,8,0,0,0,0,0,0,0,5,0,newshd.shp
531,6,0|0|0,0|0|0,0,2,0,0,0,0,130,-13,125,0,8,1,79|81|83|81|81|79|0|0|0|0|0|0|0|0|0|0|0|0|0|0,6,2,8,0,0,0,0,0,20,532,30,0,newshd.shp
532,18,0|0|0,0|0|0,0,2,0,0,0,0,130,-13,125,0,3,0,228|228|228|247|247|247|266|266|266|285|285|285|304|304|304|247|247|247|0|0,6,1,8,0,0,0,0,0,0,4,30,0,newshd.shp
533,12,0|0|0,0|0|0,0,1,0,0,0,0,130,-13,125,0,0,1,165|165|165|167|167|167|169|169|169|167|167|167|0|0|0|0|0|0|0|0,0,1,21,0,0,0,0,0,0,0,-1,0,newshq.shp
534,12,0|0|0,0|0|0,0,1,0,0,0,0,130,-13,125,0,0,1,203|203|203|205|205|205|207|207|207|205|205|205|0|0|0|0|0|0|0|0,0,1,21,0,0,0,0,0,0,0,-2,0,newshq.shp
535,18,0|0|0,0|0|0,0,1,0,0,0,0,130,-13,125,0,0,1,153|153|153|153|153|155|155|155|155|157|157|157|157|157|155|155|155|155|0|0,0,1,21,0,0,0,0,0,0,0,-3,0,newshq.shp
536,1,0|0|0,0|0|0,0,0,0,0,0,0,0,0,0,0,100,1,45|0|0|0|0|0|0|0|0|0|0|0|0|0|0|0|0|0|0|0,35,0,17,0,0,39,-1,0,0,0,100,0,newshm.shp
537,1,0|0|0,0|0|0,0,0,0,0,0,0,0,0,0,0,100,1,47|0|0|0|0|0|0|0|0|0|0|0|0|0|0|0|0|0|0|0,35,0,17,0,0,41,-1,0,0,0,100,0,newshm.shp
538,1,0|0|0,0|0|0,0,0,0,0,0,0,0,0,0,0,100,1,49|0|0|0|0|0|0|0|0|0|0|0|0|0|0|0|0|0|0|0,35,0,17,0,0,43,-1,0,0,0,100,0,newshm.shp
539,1,116|116|116,80|81|82,0,0,0,0,0,0,0,0,0,0,100,1,83|0|0|0|0|0|0|0|0|0|0|0|0|0|0|0|0|0|0|0,35,0,17,0,0,77,-1,0,60,543,100,0,newshm.shp
540,9,154|0|0,120|0|0,0,0,0,0,0,0,0,0,0,0,100,1,85|7|9|11|9|9|7|7|85|0|0|0|0|0|0|0|0|0|0|0,35,2,17,0,0,79,-1,0,0,0,100,0,newshm.shp
541,1,115|115|115,80|81|82,0,0,0,0,0,0,0,0,0,0,100,1,87|0|0|0|0|0|0|0|0|0|0|0|0|0|0|0|0|0|0|0,35,0,17,0,0,81,-1,0,60,544,100,0,newshm.shp
542,1,0|0|0,0|0|0,0,0,0,0,0,0,0,0,0,0,255,1,1|0|0|0|0|0|0|0|0|0|0|0|0|0|0|0|0|0|0|0,5,0,17,0,0,2,-1,0,0,0,100,0,newshm.shp
543,9,0|0|0,0|0|0,-2,5,0,0,0,0,130,-13,125,0,4,0,171|171|190|190|209|209|190|190|171|0|0|0|0|0|0|0|0|0|0|0,2,1,8,0,0,0,0,0,0,0,5,0,newshd.shp
544,9,0|0|0,0|0|0,2,5,0,0,0,0,130,-13,125,0,4,0,171|171|190|190|209|209|190|190|171|0|0|0|0|0|0|0|0|0|0|0,2,1,8,0,0,0,0,0,0,0,5,0,newshd.shp
545,1,0|0|0,0|0|0,0,0,0,0,0,0,0,0,0,0,5,1,77|0|0|0|0|0|0|0|0|0|0|0|0|0|0|0|0|0|0|0,5,0,8,0,0,0,0,0,0,0,10,0,newshd.shp
546,4,63|0|0,8|0|0,0,0,0,0,0,15,0,0,0,0,80,1,203|203|279|279|0|245|0|0|0|0|0|0|0|0|0|0|0|0|0|0,35,1,23,0,3,6,40,-6,0,0,0,0,newshs.shp
547,4,63|0|0,9|0|0,0,0,0,0,0,15,0,0,0,0,80,1,205|205|281|281|0|283|0|0|0|0|0|0|0|0|0|0|0|0|0|0,35,1,23,0,3,6,40,-6,0,0,0,0,newshs.shp
548,4,63|0|0,10|0|0,0,0,0,0,0,15,0,0,0,0,80,1,165|165|241|241|0|169|0|0|0|0|0|0|0|0|0|0|0|0|0|0,35,1,23,0,3,6,40,-6,0,0,0,0,newshs.shp
549,4,63|0|0,11|0|0,0,0,0,0,0,15,0,0,0,0,80,1,167|167|243|243|0|207|0|0|0|0|0|0|0|0|0|0|0|0|0|0,35,1,23,0,3,6,40,-6,0,0,0,0,newshs.shp
550,1,76|0|0,90|0|0,0,0,0,0,0,15,0,0,0,0,80,1,267|0|0|0|0|0|0|0|0|0|0|0|0|0|0|0|0|0|0|0,5,0,23,0,3,273,40,0,10,551,250,0,newshs.shp
551,9,0|0|0,0|0|0,0,1,0,0,0,6,0,0,0,20,4,0,171|171|190|190|209|209|190|190|171|0|0|0|0|0|0|0|0|0|0|0,2,1,8,0,0,0,0,0,0,94,5,0,newshd.shp
552,20,253|0|0,1|0|0,0,0,0,0,0,0,0,0,0,0,0,1,17|17|17|17|55|17|17|17|17|17|17|17|17|17|17|17|17|17|17|17,5,1,5,0,0,0,0,0,0,0,0,0,newsha.shp
553,20,254|0|0,1|0|0,0,0,0,0,0,0,0,0,0,0,0,1,93|93|93|93|131|93|93|93|93|93|93|93|93|93|93|93|93|93|93|93,5,1,5,0,0,0,0,0,0,0,0,0,newsha.shp
554,12,0|0|0,0|0|0,0,0,0,0,0,0,0,0,0,0,10,1,169|169|169|169|207|207|207|207|245|245|245|245|0|0|0|0|0|0|0|0,10,1,5,0,0,0,0,0,0,0,50,0,newsha.shp
555,12,0|0|0,0|0|0,0,0,0,0,0,0,0,0,0,0,20,1,201|201|201|201|239|239|239|239|241|241|241|241|0|0|0|0|0|0|0|0,14,1,9,0,0,0,0,0,0,0,75,0,newshe.shp
556,1,0|0|0,0|0|0,1,-1,0,0,-16,10,130,-13,125,0,3,0,19|0|0|0|0|0|0|0|0|0|0|0|0|0|0|0|0|0|0|0,1,0,7,0,0,0,0,0,0,0,10,0,newshc.shp
557,1,0|0|0,0|0|0,0,0,0,0,0,0,130,-13,125,0,3,0,38|0|0|0|0|0|0|0|0|0|0|0|0|0|0|0|0|0|0|0,1,0,7,0,0,0,0,0,0,0,10,0,newshc.shp
558,1,0|0|0,0|0|0,0,0,0,0,0,0,130,-13,125,0,3,0,57|0|0|0|0|0|0|0|0|0|0|0|0|0|0|0|0|0|0|0,1,0,7,0,0,0,0,0,0,0,10,0,newshc.shp
559,9,63|0|0,80|0|0,0,0,0,0,0,0,130,-13,125,0,30,1,49|51|53|53|53|51|51|51|49|0|0|0|0|0|0|0|0|0|0|0,1,2,7,0,0,0,0,0,0,0,10,0,newshc.shp
560,1,0|0|0,0|0|0,0,5,0,0,0,-8,130,-13,115,0,5,1,279|0|0|0|0|0|0|0|0|0|0|0|0|0|0|0|0|0|0|0,5,0,21,0,0,0,0,0,0,0,100,0,newshq.shp
561,1,0|0|0,0|0|0,0,1,0,0,0,0,130,-13,125,0,0,1,127|0|0|0|0|0|0|0|0|0|0|0|0|0|0|0|0|0|0|0,0,0,21,0,0,0,0,0,0,0,20002,0,newshq.shp
562,1,0|0|0,0|0|0,0,1,0,0,0,0,130,-13,125,0,0,1,129|0|0|0|0|0|0|0|0|0|0|0|0|0|0|0|0|0|0|0,0,0,21,0,0,0,0,0,0,0,20004,0,newshq.shp
563,1,0|0|0,0|0|0,0,1,0,0,0,0,130,-13,125,0,0,1,131|0|0|0|0|0|0|0|0|0|0|0|0|0|0|0|0|0|0|0,0,0,21,0,0,0,0,0,0,0,20008,0,newshq.shp
564,1,0|0|0,0|0|0,0,0,0,0,0,0,0,0,0,0,255,1,283|0|0|0|0|0|0|0|0|0|0|0|0|0|0|0|0|0|0|0,6,0,5,0,0,0,0,0,0,0,50,0,newsha.shp
565,1,0|0|0,0|0|0,0,0,0,0,0,0,0,0,0,0,20,1,281|0|0|0|0|0|0|0|0|0|0|0|0|0|0|0|0|0|0|0,26,0,5,0,0,0,0,0,0,0,50,0,newsha.shp
566,12,0|0|0,0|0|0,0,0,0,0,0,0,0,0,0,0,255,1,167|167|167|167|205|205|205|205|243|243|243|243|0|0|0|0|0|0|0|0,10,1,5,0,0,0,0,0,0,0,0,0,newsha.shp
567,18,255|0|0,4|0|0,0,0,0,0,0,0,0,0,0,0,20,1,165|165|165|203|203|203|241|241|241|279|279|279|241|241|241|203|203|203|0|0,10,1,5,0,0,0,0,0,0,0,200,0,newsha.shp
568,1,0|0|0,0|0|0,0,0,0,0,0,0,0,0,0,0,30,1,269|0|0|0|0|0|0|0|0|0|0|0|0|0|0|0|0|0|0|0,35,0,23,0,0,275,15,0,20,455,250,0,newshs.shp
569,16,0|0|0,0|0|0,7,0,0,0,-1,1,0,0,0,0,6,1,117|117|117|117|119|119|119|119|121|121|121|121|119|119|119|119|0|0|0|0,15,1,17,-7,7,0,0,0,0,0,100,0,newshm.shp
570,1,0|0|0,0|0|0,0,7,0,0,-1,1,0,0,0,0,254,1,115|0|0|0|0|0|0|0|0|0|0|0|0|0|0|0|0|0|0|0,15,0,17,-7,7,0,0,0,0,0,100,0,newshm.shp
571,1,0|0|0,0|0|0,0,-7,0,0,1,-1,0,0,0,0,254,1,115|0|0|0|0|0|0|0|0|0|0|0|0|0|0|0|0|0|0|0,15,0,17,7,-7,0,0,0,0,0,100,0,newshm.shp
572,1,0|0|0,0|0|0,-7,0,0,0,1,-1,0,0,0,0,254,1,115|0|0|0|0|0|0|0|0|0|0|0|0|0|0|0|0|0|0|0,15,0,17,7,-7,0,0,0,0,0,100,0,newshm.shp
573,1,0|0|0,0|0|0,0,0,0,0,0,0,0,0,0,0,25,1,165|0|0|0|0|0|0|0|0|0|0|0|0|0|0|0|0|0|0|0,25,0,8,0,0,167,10,0,0,0,50,0,newshd.shp
574,1,0|0|0,0|0|0,0,0,0,0,0,0,0,0,0,0,25,1,127|0|0|0|0|0|0|0|0|0|0|0|0|0|0|0|0|0|0|0,25,0,20,0,0,129,10,0,0,0,50,0,newshp.shp
575,1,0|0|0,0|0|0,0,0,0,0,0,0,0,0,0,0,25,1,155|0|0|0|0|0|0|0|0|0|0|0|0|0|0|0|0|0|0|0,25,0,8,0,0,163,10,0,0,0,50,0,newshd.shp
576,1,0|0|0,0|0|0,0,0,0,0,0,0,0,0,0,0,25,1,123|0|0|0|0|0|0|0|0|0|0|0|0|0|0|0|0|0|0|0,25,0,20,0,0,125,10,0,0,0,50,0,newshp.shp
577,8,0|0|0,0|0|0,0,0,0,0,0,0,0,0,0,0,0,1,85|85|131|131|233|233|131|131|0|0|0|0|0|0|0|0|0|0|0|0,26,1,20,0,0,0,0,0,0,0,10020,0,newshp.shp
578,1,0|0|0,0|0|0,0,5,0,0,-1,2,0,0,0,0,255,1,115|0|0|0|0|0|0|0|0|0|0|0|0|0|0|0|0|0|0|0,16,0,17,-10,5,0,0,0,0,0,10,0,newshm.shp
579,1,0|0|0,0|0|0,0,-5,0,0,1,-2,0,0,0,0,255,1,115|0|0|0|0|0|0|0|0|0|0|0|0|0|0|0|0|0|0|0,16,0,17,10,-5,0,0,0,0,0,10,0,newshm.shp
580,1,0|0|0,0|0|0,0,7,0,0,-1,2,0,0,0,0,255,1,115|0|0|0|0|0|0|0|0|0|0|0|0|0|0|0|0|0|0|0,16,0,17,-14,7,0,0,0,0,0,10,0,newshm.shp
581,1,0|0|0,0|0|0,0,-7,0,0,1,-2,0,0,0,0,255,1,115|0|0|0|0|0|0|0|0|0|0|0|0|0|0|0|0|0|0|0,16,0,17,14,-7,0,0,0,0,0,10,0,newshm.shp
582,16,0|0|0,0|0|0,5,0,0,0,-2,2,0,0,0,0,6,1,117|117|117|117|119|119|119|119|121|121|121|121|119|119|119|119|0|0|0|0,16,1,17,-5,5,0,0,0,0,0,25,0,newshm.shp
583,1,0|0|0,0|0|0,0,5,0,0,-2,2,0,0,0,0,255,1,115|0|0|0|0|0|0|0|0|0|0|0|0|0|0|0|0|0|0|0,16,0,17,-5,5,0,0,0,0,0,10,0,newshm.shp
584,1,0|0|0,0|0|0,0,-5,0,0,2,-2,0,0,0,0,255,1,115|0|0|0|0|0|0|0|0|0|0|0|0|0|0|0|0|0|0|0,16,0,17,5,-5,0,0,0,0,0,10,0,newshm.shp
585,1,0|0|0,0|0|0,-5,0,0,0,2,-2,0,0,0,0,255,1,115|0|0|0|0|0|0|0|0|0|0|0|0|0|0|0|0|0|0|0,16,0,17,5,-5,0,0,0,0,0,10,0,newshm.shp
586,1,0|0|0,0|0|0,0,0,0,0,0,0,1,1,1,1,255,1,1|0|0|0|0|0|0|0|0|0|0|0|0|0|0|0|0|0|0|0,28,0,23,0,0,0,0,0,0,0,0,0,newshs.shp
587,1,0|0|0,0|0|0,0,0,0,0,0,0,1,1,1,1,255,1,3|0|0|0|0|0|0|0|0|0|0|0|0|0|0|0|0|0|0|0,28,0,23,0,0,0,0,0,0,0,0,0,newshs.shp
588,1,0|0|0,0|0|0,0,0,0,0,0,0,1,1,1,1,255,1,7|0|0|0|0|0|0|0|0|0|0|0|0|0|0|0|0|0|0|0,28,0,23,0,0,0,0,0,0,0,0,0,newshs.shp
589,16,0|0|0,0|0|0,0,0,0,0,0,0,1,1,1,1,20,1,115|115|117|117|119|119|121|121|123|123|121|121|119|119|117|117|0|0|0|0,28,1,23,0,0,0,0,0,0,0,100,0,newshs.shp
590,5,0|0|0,0|0|0,3,0,0,0,1,0,0,0,0,0,10,1,93|131|131|131|93|0|0|0|0|0|0|0|0|0|0|0|0|0|0|0,6,2,23,7,0,0,0,0,20,592,150,0,newshs.shp
591,8,0|0|0,0|0|0,0,0,0,0,0,0,0,0,0,0,0,1,85|85|131|131|233|233|131|131|0|0|0|0|0|0|0|0|0|0|0|0,26,1,20,0,0,0,0,0,0,0,10020,0,newshp.shp
592,12,0|0|0,0|0|0,0,4,0,0,0,0,0,0,0,0,3,0,9|9|10|10|28|28|29|29|28|28|10|10|0|0|0|0|0|0|0|0,0,1,23,0,0,0,0,0,0,0,10,0,newshs.shp
593,8,0|0|0,0|0|0,0,0,0,0,0,0,0,0,0,0,0,1,85|85|131|131|233|233|131|131|0|0|0|0|0|0|0|0|0|0|0|0,26,1,20,0,0,0,0,0,0,0,10022,0,newshp.shp
594,4,0|0|0,0|0|0,0,1,0,0,0,0,0,0,0,0,8,1,51|89|127|89|0|0|0|0|0|0|0|0|0|0|0|0|0|0|0|0,10,1,3,0,0,0,0,0,0,0,25,0,newsh7.shp
595,0,0|0|0,0|0|0,0,0,0,0,0,0,0,0,0,0,4,1,81|87|79|85|77|83|43|49|39|45|5|11|3|9|1|7|0|0|0|0,10,0,15,0,0,0,0,0,0,0,20,0,newshk.shp
596,18,0|0|0,0|0|0,0,0,0,0,0,0,0,0,0,0,3,0,247|247|247|266|266|266|285|285|285|304|304|304|285|285|285|266|266|266|0|0,0,1,8,0,0,0,0,0,0,4,15,0,newshd.shp
597,16,0|0|0,0|0|0,0,0,0,0,0,0,0,0,0,0,6,1,117|117|117|117|119|119|119|119|121|121|121|121|119|119|119|119|0|0|0|0,15,1,17,0,0,0,0,0,0,0,25,0,newshm.shp
598,11,76|0|0,40|0|0,0,0,0,0,0,0,130,-13,125,0,1,1,155|157|159|159|159|157|157|157|157|157|155|0|0|0|0|0|0|0|0|0,18,2,7,0,0,0,0,0,0,0,80,0,newshc.shp
599,12,0|0|0,0|0|0,0,0,0,0,0,0,130,-13,125,0,255,1,165|167|167|167|169|169|169|167|167|167|165|165|0|0|0|0|0|0|0|0,28,1,7,0,0,0,0,0,0,0,85,0,newshc.shp
600,11,76|0|0,80|0|0,0,-1,0,0,0,0,130,-13,125,0,1,1,191|193|195|195|195|195|193|193|193|193|191|0|0|0|0|0|0|0|0|0,18,2,7,0,0,0,0,0,0,0,200,0,newshc.shp
601,11,76|0|0,60|0|0,0,-1,0,0,0,0,130,-13,125,0,1,1,191|193|195|195|195|195|193|193|193|193|191|0|0|0|0|0|0|0|0|0,18,2,7,0,0,0,0,0,0,0,200,0,newshc.shp
602,1,0|0|0,0|0|0,4,1,0,0,4,0,0,0,0,0,0,1,153|0|0|0|0|0|0|0|0|0|0|0|0|0|0|0|0|0|0|0,0,0,26,4,0,0,0,0,0,0,30001,0,newsh5.shp
603,1,0|0|0,0|0|0,4,1,0,0,4,0,0,0,0,0,0,1,155|0|0|0|0|0|0|0|0|0|0|0|0|0|0|0|0|0|0|0,0,0,26,4,0,0,0,0,0,0,30002,0,newsh5.shp
604,1,0|0|0,0|0|0,4,1,0,0,4,0,0,0,0,0,0,1,157|0|0|0|0|0|0|0|0|0|0|0|0|0|0|0|0|0|0|0,0,0,26,4,0,0,0,0,0,0,30003,0,newsh5.shp
605,1,0|0|0,0|0|0,4,1,0,0,4,0,0,0,0,0,0,1,159|0|0|0|0|0|0|0|0|0|0|0|0|0|0|0|0|0|0|0,0,0,26,4,0,0,0,0,0,0,30004,0,newsh5.shp
606,1,0|0|0,0|0|0,4,1,0,0,4,0,0,0,0,0,0,1,161|0|0|0|0|0|0|0|0|0|0|0|0|0|0|0|0|0|0|0,0,0,26,4,0,0,0,0,0,0,30005,0,newsh5.shp
607,1,0|0|0,0|0|0,4,1,0,0,4,0,0,0,0,0,0,1,163|0|0|0|0|0|0|0|0|0|0|0|0|0|0|0|0|0|0|0,0,0,26,4,0,0,0,0,0,0,30013,0,newsh5.shp
608,1,0|0|0,0|0|0,4,1,0,0,4,0,0,0,0,0,0,1,165|0|0|0|0|0|0|0|0|0|0|0|0|0|0|0|0|0|0|0,0,0,26,4,0,0,0,0,0,0,30007,0,newsh5.shp
609,1,0|0|0,0|0|0,4,1,0,0,4,0,0,0,0,0,0,1,167|0|0|0|0|0|0|0|0|0|0|0|0|0|0|0|0|0|0|0,0,0,26,4,0,0,0,0,0,0,30008,0,newsh5.shp
610,1,0|0|0,0|0|0,4,1,0,0,4,0,0,0,0,0,0,1,169|0|0|0|0|0|0|0|0|0|0|0|0|0|0|0|0|0|0|0,0,0,26,4,0,0,0,0,0,0,31009,0,newsh5.shp
611,1,0|0|0,0|0|0,4,1,0,0,4,0,0,0,0,0,0,1,191|0|0|0|0|0|0|0|0|0|0|0|0|0|0|0|0|0|0|0,0,0,26,4,0,0,0,0,0,0,31010,0,newsh5.shp
612,1,0|0|0,0|0|0,4,1,0,0,4,0,0,0,0,0,0,1,193|0|0|0|0|0|0|0|0|0|0|0|0|0|0|0|0|0|0|0,0,0,26,4,0,0,0,0,0,0,31011,0,newsh5.shp
613,1,0|0|0,0|0|0,4,1,0,0,4,0,0,0,0,0,0,1,195|0|0|0|0|0|0|0|0|0|0|0|0|0|0|0|0|0|0|0,0,0,26,4,0,0,0,0,0,0,31012,0,newsh5.shp
614,1,0|0|0,0|0|0,4,1,0,0,4,0,0,0,0,0,0,1,197|0|0|0|0|0|0|0|0|0|0|0|0|0|0|0|0|0|0|0,0,0,26,4,0,0,0,0,0,0,31014,0,newsh5.shp
615,1,0|0|0,0|0|0,4,1,0,0,4,0,0,0,0,0,0,1,199|0|0|0|0|0|0|0|0|0|0|0|0|0|0|0|0|0|0|0,0,0,26,4,0,0,0,0,0,0,31015,0,newsh5.shp
616,1,0|0|0,0|0|0,4,1,0,0,4,0,0,0,0,0,0,1,201|0|0|0|0|0|0|0|0|0|0|0|0|0|0|0|0|0|0|0,0,0,26,4,0,0,0,0,0,0,30017,0,newsh5.shp
617,1,0|0|0,0|0|0,4,1,0,0,4,0,0,0,0,0,0,1,203|0|0|0|0|0|0|0|0|0|0|0|0|0|0|0|0|0|0|0,0,0,26,4,0,0,0,0,0,0,30020,0,newsh5.shp
618,1,0|0|0,0|0|0,4,1,0,0,4,0,0,0,0,0,0,1,205|0|0|0|0|0|0|0|0|0|0|0|0|0|0|0|0|0|0|0,0,0,26,4,0,0,0,0,0,0,32001,0,newsh5.shp
619,1,0|0|0,0|0|0,4,1,0,0,4,0,0,0,0,0,0,1,207|0|0|0|0|0|0|0|0|0|0|0|0|0|0|0|0|0|0|0,0,0,26,4,0,0,0,0,0,0,32002,0,newsh5.shp
620,1,0|0|0,0|0|0,4,1,0,0,4,0,0,0,0,0,0,1,229|0|0|0|0|0|0|0|0|0|0|0|0|0|0|0|0|0|0|0,0,0,26,4,0,0,0,0,0,0,32003,0,newsh5.shp
621,1,0|0|0,0|0|0,4,1,0,0,4,0,0,0,0,0,0,1,231|0|0|0|0|0|0|0|0|0|0|0|0|0|0|0|0|0|0|0,0,0,26,4,0,0,0,0,0,0,32004,0,newsh5.shp
622,1,0|0|0,0|0|0,4,1,0,0,4,0,0,0,0,0,0,1,233|0|0|0|0|0|0|0|0|0|0|0|0|0|0|0|0|0|0|0,0,0,26,4,0,0,0,0,0,0,32007,0,newsh5.shp
623,1,0|0|0,0|0|0,4,1,0,0,4,0,0,0,0,0,0,1,235|0|0|0|0|0|0|0|0|0|0|0|0|0|0|0|0|0|0|0,0,0,26,4,0,0,0,0,0,0,32010,0,newsh5.shp
624,1,0|0|0,0|0|0,4,1,0,0,4,0,0,0,0,0,0,1,237|0|0|0|0|0|0|0|0|0|0|0|0|0|0|0|0|0|0|0,0,0,26,4,0,0,0,0,0,0,32006,0,newsh5.shp
625,1,0|0|0,0|0|0,4,1,0,0,4,0,0,0,0,0,0,1,239|0|0|0|0|0|0|0|0|0|0|0|0|0|0|0|0|0|0|0,0,0,26,4,0,0,0,0,0,0,32013,0,newsh5.shp
626,1,0|0|0,0|0|0,4,1,0,0,4,0,0,0,0,0,0,1,241|0|0|0|0|0|0|0|0|0|0|0|0|0|0|0|0|0|0|0,0,0,26,4,0,0,0,0,0,0,32015,0,newsh5.shp
627,1,0|0|0,0|0|0,4,1,0,0,4,0,0,0,0,0,0,1,243|0|0|0|0|0|0|0|0|0|0|0|0|0|0|0|0|0|0|0,0,0,26,4,0,0,0,0,0,0,31021,0,newsh5.shp
628,1,0|0|0,0|0|0,4,1,0,0,4,0,0,0,0,0,0,1,41|0|0|0|0|0|0|0|0|0|0|0|0|0|0|0|0|0|0|0,0,0,26,4,0,0,0,0,0,0,30000,0,newsh5.shp
629,1,0|0|0,0|0|0,4,1,0,0,4,0,0,0,0,0,0,1,245|0|0|0|0|0|0|0|0|0|0|0|0|0|0|0|0|0|0|0,0,0,26,4,0,0,0,0,0,0,31022,0,newsh5.shp
630,1,0|0|0,0|0|0,0,0,0,0,0,0,0,0,0,0,0,1,153|0|0|0|0|0|0|0|0|0|0|0|0|0|0|0|0|0|0|0,38,0,22,0,0,0,0,0,0,0,0,0,newshr.shp
631,1,0|0|0,0|0|0,0,0,0,0,0,0,0,0,0,0,255,1,155|0|0|0|0|0|0|0|0|0|0|0|0|0|0|0|0|0|0|0,38,0,22,0,0,0,0,0,0,0,0,0,newshr.shp
632,1,0|0|0,0|0|0,0,0,0,0,0,0,0,0,0,0,255,1,157|0|0|0|0|0|0|0|0|0|0|0|0|0|0|0|0|0|0|0,38,0,22,0,0,0,0,0,0,0,0,0,newshr.shp
633,1,0|0|0,0|0|0,0,0,0,0,0,0,0,0,0,0,255,1,191|0|0|0|0|0|0|0|0|0|0|0|0|0|0|0|0|0|0|0,38,0,22,0,0,0,0,0,0,0,0,0,newshr.shp
634,1,0|0|0,0|0|0,0,0,0,0,0,0,0,0,0,0,255,1,193|0|0|0|0|0|0|0|0|0|0|0|0|0|0|0|0|0|0|0,38,0,22,0,0,0,0,0,0,0,0,0,newshr.shp
635,1,0|0|0,0|0|0,0,0,0,0,0,0,0,0,0,0,0,1,195|0|0|0|0|0|0|0|0|0|0|0|0|0|0|0|0|0|0|0,38,0,22,0,0,0,0,0,0,0,0,0,newshr.shp
636,1,0|0|0,0|0|0,0,0,0,0,0,0,0,0,0,0,255,1,229|0|0|0|0|0|0|0|0|0|0|0|0|0|0|0|0|0|0|0,38,0,22,0,0,0,0,0,0,0,0,0,newshr.shp
637,1,0|0|0,0|0|0,0,0,0,0,0,0,0,0,0,0,255,1,231|0|0|0|0|0|0|0|0|0|0|0|0|0|0|0|0|0|0|0,38,0,22,0,0,0,0,0,0,0,0,0,newshr.shp
638,1,0|0|0,0|0|0,0,0,0,0,0,0,0,0,0,0,0,1,233|0|0|0|0|0|0|0|0|0|0|0|0|0|0|0|0|0|0|0,38,0,22,0,0,0,0,0,0,0,0,0,newshr.shp
639,1,0|0|0,0|0|0,0,0,0,0,0,0,0,0,0,0,0,1,267|0|0|0|0|0|0|0|0|0|0|0|0|0|0|0|0|0|0|0,38,0,22,0,0,0,0,0,0,0,0,0,newshr.shp
640,1,0|0|0,0|0|0,0,0,0,0,0,0,0,0,0,0,255,1,269|0|0|0|0|0|0|0|0|0|0|0|0|0|0|0|0|0|0|0,38,0,22,0,0,0,0,0,0,0,0,0,newshr.shp
641,1,0|0|0,0|0|0,0,0,0,0,0,0,0,0,0,0,0,1,271|0|0|0|0|0|0|0|0|0|0|0|0|0|0|0|0|0|0|0,38,0,22,0,0,0,0,0,0,0,0,0,newshr.shp
642,1,0|0|0,0|0|0,0,0,0,0,0,0,0,0,0,0,255,1,159|0|0|0|0|0|0|0|0|0|0|0|0|0|0|0|0|0|0|0,38,0,22,0,0,0,0,0,0,0,0,0,newshr.shp
643,1,0|0|0,0|0|0,0,0,0,0,0,0,0,0,0,0,255,1,161|0|0|0|0|0|0|0|0|0|0|0|0|0|0|0|0|0|0|0,38,0,22,0,0,0,0,0,0,0,0,0,newshr.shp
644,1,0|0|0,0|0|0,0,0,0,0,0,0,0,0,0,0,255,1,163|0|0|0|0|0|0|0|0|0|0|0|0|0|0|0|0|0|0|0,38,0,22,0,0,0,0,0,0,0,0,0,newshr.shp
645,1,0|0|0,0|0|0,0,0,0,0,0,0,0,0,0,0,0,1,165|0|0|0|0|0|0|0|0|0|0|0|0|0|0|0|0|0|0|0,38,0,22,0,0,0,0,0,0,0,0,0,newshr.shp
646,1,0|0|0,0|0|0,0,0,0,0,0,0,0,0,0,0,0,1,197|0|0|0|0|0|0|0|0|0|0|0|0|0|0|0|0|0|0|0,38,0,22,0,0,0,0,0,0,0,0,0,newshr.shp
647,1,0|0|0,0|0|0,0,0,0,0,0,0,0,0,0,0,0,1,199|0|0|0|0|0|0|0|0|0|0|0|0|0|0|0|0|0|0|0,38,0,22,0,0,0,0,0,0,0,0,0,newshr.shp
648,1,0|0|0,0|0|0,0,0,0,0,0,0,0,0,0,0,255,1,201|0|0|0|0|0|0|0|0|0|0|0|0|0|0|0|0|0|0|0,38,0,22,0,0,0,0,0,0,0,0,0,newshr.shp
649,1,0|0|0,0|0|0,0,0,0,0,0,0,0,0,0,0,255,1,203|0|0|0|0|0|0|0|0|0|0|0|0|0|0|0|0|0|0|0,38,0,22,0,0,0,0,0,0,0,0,0,newshr.shp
650,1,0|0|0,0|0|0,0,0,0,0,0,0,0,0,0,0,0,1,235|0|0|0|0|0|0|0|0|0|0|0|0|0|0|0|0|0|0|0,38,0,22,0,0,0,0,0,0,0,0,0,newshr.shp
651,1,0|0|0,0|0|0,0,0,0,0,0,0,0,0,0,0,0,1,237|0|0|0|0|0|0|0|0|0|0|0|0|0|0|0|0|0|0|0,38,0,22,0,0,0,0,0,0,0,0,0,newshr.shp
652,1,0|0|0,0|0|0,0,0,0,0,0,0,0,0,0,0,255,1,239|0|0|0|0|0|0|0|0|0|0|0|0|0|0|0|0|0|0|0,38,0,22,0,0,0,0,0,0,0,0,0,newshr.shp
653,1,0|0|0,0|0|0,0,0,0,0,0,0,0,0,0,0,0,1,241|0|0|0|0|0|0|0|0|0|0|0|0|0|0|0|0|0|0|0,38,0,22,0,0,0,0,0,0,0,0,0,newshr.shp
654,1,0|0|0,0|0|0,0,0,0,0,0,0,0,0,0,0,0,1,273|0|0|0|0|0|0|0|0|0|0|0|0|0|0|0|0|0|0|0,38,0,22,0,0,0,0,0,0,0,0,0,newshr.shp
655,1,0|0|0,0|0|0,0,0,0,0,0,0,0,0,0,0,255,1,275|0|0|0|0|0|0|0|0|0|0|0|0|0|0|0|0|0|0|0,38,0,22,0,0,0,0,0,0,0,0,0,newshr.shp
656,1,0|0|0,0|0|0,0,0,0,0,0,0,0,0,0,0,255,1,277|0|0|0|0|0|0|0|0|0|0|0|0|0|0|0|0|0|0|0,38,0,22,0,0,0,0,0,0,0,0,0,newshr.shp
657,1,0|0|0,0|0|0,0,0,0,0,0,0,0,0,0,0,0,1,279|0|0|0|0|0|0|0|0|0|0|0|0|0|0|0|0|0|0|0,38,0,22,0,0,0,0,0,0,0,0,0,newshr.shp
658,12,0|0|0,0|0|0,0,0,0,0,0,0,0,0,0,0,25,1,167|167|205|205|243|243|281|281|243|243|205|205|0|0|0|0|0|0|0|0,38,1,22,0,0,0,0,0,0,0,500,0,newshr.shp
659,12,0|0|0,0|0|0,0,0,0,0,0,0,0,0,0,0,25,1,169|169|207|207|245|245|283|283|245|245|207|207|0|0|0|0|0|0|0|0,38,1,22,0,0,115,10,0,0,0,250,0,newshr.shp
660,1,0|0|0,0|0|0,0,2,0,0,0,3,130,-13,125,0,2,0,171|0|0|0|0|0|0|0|0|0|0|0|0|0|0|0|0|0|0|0,38,0,22,0,0,0,0,0,0,0,5,0,newshr.shp
661,1,0|0|0,0|0|0,0,2,0,0,0,3,130,-13,125,0,2,0,190|0|0|0|0|0|0|0|0|0|0|0|0|0|0|0|0|0|0|0,38,0,22,0,0,0,0,0,0,0,5,0,newshr.shp
662,1,0|0|0,0|0|0,0,0,0,0,0,0,0,0,0,0,30,1,77|0|0|0|0|0|0|0|0|0|0|0|0|0|0|0|0|0|0|0,30,0,9,0,0,0,0,0,0,0,250,0,newshe.shp
663,1,0|0|0,0|0|0,0,0,0,0,0,0,0,0,0,0,30,1,79|0|0|0|0|0|0|0|0|0|0|0|0|0|0|0|0|0|0|0,30,0,9,0,0,0,0,0,0,0,0,0,newshe.shp
664,1,0|0|0,0|0|0,0,0,0,0,0,0,0,0,0,0,30,1,81|0|0|0|0|0|0|0|0|0|0|0|0|0|0|0|0|0|0|0,30,0,9,0,0,0,0,0,0,0,0,0,newshe.shp
665,1,0|0|0,0|0|0,0,0,0,0,0,0,0,0,0,0,30,1,83|0|0|0|0|0|0|0|0|0|0|0|0|0|0|0|0|0|0|0,30,0,9,0,0,0,0,0,0,0,0,0,newshe.shp
666,1,0|0|0,0|0|0,0,0,0,0,0,0,0,0,0,0,30,1,115|0|0|0|0|0|0|0|0|0|0|0|0|0|0|0|0|0|0|0,30,0,9,0,0,0,0,0,0,0,0,0,newshe.shp
667,1,0|0|0,0|0|0,0,0,0,0,0,0,0,0,0,0,30,1,117|0|0|0|0|0|0|0|0|0|0|0|0|0|0|0|0|0|0|0,30,0,9,0,0,0,0,0,0,0,0,0,newshe.shp
668,1,0|0|0,0|0|0,0,0,0,0,0,0,0,0,0,0,30,1,119|0|0|0|0|0|0|0|0|0|0|0|0|0|0|0|0|0|0|0,30,0,9,0,0,0,0,0,0,0,0,0,newshe.shp
669,1,0|0|0,0|0|0,0,0,0,0,0,0,0,0,0,0,30,1,121|0|0|0|0|0|0|0|0|0|0|0|0|0|0|0|0|0|0|0,30,0,9,0,0,0,0,0,0,0,0,0,newshe.shp
670,1,0|0|0,0|0|0,0,0,0,0,0,0,0,0,0,0,30,1,85|0|0|0|0|0|0|0|0|0|0|0|0|0|0|0|0|0|0|0,30,0,9,0,0,0,0,0,0,0,250,0,newshe.shp
671,1,0|0|0,0|0|0,0,0,0,0,0,0,0,0,0,0,30,1,87|0|0|0|0|0|0|0|0|0|0|0|0|0|0|0|0|0|0|0,30,0,9,0,0,0,0,0,0,0,0,0,newshe.shp
672,1,0|0|0,0|0|0,0,0,0,0,0,0,0,0,0,0,30,1,89|0|0|0|0|0|0|0|0|0|0|0|0|0|0|0|0|0|0|0,30,0,9,0,0,0,0,0,0,0,0,0,newshe.shp
673,1,0|0|0,0|0|0,0,0,0,0,0,0,0,0,0,0,30,1,91|0|0|0|0|0|0|0|0|0|0|0|0|0|0|0|0|0|0|0,30,0,9,0,0,0,0,0,0,0,0,0,newshe.shp
674,1,0|0|0,0|0|0,0,0,0,0,0,0,0,0,0,0,30,1,123|0|0|0|0|0|0|0|0|0|0|0|0|0|0|0|0|0|0|0,30,0,9,0,0,0,0,0,0,0,0,0,newshe.shp
675,1,0|0|0,0|0|0,0,0,0,0,0,0,0,0,0,0,30,1,125|0|0|0|0|0|0|0|0|0|0|0|0|0|0|0|0|0|0|0,30,0,9,0,0,0,0,0,0,0,0,0,newshe.shp
676,1,0|0|0,0|0|0,0,0,0,0,0,0,0,0,0,0,30,1,127|0|0|0|0|0|0|0|0|0|0|0|0|0|0|0|0|0|0|0,30,0,9,0,0,0,0,0,0,0,0,0,newshe.shp
677,1,0|0|0,0|0|0,0,0,0,0,0,0,0,0,0,0,30,1,129|0|0|0|0|0|0|0|0|0|0|0|0|0|0|0|0|0|0|0,30,0,9,0,0,0,0,0,0,0,0,0,newshe.shp
678,8,0|0|0,0|0|0,0,2,0,0,0,0,130,-13,125,0,10,1,277|277|279|279|281|281|283|283|0|0|0|0|0|0|0|0|0|0|0|0,30,1,9,0,0,0,0,0,0,0,25,0,newshe.shp
679,1,0|0|0,0|0|0,0,3,0,0,0,0,0,0,0,0,255,1,199|0|0|0|0|0|0|0|0|0|0|0|0|0|0|0|0|0|0|0,30,0,9,0,0,0,0,0,0,0,0,0,newshe.shp
680,1,0|0|0,0|0|0,0,3,0,0,0,0,0,0,0,0,255,1,237|0|0|0|0|0|0|0|0|0|0|0|0|0|0|0|0|0|0|0,30,0,9,0,0,0,0,0,0,0,0,0,newshe.shp
681,8,0|0|0,0|0|0,0,1,0,0,20,0,130,-13,125,0,10,1,277|277|279|279|281|281|283|283|0|0|0|0|0|0|0|0|0|0|0|0,30,1,9,2,0,0,0,0,0,0,50,0,newshe.shp
682,1,0|0|0,0|0|0,0,3,0,0,0,0,0,0,0,0,20,1,191|0|0|0|0|0|0|0|0|0|0|0|0|0|0|0|0|0|0|0,30,0,9,0,0,0,0,0,0,0,100,0,newshe.shp
683,1,0|0|0,0|0|0,0,3,0,0,0,0,0,0,0,0,20,1,193|0|0|0|0|0|0|0|0|0|0|0|0|0|0|0|0|0|0|0,30,0,9,0,0,0,0,0,0,0,0,0,newshe.shp
684,1,0|0|0,0|0|0,0,3,0,0,0,0,0,0,0,0,20,1,229|0|0|0|0|0|0|0|0|0|0|0|0|0|0|0|0|0|0|0,30,0,9,0,0,0,0,0,0,0,0,0,newshe.shp
685,1,0|0|0,0|0|0,0,3,0,0,0,0,0,0,0,0,20,1,231|0|0|0|0|0|0|0|0|0|0|0|0|0|0|0|0|0|0|0,30,0,9,0,0,0,0,0,0,0,0,0,newshe.shp
686,1,149|0|0,100|0|0,0,1,0,0,0,0,130,-13,125,0,15,1,195|0|0|0|0|0|0|0|0|0|0|0|0|0|0|0|0|0|0|0,0,0,9,0,0,0,0,0,2,687,100,395,newshe.shp
687,1,0|0|0,0|0|0,0,-2,94,0,0,20,130,-13,125,0,1,1,235|0|0|0|0|0|0|0|0|0|0|0|0|0|0|0|0|0|0|0,0,0,9,0,0,0,0,0,0,0,5,0,newshe.shp
688,8,0|0|0,0|0|0,0,0,0,0,0,0,0,0,0,0,0,1,85|85|131|131|233|233|131|131|0|0|0|0|0|0|0|0|0|0|0|0,26,1,20,0,0,0,0,0,0,0,10014,0,newshp.shp
689,6,59|0|0,50|0|0,0,2,0,0,0,0,130,-13,125,0,2,1,79|81|83|81|81|79|0|0|0|0|0|0|0|0|0|0|0|0|0|0,6,2,8,0,0,0,0,0,0,0,0,0,newshd.shp
690,8,0|0|0,0|0|0,0,0,0,0,0,0,0,0,0,0,0,1,85|85|131|131|233|233|131|131|0|0|0|0|0|0|0|0|0|0|0|0,26,1,20,0,0,0,0,0,0,0,10018,0,newshp.shp
691,1,0|0|0,0|0|0,0,2,0,0,0,0,130,-13,125,0,2,0,83|0|0|0|0|0|0|0|0|0|0|0|0|0|0|0|0|0|0|0,38,0,4,0,0,0,0,0,0,0,5,0,newsh8.shp
692,1,0|0|0,0|0|0,0,3,0,0,0,0,130,-13,125,0,2,0,84|0|0|0|0|0|0|0|0|0|0|0|0|0|0|0|0|0|0|0,38,0,4,0,0,0,0,0,0,0,5,0,newsh8.shp
693,1,0|0|0,0|0|0,0,4,0,0,0,0,130,-13,125,0,2,0,103|0|0|0|0|0|0|0|0|0|0|0|0|0|0|0|0|0|0|0,38,0,4,0,0,0,0,0,0,0,5,0,newsh8.shp
694,1,0|0|0,0|0|0,0,5,0,0,0,0,130,-13,125,0,2,0,122|0|0|0|0|0|0|0|0|0|0|0|0|0|0|0|0|0|0|0,38,0,4,0,0,0,0,0,0,0,5,0,newsh8.shp
695,8,0|0|0,0|0|0,0,0,0,0,0,0,0,0,0,0,0,1,123|123|125|125|127|127|125|125|0|0|0|0|0|0|0|0|0|0|0|0,26,1,20,0,0,0,0,0,0,0,10024,0,newshp.shp
696,1,136|0|0,50|0|0,0,0,0,0,0,0,0,0,0,0,0,1,197|0|125|125|127|127|125|125|0|0|0|0|0|0|0|0|0|0|0|0,0,0,9,0,0,0,0,0,0,0,0,0,newshe.shp
697,1,136|0|0,50|0|0,0,0,0,0,0,0,0,0,0,0,0,1,197|0|125|125|127|127|125|125|0|0|0|0|0|0|0|0|0|0|0|0,0,0,9,0,0,0,0,0,0,0,0,0,newshe.shp
698,1,0|0|0,0|0|0,0,0,0,0,0,0,0,0,0,0,255,1,197|0|125|125|127|127|125|125|0|0|0|0|0|0|0|0|0|0|0|0,0,0,9,0,0,0,0,0,30,709,0,0,newshe.shp
699,1,0|0|0,0|0|0,0,0,0,0,0,0,0,0,0,0,255,1,197|0|125|125|127|127|125|125|0|0|0|0|0|0|0|0|0|0|0|0,0,0,9,0,0,0,0,0,0,0,0,0,newshe.shp
700,12,0|0|0,0|0|0,0,3,0,0,0,0,130,-13,125,0,10,1,169|169|169|169|207|207|207|207|245|245|245|245|0|0|0|0|0|0|0|0,10,1,5,0,0,0,0,0,0,0,50,0,newsha.shp
701,12,0|0|0,0|0|0,0,2,0,0,0,0,130,-13,125,0,20,1,167|167|167|167|205|205|205|205|243|243|243|243|0|0|0|0|0|0|0|0,10,1,5,0,0,0,0,0,0,0,100,0,newsha.shp
702,1,0|0|63,0|0|0,0,2,0,0,0,0,130,-13,125,0,10,1,276|0|0|0|0|0|0|0|0|0|0|0|0|0|0|0|0|0|0|0,10,0,15,0,0,0,0,0,0,0,20,0,newshk.shp
703,1,0|0|0,0|0|0,0,2,0,0,0,0,130,-13,125,0,20,1,245|0|0|0|0|0|0|0|0|0|0|0|0|0|0|0|0|0|0|0,10,0,15,0,0,0,0,0,0,0,75,0,newshk.shp
704,1,0|0|0,0|0|0,0,2,0,0,0,0,130,-13,125,0,5,1,207|0|0|0|0|0|0|0|0|0|0|0|0|0|0|0|0|0|0|0,10,0,15,0,0,0,0,0,0,0,25,0,newshk.shp
705,1,0|0|0,0|0|0,0,2,0,0,0,0,130,-13,125,0,10,1,169|0|0|0|0|0|0|0|0|0|0|0|0|0|0|0|0|0|0|0,10,0,15,0,0,0,0,0,0,0,50,0,newshk.shp
706,1,0|0|0,0|0|0,0,2,0,0,0,0,130,-13,125,0,18,1,278|0|0|0|0|0|0|0|0|0|0|0|0|0|0|0|0|0|0|0,10,0,15,0,0,0,0,0,0,710,200,0,newshk.shp
707,1,133|0|0,0|0|0,0,2,0,0,0,0,130,-13,125,0,30,1,283|0|0|0|0|0|0|0|0|0|0|0|0|0|0|0|0|0|0|0,10,0,15,0,0,0,0,0,0,0,100,0,newshk.shp
708,1,0|0|0,0|0|0,0,2,0,0,0,0,130,-13,125,0,40,1,281|0|0|0|0|0|0|0|0|0|0|0|0|0|0|0|0|0|0|0,10,0,15,0,0,0,0,0,0,533,150,0,newshk.shp
709,16,0|0|0,0|0|0,0,5,0,0,0,0,130,-13,125,0,30,1,115|115|115|115|117|117|117|117|119|119|119|119|117|117|117|117|0|0|0|0,10,1,15,0,0,0,0,0,0,0,100,0,newshk.shp
710,1,0|0|0,0|0|0,0,6,0,0,0,0,130,-13,125,0,5,0,171|0|0|0|0|0|0|0|0|0|0|0|0|0|0|0|0|0|0|0,10,0,15,0,0,0,0,0,0,0,10,0,newshk.shp
711,1,0|0|0,0|0|0,0,0,0,0,0,0,130,-13,125,0,0,1,121|0|0|0|0|0|0|0|0|0|0|0|0|0|0|0|0|0|0|0,10,0,15,0,0,0,0,0,0,0,0,0,newshk.shp
712,1,0|0|0,0|0|0,0,0,0,0,0,0,130,-13,125,0,0,1,123|0|0|0|0|0|0|0|0|0|0|0|0|0|0|0|0|0|0|0,10,0,15,0,0,0,0,0,0,0,0,0,newshk.shp
713,1,0|0|0,0|0|0,0,4,0,0,0,0,130,-13,125,0,255,1,13|0|0|0|0|0|0|0|0|0|0|0|0|0|0|0|0|0|0|0,10,0,15,0,0,0,0,0,0,0,0,0,newshk.shp
714,1,0|0|0,0|0|0,0,4,0,0,0,0,130,-13,125,0,255,1,15|0|0|0|0|0|0|0|0|0|0|0|0|0|0|0|0|0|0|0,10,0,15,0,0,0,0,0,0,0,0,0,newshk.shp
715,1,0|0|0,0|0|0,0,4,0,0,0,0,130,-13,125,0,255,1,17|0|0|0|0|0|0|0|0|0|0|0|0|0|0|0|0|0|0|0,10,0,15,0,0,0,0,0,0,0,0,0,newshk.shp
716,1,0|0|0,0|0|0,0,4,0,0,0,0,130,-13,125,0,255,1,51|0|0|0|0|0|0|0|0|0|0|0|0|0|0|0|0|0|0|0,10,0,15,0,0,0,0,0,0,0,0,0,newshk.shp
717,1,0|0|0,0|0|0,0,4,0,0,0,0,130,-13,125,0,255,1,53|0|0|0|0|0|0|0|0|0|0|0|0|0|0|0|0|0|0|0,10,0,15,0,0,0,0,0,0,0,0,0,newshk.shp
718,1,0|0|0,0|0|0,0,4,0,0,0,0,130,-13,125,0,255,1,55|0|0|0|0|0|0|0|0|0|0|0|0|0|0|0|0|0|0|0,10,0,15,0,0,0,0,0,0,0,0,0,newshk.shp
719,1,0|0|0,0|0|0,0,4,0,0,0,0,130,-13,125,0,255,1,89|0|0|0|0|0|0|0|0|0|0|0|0|0|0|0|0|0|0|0,10,0,15,0,0,0,0,0,0,0,0,0,newshk.shp
720,1,0|0|0,0|0|0,0,4,0,0,0,0,130,-13,125,0,255,1,91|0|0|0|0|0|0|0|0|0|0|0|0|0|0|0|0|0|0|0,10,0,15,0,0,0,0,0,0,0,0,0,newshk.shp
721,1,0|0|0,0|0|0,0,4,0,0,0,0,130,-13,125,0,255,1,93|0|0|0|0|0|0|0|0|0|0|0|0|0|0|0|0|0|0|0,10,0,15,0,0,0,0,0,0,0,0,0,newshk.shp
722,1,0|0|0,0|0|0,0,0,0,0,0,0,130,-13,125,0,255,1,161|0|0|0|0|0|0|0|0|0|0|0|0|0|0|0|0|0|0|0,10,0,15,0,0,0,0,0,0,0,0,0,newshk.shp
723,1,0|0|0,0|0|0,0,0,0,0,0,0,130,-13,125,0,255,1,163|0|0|0|0|0|0|0|0|0|0|0|0|0|0|0|0|0|0|0,10,0,15,0,0,0,0,0,0,0,0,0,newshk.shp
724,1,0|0|0,0|0|0,0,0,0,0,0,0,130,-13,125,0,255,1,199|0|0|0|0|0|0|0|0|0|0|0|0|0|0|0|0|0|0|0,10,0,15,0,0,0,0,0,0,0,0,0,newshk.shp
725,1,0|0|0,0|0|0,0,0,0,0,0,0,130,-13,125,0,255,1,237|0|0|0|0|0|0|0|0|0|0|0|0|0|0|0|0|0|0|0,10,0,15,0,0,0,0,0,0,0,0,0,newshk.shp
726,1,0|0|0,0|0|0,0,0,0,0,0,0,130,-13,125,0,255,1,238|0|0|0|0|0|0|0|0|0|0|0|0|0|0|0|0|0|0|0,10,0,15,0,0,0,0,0,0,0,0,0,newshk.shp
727,1,0|0|0,0|0|0,0,0,0,0,0,0,130,-13,125,0,255,1,165|0|0|0|0|0|0|0|0|0|0|0|0|0|0|0|0|0|0|0,10,0,15,0,0,0,0,0,0,0,0,0,newshk.shp
728,1,0|0|0,0|0|0,0,0,0,0,0,0,130,-13,125,0,255,1,167|0|0|0|0|0|0|0|0|0|0|0|0|0|0|0|0|0|0|0,10,0,15,0,0,0,0,0,0,0,0,0,newshk.shp
729,1,0|0|0,0|0|0,0,0,0,0,0,0,130,-13,125,0,255,1,205|0|0|0|0|0|0|0|0|0|0|0|0|0|0|0|0|0|0|0,10,0,15,0,0,0,0,0,0,0,0,0,newshk.shp
730,1,0|0|0,0|0|0,0,0,0,0,0,0,130,-13,125,0,255,1,242|0|0|0|0|0|0|0|0|0|0|0|0|0|0|0|0|0|0|0,10,0,15,0,0,0,0,0,0,0,0,0,newshk.shp
731,1,0|0|0,0|0|0,0,0,0,0,0,0,130,-13,125,0,255,1,243|0|0|0|0|0|0|0|0|0|0|0|0|0|0|0|0|0|0|0,10,0,15,0,0,0,0,0,0,0,0,0,newshk.shp
732,12,150|251|0,0|0|0,0,0,0,0,0,0,130,-13,125,0,50,1,153|155|155|157|157|159|159|157|157|155|155|153|0|0|0|0|0|0|0|0,10,2,15,0,0,0,0,0,0,0,0,0,newshk.shp
733,12,150|0|0,0|0|0,0,0,0,0,0,0,130,-13,125,0,50,1,191|191|191|191|193|193|193|193|191|191|191|191|0|0|0|0|0|0|0|0,10,2,15,0,0,0,0,0,0,0,0,0,newshk.shp
734,1,0|0|0,0|0|0,0,0,0,0,0,0,130,-13,125,0,255,1,195|0|0|0|0|0|0|0|0|0|0|0|0|0|0|0|0|0|0|0,10,0,15,0,0,0,0,0,0,0,0,0,newshk.shp
735,1,133|0|0,60|0|0,0,0,0,0,0,0,130,-13,125,0,60,1,156|0|0|0|0|0|0|0|0|0|0|0|0|0|0|0|0|0|0|0,10,0,19,0,0,0,0,0,0,0,0,0,newsho.shp
736,1,133|0|0,60|0|0,0,0,0,0,0,0,130,-13,125,0,60,1,164|0|0|0|0|0|0|0|0|0|0|0|0|0|0|0|0|0|0|0,10,0,19,0,0,0,0,0,0,0,0,0,newsho.shp
737,13,0|0|0,0|0|0,0,0,0,0,0,0,130,-13,125,0,60,1,191|195|199|203|229|229|203|203|199|199|195|195|191|0|0|0|0|0|0|0,10,2,19,0,0,0,0,0,80,703,0,0,newsho.shp
738,13,0|0|0,0|0|0,0,0,0,0,0,0,130,-13,125,0,60,1,193|197|201|205|231|231|205|205|201|201|197|197|193|0|0|0|0|0|0|0,10,2,19,0,0,0,0,0,80,703,0,0,newsho.shp
739,12,0|0|0,0|0|0,0,0,0,0,0,0,130,-13,125,0,0,1,165|165|165|234|234|234|240|240|240|117|117|117|0|0|0|0|0|0|0|0,1,1,12,0,0,0,0,0,0,0,0,0,newshh.shp
740,12,0|0|0,0|0|0,0,0,0,0,0,0,130,-13,125,0,0,1,167|167|167|236|236|236|242|242|242|129|129|129|0|0|0|0|0|0|0|0,1,1,12,0,0,0,0,0,0,0,0,0,newshh.shp
741,12,0|0|0,0|0|0,0,0,0,0,0,0,130,-13,125,0,0,1,169|169|169|238|238|238|244|244|244|153|153|153|0|0|0|0|0|0|0|0,1,1,12,0,0,0,0,0,0,0,0,0,newshh.shp
742,12,0|0|0,0|0|0,0,0,0,0,0,0,130,-13,125,0,0,1,203|203|203|272|272|272|278|278|278|157|157|157|0|0|0|0|0|0|0|0,1,1,12,0,0,0,0,0,0,0,0,0,newshh.shp
743,12,0|0|0,0|0|0,0,0,0,0,0,0,130,-13,125,0,0,1,205|205|205|274|274|274|280|280|280|267|267|267|0|0|0|0|0|0|0|0,1,1,12,0,0,0,0,0,0,0,0,0,newshh.shp
744,12,0|0|0,0|0|0,0,0,0,0,0,0,130,-13,125,0,0,1,207|207|207|276|276|276|282|282|282|269|269|269|0|0|0|0|0|0|0|0,1,1,12,0,0,0,0,0,0,0,0,0,newshh.shp
745,16,0|0|0,0|0|0,0,0,0,0,0,0,130,-13,125,0,10,1,43|43|47|47|47|47|49|49|49|49|47|47|47|47|43|43|0|0|0|0,11,1,14,0,0,0,0,0,0,0,50,0,newshj.shp
746,1,0|0|0,0|0|0,0,0,0,0,0,0,130,-13,125,0,10,1,45|0|276|276|282|282|269|269|0|0|0|0|0|0|0|0|0|0|0|0,11,0,14,0,0,0,0,0,0,0,0,0,newshj.shp
747,16,0|0|0,0|0|0,0,0,0,0,0,0,130,-13,125,0,10,1,5|5|9|9|9|9|11|11|11|11|9|9|9|9|5|5|0|0|0|0,11,1,14,0,0,0,0,0,0,0,0,0,newshj.shp
748,1,0|0|0,0|0|0,0,0,0,0,0,0,130,-13,125,0,10,1,7|0|276|276|282|282|269|269|0|0|0|0|0|0|0|0|0|0|0|0,11,0,14,0,0,0,0,0,0,0,0,0,newshj.shp
749,11,110|0|0,80|0|0,0,0,0,0,0,0,130,-13,125,0,12,1,77|79|81|81|81|79|79|79|79|79|77|0|0|0|0|0|0|0|0|0,11,2,14,0,0,41,4,0,0,0,25,0,newshj.shp
750,1,0|0|0,0|0|0,0,0,0,0,0,0,130,-13,125,0,6,1,1|0|0|0|0|0|0|0|0|0|0|0|0|0|0|0|0|0|0|0,11,0,14,0,0,3,3,0,0,0,10,0,newshj.shp
751,20,63|0|0,60|0|0,0,0,0,0,0,0,130,-13,125,0,15,1,83|121|85|123|87|125|125|125|87|87|87|123|123|123|85|85|85|121|121|83,11,2,14,0,0,83,-1,0,0,0,50,0,newshj.shp
752,12,0|0|0,0|0|0,4,0,0,0,0,0,130,-13,125,0,20,0,19|19|19|38|38|38|57|57|57|76|76|76|0|0|0|0|0|0|0|0,10,1,14,0,0,0,0,0,0,0,0,0,newshj.shp
753,11,0|0|0,0|0|0,0,0,0,0,0,0,130,-13,125,0,20,1,229|233|237|237|237|237|233|233|233|233|229|0|0|0|0|0|0|0|0|0,11,2,11,0,0,0,0,0,50,0,0,0,newshg.shp
754,11,0|0|0,0|0|0,0,0,0,0,0,0,130,-13,125,0,20,1,231|235|239|239|239|239|235|235|235|235|231|0|0|0|0|0|0|0|0|0,11,2,11,0,0,0,0,0,50,752,50,0,newshg.shp
755,12,0|0|0,0|0|0,-4,0,0,0,0,0,130,-13,125,0,20,0,19|19|19|38|38|38|57|57|57|76|76|76|0|0|0|0|0|0|0|0,10,1,14,0,0,0,0,0,0,0,0,0,newshj.shp
756,11,0|0|0,0|0|0,0,0,0,0,0,0,130,-13,125,0,20,1,267|271|275|275|275|275|271|271|271|271|267|0|0|0|0|0|0|0|0|0,11,2,11,0,0,0,0,0,50,755,50,0,newshg.shp
757,11,0|0|0,0|0|0,0,0,0,0,0,0,130,-13,125,0,20,1,269|273|277|277|277|277|273|273|273|273|269|0|0|0|0|0|0|0|0|0,11,2,11,0,0,0,0,0,50,0,0,0,newshg.shp
758,17,0|0|0,0|0|0,0,0,0,0,0,0,130,-13,125,0,20,1,153|155|157|159|161|161|161|159|159|159|157|157|157|155|155|155|153|0|0|0,11,2,11,0,0,0,0,0,80,0,25,0,newshg.shp
759,17,133|0|0,80|0|0,0,0,0,0,0,0,130,-13,125,0,20,1,191|193|195|197|199|199|199|197|197|197|195|195|195|193|193|193|191|0|0|0,11,2,11,0,0,0,0,0,0,0,0,0,newshg.shp
760,1,0|0|0,0|0|0,0,1,0,0,0,0,130,-13,125,0,40,1,117|0|0|0|0|0|0|0|0|0|0|0|0|0|0|0|0|0|0|0,10,0,14,0,0,0,0,0,0,533,50,0,newshj.shp
761,1,0|0|0,0|0|0,0,1,0,0,0,0,130,-13,125,0,40,1,117|0|0|0|0|0|0|0|0|0|0|0|0|0|0|0|0|0|0|0,10,0,14,0,0,0,0,0,0,394,50,0,newshj.shp
762,12,0|0|0,0|0|0,-3,-3,0,0,0,0,130,-13,125,0,20,0,19|19|19|38|38|38|57|57|57|76|76|76|0|0|0|0|0|0|0|0,10,1,14,0,0,0,0,0,0,0,0,0,newshj.shp
763,9,0|0|0,0|0|0,0,0,0,0,0,0,130,-13,125,0,0,1,119|91|17|17|17|91|91|91|119|0|0|0|0|0|0|0|0|0|0|0,11,2,14,0,0,0,0,0,70,762,0,0,newshj.shp
764,9,0|0|0,0|0|0,0,0,0,0,0,0,130,-13,125,0,40,1,89|93|55|55|55|93|93|93|89|0|0|0|0|0|0|0|0|0|0|0,11,2,14,0,0,273,-1,0,70,0,0,0,newshj.shp
765,1,0|0|0,0|0|0,0,0,0,0,0,0,130,-13,125,0,40,1,127|0|0|0|0|0|0|0|0|0|0|0|0|0|0|0|0|0|0|0,11,0,14,0,0,0,0,0,70,0,50,0,newshj.shp
766,9,0|0|0,0|0|0,0,0,0,0,0,0,130,-13,125,0,40,1,129|279|281|281|281|279|279|279|129|0|0|0|0|0|0|0|0|0|0|0,11,2,14,0,0,0,0,0,70,0,50,0,newshj.shp
767,12,0|0|0,0|0|0,3,-3,0,0,0,0,130,-13,125,0,20,0,19|19|19|38|38|38|57|57|57|76|76|76|0|0|0|0|0|0|0|0,10,1,14,0,0,0,0,0,0,0,0,0,newshj.shp
768,9,0|0|0,0|0|0,0,0,0,0,0,0,130,-13,125,0,40,1,165|241|281|281|281|241|241|241|165|0|0|0|0|0|0|0|0|0|0|0,11,2,11,0,0,169,-1,0,70,0,0,0,newshg.shp
769,9,0|0|0,0|0|0,0,0,0,0,0,0,130,-13,125,0,0,1,167|243|283|283|283|243|243|243|167|0|0|0|0|0|0|0|0|0|0|0,11,2,11,0,0,207,-1,0,70,767,0,0,newshg.shp
770,9,0|0|0,0|0|0,0,0,0,0,0,0,130,-13,125,0,40,1,203|279|245|245|245|279|279|279|203|0|0|0|0|0|0|0|0|0|0|0,11,2,11,0,0,0,0,0,70,0,50,0,newshg.shp
771,1,0|0|0,0|0|0,0,0,0,0,0,0,130,-13,125,0,40,1,205|0|0|0|0|0|0|0|0|0|0|0|0|0|0|0|0|0|0|0,11,0,11,0,0,0,0,0,70,0,50,0,newshg.shp
772,14,76|0|0,80|0|0,0,0,0,0,0,0,130,-13,125,0,254,1,193|161|199|237|275|165|203|203|165|275|237|199|161|193|0|0|0|0|0|0,38,2,14,0,0,0,0,0,70,0,50,0,newshj.shp
773,14,76|0|0,80|0|0,0,0,0,0,0,0,130,-13,125,0,254,1,195|163|201|239|277|167|205|205|167|277|239|201|163|195|0|0|0|0|0|0,38,2,14,0,0,0,0,0,70,0,50,0,newshj.shp
774,5,0|116|0,0|80|0,0,0,0,0,0,0,130,-13,125,0,254,1,241|231|231|231|241|0|0|0|0|0|0|0|0|0|0|0|0|0|0|0,38,2,14,0,0,0,0,0,70,0,50,0,newshj.shp
775,5,0|116|0,0|80|0,0,0,0,0,0,0,130,-13,125,0,254,1,243|233|233|233|243|0|0|0|0|0|0|0|0|0|0|0|0|0|0|0,38,2,14,0,0,0,0,0,70,0,50,0,newshj.shp
776,8,132|0|0,10|0|0,0,0,0,0,0,0,130,-13,125,0,10,1,89|89|91|91|93|93|91|91|0|0|0|0|0|0|0|0|0|0|0|0,10,1,17,0,0,0,0,0,0,0,50,0,newshm.shp
777,1,0|0|0,0|0|0,0,0,0,0,0,0,130,-13,125,0,6,1,125|123|127|0|0|0|0|0|0|0|0|0|0|0|0|0|0|0|0|0,10,0,17,0,0,0,0,0,0,0,25,0,newshm.shp
778,12,0|0|0,0|0|0,0,0,0,0,0,0,130,-13,125,0,15,1,49|49|49|51|51|51|53|53|53|51|51|51|0|0|0|0|0|0|0|0,10,1,11,0,0,0,0,0,0,0,25,0,newshg.shp
779,18,0|0|0,0|0|0,0,0,0,0,0,0,130,-13,125,0,255,1,277|277|277|239|239|239|201|201|201|199|199|199|201|201|201|239|239|239|0|0,10,1,5,0,0,0,0,0,0,0,25,0,newsha.shp
780,1,0|0|0,0|0|0,0,0,0,0,0,0,130,-13,125,0,100,1,229|0|0|0|0|0|0|0|0|0|0|0|0|0|0|0|0|0|0|0,10,0,5,0,0,0,0,0,0,0,150,0,newsha.shp
781,19,0|0|0,0|0|0,0,0,0,0,0,0,130,-13,125,0,0,1,237|237|237|235|235|235|233|233|233|231|231|231|233|233|233|235|235|235|237|0,10,0,5,0,0,0,0,0,0,0,0,0,newsha.shp
782,1,0|0|0,0|0|0,0,0,0,0,0,0,130,-13,125,0,100,1,267|0|0|0|0|0|0|0|0|0|0|0|0|0|0|0|0|0|0|0,10,0,5,0,0,0,0,0,0,0,150,0,newsha.shp
783,19,0|0|0,0|0|0,0,0,0,0,0,0,130,-13,125,0,0,1,275|275|275|273|273|273|271|271|271|269|269|269|271|271|271|273|273|273|275|0,10,0,5,0,0,0,0,0,0,0,0,0,newsha.shp
784,19,0|0|0,0|0|0,0,0,0,0,0,0,130,-13,125,0,0,1,7|7|7|5|5|5|3|3|3|1|1|1|3|3|3|5|5|5|7|0,10,0,5,0,0,0,0,0,0,0,0,0,newsha.shp
785,1,0|0|0,0|0|0,0,0,0,0,0,0,130,-13,125,0,100,1,9|0|0|0|0|0|0|0|0|0|0|0|0|0|0|0|0|0|0|0,10,0,5,0,0,0,0,0,0,0,150,0,newsha.shp
786,19,0|0|0,0|0|0,0,0,0,0,0,0,130,-13,125,0,0,1,45|45|45|43|43|43|41|41|41|39|39|39|41|41|41|43|43|43|45|0,10,0,5,0,0,0,0,0,0,0,0,0,newsha.shp
787,1,0|0|0,0|0|0,0,0,0,0,0,0,130,-13,125,0,100,1,47|0|0|0|0|0|0|0|0|0|0|0|0|0|0|0|0|0|0|0,10,0,5,0,0,0,0,0,0,0,150,0,newsha.shp
788,1,0|0|0,0|0|0,0,0,0,0,0,0,130,-13,125,0,0,1,49|0|0|0|0|0|0|0|0|0|0|0|0|0|0|0|0|0|0|0,10,0,5,0,0,0,0,0,0,0,0,0,newsha.shp
789,1,0|0|0,0|0|0,0,0,0,0,0,0,130,-13,125,0,0,1,51|0|0|0|0|0|0|0|0|0|0|0|0|0|0|0|0|0|0|0,10,0,5,0,0,0,0,0,0,0,0,0,newsha.shp
790,2,0|0|0,0|0|0,0,0,0,0,0,0,130,-13,125,0,20,1,1|3|0|0|0|0|0|0|0|0|0|0|0|0|0|0|0|0|0|0,10,1,28,0,0,0,0,0,0,0,100,0,newshv.shp
791,2,0|0|0,0|0|0,0,0,0,0,0,0,130,-13,125,0,20,1,39|41|0|0|0|0|0|0|0|0|0|0|0|0|0|0|0|0|0|0,10,1,28,0,0,0,0,0,0,0,0,0,newshv.shp
792,1,0|0|0,0|0|0,3,-3,0,0,0,0,130,-13,125,0,8,1,12|0|0|0|0|0|0|0|0|0|0|0|0|0|0|0|0|0|0|0,10,0,28,0,0,0,0,0,0,0,25,0,newshv.shp
793,1,0|0|0,0|0|0,-3,-3,0,0,0,0,130,-13,125,0,8,1,50|0|0|0|0|0|0|0|0|0|0|0|0|0|0|0|0|0|0|0,10,0,28,0,0,0,0,0,0,0,25,0,newshv.shp
794,1,0|0|0,0|0|0,0,-3,0,0,0,0,130,-13,125,0,8,1,10|0|0|0|0|0|0|0|0|0|0|0|0|0|0|0|0|0|0|0,10,0,28,0,0,0,0,0,0,0,25,0,newshv.shp
795,1,131|0|0,0|0|0,0,1,0,0,0,0,130,-13,125,0,8,1,284|0|0|0|0|0|0|0|0|0|0|0|0|0|0|0|0|0|0|0,10,0,12,0,0,0,0,0,0,0,25,0,newshh.shp
796,1,131|0|0,0|0|0,0,1,0,0,0,0,130,-13,125,0,254,1,89|0|0|0|0|0|0|0|0|0|0|0|0|0|0|0|0|0|0|0,10,0,28,0,0,0,0,0,0,0,50,0,newshv.shp
797,5,131|0|0,0|0|0,0,1,0,0,0,0,130,-13,125,0,254,1,91|129|129|129|91|0|0|0|0|0|0|0|0|0|0|0|0|0|0|0,10,2,28,0,0,0,0,0,110,799,100,0,newshv.shp
798,1,131|0|0,0|0|0,0,1,0,0,0,0,130,-13,125,0,254,1,93|0|0|0|0|0|0|0|0|0|0|0|0|0|0|0|0|0|0|0,10,0,28,0,0,0,0,0,0,0,50,0,newshv.shp
799,16,131|0|0,0|0|0,0,1,92,0,0,0,130,-13,125,0,20,1,123|123|123|123|125|125|125|125|127|127|127|127|125|125|125|125|0|0|0|0,10,1,28,0,0,0,0,0,0,0,25,0,newshv.shp
800,1,0|0|0,0|0|0,0,1,0,0,0,0,130,-13,125,0,0,1,89|0|43|45|47|49|0|0|0|0|0|0|0|0|0|0|0|0|0|0,0,0,21,0,0,0,0,0,0,0,-4,0,newshq.shp
801,1,0|0|0,0|0|0,0,1,0,0,0,0,130,-13,125,0,0,1,92|0|43|45|47|49|0|0|0|0|0|0|0|0|0|0|0|0|0|0,0,0,21,0,0,0,0,0,0,0,-5,0,newshq.shp
802,16,0|0|0,0|0|0,0,0,94,94,2,2,130,-13,125,0,2,1,153|153|153|153|155|155|155|155|157|157|157|157|155|155|155|155|0|0|0|0,10,1,28,5,5,0,0,0,0,1,25,0,newshv.shp
803,16,131|0|0,0|0|0,0,1,0,0,0,0,130,-13,125,0,4,1,191|191|191|191|193|193|193|193|195|195|195|195|193|193|193|193|0|0|0|0,10,1,28,0,0,0,0,0,0,3,40,0,newshv.shp
804,1,131|0|0,0|0|0,0,1,0,0,0,0,130,-13,125,0,0,0,19|191|191|191|193|193|193|193|195|195|195|195|193|193|193|193|0|0|0|0,10,0,28,0,0,0,0,0,0,0,0,0,newshv.shp
805,1,131|0|0,0|0|0,0,1,0,0,0,0,130,-13,125,0,0,0,38|191|191|191|193|193|193|193|195|195|195|195|193|193|193|193|0|0|0|0,10,0,28,0,0,0,0,0,0,0,0,0,newshv.shp
806,1,131|0|0,0|0|0,0,1,0,0,0,0,130,-13,125,0,0,0,57|191|191|191|193|193|193|193|195|195|195|195|193|193|193|193|0|0|0|0,10,0,28,0,0,0,0,0,0,0,0,0,newshv.shp
807,5,131|0|0,0|0|0,0,1,0,0,0,0,130,-13,125,0,20,1,91|129|129|129|91|0|0|0|0|0|0|0|0|0|0|0|0|0|0|0,10,2,28,0,0,0,0,0,30,802,100,0,newshv.shp
808,5,131|0|0,0|0|0,0,1,0,0,0,0,130,-13,125,0,20,1,91|129|129|129|91|0|0|0|0|0|0|0|0|0|0|0|0|0|0|0,10,2,28,0,0,0,0,0,60,803,100,0,newshv.shp
809,1,131|0|0,0|0|0,0,-2,0,0,0,0,130,-13,125,0,3,1,163|0|0|0|0|0|0|0|0|0|0|0|0|0|0|0|0|0|0|0,10,0,11,0,0,0,0,0,0,0,0,0,newshg.shp
810,1,0|0|0,0|0|0,0,2,0,0,0,0,130,-13,125,0,254,1,8|0|0|0|0|0|0|0|0|0|0|0|0|0|0|0|0|0|0|0,10,0,28,0,0,0,0,0,0,0,0,0,newshv.shp
811,1,0|0|0,0|0|0,0,2,0,0,0,0,130,-13,125,0,30,1,159|0|0|0|0|0|0|0|0|0|0|0|0|0|0|0|0|0|0|0,10,0,28,0,0,0,0,0,30,812,50,0,newshv.shp
812,1,0|0|0,0|0|0,0,3,0,0,0,0,130,-13,125,0,6,0,171|0|0|0|0|0|0|0|0|0|0|0|0|0|0|0|0|0|0|0,10,0,28,0,0,0,0,0,0,0,10,0,newshv.shp
813,1,0|0|0,0|0|0,0,-2,0,0,0,0,130,-13,125,0,10,1,163|0|0|0|0|0|0|0|0|0|0|0|0|0|0|0|0|0|0|0,10,0,28,0,0,0,0,0,0,0,25,0,newshv.shp
814,1,0|0|0,0|0|0,0,2,0,0,0,0,130,-13,125,0,10,1,165|0|0|0|0|0|0|0|0|0|0|0|0|0|0|0|0|0|0|0,10,0,28,0,0,0,0,0,0,0,50,0,newshv.shp
815,9,0|0|0,0|0|0,0,1,0,0,0,0,130,-13,125,0,20,1,197|199|201|201|201|199|199|199|197|0|0|0|0|0|0|0|0|0|0|0,10,2,28,0,0,0,0,0,20,816,50,0,newshv.shp
816,12,0|0|0,0|0|0,0,0,0,0,0,0,130,-13,125,0,3,0,190|190|190|209|209|209|228|228|228|209|209|209|0|0|0|0|0|0|0|0,10,1,28,0,0,0,0,0,0,4,10,0,newshv.shp
817,1,0|0|0,0|0|0,0,-2,0,0,0,0,130,-13,125,0,20,1,161|0|0|0|0|0|0|0|0|0|0|0|0|0|0|0|0|0|0|0,10,0,28,0,0,0,0,0,0,0,50,0,newshv.shp
818,1,68|0|0,10|0|0,0,1,0,0,0,0,130,-13,125,0,20,1,48|0|0|0|0|0|0|0|0|0|0|0|0|0|0|0|0|0|0|0,10,0,28,0,0,0,0,0,0,0,50,0,newshv.shp
819,10,62|0|0,40|0|0,0,0,0,0,0,0,130,-13,125,0,15,1,125|127|127|131|131|131|127|127|127|125|0|0|0|0|0|0|0|0|0|0,7,2,29,0,0,0,0,0,0,0,50,0,newsh0.shp
820,10,70|115|116,60|60|60,0,0,0,0,0,0,130,-13,125,0,15,1,153|155|155|157|157|157|155|155|155|153|0|0|0|0|0|0|0|0|0|0,7,2,29,0,0,0,0,0,0,0,100,0,newsh0.shp
821,10,69|0|0,60|0|0,0,0,0,0,0,0,130,-13,125,0,15,1,229|231|231|233|233|233|231|231|231|229|0|0|0|0|0|0|0|0|0|0,7,2,29,0,0,0,0,0,0,0,50,0,newsh0.shp
822,12,0|0|0,0|0|0,0,1,0,0,0,0,150,-13,100,0,4,1,13|13|13|15|15|15|17|17|17|15|15|15|0|0|0|0|0|0|0|0,2,1,9,0,0,0,0,0,0,0,10,0,newshe.shp
823,8,0|0|0,0|0|0,0,0,0,0,0,0,0,0,0,0,0,1,85|85|131|131|233|233|131|131|0|0|0|0|0|0|0|0|0|0|0|0,26,1,20,0,0,0,0,0,0,0,10027,0,newshp.shp
824,1,0|0|0,0|0|0,0,0,0,0,0,0,130,-13,125,0,6,1,3|1|5|0|0|0|0|0|0|0|0|0|0|0|0|0|0|0|0|0,6,0,10,0,0,0,0,0,0,0,50,825,newshf.shp
825,1,12|0|0,2|0|0,0,0,0,0,1,6,130,-13,125,0,10,1,3|1|5|0|0|0|0|0|0|0|0|0|0|0|0|0|0|0|0|0,6,0,10,3,0,0,0,0,0,0,0,394,newshf.shp
826,1,68|68|68,20|21|22,0,2,0,0,0,0,130,-13,125,0,2,1,117|0|0|0|0|0|0|0|0|0|0|0|0|0|0|0|0|0|0|0,6,0,8,0,0,0,0,0,0,0,0,0,newshd.shp
827,1,0|0|0,0|0|0,4,1,0,0,4,0,0,0,0,0,0,1,267|0|0|0|0|0|0|0|0|0|0|0|0|0|0|0|0|0|0|0,0,0,26,4,0,0,0,0,0,0,30031,0,newsh5.shp
828,1,0|0|0,0|0|0,4,1,0,0,4,0,0,0,0,0,0,1,269|0|0|0|0|0|0|0|0|0|0|0|0|0|0|0|0|0|0|0,0,0,26,4,0,0,0,0,0,0,30027,0,newsh5.shp
829,1,0|0|0,0|0|0,4,1,0,0,4,0,0,0,0,0,0,1,271|0|0|0|0|0|0|0|0|0|0|0|0|0|0|0|0|0|0|0,0,0,26,4,0,0,0,0,0,0,32101,0,newsh5.shp
830,1,0|0|0,0|0|0,4,1,0,0,4,0,0,0,0,0,0,1,273|0|0|0|0|0|0|0|0|0|0|0|0|0|0|0|0|0|0|0,0,0,26,4,0,0,0,0,0,0,32102,0,newsh5.shp
831,1,0|0|0,0|0|0,4,1,0,0,4,0,0,0,0,0,0,1,275|0|0|0|0|0|0|0|0|0|0|0|0|0|0|0|0|0|0|0,0,0,26,4,0,0,0,0,0,0,32103,0,newsh5.shp
832,1,0|0|0,0|0|0,4,1,0,0,4,0,0,0,0,0,0,1,277|0|0|0|0|0|0|0|0|0|0|0|0|0|0|0|0|0|0|0,0,0,26,4,0,0,0,0,0,0,32104,0,newsh5.shp
833,1,0|0|0,0|0|0,4,1,0,0,4,0,0,0,0,0,0,1,121|0|0|0|0|0|0|0|0|0|0|0|0|0|0|0|0|0|0|0,0,0,26,4,0,0,0,0,0,0,32105,0,newsh5.shp
834,1,0|0|0,0|0|0,4,1,0,0,4,0,0,0,0,0,0,1,123|0|0|0|0|0|0|0|0|0|0|0|0|0|0|0|0|0|0|0,0,0,26,4,0,0,0,0,0,0,32106,0,newsh5.shp
835,17,68|68|68,50|50|50,0,0,0,0,0,0,0,0,0,0,250,1,123|121|121|121|119|119|119|129|129|129|119|119|119|121|121|121|123|0|0|0,0,2,29,0,0,0,0,0,71,836,5000,0,newsh0.shp
836,12,0|0|0,0|0|0,0,4,0,0,0,0,130,-13,125,0,8,1,49|49|49|51|51|51|53|53|53|51|51|51|0|0|0|0|0|0|0|0,10,1,11,0,0,0,0,0,0,0,25,0,newshg.shp
837,1,0|0|0,0|0|0,0,0,0,0,0,0,130,-13,125,0,50,1,1|0|0|0|0|0|0|0|0|0|0|0|0|0|0|0|0|0|0|0,30,0,17,0,0,3,20,0,0,0,10,0,newshm.shp
838,5,0|0|0,0|0|0,0,0,0,0,0,0,130,-13,125,0,10,1,91|129|129|129|91|0|0|0|0|0|0|0|0|0|0|0|0|0|0|0,31,2,5,0,0,0,0,0,40,839,75,0,newsha.shp
839,12,0|0|0,0|0|0,-3,3,0,0,0,0,130,-13,125,0,20,0,19|19|19|38|38|38|57|57|57|76|76|76|0|0|0|0|0|0|0|0,10,1,14,0,0,0,0,0,0,0,5,0,newshj.shp
840,7,0|0|0,0|0|0,0,0,0,0,0,0,130,-13,125,0,15,1,39|41|41|41|39|39|39|0|0|0|0|0|0|0|0|0|0|0|0|0,15,2,10,0,0,0,0,0,50,841,75,0,newshf.shp
841,18,0|0|0,0|0|0,4,0,0,0,0,0,130,-13,125,0,25,1,277|277|277|239|239|239|201|201|201|199|199|199|201|201|201|239|239|239|0|0,10,1,5,0,0,0,0,0,0,0,10,0,newsha.shp
842,1,0|0|0,0|0|0,0,0,0,0,0,0,130,-13,125,0,6,1,89|0|0|0|0|0|0|0|0|0|0|0|0|0|0|0|0|0|0|0,31,0,5,0,0,0,0,0,0,0,75,0,newsha.shp
843,8,0|0|0,0|0|0,0,1,0,0,0,0,0,0,0,0,0,1,85|85|131|131|233|233|131|131|0|0|0|0|0|0|0|0|0|0|0|0,26,1,20,0,0,0,0,0,0,0,10030,0,newshp.shp
844,1,72|0|0,50|0|0,0,0,0,0,0,0,0,0,0,0,20,1,271|0|0|0|0|0|0|0|0|0|0|0|0|0|0|0|0|0|0|0,36,0,23,0,0,237,15,0,0,0,250,0,newshs.shp
845,1,0|0|0,0|0|0,0,0,0,0,0,0,0,0,0,0,10,1,15|0|0|0|0|0|0|0|0|0|0|0|0|0|0|0|0|0|0|0,26,0,17,0,0,0,0,0,0,0,0,503,newshm.shp
846,1,0|0|0,0|0|0,0,0,0,0,0,0,0,0,0,0,10,1,17|0|0|0|0|0|0|0|0|0|0|0|0|0|0|0|0|0|0|0,16,0,17,0,0,0,0,0,50,850,50,0,newshm.shp
847,1,0|0|0,0|0|0,0,0,0,0,0,0,0,0,0,0,10,1,53|0|0|0|0|0|0|0|0|0|0|0|0|0|0|0|0|0|0|0,26,0,17,0,0,0,0,0,0,0,100,0,newshm.shp
848,1,0|0|0,0|0|0,0,0,0,0,0,0,0,0,0,0,20,1,55|0|0|0|0|0|0|0|0|0|0|0|0|0|0|0|0|0|0|0,26,0,17,0,0,0,0,0,0,0,2000,0,newshm.shp
849,1,0|0|0,0|0|0,0,0,0,0,0,0,0,0,0,0,255,1,1|0|0|0|0|0|0|0|0|0|0|0|0|0|0|0|0|0|0|0,6,0,17,0,0,2,-1,0,0,0,100,0,newshm.shp
850,3,0|0|0,0|0|0,0,0,0,0,0,0,0,0,0,0,15,1,129|129|131|0|0|0|0|0|0|0|0|0|0|0|0|0|0|0|0|0,6,1,17,0,0,0,0,0,0,4,0,0,newshm.shp
