id,drain,shotRepeat,multi,weaponAnimation,max,tx,ty,aim,attack,del,sx,sy,bx,by,sg,acceleration,accelerationX,circleSize,sound,trail,shipBlastFilter
0,0,0,0,0,0,0,0,0,0|0|0|0|0|0|0|0,0|0|0|0|0|0|0|0,0|0|0|0|0|0|0|0,0|0|0|0|0|0|0|0,0|0|0|0|0|0|0|0,0|0|0|0|0|0|0|0,0|0|0|0|0|0|0|0,0,0,0,0,255,240
1,10,5,1,0,1,0,0,0,1|0|0|0|0|0|0|0,255|0|0|0|0|0|0|0,0|0|0|0|0|0|0|0,12|0|0|0|0|0|0|0,0|0|0|0|0|0|0|0,0|0|0|0|0|0|0|0,67|0|0|0|0|0|0|0,0,0,0,28,255,208
2,10,4,1,0,1,0,0,0,3|0|0|0|0|0|0|0,255|0|0|0|0|0|0|0,0|0|0|0|0|0|0|0,4|0|0|0|0|0|0|0,0|0|0|0|0|0|0|0,0|0|0|0|0|0|0|0,146|0|0|0|0|0|0|0,0,0,0,4,255,208
3,10,4,1,0,1,0,0,0,3|0|0|0|0|0|0|0,255|0|0|0|0|0|0|0,-3|0|0|0|0|0|0|0,3|0|0|0|0|0|0|0,0|0|0|0|0|0|0|0,0|0|0|0|0|0|0|0,147|0|0|0|0|0|0|0,0,0,0,4,255,208
4,10,4,1,0,1,0,0,0,3|0|0|0|0|0|0|0,255|0|0|0|0|0|0|0,-3|0|0|0|0|0|0|0,3|0|0|0|0|0|0|0,0|0|0|0|0|0|0|0,0|0|0|0|0|0|0|0,145|0|0|0|0|0|0|0,0,0,0,4,255,208
5,20,5,1,0,1,0,0,0,2|0|0|0|0|0|0|0,255|0|0|0|0|0|0|0,0|0|0|0|0|0|0|0,12|0|0|0|0|0|0|0,0|0|0|0|0|0|0|0,0|0|0|0|0|0|0|0,245|0|0|0|0|0|0|0,0,0,0,28,255,208
6,10,4,1,0,1,0,0,0,1|0|0|0|0|0|0|0,255|0|0|0|0|0|0|0,0|0|0|0|0|0|0|0,8|0|0|0|0|0|0|0,0|0|0|0|0|0|0|0,0|0|0|0|0|0|0|0,146|0|0|0|0|0|0|0,0,0,0,4,255,208
7,10,4,1,0,1,0,0,0,1|0|0|0|0|0|0|0,255|0|0|0|0|0|0|0,-6|0|0|0|0|0|0|0,6|0|0|0|0|0|0|0,0|0|0|0|0|0|0|0,0|0|0|0|0|0|0|0,147|0|0|0|0|0|0|0,0,0,0,4,255,208
8,10,4,1,0,1,0,0,0,1|0|0|0|0|0|0|0,255|0|0|0|0|0|0|0,-6|0|0|0|0|0|0|0,6|0|0|0|0|0|0|0,0|0|0|0|0|0|0|0,0|0|0|0|0|0|0|0,145|0|0|0|0|0|0|0,0,0,0,4,255,208
9,0,0,1,0,4,0,0,0,1|1|1|1|0|0|0|0,255|255|255|255|0|0|0|0,-14|-14|-14|-14|0|0|0|0,0|0|0|0|0|0|0|0,0|0|0|0|0|0|0|0,-5|-5|-5|-5|0|0|0|0,286|287|286|288|0|0|0|0,0,0,0,6,255,208
10,120,3,4,0,4,0,0,0,3|3|3|3|0|0|0|0,255|255|255|255|0|0|0|0,-3|3|-3|3|0|0|0|0,3|3|-3|-3|0|0|0|0,0|0|0|0|0|0|0|0,0|0|0|0|0|0|0|0,302|0|0|0|0|0|0|0,0,0,0,1,255,208
11,30,2,1,0,1,0,0,0,2|0|0|0|0|0|0|0,255|0|0|0|0|0|0|0,0|0|0|0|0|0|0|0,20|0|0|0|0|0|0|0,0|0|0|0|0|0|0|0,0|0|0|0|0|0|0|0,148|0|0|0|0|0|0|0,-1,0,0,28,255,208
12,0,0,1,0,1,0,0,0,2|0|0|0|0|0|0|0,8|0|0|0|0|0|0|0,0|0|0|0|0|0|0|0,-1|0|0|0|0|0|0|0,0|0|0|0|0|0|0|0,0|0|0|0|0|0|0|0,20|0|0|0|0|0|0|0,0,0,0,9,1,112
13,0,0,8,0,8,0,0,0,1|1|2|1|2|1|1|1,8|8|8|8|8|8|8|8,0|0|3|5|-3|-5|-6|6,2|-2|0|0|0|0|0|0,0|0|0|4|0|-4|-4|4,0|0|0|0|0|0|0|0,20|20|20|20|20|20|20|20,0,0,0,12,1,112
14,0,0,8,0,8,0,0,0,1|1|1|1|2|2|2|2,8|8|8|8|8|8|8|8,6|-6|6|-6|0|8|-8|0,6|6|-6|-6|8|0|0|-8,6|-6|6|-6|0|8|-8|0,6|6|-6|-6|8|0|0|-8,20|20|20|20|20|20|20|20,0,0,0,12,1,112
15,0,8,5,0,5,1,0,0,114|114|114|114|114|0|0|0,255|255|255|255|255|0|0|0,0|0|0|0|0|0|0|0,0|-1|-1|-4|-4|0|0|0,0|-4|4|-7|7|0|0|0,0|0|0|0|0|0|0|0,34|34|34|34|34|0|0|0,1,0,0,7,6,208
16,0,0,8,0,8,0,0,0,1|1|1|1|1|1|1|1,8|8|8|8|8|8|8|8,2|-2|2|-2|3|-3|0|0,2|2|-2|-2|0|0|3|-3,2|-2|2|-2|3|-3|0|0,2|2|-2|-2|0|0|3|-3,20|20|20|20|20|20|20|20,0,0,0,12,1,112
17,0,5,2,0,2,1,0,0,10|10|0|0|0|0|0|0,255|255|0|0|0|0|0|0,-2|2|0|0|0|0|0|0,-2|-2|0|0|0|0|0|0,0|0|0|0|0|0|0|0,0|0|0|0|0|0|0|0,68|68|0|0|0|0|0|0,1,0,0,7,6,208
18,0,5,4,0,4,1,0,0,6|6|6|6|0|0|0|0,255|255|255|255|0|0|0|0,-1|1|-3|3|0|0|0|0,-2|-2|-3|-3|0|0|0|0,0|0|0|0|0|0|0|0,0|0|0|0|0|0|0|0,72|72|72|72|0|0|0|0,1,0,0,7,6,208
19,0,10,2,0,2,0,0,0,120|120|0|0|0|0|0|0,255|255|0|0|0|0|0|0,1|-1|0|0|0|0|0|0,7|7|0|0|0|0|0|0,0|0|0|0|0|0|0|0,0|0|0|0|0|0|0|0,142|142|0|0|0|0|0|0,0,0,0,7,6,208
20,0,0,4,0,4,0,0,0,121|121|121|121|0|0|0|0,255|255|255|255|0|0|0|0,4|-4|4|-4|0|0|0|0,4|4|-4|-4|0|0|0|0,0|0|0|0|0|0|0|0,0|0|0|0|0|0|0|0,100|100|100|100|0|0|0|0,0,0,0,6,255,208
21,0,0,8,0,8,0,0,0,1|1|1|1|1|1|1|1,255|255|255|255|255|255|255|255,3|-3|3|-3|5|-5|0|0,3|3|-3|-3|0|0|5|-5,0|0|0|0|0|0|0|0,0|0|0|0|0|0|0|0,99|99|99|99|99|99|99|99,0,0,0,6,255,208
22,0,50,4,0,4,0,0,0,136|136|136|136|0|0|0|0,255|255|255|255|0|0|0|0,0|-6|6|0|0|0|0|0,6|0|0|-6|0|0|0|0,0|0|0|0|0|0|0|0,0|0|0|0|0|0|0|0,75|56|18|94|0|0|0|0,0,0,0,11,1,208
23,160,8,8,0,8,0,0,0,3|3|3|3|3|3|3|3,255|255|255|255|255|255|255|255,1|-1|2|-2|3|-3|4|-4,3|3|2|2|1|1|0|0,0|0|0|0|0|0|0|0,0|0|0|0|0|0|0|0,73|73|73|73|73|73|73|73,1,0,0,13,255,192
24,0,8,1,0,1,0,0,0,4|0|0|0|0|0|0|0,255|0|0|0|0|0|0|0,0|0|0|0|0|0|0|0,6|0|0|0|0|0|0|0,0|0|0|0|0|0|0|0,0|0|0|0|0|0|0|0,91|0|0|0|0|0|0|0,0,0,0,11,255,208
25,40,3,1,0,1,0,0,0,8|0|0|0|0|0|0|0,255|0|0|0|0|0|0|0,0|0|0|0|0|0|0|0,13|0|0|0|0|0|0|0,0|0|0|0|0|0|0|0,0|0|0|0|0|0|0|0,73|0|0|0|0|0|0|0,0,0,0,13,255,192
26,30,2,1,0,5,0,0,0,112|112|112|112|112|0|0|0,255|255|255|255|255|0|0|0,0|-2|2|1|-1|0|0|0,-3|-3|-3|-3|-3|0|0|0,0|0|0|0|0|0|0|0,0|0|0|0|0|0|0|0,52|52|52|52|52|0|0|0,1,0,0,7,6,208
27,0,0,1,0,1,0,0,0,4|0|0|0|0|0|0|0,8|0|0|0|0|0|0|0,0|0|0|0|0|0|0|0,-1|0|0|0|0|0|0|0,0|0|0|0|0|0|0|0,0|0|0|0|0|0|0|0,20|0|0|0|0|0|0|0,0,0,0,9,1,112
28,0,0,8,0,8,0,0,0,1|1|1|1|0|0|0|0,8|8|8|8|4|4|4|4,3|-3|3|-3|0|4|-4|0,3|3|-3|-3|4|0|0|-4,3|-3|3|-3|0|4|-4|0,3|3|-3|-3|4|0|0|-4,20|20|20|20|20|20|20|20,0,0,0,12,1,112
29,10,20,1,3,1,0,0,0,128|0|0|0|0|0|0|0,255|0|0|0|0|0|0|0,0|0|0|0|0|0|0|0,1|0|0|0|0|0|0|0,0|0|0|0|0|0|0|0,0|0|0|0|0|0|0|0,271|0|0|0|0|0|0|0,0,0,0,8,255,208
30,40,1,2,2,4,0,0,0,2|2|2|2|0|0|0|0,255|255|255|255|0|0|0|0,116|124|116|124|0|0|0|0,12|12|12|12|0|0|0|0,-4|4|-4|4|0|0|0|0,0|0|0|0|0|0|0|0,206|206|207|207|0|0|0|0,0,0,0,8,255,208
31,30,3,3,0,3,0,0,0,1|1|1|0|0|0|0|0,255|255|255|0|0|0|0|0,0|0|0|0|0|0|0|0,12|13|14|0|0|0|0|0,0|0|0|0|0|0|0|0,0|0|0|0|0|0|0|0,135|116|97|0|0|0|0|0,0,0,0,8,255,144
32,40,4,4,0,4,0,0,0,1|1|1|1|0|0|0|0,255|255|255|255|0|0|0|0,-1|-1|1|1|0|0|0|0,13|14|13|14|0|0|0|0,0|0|0|0|0|0|0|0,0|0|0|0|0|0|0|0,135|97|135|97|0|0|0|0,0,0,0,8,255,144
33,50,5,5,0,5,0,0,0,1|1|1|1|1|0|0|0,255|255|255|255|255|0|0|0,0|0|0|0|0|0|0|0,12|13|14|15|16|0|0|0,0|0|0|0|0|0|0|0,0|0|0|0|0|0|0|0,135|116|116|116|97|0|0|0,0,0,0,8,255,144
34,60,3,3,0,3,0,0,0,2|2|2|0|0|0|0|0,255|255|255|0|0|0|0|0,0|0|0|0|0|0|0|0,14|12|13|0|0|0|0|0,0|0|0|0|0|0|0|0,0|0|0|0|0|0|0|0,101|139|120|0|0|0|0|0,0,0,0,8,255,144
35,80,4,4,0,4,0,0,0,2|2|2|2|0|0|0|0,255|255|255|255|0|0|0|0,-1|-1|1|1|0|0|0|0,13|14|13|14|0|0|0|0,0|0|0|0|0|0|0|0,0|0|0|0|0|0|0|0,139|101|139|101|0|0|0|0,0,0,0,8,255,144
36,0,50,6,0,6,0,0,0,116|116|116|116|116|116|0|0,255|255|255|255|255|255|0|0,-6|6|5|-5|5|-5|0|0,0|0|5|5|-5|-5|0|0,-8|8|5|-5|5|-5|0|0,0|0|5|5|-5|-5|0|0,102|104|122|121|141|140|0|0,0,0,0,11,1,208
37,0,7,2,0,2,0,0,0,1|1|0|0|0|0|0|0,255|255|0|0|0|0|0|0,0|0|0|0|0|0|0|0,6|6|0|0|0|0|0|0,0|0|0|0|0|0|0|0,4|-4|0|0|0|0|0|0,227|227|0|0|0|0|0|0,0,0,0,26,255,208
38,0,7,2,0,2,0,0,0,1|1|0|0|0|0|0|0,255|255|0|0|0|0|0|0,0|0|0|0|0|0|0|0,-6|-6|0|0|0|0|0|0,0|0|0|0|0|0|0|0,4|-4|0|0|0|0|0|0,227|227|0|0|0|0|0|0,0,0,0,26,255,208
39,0,0,0,0,0,0,0,0,0|0|0|0|0|0|0|0,0|0|0|0|0|0|0|0,0|0|0|0|0|0|0|0,0|0|0|0|0|0|0|0,0|0|0|0|0|0|0|0,0|0|0|0|0|0|0|0,0|0|0|0|0|0|0|0,0,0,0,1,255,208
40,60,4,1,0,2,0,0,0,8|8|0|0|0|0|0|0,255|255|0|0|0|0|0|0,4|-4|0|0|0|0|0|0,10|10|0|0|0|0|0|0,0|0|0|0|0|0|0|0,0|0|0|0|0|0|0|0,68|69|0|0|0|0|0|0,0,0,0,1,255,208
41,120,2,2,0,2,0,0,0,8|8|0|0|0|0|0|0,255|255|0|0|0|0|0|0,5|-5|0|0|0|0|0|0,11|11|0|0|0|0|0|0,0|0|0|0|0|0|0|0,0|0|0|0|0|0|0|0,68|69|0|0|0|0|0|0,0,0,0,1,255,208
42,120,0,2,0,2,0,0,0,8|8|0|0|0|0|0|0,255|255|0|0|0|0|0|0,5|-5|0|0|0|0|0|0,11|11|0|0|0|0|0|0,0|0|0|0|0|0|0|0,0|0|0|0|0|0|0|0,68|69|0|0|0|0|0|0,0,0,0,1,255,208
43,130,4,1,0,1,0,0,0,10|0|0|0|0|0|0|0,255|0|0|0|0|0|0|0,0|0|0|0|0|0|0|0,7|0|0|0|0|0|0|0,0|0|0|0|0|0|0|0,0|0|0|0|0|0|0|0,74|0|0|0|0|0|0|0,0,0,0,1,255,208
44,160,6,1,0,1,0,0,0,15|0|0|0|0|0|0|0,255|0|0|0|0|0|0|0,0|0|0|0|0|0|0|0,8|0|0|0|0|0|0|0,0|0|0|0|0|0|0|0,0|0|0|0|0|0|0|0,75|0|0|0|0|0|0|0,0,0,0,1,255,208
45,30,1,1,0,1,0,0,0,4|0|0|0|0|0|0|0,255|0|0|0|0|0|0|0,0|0|0|0|0|0|0|0,11|0|0|0|0|0|0|0,0|0|0|0|0|0|0|0,0|0|0|0|0|0|0|0,64|0|0|0|0|0|0|0,0,0,0,1,255,112
46,40,1,1,0,1,0,0,0,6|0|0|0|0|0|0|0,255|0|0|0|0|0|0|0,0|0|0|0|0|0|0|0,10|0|0|0|0|0|0|0,0|0|0|0|0|0|0|0,0|0|0|0|0|0|0|0,7|0|0|0|0|0|0|0,0,0,0,1,255,112
47,50,1,1,0,1,0,0,0,8|0|0|0|0|0|0|0,255|0|0|0|0|0|0|0,0|0|0|0|0|0|0|0,10|0|0|0|0|0|0|0,0|0|0|0|0|0|0|0,0|0|0|0|0|0|0|0,65|0|0|0|0|0|0|0,0,0,0,1,255,144
48,30,3,1,0,1,0,0,0,7|0|0|0|0|0|0|0,255|0|0|0|0|0|0|0,0|0|0|0|0|0|0|0,16|0|0|0|0|0|0|0,0|0|0|0|0|0|0|0,0|0|0|0|0|0|0|0,208|0|0|0|0|0|0|0,0,0,0,1,255,208
49,0,4,2,0,2,0,0,0,1|1|0|0|0|0|0|0,255|255|0|0|0|0|0|0,-10|10|0|0|0|0|0|0,0|0|0|0|0|0|0|0,0|0|0|0|0|0|0|0,0|0|0|0|0|0|0|0,39|1|0|0|0|0|0|0,0,0,0,8,255,208
50,0,6,4,0,4,0,0,0,1|1|1|1|0|0|0|0,255|255|255|255|0|0|0|0,-9|9|9|-9|0|0|0|0,2|2|-2|-2|0|0|0|0,-2|2|2|-2|0|0|0|0,0|0|0|0|0|0|0|0,281|282|301|300|0|0|0|0,0,0,0,8,255,208
51,0,6,8,0,8,0,0,0,1|1|1|1|1|1|1|1,255|255|255|255|255|255|255|255,-6|6|6|-6|-9|9|0|0,6|6|-6|-6|0|0|9|-9,0|0|0|0|0|0|0|0,0|0|0|0|0|0|0|0,163|164|183|182|39|1|58|77,0,0,0,8,255,208
52,0,6,4,0,4,0,0,0,2|2|2|2|0|0|0|0,255|255|255|255|0|0|0|0,-9|9|9|-9|0|0|0|0,2|2|-2|-2|0|0|0|0,-2|2|2|-2|0|0|0|0,0|0|0|0|0|0|0|0,277|278|297|296|0|0|0|0,0,0,0,8,255,208
53,0,6,2,0,2,0,0,0,3|3|0|0|0|0|0|0,255|255|0|0|0|0|0|0,-10|10|0|0|0|0|0|0,0|0|0|0|0|0|0|0,0|0|0|0|0|0|0|0,0|0|0|0|0|0|0|0,102|104|0|0|0|0|0|0,0,0,0,8,255,208
54,0,6,4,0,4,0,0,0,3|3|3|3|0|0|0|0,255|255|255|255|0|0|0|0,-6|6|6|-6|0|0|0|0,6|6|-6|-6|0|0|0|0,0|0|0|0|0|0|0|0,0|0|0|0|0|0|0|0,121|122|141|140|0|0|0|0,0,0,0,8,255,208
55,40,1,1,0,1,0,0,0,6|0|0|0|0|0|0|0,255|0|0|0|0|0|0|0,0|0|0|0|0|0|0|0,10|0|0|0|0|0|0|0,0|0|0|0|0|0|0|0,0|0|0|0|0|0|0|0,45|0|0|0|0|0|0|0,0,0,0,1,255,112
56,20,1,1,0,1,0,0,0,2|0|0|0|0|0|0|0,255|0|0|0|0|0|0|0,-6|0|0|0|0|0|0|0,6|0|0|0|0|0|0|0,0|0|0|0|0|0|0|0,0|0|0|0|0|0|0|0,121|0|0|0|0|0|0|0,0,0,0,1,255,208
57,20,1,1,0,1,0,0,0,2|0|0|0|0|0|0|0,255|0|0|0|0|0|0|0,6|0|0|0|0|0|0|0,6|0|0|0|0|0|0|0,0|0|0|0|0|0|0|0,0|0|0|0|0|0|0|0,122|0|0|0|0|0|0|0,0,0,0,1,255,208
58,20,7,1,0,1,4,3,0,8|0|0|0|0|0|0|0,255|0|0|0|0|0|0|0,0|0|0|0|0|0|0|0,0|0|0|0|0|0|0|0,0|0|0|0|0|0|0|0,0|0|0|0|0|0|0|0,4|0|0|0|0|0|0|0,0,0,0,1,255,208
59,10,1,1,2,1,0,0,2,3|0|0|0|0|0|0|0,255|0|0|0|0|0|0|0,0|0|0|0|0|0|0|0,0|0|0|0|0|0|0|0,0|0|0|0|0|0|0|0,0|0|0|0|0|0|0|0,112|0|0|0|0|0|0|0,0,0,0,13,255,208
60,60,2,2,0,2,0,0,0,4|4|0|0|0|0|0|0,255|255|0|0|0|0|0|0,0|0|0|0|0|0|0|0,10|10|0|0|0|0|0|0,-5|5|0|0|0|0|0|0,0|0|0|0|0|0|0|0,64|64|0|0|0|0|0|0,0,0,0,1,255,208
61,100,2,2,0,2,0,0,0,6|6|0|0|0|0|0|0,255|255|0|0|0|0|0|0,0|0|0|0|0|0|0|0,10|10|0|0|0|0|0|0,-5|5|0|0|0|0|0|0,0|0|0|0|0|0|0|0,76|76|0|0|0|0|0|0,0,0,0,1,255,208
62,10,1,1,2,1,0,0,2,2|0|0|0|0|0|0|0,255|0|0|0|0|0|0|0,0|0|0|0|0|0|0|0,0|0|0|0|0|0|0|0,0|0|0|0|0|0|0|0,0|0|0|0|0|0|0|0,112|0|0|0|0|0|0|0,0,0,0,13,255,208
63,10,1,1,2,1,0,0,3,2|0|0|0|0|0|0|0,255|0|0|0|0|0|0|0,0|0|0|0|0|0|0|0,0|0|0|0|0|0|0|0,0|0|0|0|0|0|0|0,0|0|0|0|0|0|0|0,168|0|0|0|0|0|0|0,0,0,0,13,255,208
64,40,4,1,0,1,0,0,0,10|0|0|0|0|0|0|0,255|0|0|0|0|0|0|0,0|0|0|0|0|0|0|0,1|0|0|0|0|0|0|0,-20|0|0|0|0|0|0|0,10|0|0|0|0|0|0|0,207|0|0|0|0|0|0|0,0,0,8,1,255,208
65,20,2,1,0,1,0,0,0,5|0|0|0|0|0|0|0,255|0|0|0|0|0|0|0,0|0|0|0|0|0|0|0,2|0|0|0|0|0|0|0,-20|0|0|0|0|0|0|0,10|0|0|0|0|0|0|0,207|0|0|0|0|0|0|0,0,0,8,1,255,208
66,0,0,8,0,8,0,0,0,128|121|187|187|187|187|187|187,255|255|255|255|255|255|255|255,0|0|0|-1|1|0|1|-1,1|1|1|1|1|1|0|0,0|0|0|-12|12|0|20|-20,0|0|0|20|20|-20|-10|-10,171|171|100|171|171|171|171|171,0,0,0,6,255,208
67,0,0,4,0,4,0,0,0,2|2|2|2|0|0|0|0,255|255|255|255|0|0|0|0,3|-3|3|-3|0|0|0|0,3|3|-3|-3|0|0|0|0,0|0|0|0|0|0|0|0,0|0|0|0|0|0|0|0,99|99|99|99|0|0|0|0,0,0,0,6,255,208
68,20,1,2,2,2,0,0,0,2|2|0|0|0|0|0|0,255|255|0|0|0|0|0|0,1|-1|0|0|0|0|0|0,2|2|0|0|0|0|0|0,8|-8|0|0|0|0|0|0,0|0|0|0|0|0|0|0,112|112|0|0|0|0|0|0,0,0,0,6,255,208
69,0,0,2,0,2,0,0,0,4|4|0|0|0|0|0|0,255|255|0|0|0|0|0|0,0|0|0|0|0|0|0|0,3|3|0|0|0|0|0|0,-6|6|0|0|0|0|0|0,0|0|0|0|0|0|0|0,260|260|0|0|0|0|0|0,0,0,0,6,255,208
70,10,1,1,2,1,0,0,3,2|0|0|0|0|0|0|0,255|0|0|0|0|0|0|0,0|0|0|0|0|0|0|0,0|0|0|0|0|0|0|0,0|0|0|0|0|0|0|0,-2|0|0|0|0|0|0|0,112|0|0|0|0|0|0|0,0,0,0,13,255,208
71,0,0,8,3,8,0,0,0,1|1|1|1|1|1|1|1,8|8|8|8|8|8|8|8,2|-2|2|-2|3|-3|0|0,2|2|-2|-2|0|0|3|-3,2|-2|2|-2|3|-3|0|0,2|2|-2|-2|0|0|3|-3,214|214|214|214|214|214|214|214,0,0,0,12,12,112
72,60,3,3,0,3,0,0,0,4|3|3|0|0|0|0|0,255|255|255|0|0|0|0|0,0|-3|3|0|0|0|0|0,4|3|3|0|0|0|0|0,0|0|0|0|0|0|0|0,0|0|0|0|0|0|0|0,94|140|141|0|0|0|0|0,0,0,0,13,255,192
73,0,2,8,9,8,0,0,0,2|2|2|2|2|2|2|2,10|10|10|10|10|10|10|10,-9|9|-9|9|-10|10|-10|10,6|-6|-6|6|-3|3|3|-3,0|0|0|0|0|0|0|0,0|0|0|0|0|0|0|0,172|172|172|172|172|172|172|172,0,0,0,0,255,112
74,0,3,2,0,2,0,0,0,1|175|0|0|0|0|0|0,255|255|0|0|0|0|0|0,-7|6|0|0|0|0|0|0,1|6|0|0|0|0|0|0,2|0|0|0|0|0|0|0,0|0|0|0|0|0|0|0,246|255|0|0|0|0|0|0,0,0,0,8,255,208
75,0,3,2,0,2,0,0,0,174|1|0|0|0|0|0|0,255|255|0|0|0|0|0|0,-6|7|0|0|0|0|0|0,6|1|0|0|0|0|0|0,0|-2|0|0|0|0|0|0,0|0|0|0|0|0|0|0,255|246|0|0|0|0|0|0,0,0,0,8,255,208
76,40,4,4,0,4,0,0,0,4|4|4|4|0|0|0|0,255|255|255|255|0|0|0|0,-5|-5|5|5|0|0|0|0,0|0|0|0|0|0|0|0,0|0|0|0|0|0|0|0,0|14|0|14|0|0|0|0,105|124|106|125|0|0|0|0,0,0,0,6,255,208
77,30,4,3,0,3,0,0,0,1|1|1|0|0|0|0|0,255|255|255|0|0|0|0|0,0|-10|10|0|0|0|0|0,-10|0|0|0|0|0|0|0,0|0|0|0|0|0|0|0,0|0|0|0|0|0|0|0,77|39|1|0|0|0|0|0,0,0,0,6,255,208
78,30,4,3,0,3,0,0,0,1|1|1|0|0|0|0|0,255|255|255|0|0|0|0|0,0|-2|2|0|0|0|0|0,8|7|7|0|0|0|0|0,0|0|0|0|0|0|0|0,0|0|0|0|0|0|0|0,58|201|202|0|0|0|0|0,0,0,0,6,255,208
79,30,4,3,0,3,0,0,0,1|1|1|0|0|0|0|0,255|255|255|0|0|0|0|0,0|-6|6|0|0|0|0|0,8|6|6|0|0|0|0|0,0|0|0|0|0|0|0|0,0|0|0|0|0|0|0|0,58|163|164|0|0|0|0|0,0,0,0,6,255,208
80,40,3,4,0,4,0,0,0,1|1|1|1|0|0|0|0,255|255|255|255|0|0|0|0,0|-7|7|0|0|0|0|0,10|7|7|-10|0|0|0|0,0|0|0|0|0|0|0|0,0|0|0|0|0|0|0|0,58|163|164|77|0|0|0|0,0,0,0,6,255,208
81,70,2,7,0,7,0,0,0,1|1|1|1|1|1|1|0,255|255|255|255|255|255|255|0,-10|10|-7|7|0|-7|7|0,0|0|7|7|-10|-7|-7|0,0|0|0|0|0|0|0|0,0|0|0|0|0|0|0|0,77|58|182|163|1|183|164|0,0,0,0,6,255,208
82,30,4,3,0,3,0,0,0,1|1|1|0|0|0|0|0,255|255|255|0|0|0|0|0,0|-10|10|0|0|0|0|0,10|0|0|0|0|0|0|0,0|0|0|0|0|0|0|0,0|0|0|0|0|0|0|0,58|39|1|0|0|0|0|0,0,0,0,6,255,208
83,80,3,8,0,8,0,0,0,184|184|184|184|184|184|184|184,255|255|255|255|255|255|255|255,120|120|120|120|120|120|120|120,6|6|6|6|6|6|6|6,-70|-50|-30|-10|10|30|50|70,0|0|0|0|0|0|0|0,98|98|98|98|98|98|98|98,0,0,0,6,1,208
84,20,2,2,0,2,0,0,0,2|184|0|0|0|0|0|0,255|255|0|0|0|0|0|0,0|0|0|0|0|0|0|0,8|6|0|0|0|0|0|0,0|0|0|0|0|0|0|0,0|0|0|0|0|0|0|0,98|98|0|0|0|0|0|0,0,0,0,6,1,208
85,80,3,8,0,8,0,0,0,1|2|1|2|1|2|1|2,255|255|255|255|255|255|255|255,120|120|120|120|120|120|120|120,8|8|8|8|8|8|8|8,0|0|-12|-12|12|12|-24|-24,0|14|0|14|0|14|0|14,157|159|157|159|157|159|157|159,0,0,0,6,255,208
86,10,2,1,0,1,0,0,0,189|0|0|0|0|0|0|0,255|0|0|0|0|0|0|0,0|0|0|0|0|0|0|0,0|0|0|0|0|0|0|0,0|0|0|0|0|0|0|0,0|0|0|0|0|0|0|0,238|0|0|0|0|0|0|0,1,0,0,6,255,208
87,0,8,1,0,1,0,0,0,30|0|0|0|0|0|0|0,4|0|0|0|0|0|0|0,120|0|0|0|0|0|0|0,120|0|0|0|0|0|0|0,-40|0|0|0|0|0|0|0,-30|0|0|0|0|0|0|0,60034|0|0|0|0|0|0|0,0,0,0,1,255,208
88,30,3,3,0,3,0,0,0,20|20|20|0|0|0|0|0,255|255|255|0|0|0|0|0,120|120|120|0|0|0|0|0,10|10|10|0|0|0|0|0,-32|-32|-32|0|0|0|0|0,-24|0|28|0|0|0|0|0,60023|60024|60025|0|0|0|0|0,0,0,0,6,255,208
89,20,2,2,3,2,0,0,0,189|1|0|0|0|0|0|0,255|255|0|0|0|0|0|0,0|0|0|0|0|0|0|0,-1|-1|0|0|0|0|0|0,0|0|0|0|0|0|0|0,-1|-1|0|0|0|0|0|0,107|107|0|0|0|0|0|0,-1,0,0,6,255,208
90,70,2,7,0,7,0,0,0,1|1|1|1|1|1|1|0,255|255|255|255|255|255|255|0,-10|10|-7|7|0|-7|7|0,0|0|7|7|-10|-7|-7|0,0|0|0|0|0|0|0|0,0|0|0|0|0|0|0|0,39|1|163|164|77|182|183|0,0,0,0,6,255,208
91,40,4,4,0,4,0,0,0,3|1|1|3|0|0|0|0,255|255|255|255|0|0|0|0,0|-2|2|0|0|0|0|0,10|7|7|10|0|0|0|0,0|0|0|0|0|0|0|0,6|0|0|-6|0|0|0|0,60|201|202|60|0|0|0|0,0,0,0,6,255,208
92,0,10,2,0,2,0,0,0,192|1|0|0|0|0|0|0,255|255|0|0|0|0|0|0,0|0|0|0|0|0|0|0,8|8|0|0|0|0|0|0,0|0|0|0|0|0|0|0,0|0|0|0|0|0|0|0,65|65|0|0|0|0|0|0,0,0,0,27,255,208
93,0,10,2,0,2,0,0,0,193|2|0|0|0|0|0|0,255|255|0|0|0|0|0|0,0|0|0|0|0|0|0|0,8|8|0|0|0|0|0|0,0|0|0|0|0|0|0|0,0|0|0|0|0|0|0|0,64|64|0|0|0|0|0|0,0,0,0,27,255,208
94,0,10,1,0,1,0,0,0,195|0|0|0|0|0|0|0,255|0|0|0|0|0|0|0,0|0|0|0|0|0|0|0,0|0|0|0|0|0|0|0,0|0|0|0|0|0|0|0,0|0|0|0|0|0|0|0,71|0|0|0|0|0|0|0,1,0,0,7,6,208
95,0,10,4,0,4,0,0,0,196|197|4|4|0|0|0|0,255|255|121|121|0|0|0|0,-12|12|-6|6|0|0|0|0,0|0|0|0|0|0|0|0,0|0|0|0|0|0|0|0,0|0|0|0|0|0|0|0,45|7|45|7|0|0|0|0,0,0,0,27,1,208
96,0,10,2,0,2,0,0,0,196|4|0|0|0|0|0|0,255|121|0|0|0|0|0|0,-12|-6|0|0|0|0|0|0,0|0|0|0|0|0|0|0,0|0|0|0|0|0|0|0,0|0|0|0|0|0|0|0,45|45|0|0|0|0|0|0,0,0,0,27,1,208
97,0,10,2,0,2,0,0,0,197|4|0|0|0|0|0|0,255|121|0|0|0|0|0|0,12|6|0|0|0|0|0|0,0|0|0|0|0|0|0|0,0|0|0|0|0|0|0|0,0|0|0|0|0|0|0|0,7|7|0|0|0|0|0|0,0,0,0,27,1,208
98,20,0,1,0,8,0,0,0,2|2|2|2|2|2|2|2,255|255|255|255|255|255|255|255,0|0|0|0|0|0|0|0,14|14|14|14|14|14|14|14,-8|-4|0|4|8|4|0|-4,0|0|0|0|0|0|0|0,70|70|70|70|70|70|70|70,0,0,0,1,255,208
99,20,0,1,0,8,0,0,0,2|2|2|2|2|2|2|2,255|255|255|255|255|255|255|255,-2|-1|0|1|2|1|0|-1,14|14|14|14|14|14|14|14,-8|-4|0|4|8|4|0|-4,0|0|0|0|0|0|0|0,70|70|70|70|70|70|70|70,0,0,0,1,255,208
100,40,0,2,0,6,0,0,0,2|2|2|2|2|2|0|0,255|255|255|255|255|255|0|0,-2|2|-1|1|0|0|0|0,14|14|14|14|14|14|0|0,-8|8|-4|4|-2|2|0|0,0|0|0|0|0|0|0|0,70|70|70|70|70|70|0|0,0,0,0,1,255,208
101,10,6,1,0,1,0,0,0,2|0|0|0|0|0|0|0,255|0|0|0|0|0|0|0,0|0|0|0|0|0|0|0,12|0|0|0|0|0|0|0,0|0|0|0|0|0|0|0,0|0|0|0|0|0|0|0,252|0|0|0|0|0|0|0,0,0,0,28,255,208
102,10,10,1,0,1,0,0,0,10|0|0|0|0|0|0|0,255|0|0|0|0|0|0|0,0|0|0|0|0|0|0|0,10|0|0|0|0|0|0|0,0|0|0|0|0|0|0|0,0|0|0|0|0|0|0|0,253|0|0|0|0|0|0|0,0,0,0,27,255,208
103,10,16,1,0,1,0,0,0,30|0|0|0|0|0|0|0,255|0|0|0|0|0|0|0,0|0|0|0|0|0|0|0,8|0|0|0|0|0|0|0,0|0|0|0|0|0|0|0,0|0|0|0|0|0|0|0,254|0|0|0|0|0|0|0,0,0,0,26,255,208
104,0,0,1,0,1,0,0,0,90|0|0|0|0|0|0|0,250|0|0|0|0|0|0|0,120|0|0|0|0|0|0|0,120|0|0|0|0|0|0|0,-24|0|0|0|0|0|0|0,24|0|0|0|0|0|0|0,98|0|0|0|0|0|0|0,0,0,8,1,255,208
105,20,0,1,0,4,0,0,0,2|2|2|2|0|0|0|0,255|255|255|255|0|0|0|0,-2|0|2|0|0|0|0|0,14|14|14|14|0|0|0|0,-4|0|4|0|0|0|0|0,0|0|0|0|0|0|0|0,70|70|70|70|0|0|0|0,0,0,0,1,255,208
106,20,0,1,0,8,0,0,0,2|2|2|2|2|2|2|2,255|255|255|255|255|255|255|255,-4|-2|0|2|4|2|0|-2,14|14|14|14|14|14|14|14,-8|-4|0|4|8|4|0|-4,0|0|0|0|0|0|0|0,70|70|70|70|70|70|70|70,0,0,0,1,255,208
107,20,0,1,0,8,0,0,0,2|2|2|2|2|2|2|2,255|255|255|255|255|255|255|255,-4|-2|0|2|4|2|0|-2,14|14|14|14|14|14|14|14,-8|-4|0|4|8|4|0|-4,0|0|0|0|0|0|0|0,70|70|70|70|70|70|70|70,0,0,0,1,255,208
108,40,0,2,0,6,0,0,0,2|2|2|2|2|2|0|0,255|255|255|255|255|255|0|0,-4|4|-2|2|-1|1|0|0,14|14|14|14|14|14|0|0,-8|8|-4|4|-2|2|0|0,0|0|0|0|0|0|0|0,70|70|70|70|70|70|0|0,0,0,0,1,255,208
109,80,3,8,0,8,0,0,0,1|1|1|1|1|1|1|1,255|255|255|255|255|255|255|255,0|0|0|0|0|0|0|0,12|13|14|15|16|17|18|19,0|0|0|0|0|0|0|0,0|0|0|0|0|0|0|0,135|116|116|116|116|116|116|97,0,0,0,8,255,144
110,30,3,1,0,1,0,0,4,3|0|0|0|0|0|0|0,255|0|0|0|0|0|0|0,0|0|0|0|0|0|0|0,0|0|0|0|0|0|0|0,0|0|0|0|0|0|0|0,0|0|0|0|0|0|0|0,214|0|0|0|0|0|0|0,0,0,0,13,255,208
111,20,3,2,0,2,0,0,0,2|2|0|0|0|0|0|0,255|255|0|0|0|0|0|0,-4|-4|0|0|0|0|0|0,5|-5|0|0|0|0|0|0,5|5|0|0|0|0|0|0,0|0|0|0|0|0|0|0,169|169|0|0|0|0|0|0,0,-1,0,1,255,208
112,10,4,1,0,1,0,0,0,1|0|0|0|0|0|0|0,255|0|0|0|0|0|0|0,0|0|0|0|0|0|0|0,8|0|0|0|0|0|0|0,-5|0|0|0|0|0|0|0,0|0|0|0|0|0|0|0,58|0|0|0|0|0|0|0,0,0,0,1,255,208
113,10,4,1,0,1,0,0,0,1|0|0|0|0|0|0|0,255|0|0|0|0|0|0|0,0|0|0|0|0|0|0|0,8|0|0|0|0|0|0|0,6|0|0|0|0|0|0|0,0|0|0|0|0|0|0|0,58|0|0|0|0|0|0|0,0,0,0,1,255,208
114,40,0,1,0,1,0,0,0,2|0|0|0|0|0|0|0,255|0|0|0|0|0|0|0,0|0|0|0|0|0|0|0,14|0|0|0|0|0|0|0,0|0|0|0|0|0|0|0,0|0|0|0|0|0|0|0,142|0|0|0|0|0|0|0,0,0,0,1,255,144
115,10,1,1,2,1,0,0,3,2|0|0|0|0|0|0|0,255|0|0|0|0|0|0|0,0|0|0|0|0|0|0|0,0|0|0|0|0|0|0|0,-8|0|0|0|0|0|0|0,-2|0|0|0|0|0|0|0,112|0|0|0|0|0|0|0,0,0,0,13,255,208
116,10,1,1,2,1,0,0,3,2|0|0|0|0|0|0|0,255|0|0|0|0|0|0|0,0|0|0|0|0|0|0|0,0|0|0|0|0|0|0|0,8|0|0|0|0|0|0|0,-2|0|0|0|0|0|0|0,112|0|0|0|0|0|0|0,0,0,0,13,255,208
117,30,1,1,0,1,0,0,4,5|0|0|0|0|0|0|0,255|0|0|0|0|0|0|0,0|0|0|0|0|0|0|0,0|0|0|0|0|0|0|0,0|0|0|0|0|0|0|0,0|0|0|0|0|0|0|0,285|0|0|0|0|0|0|0,0,0,0,13,255,208
118,40,3,2,0,2,0,0,0,3|3|0|0|0|0|0|0,255|255|0|0|0|0|0|0,0|0|0|0|0|0|0|0,14|14|0|0|0|0|0|0,-6|6|0|0|0|0|0|0,0|0|0|0|0|0|0|0,143|144|0|0|0|0|0|0,0,0,0,13,255,192
119,80,3,1,3,1,0,0,0,10|0|0|0|0|0|0|0,255|0|0|0|0|0|0|0,0|0|0|0|0|0|0|0,10|0|0|0|0|0|0|0,0|0|0|0|0|0|0|0,0|0|0|0|0|0|0|0,34|0|0|0|0|0|0|0,0,0,0,1,255,144
120,80,4,1,3,1,0,0,0,12|0|0|0|0|0|0|0,255|0|0|0|0|0|0|0,0|0|0|0|0|0|0|0,8|0|0|0|0|0|0|0,0|0|0|0|0|0|0|0,0|0|0|0|0|0|0|0,30|0|0|0|0|0|0|0,0,0,0,1,255,112
121,10,0,1,0,8,0,0,0,1|1|1|2|1|1|1|1,8|8|8|8|8|8|8|8,-2|-1|0|1|2|1|0|-1,9|10|11|10|9|10|11|10,-4|-2|0|2|4|2|0|-2,0|0|0|0|0|0|0|0,304|304|304|304|304|304|304|304,-1,0,0,4,255,112
122,30,3,3,0,3,0,0,0,2|1|1|0|0|0|0|0,255|255|255|0|0|0|0|0,0|0|0|0|0|0|0|0,12|12|12|0|0|0|0|0,0|-6|5|0|0|0|0|0,0|4|4|0|0|0|0|0,107|108|108|0|0|0|0|0,0,0,0,1,255,112
123,320,1,4,0,4,0,0,0,10|10|10|10|0|0|0|0,255|255|255|255|0|0|0|0,0|0|0|0|0|0|0|0,24|24|24|24|0|0|0|0,-6|6|-6|6|0|0|0|0,-6|-6|6|6|0|0|0|0,239|240|258|259|0|0|0|0,0,0,0,1,255,208
124,80,1,1,0,1,0,0,0,2|0|0|0|0|0|0|0,255|0|0|0|0|0|0|0,0|0|0|0|0|0|0|0,12|0|0|0|0|0|0|0,0|0|0|0|0|0|0|0,0|0|0|0|0|0|0|0,108|0|0|0|0|0|0|0,0,0,0,1,255,208
125,10,4,1,0,1,0,0,0,1|0|0|0|0|0|0|0,255|0|0|0|0|0|0|0,0|0|0|0|0|0|0|0,6|0|0|0|0|0|0|0,-8|0|0|0|0|0|0|0,0|0|0|0|0|0|0|0,58|0|0|0|0|0|0|0,0,0,0,1,255,208
126,10,4,1,0,1,0,0,0,1|0|0|0|0|0|0|0,255|0|0|0|0|0|0|0,0|0|0|0|0|0|0|0,6|0|0|0|0|0|0|0,8|0|0|0|0|0|0|0,0|0|0|0|0|0|0|0,58|0|0|0|0|0|0|0,0,0,0,1,255,208
127,50,5,5,2,5,0,0,0,3|3|3|3|3|0|0|0,255|255|255|255|255|0|0|0,0|-1|1|-2|2|0|0|0,3|2|2|1|1|0|0|0,0|0|0|0|0|0|0|0,0|0|0|0|0|0|0|0,112|112|112|112|112|0|0|0,0,0,0,6,255,208
128,30,4,1,7,1,0,0,0,4|0|0|0|0|0|0|0,255|0|0|0|0|0|0|0,0|0|0|0|0|0|0|0,7|0|0|0|0|0|0|0,0|0|0|0|0|0|0|0,0|0|0|0|0|0|0|0,601|0|0|0|0|0|0|0,0,0,3,13,11,128
129,30,4,1,3,1,0,0,0,1|0|0|0|0|0|0|0,255|0|0|0|0|0|0|0,0|0|0|0|0|0|0|0,0|0|0|0|0|0|0|0,-8|0|0|0|0|0|0|0,0|0|0|0|0|0|0|0,107|0|0|0|0|0|0|0,0,0,5,13,12,128
130,50,0,5,10,5,0,0,0,3|2|2|1|1|0|0|0,10|9|9|6|6|0|0|0,0|2|-2|3|-3|0|0|0,13|11|11|10|10|0|0|0,0|0|0|0|0|0|0|0,106|105|105|104|104|0|0|0,153|154|154|157|157|0|0|0,-1,0,0,1,255,144
131,10,4,1,0,1,0,0,0,2|0|0|0|0|0|0|0,255|0|0|0|0|0|0|0,0|0|0|0|0|0|0|0,6|0|0|0|0|0|0|0,0|0|0|0|0|0|0|0,0|0|0|0|0|0|0|0,61|0|0|0|0|0|0|0,0,0,0,6,255,208
132,10,4,1,0,1,0,0,0,2|0|0|0|0|0|0|0,255|0|0|0|0|0|0|0,0|0|0|0|0|0|0|0,6|0|0|0|0|0|0|0,0|0|0|0|0|0|0|0,0|0|0|0|0|0|0|0,162|0|0|0|0|0|0|0,0,0,0,6,255,208
133,10,4,1,1,1,0,0,0,4|0|0|0|0|0|0|0,255|0|0|0|0|0|0|0,0|0|0|0|0|0|0|0,6|0|0|0|0|0|0|0,0|0|0|0|0|0|0|0,0|0|0|0|0|0|0|0,168|0|0|0|0|0|0|0,0,0,0,5,255,208
134,60,4,3,0,3,0,0,0,2|1|1|0|0|0|0|0,255|255|255|0|0|0|0|0,0|5|-5|0|0|0|0|0,10|8|8|0|0|0|0|0,0|0|0|0|0|0|0|0,0|0|0|0|0|0|0|0,244|227|227|0|0|0|0|0,0,0,0,25,255,208
135,60,4,3,0,3,0,0,0,2|1|1|0|0|0|0|0,255|255|255|0|0|0|0|0,0|5|-5|0|0|0|0|0,-10|-8|-8|0|0|0|0|0,0|0|0|0|0|0|0|0,0|0|0|0|0|0|0|0,244|227|227|0|0|0|0|0,0,0,0,25,255,208
136,120,3,2,2,2,0,0,0,3|3|0|0|0|0|0|0,255|255|0|0|0|0|0|0,0|0|0|0|0|0|0|0,6|6|0|0|0|0|0|0,0|0|0|0|0|0|0|0,0|14|0|0|0|0|0|0,117|136|0|0|0|0|0|0,0,0,0,0,255,192
137,80,3,4,0,8,0,0,0,3|3|1|1|3|3|1|1,255|255|255|255|255|255|255|255,-10|-10|-8|-8|10|10|8|8,0|0|4|-4|0|0|4|-4,0|-12|0|0|0|12|0|0,0|0|0|0|0|0|0|0,244|244|244|244|244|244|244|244,0,0,0,1,255,208
138,120,4,6,0,6,0,0,0,3|3|2|2|1|1|0|0,255|255|255|255|255|255|0|0,0|0|3|-3|6|-6|0|0,-10|-10|-9|-9|-8|-8|0|0,0|0|0|0|0|0|0|0,0|12|0|0|0|0|0|0,244|244|245|245|244|244|0|0,0,0,0,1,255,208
139,20,2,1,0,7,0,0,0,3|3|3|3|3|3|3|0,255|255|255|255|255|255|255|0,-9|-6|-3|0|3|6|9|0,3|5|7|9|7|5|3|0,0|0|0|0|0|0|0|0,0|0|0|0|0|0|0|0,244|244|244|244|244|244|244|0,0,0,0,1,255,208
140,20,2,1,7,7,0,0,0,3|3|3|3|3|3|3|0,255|255|255|255|255|255|255|0,-9|-6|-3|0|3|6|9|0,-3|-5|-7|-9|-7|-5|-3|0,0|0|0|0|0|0|0|0,0|0|0|0|0|0|0|0,601|601|601|601|601|601|601|0,1,0,0,1,11,128
141,10,1,1,2,1,0,0,4,1|0|0|0|0|0|0|0,255|0|0|0|0|0|0|0,0|0|0|0|0|0|0|0,0|0|0|0|0|0|0|0,0|0|0|0|0|0|0|0,0|0|0|0|0|0|0|0,226|0|0|0|0|0|0|0,0,0,0,13,255,208
142,30,3,3,0,3,0,0,0,1|1|1|0|0|0|0|0,255|255|255|0|0|0|0|0,0|-1|1|0|0|0|0|0,0|0|0|0|0|0|0|0,0|0|0|0|0|0|0|0,0|0|0|0|0|0|0|0,304|304|304|0|0|0|0|0,1,0,0,10,255,208
143,10,0,1,0,2,1,1,7,1|1|0|0|0|0|0|0,8|8|0|0|0|0|0|0,0|0|0|0|0|0|0|0,0|0|0|0|0|0|0|0,-1|1|0|0|0|0|0|0,0|0|0|0|0|0|0|0,21|20|0|0|0|0|0|0,0,0,0,28,255,112
144,50,0,5,0,5,0,0,0,1|1|1|1|1|0|0|0,255|255|255|255|255|0|0|0,0|-1|1|-2|2|0|0|0,-1|-3|-3|-4|-4|0|0|0,0|0|0|0|0|0|0|0,0|0|0|0|0|0|0|0,304|304|304|304|304|0|0|0,1,0,0,10,255,208
145,10,1,1,2,1,0,0,3,2|0|0|0|0|0|0|0,255|0|0|0|0|0|0|0,0|0|0|0|0|0|0|0,0|0|0|0|0|0|0|0,0|0|0|0|0|0|0|0,-10|0|0|0|0|0|0|0,112|0|0|0|0|0|0|0,0,0,0,13,255,208
146,10,1,1,2,1,0,0,4,2|0|0|0|0|0|0|0,255|0|0|0|0|0|0|0,0|0|0|0|0|0|0|0,0|0|0|0|0|0|0|0,0|0|0|0|0|0|0|0,0|0|0|0|0|0|0|0,112|0|0|0|0|0|0|0,0,0,0,13,255,208
147,30,7,1,2,1,0,0,0,1|0|0|0|0|0|0|0,1|0|0|0|0|0|0|0,0|0|0|0|0|0|0|0,0|0|0|0|0|0|0|0,0|0|0|0|0|0|0|0,0|0|0|0|0|0|0|0,228|0|0|0|0|0|0|0,0,0,0,0,255,128
148,40,1,1,2,1,0,0,0,0|0|0|0|0|0|0|0,1|0|0|0|0|0|0|0,0|0|0|0|0|0|0|0,0|0|0|0|0|0|0|0,0|0|0|0|0|0|0|0,0|0|0|0|0|0|0|0,247|0|0|0|0|0|0|0,0,0,0,0,255,128
149,40,9,1,8,1,0,0,0,4|0|0|0|0|0|0|0,255|0|0|0|0|0|0|0,0|0|0|0|0|0|0|0,3|0|0|0|0|0|0|0,0|0|0|0|0|0|0|0,0|0|0|0|0|0|0|0,191|0|0|0|0|0|0|0,0,0,0,6,255,128
150,120,9,3,6,3,0,0,0,4|4|4|0|0|0|0|0,255|255|255|0|0|0|0|0,0|1|-1|0|0|0|0|0,3|2|2|0|0|0|0|0,0|0|0|0|0|0|0|0,0|0|0|0|0|0|0|0,191|191|191|0|0|0|0|0,0,0,0,6,255,128
151,0,6,1,0,2,0,0,0,4|4|0|0|0|0|0|0,255|255|0|0|0|0|0|0,0|0|0|0|0|0|0|0,5|5|0|0|0|0|0|0,-4|4|0|0|0|0|0|0,0|0|0|0|0|0|0|0,72|72|0|0|0|0|0|0,1,0,0,5,255,208
152,0,6,1,0,1,0,0,0,4|0|0|0|0|0|0|0,255|0|0|0|0|0|0|0,0|0|0|0|0|0|0|0,5|0|0|0|0|0|0|0,-1|0|0|0|0|0|0|0,-4|0|0|0|0|0|0|0,72|0|0|0|0|0|0|0,1,0,0,5,255,208
153,0,2,2,3,8,2,10,0,6|8|6|6|6|6|6|6,255|255|255|255|255|255|255|255,8|-8|10|-10|10|-10|13|-13,-12|-12|-13|-13|-10|-10|-6|-6,0|0|0|0|0|0|0|0,24|24|24|24|24|24|24|24,214|214|214|214|214|214|214|214,0,0,0,4,255,208
154,120,3,2,2,2,0,0,0,3|3|0|0|0|0|0|0,255|255|0|0|0|0|0|0,0|0|0|0|0|0|0|0,6|6|0|0|0|0|0|0,0|0|0|0|0|0|0|0,-14|0|0|0|0|0|0|0,117|136|0|0|0|0|0|0,0,0,0,26,255,192
155,0,3,1,0,1,0,0,0,2|0|0|0|0|0|0|0,255|0|0|0|0|0|0|0,0|0|0|0|0|0|0|0,10|0|0|0|0|0|0|0,0|0|0|0|0|0|0|0,0|0|0|0|0|0|0|0,59|0|0|0|0|0|0|0,0,0,0,25,255,208
156,0,4,1,0,1,0,0,0,3|0|0|0|0|0|0|0,255|0|0|0|0|0|0|0,0|0|0|0|0|0|0|0,10|0|0|0|0|0|0|0,0|0|0|0|0|0|0|0,0|0|0|0|0|0|0|0,60|0|0|0|0|0|0|0,0,0,0,25,255,208
157,0,4,1,0,1,0,0,0,4|0|0|0|0|0|0|0,255|0|0|0|0|0|0|0,0|0|0|0|0|0|0|0,10|0|0|0|0|0|0|0,0|0|0|0|0|0|0|0,0|0|0|0|0|0|0|0,165|0|0|0|0|0|0|0,0,0,0,25,255,208
158,0,4,2,0,2,0,0,0,2|2|0|0|0|0|0|0,255|255|0|0|0|0|0|0,0|0|0|0|0|0|0|0,10|10|0|0|0|0|0|0,-6|6|0|0|0|0|0|0,0|0|0|0|0|0|0|0,59|59|0|0|0|0|0|0,0,0,0,25,255,208
159,0,5,3,0,3,0,0,0,3|1|1|0|0|0|0|0,255|255|255|0|0|0|0|0,0|0|0|0|0|0|0|0,10|10|10|0|0|0|0|0,0|-8|8|0|0|0|0|0,0|4|4|0|0|0|0|0,60|58|58|0|0|0|0|0,0,0,0,25,255,208
160,0,5,3,0,3,0,0,0,4|1|1|0|0|0|0|0,255|255|255|0|0|0|0|0,0|0|0|0|0|0|0|0,10|10|10|0|0|0|0|0,0|-9|9|0|0|0|0|0,0|4|4|0|0|0|0|0,165|58|58|0|0|0|0|0,0,0,0,25,255,208
161,0,5,3,0,3,0,0,0,2|2|2|0|0|0|0|0,255|255|255|0|0|0|0|0,0|0|0|0|0|0|0|0,10|10|10|0|0|0|0|0,0|-10|10|0|0|0|0|0,0|4|4|0|0|0|0|0,59|59|59|0|0|0|0|0,0,0,0,25,255,208
162,0,5,3,0,3,0,0,0,3|2|2|0|0|0|0|0,255|255|255|0|0|0|0|0,0|0|0|0|0|0|0|0,10|10|10|0|0|0|0|0,0|-10|10|0|0|0|0|0,0|4|4|0|0|0|0|0,60|59|59|0|0|0|0|0,0,0,0,25,255,208
163,0,5,5,0,5,0,0,0,3|2|2|1|1|0|0|0,255|255|255|255|255|0|0|0,0|0|0|0|0|0|0|0,10|10|10|10|10|0|0|0,0|-10|10|-18|18|0|0|0,0|4|4|8|8|0|0|0,60|59|59|58|58|0|0|0,0,0,0,25,255,208
164,0,5,5,0,5,0,0,0,3|2|2|2|2|0|0|0,255|255|255|255|255|0|0|0,0|0|0|0|0|0|0|0,10|10|10|10|10|0|0|0,0|-10|10|-20|20|0|0|0,0|4|4|8|8|0|0|0,60|59|59|59|59|0|0|0,0,0,0,25,255,208
165,0,5,5,0,5,0,0,0,5|2|2|2|2|0|0|0,255|255|255|255|255|0|0|0,0|0|0|0|0|0|0|0,10|10|10|10|10|0|0|0,0|-10|10|-24|24|0|0|0,0|4|4|8|8|0|0|0,62|59|59|59|59|0|0|0,0,0,0,25,255,208
166,0,3,1,0,1,0,0,0,2|0|0|0|0|0|0|0,255|0|0|0|0|0|0|0,0|0|0|0|0|0|0|0,10|0|0|0|0|0|0|0,0|0|0|0|0|0|0|0,0|0|0|0|0|0|0|0,59|0|0|0|0|0|0|0,0,0,0,25,255,208
167,0,3,2,0,2,0,0,0,1|1|0|0|0|0|0|0,255|255|0|0|0|0|0|0,-3|3|0|0|0|0|0|0,9|9|0|0|0|0|0|0,-4|4|0|0|0|0|0|0,0|0|0|0|0|0|0|0,201|202|0|0|0|0|0|0,0,0,0,25,255,208
168,0,4,3,0,3,0,0,0,1|1|1|0|0|0|0|0,255|255|255|0|0|0|0|0,-3|3|0|0|0|0|0|0,9|9|10|0|0|0|0|0,-4|4|0|0|0|0|0|0,0|0|0|0|0|0|0|0,201|202|58|0|0|0|0|0,0,0,0,25,255,208
169,0,4,3,0,3,0,0,0,1|1|2|0|0|0|0|0,255|255|255|0|0|0|0|0,-7|7|0|0|0|0|0|0,7|7|10|0|0|0|0|0,-5|5|0|0|0|0|0|0,0|0|0|0|0|0|0|0,163|164|59|0|0|0|0|0,0,0,0,25,255,208
170,0,5,5,0,5,0,0,0,1|1|1|1|1|0|0|0,255|255|255|255|255|0|0|0,-7|7|0|-3|3|0|0|0,7|7|10|9|9|0|0|0,-5|5|0|-4|4|0|0|0,0|0|0|0|0|0|0|0,163|164|58|201|202|0|0|0,0,0,0,25,255,208
171,0,5,5,0,5,0,0,0,1|1|2|1|1|0|0|0,255|255|255|255|255|0|0|0,-7|7|0|-3|3|0|0|0,7|7|10|9|9|0|0|0,-5|5|0|-4|4|0|0|0,0|0|0|0|0|0|0|0,163|164|59|201|202|0|0|0,0,0,0,25,255,208
172,0,5,3,0,3,0,0,0,3|3|1|0|0|0|0|0,255|255|255|0|0|0|0|0,-7|7|0|0|0|0|0|0,7|7|10|0|0|0|0|0,-5|5|0|0|0|0|0|0,0|0|0|0|0|0|0|0,121|122|58|0|0|0|0|0,0,0,0,25,255,208
173,0,5,3,0,3,0,0,0,3|3|2|0|0|0|0|0,255|255|255|0|0|0|0|0,-7|7|0|0|0|0|0|0,7|7|10|0|0|0|0|0,-5|5|0|0|0|0|0|0,0|0|0|0|0|0|0|0,121|122|59|0|0|0|0|0,0,0,0,25,255,208
174,0,5,5,0,5,0,0,0,3|3|1|1|1|0|0|0,255|255|255|255|255|0|0|0,-7|7|0|-3|3|0|0|0,7|7|10|9|9|0|0|0,-5|5|0|-4|4|0|0|0,0|0|0|0|0|0|0|0,121|122|58|201|202|0|0|0,0,0,0,25,255,208
175,0,5,5,0,5,0,0,0,3|3|2|1|1|0|0|0,255|255|255|255|255|0|0|0,-7|7|0|-3|3|0|0|0,7|7|10|9|9|0|0|0,-5|5|0|-4|4|0|0|0,0|0|0|0|0|0|0|0,121|122|59|201|202|0|0|0,0,0,0,25,255,208
176,0,5,5,0,5,0,0,0,3|3|2|2|2|0|0|0,255|255|255|255|255|0|0|0,-7|7|0|-3|3|0|0|0,7|7|10|9|9|0|0|0,-5|5|0|-4|4|0|0|0,0|0|0|0|0|0|0|0,121|122|59|279|280|0|0|0,0,0,0,25,255,208
177,0,8,1,0,1,0,0,0,251|0|0|0|0|0|0|0,255|0|0|0|0|0|0|0,0|0|0|0|0|0|0|0,2|0|0|0|0|0|0|0,0|0|0|0|0|0|0|0,0|0|0|0|0|0|0|0,65|0|0|0|0|0|0|0,1,0,0,10,255,208
178,0,8,2,0,2,0,0,0,251|251|0|0|0|0|0|0,255|255|0|0|0|0|0|0,-1|1|0|0|0|0|0|0,2|2|0|0|0|0|0|0,2|2|0|0|0|0|0|0,0|0|0|0|0|0|0|0,65|65|0|0|0|0|0|0,1,0,0,10,255,208
179,0,8,1,0,1,0,0,0,252|0|0|0|0|0|0|0,255|0|0|0|0|0|0|0,0|0|0|0|0|0|0|0,4|0|0|0|0|0|0|0,0|0|0|0|0|0|0|0,0|0|0|0|0|0|0|0,64|0|0|0|0|0|0|0,1,0,0,10,255,208
180,0,8,3,0,3,0,0,0,251|251|251|0|0|0|0|0,255|255|255|0|0|0|0|0,-2|2|0|0|0|0|0|0,2|2|2|0|0|0|0|0,-10|10|0|0|0|0|0|0,0|0|0|0|0|0|0|0,65|65|65|0|0|0|0|0,1,0,0,10,255,208
181,0,8,2,0,2,0,0,0,252|252|0|0|0|0|0|0,255|255|0|0|0|0|0|0,-1|1|0|0|0|0|0|0,2|2|0|0|0|0|0|0,-7|7|0|0|0|0|0|0,9|9|0|0|0|0|0|0,75|75|0|0|0|0|0|0,1,0,0,10,255,208
182,0,8,4,0,4,0,0,0,251|251|250|250|0|0|0|0,255|255|255|255|0|0|0|0,0|0|0|0|0|0|0|0,3|3|3|3|0|0|0|0,-6|6|-6|6|0|0|0|0,-7|-7|7|7|0|0|0|0,598|599|617|618|0|0|0|0,1,0,0,10,255,208
183,0,8,6,0,6,0,0,0,251|251|250|250|251|251|0|0,255|255|255|255|255|255|0|0,0|0|0|0|-1|1|0|0,3|3|3|3|2|2|0|0,-6|6|-6|6|-14|14|0|0,-7|-7|7|7|0|0|0|0,598|599|617|618|65|65|0|0,1,0,0,10,255,208
184,0,8,8,0,8,0,0,0,251|251|250|250|251|251|250|250,255|255|255|255|255|255|255|255,0|0|0|0|0|0|0|0,3|3|3|3|3|3|3|3,-18|-6|-18|-6|6|18|6|18,-7|-7|7|7|-7|-7|7|7,598|599|617|618|598|599|617|618,1,0,0,10,255,208
185,0,8,4,0,4,0,0,0,251|251|251|251|0|0|0|0,255|255|255|255|0|0|0|0,0|0|0|0|0|0|0|0,3|3|3|3|0|0|0|0,-6|6|-6|6|0|0|0|0,-7|-7|7|7|0|0|0|0,596|597|615|616|0|0|0|0,1,0,0,10,255,208
186,0,8,6,0,6,0,0,0,251|251|251|251|251|251|0|0,255|255|255|255|255|255|0|0,0|0|0|0|-1|1|0|0,3|3|3|3|2|2|0|0,-6|6|-6|6|-14|14|0|0,-7|-7|7|7|0|0|0|0,596|597|615|616|65|65|0|0,1,0,0,10,255,208
187,0,8,8,0,8,0,0,0,251|251|251|251|251|251|251|251,255|255|255|255|255|255|255|255,0|0|0|0|0|0|0|0,3|3|3|3|3|3|3|3,-18|-6|-18|-6|6|18|6|18,-7|-7|7|7|-7|-7|7|7,596|597|615|616|596|597|615|616,1,0,0,10,255,208
188,0,0,1,0,3,0,0,0,1|0|0|0|0|0|0|0,255|255|255|0|0|0|0|0,101|101|101|0|0|0|0|0,14|14|14|0|0|0|0|0,0|0|0|0|0|0|0|0,4|4|4|0|0|0|0|0,289|293|293|0|0|0|0|0,0,0,0,6,255,208
189,0,0,1,0,3,0,0,0,1|1|0|0|0|0|0|0,255|255|255|0|0|0|0|0,101|101|101|0|0|0|0|0,14|14|14|0|0|0|0|0,0|0|0|0|0|0|0|0,4|4|4|0|0|0|0|0,289|289|293|0|0|0|0|0,0,0,0,6,255,208
190,0,0,1,0,1,0,0,0,1|0|0|0|0|0|0|0,255|0|0|0|0|0|0|0,101|0|0|0|0|0|0|0,14|0|0|0|0|0|0|0,0|0|0|0|0|0|0|0,4|0|0|0|0|0|0|0,286|0|0|0|0|0|0|0,0,0,0,6,255,208
191,0,0,1,0,4,0,0,0,1|2|1|0|0|0|0|0,255|255|255|255|0|0|0|0,101|101|101|101|0|0|0|0,14|14|14|14|0|0|0|0,0|0|0|0|0|0|0|0,4|4|4|4|0|0|0|0,286|287|286|288|0|0|0|0,0,0,0,6,255,208
192,0,0,1,0,2,0,0,0,1|2|0|0|0|0|0|0,255|255|0|0|0|0|0|0,101|101|0|0|0|0|0|0,14|14|0|0|0|0|0|0,0|0|0|0|0|0|0|0,4|4|0|0|0|0|0|0,286|287|0|0|0|0|0|0,0,0,0,6,255,208
193,0,0,2,0,8,0,0,0,2|2|1|1|0|0|1|1,255|255|255|255|255|255|255|255,101|101|101|101|101|101|101|101,14|14|14|14|14|14|14|14,-6|6|-6|6|-6|6|-6|6,4|4|4|4|4|4|4|4,287|287|286|286|288|288|286|286,0,0,0,6,255,208
194,0,0,1,0,4,0,0,0,2|4|2|0|0|0|0|0,255|255|255|255|0|0|0|0,101|101|101|101|0|0|0|0,14|14|14|14|0|0|0|0,0|0|0|0|0|0|0|0,4|4|4|4|0|0|0|0,290|291|290|292|0|0|0|0,0,0,0,6,255,208
195,0,0,3,0,6,0,0,0,1|1|1|2|0|0|0|0,255|255|255|255|255|255|0|0,101|101|101|101|101|101|0|0,14|14|14|14|14|14|0|0,0|-10|10|0|-10|10|0|0,4|4|4|4|4|4|0|0,286|289|289|287|293|293|0|0,0,0,0,6,255,208
196,0,0,3,0,6,0,0,0,0|2|2|1|1|1|0|0,255|255|255|255|255|255|0|0,101|101|101|101|101|101|0|0,14|14|14|14|14|14|0|0,0|-10|10|0|-10|10|0|0,4|4|4|4|4|4|0|0,293|287|287|289|286|286|0|0,0,0,0,6,255,208
197,0,0,3,0,6,0,0,0,2|1|1|4|0|0|0|0,255|255|255|255|255|255|0|0,101|101|101|101|101|101|0|0,14|14|14|14|14|14|0|0,0|-10|10|0|-10|10|0|0,4|4|4|4|4|4|0|0,290|289|289|291|293|293|0|0,0,0,0,6,255,208
198,0,0,3,0,6,0,0,0,2|2|2|4|1|1|0|0,255|255|255|255|255|255|0|0,101|101|101|101|101|101|0|0,14|14|14|14|14|14|0|0,0|-10|10|0|-10|10|0|0,4|4|4|4|4|4|0|0,290|287|287|291|286|286|0|0,0,0,0,6,255,208
199,0,9,3,0,3,0,0,0,4|2|1|0|0|0|0|0,255|255|255|0|0|0|0|0,120|120|120|0|0|0|0|0,8|8|8|0|0|0|0|0,0|0|0|0|0|0|0|0,-14|0|14|0|0|0|0|0,97|116|135|0|0|0|0|0,1,0,0,14,255,208
200,0,8,4,0,4,0,0,0,4|2|2|1|0|0|0|0,255|255|255|255|0|0|0|0,120|120|120|120|0|0|0|0,9|9|8|8|0|0|0|0,0|0|0|0|0|0|0|0,-14|0|0|14|0|0|0|0,97|116|116|135|0|0|0|0,1,0,0,14,255,208
201,0,8,5,0,5,0,0,0,4|2|2|2|1|0|0|0,255|255|255|255|255|0|0|0,120|120|120|120|120|0|0|0,9|9|8|7|7|0|0|0,0|0|0|0|0|0|0|0,-14|0|0|0|14|0|0|0,97|116|116|116|135|0|0|0,1,0,0,14,255,208
202,0,7,6,0,6,0,0,0,4|2|2|2|2|1|0|0,255|255|255|255|255|255|0|0,120|120|120|120|120|120|0|0,9|9|8|7|6|6|0|0,0|0|0|0|0|0|0|0,-14|0|0|0|0|14|0|0,97|116|116|116|116|135|0|0,1,0,0,14,255,208
203,0,7,8,0,8,0,0,0,4|2|2|2|2|2|2|1,255|255|255|255|255|255|255|255,120|120|120|120|120|120|120|120,9|9|8|7|6|5|4|4,0|0|0|0|0|0|0|0,-14|0|0|0|0|0|0|14,97|116|116|116|116|116|116|135,1,0,0,14,255,208
204,0,7,8,0,8,0,0,0,4|2|2|1|4|2|2|1,255|255|255|255|255|255|255|255,-1|-1|-1|-1|1|1|1|1,14|14|13|13|14|14|13|13,0|0|0|0|0|0|0|0,-14|0|0|14|-14|0|0|14,97|116|116|135|97|116|116|135,1,0,0,14,255,208
205,0,7,8,0,8,0,0,0,4|2|1|4|2|1|4|2,255|255|255|255|255|255|255|255,-3|-3|-3|3|3|3|0|0,14|14|14|14|14|14|14|14,0|0|0|0|0|0|0|0,-14|0|14|-14|0|14|-18|-4,97|116|135|97|116|135|97|135,1,0,0,14,255,208
206,0,6,8,0,8,0,0,0,4|2|1|4|2|1|12|4,255|255|255|255|255|255|255|255,-3|-3|-3|3|3|3|0|0,14|14|14|14|14|14|14|14,0|0|0|0|0|0|0|0,-14|0|14|-14|0|14|-18|-4,97|116|135|97|116|135|101|139,1,0,0,14,255,208
207,0,6,8,0,8,0,0,0,4|2|4|2|12|4|4|2,255|255|255|255|255|255|255|255,-3|-3|3|3|0|0|0|0,14|14|14|14|14|14|13|13,0|0|0|0|0|0|0|0,0|14|0|14|-18|-4|-4|10,97|135|101|139|101|120|120|139,1,0,0,14,255,208
208,0,7,8,0,8,0,0,0,12|4|4|4|4|4|4|2,255|255|255|255|255|255|255|255,120|120|120|120|120|120|120|120,9|9|8|7|6|5|4|4,0|0|0|0|0|0|0|0,-14|0|0|0|0|0|0|14,101|120|120|120|120|120|120|139,1,0,0,14,255,208
209,0,7,8,0,8,0,0,0,12|4|4|2|12|4|4|2,255|255|255|255|255|255|255|255,0|0|0|0|0|0|0|0,14|14|13|13|14|14|13|13,-8|-8|-8|-8|8|8|8|8,-14|0|0|14|-14|0|0|14,101|120|120|139|101|120|120|139,1,0,0,14,255,208
210,0,4,1,0,1,0,0,0,3|0|0|0|0|0|0|0,255|0|0|0|0|0|0|0,0|0|0|0|0|0|0|0,10|0|0|0|0|0|0|0,0|0|0|0|0|0|0|0,0|0|0|0|0|0|0|0,227|0|0|0|0|0|0|0,1,0,0,5,255,208
211,0,5,1,0,1,0,0,0,5|0|0|0|0|0|0|0,255|0|0|0|0|0|0|0,0|0|0|0|0|0|0|0,11|0|0|0|0|0|0|0,0|0|0|0|0|0|0|0,0|0|0|0|0|0|0|0,214|0|0|0|0|0|0|0,1,0,0,5,255,208
212,0,4,1,0,1,0,0,0,3|0|0|0|0|0|0|0,98|0|0|0|0|0|0|0,0|0|0|0|0|0|0|0,10|0|0|0|0|0|0|0,0|0|0|0|0|0|0|0,0|0|0|0|0|0|0|0,227|0|0|0|0|0|0|0,1,0,0,5,255,208
213,0,4,1,0,1,0,0,0,5|0|0|0|0|0|0|0,98|0|0|0|0|0|0|0,0|0|0|0|0|0|0|0,11|0|0|0|0|0|0|0,0|0|0|0|0|0|0|0,0|0|0|0|0|0|0|0,214|0|0|0|0|0|0|0,1,0,0,5,255,208
214,0,5,2,0,2,0,0,0,3|3|0|0|0|0|0|0,98|98|0|0|0|0|0|0,0|0|0|0|0|0|0|0,10|10|0|0|0|0|0|0,-6|6|0|0|0|0|0|0,0|0|0|0|0|0|0|0,227|227|0|0|0|0|0|0,1,0,0,5,255,208
215,0,4,2,0,2,0,0,0,5|3|0|0|0|0|0|0,98|98|0|0|0|0|0|0,0|0|0|0|0|0|0|0,11|10|0|0|0|0|0|0,-2|-2|0|0|0|0|0|0,0|0|0|0|0|0|0|0,214|227|0|0|0|0|0|0,1,0,4,5,255,208
216,0,4,2,0,2,0,0,0,5|5|0|0|0|0|0|0,98|98|0|0|0|0|0|0,0|0|0|0|0|0|0|0,11|9|0|0|0|0|0|0,-2|-2|0|0|0|0|0|0,0|0|0|0|0|0|0|0,214|214|0|0|0|0|0|0,1,0,4,5,255,208
217,0,4,3,0,3,0,0,0,5|5|3|0|0|0|0|0,98|98|98|0|0|0|0|0,0|0|0|0|0|0|0|0,9|7|5|0|0|0|0|0,-2|-2|-2|0|0|0|0|0,0|0|0|0|0|0|0|0,214|214|227|0|0|0|0|0,1,0,5,5,255,208
218,0,4,4,0,4,0,0,0,5|3|3|3|0|0|0|0,98|98|98|98|0|0|0|0,0|0|-4|4|0|0|0|0,8|6|8|8|0|0|0|0,-2|-2|-2|-2|0|0|0|0,0|0|0|0|0|0|0|0,214|227|227|227|0|0|0|0,1,0,4,5,255,208
219,0,4,4,0,4,0,0,0,5|3|5|5|0|0|0|0,98|98|98|98|0|0|0|0,0|0|-4|4|0|0|0|0,8|6|8|8|0|0|0|0,-2|-2|-2|-2|0|0|0|0,0|0|0|0|0|0|0|0,214|227|214|214|0|0|0|0,1,0,1,5,255,208
220,0,4,4,0,4,0,0,0,5|3|5|5|0|0|0|0,98|98|98|98|0|0|0|0,0|0|-4|4|0|0|0|0,1|-1|0|0|0|0|0|0,-2|-2|-2|-2|0|0|0|0,0|0|0|0|0|0|0|0,214|227|214|214|0|0|0|0,1,0,4,5,255,208
221,0,1,1,0,2,0,0,0,1|1|0|0|0|0|0|0,98|98|0|0|0|0|0|0,0|0|0|0|0|0|0|0,20|20|0|0|0|0|0|0,-4|4|0|0|0|0|0|0,0|0|0|0|0|0|0|0,67|67|0|0|0|0|0|0,-1,0,0,20,255,208
222,0,1,1,0,4,0,0,0,1|1|1|1|0|0|0|0,98|98|98|98|0|0|0|0,-1|0|1|0|0|0|0|0,20|20|20|20|0|0|0|0,-6|0|6|0|0|0|0|0,0|0|0|0|0|0|0|0,67|67|67|67|0|0|0|0,-1,0,0,20,255,208
223,0,1,1,0,4,0,0,0,1|1|1|1|0|0|0|0,98|98|98|98|0|0|0|0,-2|0|2|0|0|0|0|0,20|20|20|20|0|0|0|0,-6|0|6|0|0|0|0|0,0|0|0|0|0|0|0|0,67|67|67|67|0|0|0|0,-1,0,0,20,255,208
224,0,1,1,0,6,0,0,0,1|1|1|1|1|1|0|0,98|98|98|98|98|98|0|0,-1|0|0|1|0|0|0|0,20|20|20|20|20|20|0|0,-6|-2|2|6|2|-2|0|0,0|0|0|0|0|0|0|0,67|67|67|67|67|67|0|0,-1,0,0,20,255,208
225,0,1,1,0,8,0,0,0,1|1|1|1|1|1|1|1,98|98|98|98|98|98|98|98,-2|-1|0|1|2|1|0|-1,20|20|20|20|20|20|20|20,-8|-4|0|4|8|4|0|-4,0|0|0|0|0|0|0|0,67|67|67|67|67|67|67|67,-1,0,0,20,255,208
226,0,1,1,0,8,0,0,0,1|1|1|1|1|1|1|1,98|98|98|98|98|98|98|98,-2|-1|0|1|2|1|0|-1,20|20|20|20|20|20|20|20,-8|-4|0|4|8|4|0|-4,0|0|0|0|0|0|0|0,67|67|67|67|67|67|67|67,-1,0,0,20,255,208
227,0,2,1,0,4,0,0,0,2|2|2|2|0|0|0|0,98|98|98|98|0|0|0|0,-1|0|1|0|0|0|0|0,20|20|20|20|0|0|0|0,-6|0|6|0|0|0|0|0,0|0|0|0|0|0|0|0,70|70|70|70|0|0|0|0,-1,0,0,20,255,208
228,0,2,1,0,6,0,0,0,2|2|2|2|2|2|0|0,98|98|98|98|98|98|0|0,-1|0|0|1|0|0|0|0,20|20|20|20|20|20|0|0,-6|-2|2|6|2|-2|0|0,0|0|0|0|0|0|0|0,70|70|70|70|70|70|0|0,-1,0,0,20,255,208
229,0,2,1,0,8,0,0,0,2|2|2|2|2|2|2|2,98|98|98|98|98|98|98|98,-2|-1|0|1|2|1|0|-1,20|20|20|20|20|20|20|20,-8|-4|0|4|8|4|0|-4,0|0|0|0|0|0|0|0,70|70|70|70|70|70|70|70,-1,0,0,20,255,208
230,0,1,1,0,8,0,0,0,2|2|2|2|2|2|2|2,98|98|98|98|98|98|98|98,-2|-1|0|1|2|1|0|-1,20|20|20|20|20|20|20|20,-8|-4|0|4|8|4|0|-4,0|0|0|0|0|0|0|0,70|70|70|70|70|70|70|70,-1,0,0,20,255,208
231,0,0,1,0,8,0,0,0,2|2|2|2|2|2|2|2,98|98|98|98|98|98|98|98,-2|-1|0|1|2|1|0|-1,20|20|20|20|20|20|20|20,-8|-4|0|4|8|4|0|-4,0|0|0|0|0|0|0|0,70|70|70|70|70|70|70|70,-1,0,0,20,255,208
232,0,5,3,2,3,0,0,0,1|1|1|0|0|0|0|0,255|255|255|0|0|0|0|0,0|0|0|0|0|0|0|0,22|22|22|0|0|0|0|0,0|0|0|0|0|0|0|0,-22|-8|6|0|0|0|0|0,191|191|191|0|0|0|0|0,0,0,0,15,255,128
233,0,5,4,2,4,0,0,0,1|1|1|1|0|0|0|0,255|255|255|255|0|0|0|0,0|0|0|0|0|0|0|0,22|22|22|22|0|0|0|0,0|0|0|0|0|0|0|0,-22|-8|6|20|0|0|0|0,191|191|191|191|0|0|0|0,0,0,0,15,255,128
234,0,5,6,2,6,0,0,0,1|1|1|1|1|2|0|0,255|255|255|255|255|255|0|0,0|0|0|0|0|0|0|0,22|22|22|22|22|-12|0|0,0|0|0|0|0|0|0|0,-22|-8|6|20|34|0|0|0,191|191|191|191|191|191|0|0,0,0,0,15,255,128
235,0,5,7,2,7,0,0,0,1|1|1|1|1|2|2|0,255|255|255|255|255|255|255|0,0|0|0|0|0|0|0|0,22|22|22|22|22|-12|-12|0,0|0|0|0|0|0|0|0,-22|-8|6|20|34|0|-14|0,191|191|191|191|191|191|191|0,0,0,0,15,255,128
236,0,5,6,2,6,0,0,0,1|1|1|1|2|2|0|0,255|255|255|255|101|101|0|0,0|0|0|0|-10|10|0|0,22|22|22|22|10|10|0|0,0|0|0|0|0|0|0|0,-22|-8|6|20|0|0|0|0,191|191|191|191|194|196|0|0,0,0,0,15,255,128
237,0,5,8,2,8,0,0,0,1|1|1|1|2|2|2|2,255|255|255|255|101|101|101|101,0|0|0|0|-10|10|-10|10,22|22|22|22|10|10|10|10,0|0|0|0|0|0|12|-12,-22|-8|6|20|0|0|14|14,191|191|191|191|194|196|194|196,0,0,0,15,255,128
238,0,5,6,2,6,0,0,0,3|1|1|1|2|2|0|0,103|103|103|103|101|101|0|0,0|0|0|0|-10|10|0|0,22|22|22|22|10|10|0|0,0|0|0|0|0|0|0|0,-22|-8|6|20|0|0|0|0,210|229|248|267|194|196|0|0,0,0,0,15,255,128
239,0,5,8,2,8,0,0,0,3|1|1|1|2|2|2|2,103|103|103|103|101|101|101|101,0|0|0|0|-10|10|-10|10,22|22|22|22|10|10|10|10,0|0|0|0|0|0|12|-12,-22|-8|6|20|0|0|14|14,210|229|248|267|194|196|194|196,0,0,0,15,255,128
240,0,5,8,2,8,0,0,0,3|1|1|1|2|2|2|2,103|103|103|103|101|101|101|101,0|0|0|0|-7|7|-7|7,22|22|22|22|10|10|10|10,0|0|0|0|0|0|12|-12,-22|-8|6|20|0|0|14|14,210|229|248|267|194|196|194|196,0,0,0,15,255,128
241,0,2,4,2,8,0,0,0,3|1|1|1|3|1|1|1,103|103|103|103|103|103|103|103,0|0|0|0|0|0|0|0,22|22|22|22|22|22|22|22,-8|-8|-8|-8|8|8|8|8,-22|-8|6|20|-22|-8|6|20,210|229|248|267|210|229|248|267,0,0,0,15,255,128
242,0,1,8,2,8,0,0,0,1|1|1|1|1|1|1|1,103|103|103|103|103|103|103|103,0|0|0|0|0|0|0|0,22|22|22|22|22|22|22|22,-8|-8|-8|-8|8|8|8|8,-22|-8|6|20|-22|-8|6|20,210|229|248|267|210|229|248|267,0,0,0,15,255,128
243,0,2,1,9,6,0,0,0,2|2|2|2|2|2|0|0,10|10|10|10|10|10|0|0,-10|10|-10|10|-12|12|0|0,4|-4|-4|4|0|0|0|0,0|0|0|0|0|0|0|0,0|0|0|0|0|0|0|0,172|172|172|172|172|172|0|0,0,0,0,0,255,112
244,0,2,1,9,8,0,0,0,2|2|2|2|2|2|2|2,10|10|10|10|10|10|10|10,-9|9|-9|9|-10|10|-10|10,6|-6|-6|6|-3|3|3|-3,0|0|0|0|0|0|0|0,0|0|0|0|0|0|0|0,172|172|172|172|172|172|172|172,0,0,0,0,255,112
245,0,1,1,9,6,0,0,0,2|2|2|2|2|2|0|0,10|10|10|10|10|10|0|0,-10|10|-10|10|-12|12|0|0,4|-4|-4|4|0|0|0|0,0|0|0|0|0|0|0|0,0|0|0|0|0|0|0|0,172|172|172|172|172|172|0|0,0,0,0,0,255,112
246,0,1,1,9,8,0,0,0,2|2|2|2|2|2|2|2,10|10|10|10|10|10|10|10,-9|9|-9|9|-10|10|-10|10,6|-6|-6|6|-3|3|3|-3,0|0|0|0|0|0|0|0,0|0|0|0|0|0|0|0,172|172|172|172|172|172|172|172,0,0,0,0,255,112
247,0,2,2,9,6,0,0,0,2|2|2|2|2|2|0|0,10|10|10|10|10|10|0|0,-10|10|-10|10|-12|12|0|0,4|-4|-4|4|0|0|0|0,0|0|0|0|0|0|0|0,0|0|0|0|0|0|0|0,172|172|172|172|172|172|0|0,0,0,0,0,255,112
248,0,2,2,9,8,0,0,0,2|2|2|2|2|2|2|2,10|10|10|10|10|10|10|10,-9|9|-9|9|-10|10|-10|10,6|-6|-6|6|-3|3|3|-3,0|0|0|0|0|0|0|0,0|0|0|0|0|0|0|0,172|172|172|172|172|172|172|172,0,0,0,0,255,112
249,0,1,2,9,6,0,0,0,2|2|2|2|2|2|0|0,10|10|10|10|10|10|0|0,-10|10|-10|10|-12|12|0|0,4|-4|-4|4|0|0|0|0,0|0|0|0|0|0|0|0,0|0|0|0|0|0|0|0,172|172|172|172|172|172|0|0,0,0,0,0,255,112
250,0,1,2,9,8,0,0,0,2|2|2|2|2|2|2|2,10|10|10|10|10|10|10|10,-9|9|-9|9|-10|10|-10|10,6|-6|-6|6|-3|3|3|-3,0|0|0|0|0|0|0|0,0|0|0|0|0|0|0|0,172|172|172|172|172|172|172|172,0,0,0,0,255,112
251,0,2,4,9,8,0,0,0,2|2|2|2|2|2|2|2,10|10|10|10|10|10|10|10,-9|9|-9|9|-10|10|-10|10,6|-6|-6|6|-3|3|3|-3,0|0|0|0|0|0|0|0,0|0|0|0|0|0|0|0,172|172|172|172|172|172|172|172,0,0,0,0,255,112
252,0,3,6,9,6,0,0,0,2|2|2|2|2|2|0|0,10|10|10|10|10|10|0|0,-10|10|-10|10|-12|12|0|0,4|-4|-4|4|0|0|0|0,0|0|0|0|0|0|0|0,0|0|0|0|0|0|0|0,172|172|172|172|172|172|0|0,0,0,0,0,255,112
253,0,2,8,9,8,0,0,0,2|2|2|2|2|2|2|2,10|10|10|10|10|10|10|10,-9|9|-9|9|-10|10|-10|10,6|-6|-6|6|-3|3|3|-3,0|0|0|0|0|0|0|0,0|0|0|0|0|0|0|0,172|172|172|172|172|172|172|172,0,0,0,0,255,112
254,0,4,1,0,2,0,0,0,1|1|0|0|0|0|0|0,255|255|0|0|0|0|0|0,-10|10|0|0|0|0|0|0,0|0|0|0|0|0|0|0,0|0|0|0|0|0|0|0,0|0|0|0|0|0|0|0,39|1|0|0|0|0|0|0,0,0,0,25,255,208
255,0,6,2,0,2,0,0,0,1|1|0|0|0|0|0|0,255|255|0|0|0|0|0|0,-10|10|0|0|0|0|0|0,0|0|0|0|0|0|0|0,0|0|0|0|0|0|0|0,0|0|0|0|0|0|0|0,39|1|0|0|0|0|0|0,0,0,0,25,255,208
256,0,6,2,0,2,0,0,0,2|2|0|0|0|0|0|0,255|255|0|0|0|0|0|0,-10|10|0|0|0|0|0|0,0|0|0|0|0|0|0|0,0|0|0|0|0|0|0|0,0|0|0|0|0|0|0|0,40|2|0|0|0|0|0|0,0,0,0,25,255,208
257,0,6,5,0,5,0,0,0,1|1|1|1|1|0|0|0,255|255|255|255|255|0|0|0,-9|9|9|-9|0|0|0|0,2|2|-2|-2|-10|0|0|0,-2|2|2|-2|0|0|0|0,0|0|0|0|0|0|0|0,281|282|301|300|77|0|0|0,0,0,0,25,255,208
258,0,6,2,0,2,0,0,0,3|3|0|0|0|0|0|0,255|255|0|0|0|0|0|0,-10|10|0|0|0|0|0|0,0|0|0|0|0|0|0|0,0|0|0|0|0|0|0|0,0|0|0|0|0|0|0|0,41|3|0|0|0|0|0|0,0,0,0,25,255,208
259,0,6,3,0,3,0,0,0,3|3|1|0|0|0|0|0,255|255|255|0|0|0|0|0,-10|10|0|0|0|0|0|0,0|0|-10|0|0|0|0|0,0|0|0|0|0|0|0|0,0|0|0|0|0|0|0|0,41|3|77|0|0|0|0|0,0,0,0,25,255,208
260,0,6,4,0,4,0,0,0,2|2|2|2|0|0|0|0,255|255|255|255|0|0|0|0,-9|9|9|-9|0|0|0|0,2|2|-2|-2|0|0|0|0,-2|2|2|-2|0|0|0|0,0|0|0|0|0|0|0|0,277|278|297|296|0|0|0|0,0,0,0,25,255,208
261,0,6,6,0,6,0,0,0,2|2|2|2|1|1|0|0,255|255|255|255|255|255|0|0,-9|9|9|-9|-10|10|0|0,2|2|-2|-2|0|0|0|0,-2|2|2|-2|0|0|0|0,0|0|0|0|0|0|0|0,277|278|297|296|39|1|0|0,0,0,0,25,255,208
262,0,6,6,0,6,0,0,0,2|2|2|2|3|3|0|0,255|255|255|255|255|255|0|0,-9|9|9|-9|-10|10|0|0,2|2|-2|-2|0|0|0|0,-2|2|2|-2|0|0|0|0,0|0|0|0|0|0|0|0,277|278|297|296|41|3|0|0,0,0,0,25,255,208
263,0,6,6,0,6,0,0,0,2|2|2|2|4|4|0|0,255|255|255|255|255|255|0|0,-9|9|9|-9|-10|10|0|0,2|2|-2|-2|0|0|0|0,-2|2|2|-2|0|0|0|0,0|0|0|0|0|0|0|0,277|278|297|296|203|222|0|0,0,0,0,25,255,208
264,0,6,6,0,6,0,0,0,2|2|2|2|5|5|0|0,255|255|255|255|255|255|0|0,-9|9|9|-9|-10|10|0|0,2|2|-2|-2|0|0|0|0,-2|2|2|-2|0|0|0|0,0|0|0|0|0|0|0|0,277|278|297|296|43|5|0|0,0,0,0,25,255,208
265,0,3,1,0,4,0,0,0,1|1|1|1|0|0|0|0,255|255|255|255|0|0|0|0,-9|9|9|-9|0|0|0|0,2|2|-2|-2|0|0|0|0,-2|2|2|-2|0|0|0|0,0|0|0|0|0|0|0|0,281|282|301|300|0|0|0|0,0,0,0,25,255,208
266,0,4,2,0,4,0,0,0,1|1|1|1|0|0|0|0,255|255|255|255|0|0|0|0,-9|9|9|-9|0|0|0|0,2|2|-2|-2|0|0|0|0,-2|2|2|-2|0|0|0|0,0|0|0|0|0|0|0|0,281|282|301|300|0|0|0|0,0,0,0,25,255,208
267,0,6,4,0,4,0,0,0,1|1|1|1|0|0|0|0,255|255|255|255|0|0|0|0,-9|9|9|-9|0|0|0|0,2|2|-2|-2|0|0|0|0,-2|2|2|-2|0|0|0|0,0|0|0|0|0|0|0|0,281|282|301|300|0|0|0|0,0,0,0,25,255,208
268,0,6,5,0,5,0,0,0,1|1|1|1|1|0|0|0,255|255|255|255|255|0|0|0,-6|6|6|-6|0|0|0|0,6|6|-6|-6|-10|0|0|0,-4|4|4|-4|0|0|0|0,0|0|0|0|0|0|0|0,163|164|183|182|77|0|0|0,0,0,0,25,255,208
269,0,6,4,0,4,0,0,0,2|2|1|1|0|0|0|0,255|255|255|255|0|0|0|0,-9|9|6|-6|0|0|0|0,2|2|-6|-6|0|0|0|0,-2|2|4|-4|0|0|0|0,0|0|0|0|0|0|0|0,277|278|183|182|0|0|0|0,0,0,0,25,255,208
270,0,6,5,0,5,0,0,0,2|2|1|1|1|0|0|0,255|255|255|255|255|0|0|0,-9|9|6|-6|0|0|0|0,2|2|-6|-6|-10|0|0|0,-2|2|4|-4|0|0|0|0,0|0|0|0|0|0|0|0,277|278|183|182|77|0|0|0,0,0,0,25,255,208
271,0,6,5,0,5,0,0,0,2|2|2|2|1|0|0|0,255|255|255|255|255|0|0|0,-9|9|6|-6|0|0|0|0,2|2|-6|-6|-10|0|0|0,-2|2|4|-4|0|0|0|0,0|0|0|0|0|0|0|0,277|278|295|294|77|0|0|0,0,0,0,25,255,208
272,0,6,7,0,7,0,0,0,2|2|2|2|1|1|1|0,255|255|255|255|255|255|255|0,-9|9|6|-6|0|-10|10|0,2|2|-6|-6|-10|0|0|0,-2|2|4|-4|0|0|0|0,0|0|0|0|0|0|0|0,277|278|295|294|77|39|1|0,0,0,0,25,255,208
273,0,6,7,0,7,0,0,0,2|2|2|2|1|2|2|0,255|255|255|255|255|255|255|0,-9|9|6|-6|0|-2|2|0,2|2|-6|-6|-10|-9|-9|0,-2|2|4|-4|0|-4|4|0,0|0|0|0|0|0|0|0,277|278|295|294|77|298|299|0,0,0,0,25,255,208
274,0,6,8,0,8,0,0,0,2|2|2|2|2|2|1|1,255|255|255|255|255|255|255|255,-9|9|6|-6|-2|2|-10|10,2|2|-6|-6|-9|-9|0|0,-2|2|4|-4|-4|4|0|0,0|0|0|0|0|0|0|0,277|278|295|294|298|299|39|1,0,0,0,25,255,208
275,0,6,8,0,8,0,0,0,2|2|2|2|2|2|2|2,255|255|255|255|255|255|255|255,-9|9|6|-6|-2|2|-10|10,2|2|-6|-6|-9|-9|0|0,-2|2|4|-4|-4|4|0|0,0|0|0|0|0|0|0|0,277|278|295|294|298|299|40|2,0,0,0,25,255,208
276,0,6,2,0,2,0,0,0,1|1|0|0|0|0|0|0,100|100|0|0|0|0|0|0,-13|13|0|0|0|0|0|0,0|0|0|0|0|0|0|0,-2|2|0|0|0|0|0|0,0|0|0|0|0|0|0|0,6|44|0|0|0|0|0|0,0,0,0,13,255,208
277,0,6,3,0,3,0,0,0,1|1|1|0|0|0|0|0,100|100|98|0|0|0|0|0,-13|13|0|0|0|0|0|0,0|0|13|0|0|0|0|0,-2|2|0|0|0|0|0|0,0|0|0|0|0|0|0|0,6|44|63|0|0|0|0|0,0,0,0,13,255,208
278,0,6,4,0,4,0,0,0,1|1|1|1|0|0|0|0,100|100|98|98|0|0|0|0,-13|13|-2|2|0|0|0|0,0|0|13|13|0|0|0|0,-2|2|-4|4|0|0|0|0,0|0|0|0|0|0|0|0,6|44|224|223|0|0|0|0,0,0,0,13,255,208
279,0,6,3,0,3,0,0,0,2|2|1|0|0|0|0|0,100|100|98|0|0|0|0|0,-13|13|0|0|0|0|0|0,0|0|13|0|0|0|0|0,-2|2|0|0|0|0|0|0,0|0|0|0|0|0|0|0,16|54|63|0|0|0|0|0,0,0,0,13,255,208
280,0,6,4,0,4,0,0,0,2|2|1|1|0|0|0|0,100|100|98|98|0|0|0|0,-13|13|-2|2|0|0|0|0,0|0|13|13|0|0|0|0,-2|2|-4|4|0|0|0|0,0|0|0|0|0|0|0|0,16|54|224|223|0|0|0|0,0,0,0,13,255,208
281,0,6,6,0,6,0,0,0,2|2|2|2|1|1|0|0,100|100|100|100|98|98|0|0,-13|13|-13|13|-2|2|0|0,-1|-1|1|1|13|13|0|0,-2|2|-2|2|-4|4|0|0,4|4|-4|-4|0|0|0|0,16|54|16|54|224|223|0|0,0,0,0,13,255,208
282,0,6,6,0,6,0,0,0,3|3|3|3|1|1|0|0,100|100|100|100|98|98|0|0,-13|13|-13|13|-2|2|0|0,0|0|0|0|13|13|0|0,-2|2|-2|2|-4|4|0|0,-7|-7|7|7|0|0|0|0,105|106|124|125|224|223|0|0,0,0,0,13,255,208
283,0,6,6,0,6,0,0,0,3|3|3|3|2|1|0|0,100|100|100|100|98|98|0|0,-13|13|-13|13|0|0|0|0,0|0|0|0|13|-13|0|0,-2|2|-2|2|0|0|0|0,-7|-7|7|7|0|0|0|0,105|106|124|125|73|82|0|0,0,0,0,13,255,208
284,0,6,7,0,7,0,0,0,3|3|3|3|2|1|1|0,100|100|100|100|98|98|98|0,-13|13|-13|13|0|-2|2|0,0|0|0|0|13|-13|-13|0,-2|2|-2|2|0|-4|4|0,-7|-7|7|7|0|0|0|0,105|106|124|125|73|243|242|0,0,0,0,13,255,208
285,0,6,7,0,7,0,0,0,3|3|3|3|2|2|2|0,100|100|100|100|98|98|98|0,-13|13|-13|13|0|-9|9|0,0|0|0|0|13|-9|-9|0,-2|2|-2|2|0|-9|9|0,-7|-7|7|7|0|0|0|0,105|106|124|125|73|130|131|0,0,0,0,13,255,208
286,0,6,8,0,8,0,0,0,3|3|3|3|2|2|2|2,100|100|100|100|98|98|98|98,-13|13|-13|13|-9|9|-9|9,0|0|0|0|-9|-9|9|9,-2|2|-2|2|-9|9|-9|9,-7|-7|7|7|0|0|0|0,105|106|124|125|130|131|149|150,0,0,0,13,255,208
287,0,6,1,0,1,0,0,0,2|0|0|0|0|0|0|0,98|0|0|0|0|0|0|0,0|0|0|0|0|0|0|0,0|0|0|0|0|0|0|0,0|0|0|0|0|0|0|0,0|0|0|0|0|0|0|0,73|0|0|0|0|0|0|0,1,0,0,13,255,208
288,0,6,3,0,3,0,0,0,2|1|1|0|0|0|0|0,98|98|98|0|0|0|0|0,0|-1|1|0|0|0|0|0,0|-1|-1|0|0|0|0|0,0|-4|4|0|0|0|0|0,0|0|0|0|0|0|0|0,73|63|63|0|0|0|0|0,1,0,0,13,255,208
289,0,6,4,0,4,0,0,0,1|1|1|1|0|0|0|0,98|98|98|98|0|0|0|0,-1|1|-2|2|0|0|0|0,0|0|-1|-1|0|0|0|0,-4|4|-8|8|0|0|0|0,0|0|0|0|0|0|0|0,63|63|63|63|0|0|0|0,1,0,0,13,255,208
290,0,6,5,0,5,0,0,0,1|1|1|1|1|0|0|0,98|98|98|98|98|0|0|0,-1|1|-2|2|0|0|0|0,-1|-1|-2|-2|0|0|0|0,-4|4|-8|8|0|0|0|0,0|0|0|0|0|0|0|0,63|63|63|63|63|0|0|0,1,0,0,13,255,208
291,0,6,4,0,4,0,0,0,2|2|1|1|0|0|0|0,98|98|98|98|0|0|0|0,-1|1|-3|3|0|0|0|0,0|0|-1|-1|0|0|0|0,-4|4|-8|8|0|0|0|0,0|0|0|0|0|0|0|0,73|73|63|63|0|0|0|0,1,0,0,13,255,208
292,0,6,4,0,4,0,0,0,3|3|1|1|0|0|0|0,98|98|98|98|0|0|0|0,0|0|-2|2|0|0|0|0,1|1|-1|-1|0|0|0|0,-6|6|-8|8|0|0|0|0,0|0|0|0|0|0|0|0,143|144|63|63|0|0|0|0,1,0,0,13,255,208
293,0,6,4,0,4,0,0,0,3|3|2|2|0|0|0|0,98|98|98|98|0|0|0|0,0|0|-2|2|0|0|0|0,1|1|-1|-1|0|0|0|0,-6|6|-8|8|0|0|0|0,0|0|0|0|0|0|0|0,143|144|73|73|0|0|0|0,1,0,0,13,255,208
294,0,6,6,0,6,0,0,0,3|3|1|1|1|1|0|0,98|98|98|98|98|98|0|0,0|0|-1|1|-2|2|0|0,1|1|0|0|-1|-1|0|0,-6|6|-4|4|-8|8|0|0,0|0|0|0|0|0|0|0,143|144|63|63|63|63|0|0,1,0,0,13,255,208
295,0,6,6,0,6,0,0,0,3|3|2|2|1|1|0|0,98|98|98|98|98|98|0|0,0|0|-1|1|-3|3|0|0,1|1|0|0|-1|-1|0|0,-6|6|-4|4|-8|8|0|0,0|0|0|0|0|0|0|0,143|144|73|73|63|63|0|0,1,0,0,13,255,208
296,0,6,6,0,6,0,0,0,3|3|3|3|3|3|0|0,98|98|98|98|98|98|0|0,0|0|-3|-3|3|3|0|0,1|1|-2|-2|-2|-2|0|0,-6|6|-12|0|0|12|0|0,0|0|0|0|0|0|0|0,143|144|143|144|143|144|0|0,1,0,0,13,255,208
297,0,6,8,0,8,0,0,0,3|3|3|3|3|3|3|3,98|98|98|98|98|98|98|98,-1|-1|1|1|-3|-3|3|3,0|0|0|0|-2|-2|-2|-2,-12|0|0|12|-24|-12|12|24,0|0|0|0|0|0|0|0,143|144|143|144|143|144|143|144,1,0,0,13,255,208
298,80,20,8,3,8,0,0,0,128|128|128|128|128|128|128|128,255|255|255|255|255|255|255|255,0|0|1|-1|1|-1|1|-1,1|-1|1|1|-1|-1|0|0,0|0|0|0|0|0|0|0,0|0|0|0|0|0|0|0,271|271|271|271|271|271|271|271,0,0,0,8,255,208
299,0,90,1,3,1,0,0,0,99|0|0|0|0|0|0|0,255|0|0|0|0|0|0|0,120|0|0|0|0|0|0|0,2|0|0|0|0|0|0|0,-20|0|0|0|0|0|0|0,20|0|0|0|0|0|0|0,263|0|0|0|0|0|0|0,0,0,160,0,255,208
300,0,7,2,0,2,0,0,0,1|1|0|0|0|0|0|0,255|255|0|0|0|0|0|0,-10|10|0|0|0|0|0|0,0|0|0|0|0|0|0|0,0|0|0|0|0|0|0|0,0|0|0|0|0|0|0|0,227|227|0|0|0|0|0|0,0,0,0,26,255,208
301,0,7,2,0,2,0,0,0,2|2|0|0|0|0|0|0,107|107|0|0|0|0|0|0,-10|10|0|0|0|0|0|0,0|0|0|0|0|0|0|0,0|0|0|0|0|0|0|0,0|0|0|0|0|0|0|0,601|601|0|0|0|0|0|0,0,0,0,26,255,208
302,0,7,4,0,4,0,0,0,1|1|1|1|0|0|0|0,255|255|255|255|0|0|0|0,-9|9|9|-9|0|0|0|0,2|-2|2|-2|0|0|0|0,0|0|0|0|0|0|0|0,0|0|0|0|0|0|0|0,227|227|227|227|0|0|0|0,0,0,0,26,255,208
303,0,7,4,0,4,0,0,0,2|1|2|1|0|0|0|0,107|255|107|255|0|0|0|0,-9|9|9|-9|0|0|0|0,2|-2|2|-2|0|0|0|0,0|0|0|0|0|0|0|0,0|0|0|0|0|0|0|0,601|227|601|227|0|0|0|0,0,0,0,26,255,208
304,0,7,6,0,6,0,0,0,2|1|2|1|1|1|0|0,107|255|107|255|255|255|0|0,-9|9|9|-9|-10|10|0|0,2|-2|2|-2|0|0|0|0,0|0|0|0|0|0|0|0,0|0|0|0|0|0|0|0,601|227|601|227|227|227|0|0,0,0,0,26,255,208
305,0,7,7,0,7,0,0,0,2|1|2|1|2|2|1|0,107|255|107|255|107|107|255|0,-9|9|9|-9|-10|10|0|0,2|-2|2|-2|0|0|-10|0,0|0|0|0|0|0|0|0,0|0|0|0|0|0|0|0,601|227|601|227|601|601|227|0,0,0,0,26,255,208
306,0,7,7,0,7,0,0,0,2|2|2|2|2|2|1|0,107|107|107|107|107|107|255|0,-9|9|9|-9|-10|10|0|0,2|-2|2|-2|0|0|-10|0,0|0|0|0|0|0|0|0,0|0|0|0|0|0|0|0,601|601|601|601|601|601|227|0,0,0,0,26,255,208
307,0,7,6,0,6,0,0,0,2|1|2|1|4|4|0|0,107|255|107|255|105|105|0|0,-9|9|9|-9|-6|6|0|0,2|-2|2|-2|0|0|0|0,0|0|0|0|0|0|0|0,0|0|0|0|0|0|0|0,601|227|601|227|582|582|0|0,0,0,0,26,255,208
308,0,7,6,0,6,0,0,0,2|2|2|2|4|4|0|0,107|107|107|107|105|105|0|0,-9|9|9|-9|-6|6|0|0,2|-2|2|-2|0|0|0|0,0|0|0|0|0|0|0|0,0|0|0|0|0|0|0|0,601|601|601|601|582|582|0|0,0,0,0,26,255,208
309,0,7,8,0,8,0,0,0,2|1|2|1|1|1|4|4,107|255|107|255|255|255|105|105,-9|9|9|-9|-3|3|-6|6,2|-2|2|-2|-7|-7|0|0,0|0|0|0|0|0|0|0,0|0|0|0|0|0|0|0,601|227|601|227|227|227|582|582,0,0,0,26,255,208
310,0,7,8,0,8,0,0,0,2|2|2|2|1|1|4|4,107|107|107|107|255|255|105|105,-9|9|9|-9|-3|3|-6|6,2|-2|2|-2|-7|-7|0|0,0|0|0|0|0|0|0|0,0|0|0|0|0|0|0|0,601|601|601|601|227|227|582|582,0,0,0,26,255,208
311,0,11,1,0,1,0,0,0,1|0|0|0|0|0|0|0,90|0|0|0|0|0|0|0,120|0|0|0|0|0|0|0,120|0|0|0|0|0|0|0,-13|0|0|0|0|0|0|0,14|0|0|0|0|0|0|0,227|0|0|0|0|0|0|0,0,0,6,26,255,208
312,0,21,1,7,1,0,0,0,2|0|0|0|0|0|0|0,90|0|0|0|0|0|0|0,120|0|0|0|0|0|0|0,120|0|0|0|0|0|0|0,-18|0|0|0|0|0|0|0,20|0|0|0|0|0|0|0,601|0|0|0|0|0|0|0,0,0,7,26,255,208
313,0,16,1,7,1,0,0,0,2|0|0|0|0|0|0|0,90|0|0|0|0|0|0|0,120|0|0|0|0|0|0|0,120|0|0|0|0|0|0|0,-24|0|0|0|0|0|0|0,24|0|0|0|0|0|0|0,601|0|0|0|0|0|0|0,0,0,8,26,255,208
314,0,8,1,7,1,0,0,0,2|0|0|0|0|0|0|0,90|0|0|0|0|0|0|0,120|0|0|0|0|0|0|0,120|0|0|0|0|0|0|0,-24|0|0|0|0|0|0|0,24|0|0|0|0|0|0|0,601|0|0|0|0|0|0|0,0,0,8,26,255,208
315,0,16,2,7,2,0,0,0,2|2|0|0|0|0|0|0,90|90|0|0|0|0|0|0,120|120|0|0|0|0|0|0,120|120|0|0|0|0|0|0,-30|-18|0|0|0|0|0|0,24|24|0|0|0|0|0|0,601|601|0|0|0|0|0|0,0,0,8,26,255,208
316,0,8,2,7,2,0,0,0,2|2|0|0|0|0|0|0,45|45|0|0|0|0|0|0,120|120|0|0|0|0|0|0,120|120|0|0|0|0|0|0,-40|-8|0|0|0|0|0|0,24|24|0|0|0|0|0|0,601|601|0|0|0|0|0|0,0,0,8,26,255,208
317,0,16,3,7,3,0,0,0,2|2|2|0|0|0|0|0,45|45|90|0|0|0|0|0,120|120|120|0|0|0|0|0,120|120|120|0|0|0|0|0,-40|-8|-24|0|0|0|0|0,24|24|4|0|0|0|0|0,601|601|601|0|0|0|0|0,0,0,8,26,255,208
318,0,8,1,5,1,0,0,0,4|0|0|0|0|0|0|0,90|0|0|0|0|0|0|0,120|0|0|0|0|0|0|0,120|0|0|0|0|0|0|0,-24|0|0|0|0|0|0|0,24|0|0|0|0|0|0|0,582|0|0|0|0|0|0|0,0,0,8,26,255,208
319,0,16,2,5,2,0,0,0,4|4|0|0|0|0|0|0,90|90|0|0|0|0|0|0,120|120|0|0|0|0|0|0,120|120|0|0|0|0|0|0,-30|-18|0|0|0|0|0|0,24|24|0|0|0|0|0|0,582|582|0|0|0|0|0|0,0,0,8,26,255,208
320,0,8,2,5,2,0,0,0,4|4|0|0|0|0|0|0,45|45|0|0|0|0|0|0,120|120|0|0|0|0|0|0,120|120|0|0|0|0|0|0,-40|-8|0|0|0|0|0|0,24|24|0|0|0|0|0|0,582|582|0|0|0|0|0|0,0,0,8,26,255,208
321,0,16,3,5,3,0,0,0,4|4|4|0|0|0|0|0,45|45|90|0|0|0|0|0,120|120|120|0|0|0|0|0,120|120|120|0|0|0|0|0,-50|8|-24|0|0|0|0|0,24|24|4|0|0|0|0|0,582|582|582|0|0|0|0|0,0,0,8,26,255,208
322,0,4,2,0,2,0,0,0,1|1|0|0|3|3|1|1,255|255|255|255|255|255|0|0,0|0|-8|-8|0|0|8|8,12|12|0|0|0|0|4|-4,-5|5|0|0|0|12|0|0,0|0|0|0|0|0|0|0,225|225|244|244|0|244|244|0,0,0,0,26,255,208
323,0,5,3,0,3,0,0,0,1|1|1|2|1|1|0|0,255|255|255|255|0|0|0|0,0|-2|2|0|6|-6|0|0,12|11|11|-9|-8|-8|0|0,0|0|0|0|0|0|0|0,0|0|0|0|0|0|0|0,225|225|225|0|244|244|0|0,0,0,0,26,255,208
324,0,5,4,0,4,0,0,0,1|1|1|1|0|0|3|0,255|255|255|255|255|255|255|0,-2|2|-4|4|3|6|0|0,11|11|12|12|0|0|3|0,0|0|0|0|0|0|0|0,0|0|0|0|0|0|0|0,225|225|225|225|244|0|244|0,0,0,0,26,255,208
325,0,6,5,0,5,0,0,0,1|1|1|1|1|3|3|0,255|255|255|255|255|255|0|0,0|-3|3|-6|6|0|9|0,12|11|11|9|9|-5|-3|0,0|0|0|0|0|0|0|0,0|0|0|0|0|0|0|0,225|225|225|225|225|601|601|0,0,0,0,26,255,208
326,0,6,6,0,6,0,0,0,1|1|1|1|1|1|0|0,255|255|255|255|255|255|0|0,-3|3|-6|6|0|0|0|0,11|11|9|9|12|12|0|0,0|0|0|0|-4|4|0|0,0|0|0|0|0|0|0|0,225|225|225|225|225|225|0|0,0,0,0,26,255,208
327,0,6,4,0,4,0,0,0,1|1|2|2|0|0|0|0,255|255|255|255|0|0|0|0,-6|6|0|0|0|0|0|0,9|9|11|11|0|0|0|0,0|0|8|-8|0|0|0|0,0|0|0|0|0|0|0|0,225|225|244|244|0|0|0|0,0,0,0,26,255,208
328,0,6,5,0,5,0,0,0,1|1|2|2|2|0|0|0,255|255|255|255|255|0|0|0,-5|5|3|-3|0|0|0|0,9|9|11|11|12|0|0|0,0|0|0|0|0|0|0|0,0|0|0|0|0|0|0|0,225|225|244|244|244|0|0|0,0,0,0,26,255,208
329,0,6,6,0,6,0,0,0,1|1|3|3|2|2|0|0,255|255|255|255|255|255|0|0,-6|6|3|-3|0|0|0|0,9|9|11|11|12|12|0|0,0|0|0|0|-8|8|0|0,0|0|0|0|0|0|0|0,225|225|244|244|244|244|0|0,0,0,0,26,255,208
330,0,6,6,0,6,0,0,0,2|2|3|2|2|2|0|0,255|255|255|255|255|255|0|0,-6|6|3|-3|0|0|0|0,9|9|11|11|12|12|0|0,0|0|0|0|-8|8|0|0,0|0|0|0|0|0|0|0,244|244|244|244|244|244|0|0,0,0,0,26,255,208
331,0,6,7,0,7,0,0,0,2|2|3|2|2|2|3|0,255|255|255|255|255|255|255|0,-8|8|6|-6|3|-3|0|0,9|9|10|10|11|11|12|0,0|0|0|0|0|0|0|0,0|0|0|0|0|0|0|0,244|244|244|244|244|244|244|0,0,0,0,26,255,208
332,0,6,8,0,8,0,0,0,5|2|2|2|2|2|2|2,255|255|255|255|255|255|255|255,0|-4|4|-6|6|0|-3|3,12|12|12|9|9|12|11|11,0|-4|4|0|0|0|0|0,0|-6|-6|0|0|9|0|0,244|244|244|244|244|226|226|226,0,0,0,26,255,208
333,0,8,1,0,1,0,0,0,2|0|0|0|0|0|0|0,255|0|0|0|0|0|0|0,0|0|0|0|0|0|0|0,-6|0|0|0|0|0|0|0,0|0|0|0|0|0|0|0,0|0|0|0|0|0|0|0,126|0|0|0|0|0|0|0,1,0,0,16,255,208
334,0,8,2,0,2,0,0,0,2|2|0|0|0|0|0|0,255|255|0|0|0|0|0|0,-1|1|0|0|0|0|0|0,-7|-7|0|0|0|0|0|0,-5|5|0|0|0|0|0|0,0|0|0|0|0|0|0|0,126|126|0|0|0|0|0|0,1,0,0,16,255,208
335,0,8,3,0,3,0,0,0,2|2|2|0|0|0|0|0,255|255|255|0|0|0|0|0,-2|2|0|0|0|0|0|0,-7|-7|-5|0|0|0|0|0,-5|5|0|0|0|0|0|0,0|0|0|0|0|0|0|0,126|126|126|0|0|0|0|0,1,0,0,16,255,208
336,0,8,2,0,2,0,0,0,3|3|0|0|0|0|0|0,255|255|0|0|0|0|0|0,-1|1|0|0|0|0|0|0,-8|-8|0|0|0|0|0|0,-5|5|0|0|0|0|0|0,0|0|0|0|0|0|0|0,214|214|0|0|0|0|0|0,1,0,0,16,255,208
337,0,8,3,0,3,0,0,0,3|3|3|0|0|0|0|0,255|255|255|0|0|0|0|0,-2|2|0|0|0|0|0|0,-8|-8|-5|0|0|0|0|0,-5|5|0|0|0|0|0|0,0|0|0|0|0|0|0|0,214|214|214|0|0|0|0|0,1,0,0,16,255,208
338,0,8,5,0,5,0,0,0,2|2|2|2|3|0|0|0,255|255|255|255|255|0|0|0,-2|2|-4|4|0|0|0|0,-7|-7|-7|-7|-5|0|0|0,-5|5|-8|8|0|0|0|0,0|0|0|0|0|0|0|0,126|126|126|126|214|0|0|0,1,0,0,16,255,208
339,0,8,4,0,4,0,0,0,3|3|2|2|0|0|0|0,255|255|255|255|0|0|0|0,-2|2|-4|4|0|0|0|0,-7|-7|-7|-7|0|0|0|0,-5|5|-8|8|0|0|0|0,0|0|0|0|0|0|0|0,214|214|126|126|0|0|0|0,1,0,0,16,255,208
340,0,8,6,0,6,0,0,0,3|3|2|2|2|2|0|0,255|255|255|255|255|255|0|0,-2|2|-4|4|-1|1|0|0,-7|-7|-7|-7|-6|-6|0|0,-5|5|-8|8|-3|3|0|0,0|0|0|0|0|0|0|0,214|214|126|126|126|126|0|0,1,0,0,16,255,208
341,0,8,4,0,4,0,0,0,3|3|3|3|0|0|0|0,255|255|255|255|0|0|0|0,-2|2|-4|4|0|0|0|0,-7|-7|-8|-8|0|0|0|0,-5|5|-8|8|0|0|0|0,0|0|0|0|0|0|0|0,214|214|214|214|0|0|0|0,1,0,0,16,255,208
342,0,8,4,0,4,0,0,0,2|2|5|5|0|0|0|0,255|255|255|255|0|0|0|0,-1|1|-1|1|0|0|0|0,-8|-8|-7|-7|0|0|0|0,-4|5|-5|5|0|0|0|0,0|0|0|0|0|0|0|0,126|126|263|263|0|0|0|0,1,0,0,16,255,208
343,0,8,6,0,6,0,0,0,2|2|5|5|2|2|0|0,255|255|255|255|255|255|0|0,-1|1|-1|1|-3|3|0|0,-8|-8|-7|-7|-7|-7|0|0,-4|5|-5|5|-5|5|0|0,0|0|0|0|0|0|0|0,126|126|263|263|126|126|0|0,1,0,0,16,255,208
344,0,8,1,0,1,0,0,0,2|0|0|0|0|0|0|0,255|0|0|0|0|0|0|0,0|0|0|0|0|0|0|0,6|0|0|0|0|0|0|0,0|0|0|0|0|0|0|0,0|0|0|0|0|0|0|0,126|0|0|0|0|0|0|0,-1,0,0,16,255,208
345,0,8,2,0,2,0,0,0,2|2|0|0|0|0|0|0,255|255|0|0|0|0|0|0,-1|1|0|0|0|0|0|0,7|7|0|0|0|0|0|0,-5|5|0|0|0|0|0|0,0|0|0|0|0|0|0|0,126|126|0|0|0|0|0|0,-1,0,0,16,255,208
346,0,8,3,0,3,0,0,0,2|2|2|0|0|0|0|0,255|255|255|0|0|0|0|0,-2|2|0|0|0|0|0|0,7|7|5|0|0|0|0|0,-5|5|0|0|0|0|0|0,0|0|0|0|0|0|0|0,126|126|126|0|0|0|0|0,-1,0,0,16,255,208
347,0,8,2,0,2,0,0,0,3|3|0|0|0|0|0|0,255|255|0|0|0|0|0|0,-1|1|0|0|0|0|0|0,8|8|0|0|0|0|0|0,-5|5|0|0|0|0|0|0,0|0|0|0|0|0|0|0,214|214|0|0|0|0|0|0,-1,0,0,16,255,208
348,0,8,3,0,3,0,0,0,3|3|3|0|0|0|0|0,255|255|255|0|0|0|0|0,-2|2|0|0|0|0|0|0,8|8|5|0|0|0|0|0,-5|5|0|0|0|0|0|0,0|0|0|0|0|0|0|0,214|214|214|0|0|0|0|0,-1,0,0,16,255,208
349,0,8,5,0,5,0,0,0,2|2|2|2|3|0|0|0,255|255|255|255|255|0|0|0,-2|2|-4|4|0|0|0|0,7|7|7|7|5|0|0|0,-5|5|-8|8|0|0|0|0,0|0|0|0|0|0|0|0,126|126|126|126|214|0|0|0,-1,0,0,16,255,208
350,0,8,4,0,4,0,0,0,3|3|2|2|0|0|0|0,255|255|255|255|0|0|0|0,-2|2|-4|4|0|0|0|0,7|7|7|7|0|0|0|0,-5|5|-8|8|0|0|0|0,0|0|0|0|0|0|0|0,214|214|126|126|0|0|0|0,-1,0,0,16,255,208
351,0,8,6,0,6,0,0,0,3|3|2|2|2|2|0|0,255|255|255|255|255|255|0|0,-2|2|-4|4|-1|1|0|0,7|7|7|7|6|6|0|0,-5|5|-8|8|-3|3|0|0,0|0|0|0|0|0|0|0,214|214|126|126|126|126|0|0,-1,0,0,16,255,208
352,0,8,4,0,4,0,0,0,3|3|3|3|0|0|0|0,255|255|255|255|0|0|0|0,-2|2|-4|4|0|0|0|0,7|7|8|8|0|0|0|0,-5|5|-8|8|0|0|0|0,0|0|0|0|0|0|0|0,214|214|214|214|0|0|0|0,-1,0,0,16,255,208
353,0,8,4,0,4,0,0,0,2|2|5|5|0|0|0|0,255|255|255|255|0|0|0|0,-1|1|-1|1|0|0|0|0,8|8|7|7|0|0|0|0,-4|5|-5|5|0|0|0|0,0|0|0|0|0|0|0|0,126|126|263|263|0|0|0|0,-1,0,0,16,255,208
354,0,8,6,0,6,0,0,0,2|2|5|5|2|2|0|0,255|255|255|255|255|255|0|0,-1|1|-1|1|-3|3|0|0,8|8|7|7|7|7|0|0,-4|5|-5|5|-5|5|0|0,0|0|0|0|0|0|0|0,126|126|263|263|126|126|0|0,-1,0,0,16,255,208
355,0,2,1,0,2,0,0,0,1|1|0|0|0|0|0|0,255|255|0|0|0|0|0|0,-6|6|0|0|0|0|0|0,21|21|0|0|0|0|0|0,-2|2|0|0|0|0|0|0,20|20|0|0|0|0|0|0,132|133|0|0|0|0|0|0,-1,0,0,20,255,208
356,0,2,1,0,4,0,0,0,1|1|1|1|0|0|0|0,255|255|255|255|0|0|0|0,-6|6|-7|7|0|0|0|0,21|21|21|21|0|0|0|0,-2|2|-4|4|0|0|0|0,20|20|20|20|0|0|0|0,132|133|132|133|0|0|0|0,-1,0,0,20,255,208
357,0,3,2,0,4,0,0,0,1|1|1|1|0|0|0|0,255|255|255|255|0|0|0|0,-6|6|-7|7|0|0|0|0,21|21|21|21|0|0|0|0,-2|2|-4|4|0|0|0|0,20|20|20|20|0|0|0|0,132|133|132|133|0|0|0|0,-1,0,0,20,255,208
358,0,3,2,0,6,0,0,0,1|1|1|1|1|1|0|0,255|255|255|255|255|255|0|0,-6|6|-7|7|-5|5|0|0,21|21|21|21|21|21|0|0,-2|2|-4|4|-1|1|0|0,20|20|20|20|20|20|0|0,132|133|132|133|132|133|0|0,-1,0,0,20,255,208
359,0,2,2,0,6,0,0,0,1|1|1|1|1|1|0|0,255|255|255|255|255|255|0|0,-6|6|-7|7|-5|5|0|0,21|21|21|21|21|21|0|0,-2|2|-4|4|-1|1|0|0,20|20|20|20|20|20|0|0,132|133|132|133|132|133|0|0,-1,0,0,20,255,208
360,0,2,2,0,8,0,0,0,1|1|1|1|1|1|1|1,255|255|255|255|255|255|255|255,-6|6|-7|7|-8|8|-5|5,21|21|21|21|21|21|21|21,-2|2|-4|4|-6|6|-1|1,20|20|20|20|20|20|20|20,132|133|132|133|132|133|132|133,-1,0,0,20,255,208
361,0,1,2,0,8,0,0,0,1|1|1|1|1|1|1|1,255|255|255|255|255|255|255|255,-6|6|-7|7|-8|8|-5|5,21|21|21|21|21|21|21|21,-2|2|-4|4|-6|6|-1|1,20|20|20|20|20|20|20|20,132|133|132|133|132|133|132|133,-1,0,0,20,255,208
362,0,2,3,0,8,0,0,0,1|1|1|1|1|1|1|1,255|255|255|255|255|255|255|255,-6|6|-7|7|-8|8|-5|5,21|21|21|21|21|21|21|21,-2|2|-4|4|-6|6|-1|1,20|20|20|20|20|20|20|20,132|133|132|133|132|133|132|133,-1,0,0,20,255,208
363,0,2,2,0,6,0,0,0,2|2|2|2|2|2|0|0,255|255|255|255|255|255|0|0,-6|6|-7|7|-5|5|0|0,21|21|21|21|21|21|0|0,-2|2|-4|4|-1|1|0|0,20|20|20|20|20|20|0|0,151|152|151|152|151|152|0|0,-1,0,0,20,255,208
364,0,2,2,0,8,0,0,0,2|2|2|2|2|2|2|2,255|255|255|255|255|255|255|255,-6|6|-7|7|-8|8|-5|5,21|21|21|21|21|21|21|21,-2|2|-4|4|-6|6|-1|1,20|20|20|20|20|20|20|20,151|152|151|152|151|152|151|152,-1,0,0,20,255,208
365,0,1,2,0,8,0,0,0,2|2|2|2|2|2|2|2,255|255|255|255|255|255|255|255,-6|6|-7|7|-8|8|-5|5,21|21|21|21|21|21|21|21,-2|2|-4|4|-6|6|-1|1,20|20|20|20|20|20|20|20,151|152|151|152|151|152|151|152,-1,0,0,20,255,208
366,0,3,1,4,2,0,0,0,1|1|0|0|0|0|0|0,255|255|0|0|0|0|0|0,0|0|0|0|0|0|0|0,6|6|0|0|0|0|0|0,-4|4|0|0|0|0|0|0,0|0|0|0|0|0|0|0,233|233|0|0|0|0|0|0,0,0,0,13,255,208
367,0,8,1,0,1,0,0,0,112|0|0|0|0|0|0|0,255|0|0|0|0|0|0|0,0|0|0|0|0|0|0|0,0|0|0|0|0|0|0|0,0|0|0|0|0|0|0|0,0|0|0|0|0|0|0|0,31|0|0|0|0|0|0|0,1,0,0,7,6,208
368,0,9,2,0,2,0,0,0,112|112|0|0|0|0|0|0,255|255|0|0|0|0|0|0,1|-1|0|0|0|0|0|0,-1|-1|0|0|0|0|0|0,0|0|0|0|0|0|0|0,0|0|0|0|0|0|0|0,31|31|0|0|0|0|0|0,1,0,0,7,6,208
369,0,10,3,0,3,0,0,0,112|112|112|0|0|0|0|0,255|255|255|0|0|0|0|0,1|-1|0|0|0|0|0|0,-1|-1|0|0|0|0|0|0,0|0|0|0|0|0|0|0,0|0|0|0|0|0|0|0,31|31|31|0|0|0|0|0,1,0,0,7,6,208
370,0,11,4,0,4,0,0,0,112|112|112|112|0|0|0|0,255|255|255|255|0|0|0|0,1|-1|0|0|0|0|0|0,-2|-2|0|0|0|0|0|0,0|0|-3|3|0|0|0|0,0|0|0|0|0|0|0|0,31|31|31|31|0|0|0|0,1,0,0,7,6,208
371,0,12,1,0,1,0,0,0,116|0|0|0|0|0|0|0,255|0|0|0|0|0|0|0,0|0|0|0|0|0|0|0,-2|0|0|0|0|0|0|0,0|0|0|0|0|0|0|0,0|0|0|0|0|0|0|0,32|0|0|0|0|0|0|0,1,0,0,7,6,208
372,0,12,2,0,4,0,0,0,112|116|112|116|0|0|51|40,255|255|255|255|117|2|254|193,-1|0|1|0|40|-55|-125|-5,-3|-2|-3|-2|-63|-120|14|73,0|0|0|0|-60|1|-58|6,0|0|0|0|-53|85|-119|-27,31|32|31|32|198|52169|35157|50917,1,0,0,7,6,208
373,0,12,3,0,3,0,0,0,112|116|112|196|137|22|144|196,255|255|255|196|0|49|192|163,-1|0|1|6|-14|-59|0|67,-3|-2|-3|-102|67|3|-33|1,0|0|0|-119|22|-56|-59|-72,0|0|0|98|0|-51|49|-119,31|32|31|49201|5771|50574|42659|35268,1,0,0,7,6,208
374,0,12,3,0,3,0,0,0,112|113|112|22|164|196|185|4,255|255|255|154|132|13|223|1,-1|0|1|-119|22|-92|-60|-55,-4|-3|-4|-27|-58|6|-60|-59,0|0|0|-59|-59|0|-55|-53,0|0|0|-55|-53|85|-119|-27,31|32|31|27136|27137|39428|17256|191,1,0,0,7,6,208
375,0,12,2,0,2,0,0,0,113|113|197|196|62|222|197|140,255|255|238|197|201|203|85|139,0|0|126|10|38|-117|29|-72,-4|-4|-51|33|115|6|51|-55,-6|6|-21|2|51|-64|-93|10,0|0|126|6|-4|-111|-85|-110,32|32|21760|60555|32452|9738|7563|20107,1,0,0,7,6,208
376,0,12,4,0,4,0,0,0,113|113|112|112|85|139|236|131,255|255|255|255|118|12|141|126,0|0|1|-1|-84|60|79|114,-4|-4|-1|-1|-111|-13|-92|50,-6|6|0|0|6|-76|26|-51,0|0|0|0|22|31|-117|78,32|32|31|31|59398|32|58763|51805,1,0,0,7,6,208
377,0,12,3,0,3,0,0,0,114|112|112|126|6|232|4|0,255|255|255|0|114|30|131|199,0|1|-1|31|50|-64|-71|0,-4|-1|-1|-82|-10|-47|-118|-63,0|0|0|78|-3|-13|-92|-86,0|0|0|-64|-93|10|-58|-61,33|31|31|30362|57090|51457|21955|58761,1,0,0,7,6,208
378,0,11,1,0,2,0,0,0,3|3|154|14|6|223|1|191,255|255|30|87|154|242|44|191,2|-2|-72|-57|30|87|-102|19,-1|-1|1|-55|-53|-76|15|-24,0|0|60|7|116|10|60|3,0|0|-72|3|0|-24|97|0,99|99|12808|59647|1494|50314|32548|7330,1,0,0,1,0,208
379,0,11,2,0,2,0,0,0,3|3|198|142|6|152|4|191,255|255|38|138|29|38|58|29,2|-2|38|-118|29|-72|-28|-1,-1|-1|86|2|-9|-48|-9|-46,0|0|0|-9|-15|-93|24|-58,0|0|3|-66|-32|42|-65|12,99|99|52511|1585|47135|513|7091|12749,1,0,0,1,0,208
380,0,11,4,0,4,0,0,0,3|3|2|2|3|80|180|0,255|255|255|255|10|228|116|45,3|-3|4|-4|0|-24|88|5,-1|-1|-1|-1|0|-78|0|-24,0|0|0|0|42|117|22|38,0|0|0|0|1|-72|0|1,99|99|99|99|8371|13288|49925|4020,1,0,0,1,0,208
381,0,11,6,0,6,0,0,0,3|3|2|2|2|2|24|60,255|255|255|255|255|255|242|138,3|-3|4|-4|5|-5|-2|24,-1|-1|-2|-2|-3|-3|-58|-119,0|0|0|0|0|0|-58|-58,0|0|0|0|0|0|-93|20,99|99|99|99|99|99|1652|50726,1,0,0,1,0,208
382,0,11,1,0,2,0,0,0,4|4|69|32|38|131|69|46,255|255|128|62|30|198|0|117,2|-2|-58|6|30|-58|0|-76,-1|-1|22|116|6|-76|0|-51,0|0|-12|-80|94|-24|29|3,0|0|-24|24|3|-24|14|3,100|100|14044|18315|59396|65301|24552|41215,1,0,0,1,0,208
383,0,11,2,0,2,0,0,0,4|4|54|138|79|6|54|138,255|255|58|209|119|39|58|245,2|-2|-2|-54|120|31|-2|-50,-1|-1|-2|-55|58|14|26|-58,0|0|-2|-51|58|46|27|-58,0|0|-119|22|20|-58|-119|14,100|100|51715|8|184|35334|4670|35782,1,0,0,1,0,208
384,0,11,3,0,4,0,0,0,4|2|4|2|3|184|0|6,255|255|255|255|139|202|138|22,2|3|-2|-3|4|-53|-72|1,-1|-4|-1|-4|1|6|80|-24,0|0|0|0|62|18|-58|-118,0|0|0|0|-18|-117|22|22,100|99|100|99|1014|35787|14044|22410,1,0,0,1,0,208
385,0,11,4,0,4,0,0,0,4|2|4|2|206|2|54|21,255|255|255|255|54|23|198|119,2|3|-2|-3|-54|4|0|-24,-1|-4|-1|-4|42|6|20|-58,0|0|0|0|-87|2|-118|-58,0|0|0|0|-2|-64|-53|-117,100|99|100|99|9220|3087|32896|4646,1,0,0,1,0,208
386,0,11,2,0,2,0,0,0,8|8|4|210|224|128|38|18,255|255|8|6|18|198|202|2,2|-2|38|18|-58|-9|-53|-128,-2|-2|-58|8|-53|-96|28|-58,0|0|-58|-53|-117|-36|54|-117,0|0|-29|19|-114|6|-104|4,98|98|41245|50712|53811|1512|57856|51958,1,0,0,1,0,208
387,0,11,4,0,4,0,0,0,8|8|4|4|95|4|184|221,255|255|255|255|59|211|115|26,2|-2|4|-4|-28|97|-88|3,-2|-2|-4|-4|-26|97|-80|-74,0|0|0|0|-26|66|-118|-57,0|0|0|0|0|-28|97|36,98|98|100|100|29952|46088|52481|45078,1,0,0,1,0,208
388,0,11,6,0,6,0,0,0,8|8|4|4|2|2|10|192,255|255|255|255|255|255|10|228,2|-2|4|-4|6|-6|-2|-53,-2|-2|-4|-4|-6|-6|4|-57,0|0|0|0|0|0|4|-128,0|0|0|0|0|0|69|12,98|98|100|100|99|99|12357|7936,1,0,0,1,0,208
389,0,11,1,0,2,0,0,0,3|3|129|125|2|177|215|116,255|255|69|2|178|215|184|2,2|-2|-40|-119|69|20|-116|77,-1|-1|93|24|-116|77|26|-119,0|0|-116|77|30|51|-64|31,0|0|0|85|-117|-20|-60|126,99|99|18948|9802|30091|9736|32196|13068,1,0,4,1,0,208
390,0,11,2,0,2,0,0,0,3|3|19|116|48|60|4|116,255|255|60|27|116|39|60|1,2|-2|60|6|116|55|60|26,-1|-1|60|13|116|79|60|32,0|0|59|-38|116|-53|38|-120,0|0|-24|-104|0|59|-34|118,99|99|3004|29915|45240|59400|135|8368,1,0,4,1,0,208
391,0,11,4,0,4,0,0,0,3|3|2|2|60|32|114|153,255|255|255|255|226|239|235|145,3|-3|4|-4|0|116|-118|38,-1|-1|-1|-1|10|-24|78|0,0|0|0|0|10|67|67|-60,0|0|0|0|38|-119|69|8,99|99|99|99|56459|50230|1151|35622,1,0,4,1,0,208
392,0,11,6,0,6,0,0,0,3|3|2|2|2|2|232|28,255|255|255|255|255|255|232|156,3|-3|4|-4|5|-5|-54|4,-1|-1|-2|-2|-3|-3|-80|13,0|0|0|0|0|0|81|82,0|0|0|0|0|0|60|7,99|99|99|99|99|99|13684|2484,1,0,4,1,0,208
393,0,11,1,0,2,0,0,0,4|4|22|198|118|32|138|22,255|255|235|23|180|14|232|79,2|-2|19|58|22|20|-58|116,-1|-1|-54|-21|9|-118|22|20,0|0|3|-24|8|0|-24|45,0|0|90|89|91|-61|-2|-58,100|100|6262|52990|21073|440|35334|4670,1,0,5,1,0,208
394,0,11,2,0,2,0,0,0,4|4|255|233|10|1|180|2,255|255|233|3|1|30|142|30,2|-2|-117|22|80|0|31|-117,-1|-1|-9|38|-118|5|60|7,0|0|60|8|116|44|60|10,0|0|60|13|116|57|71|-2,100|100|30406|59452|110|41448|35583|5142,1,0,5,1,0,208
395,0,11,3,0,4,0,0,0,4|2|4|2|0|58|22|20,255|255|255|255|202|235|15|232,2|3|-2|-3|-1|-21|7|-24,-1|-4|-1|-4|20|-58|71|-117,0|0|0|0|-90|-24|48|0,0|0|0|0|4|-119|22|80,100|99|100|99|1014|35778|35784|25366,1,0,5,1,0,208
396,0,11,4,0,4,0,0,0,4|2|4|2|66|238|31|195,255|255|255|255|81|82|87|30,2|3|-2|-3|-50|30|-114|30,-1|-4|-1|-4|-10|38|74|0,0|0|0|0|-47|-32|-117|-8,0|0|0|0|-125|-62|6|-128,100|99|100|99|885|40097|35332|3870,1,0,5,1,0,208
397,0,11,2,0,2,0,0,0,8|8|168|1|117|251|250|236,255|255|116|251|139|195|171|251,2|-2|-21|6|-118|-25|-84|-85,-2|-2|7|31|95|90|89|-61,0|0|85|6|-51|16|7|93,0|0|-61|85|-119|-27|-55|-53,98|98|0|0|0|3|8242|64939,1,0,6,1,0,208
398,0,11,4,0,4,0,0,0,8|8|4|4|0|0|0|0,255|255|255|255|0|0|0|0,2|-2|4|-4|0|0|0|0,-2|-2|-4|-4|0|0|0|0,0|0|0|0|0|0|0|0,0|0|0|0|0|0|0|0,98|98|100|100|0|0|0|0,1,0,6,1,0,208
399,0,11,6,0,6,0,0,0,8|8|4|4|2|2|0|0,255|255|255|255|255|255|0|0,2|-2|4|-4|6|-6|0|0,-2|-2|-4|-4|-6|-6|0|0,0|0|0|0|0|0|0|0,0|0|0|0|0|0|0|0,98|98|100|100|99|99|0|0,1,0,6,1,0,208
400,0,3,1,3,1,0,0,0,149|3|0|0|0|0|0|0,255|98|0|0|0|0|0|0,0|0|0|0|0|0|0|0,6|10|0|0|0|0|0|0,0|-2|0|0|0|0|0|0,0|0|0|0|0|0|0|0,35|227|0|0|0|0|0|0,0,0,0,1,255,208
401,0,2,1,3,1,0,0,0,149|5|0|0|0|0|0|0,255|0|0|0|0|0|0|0,0|0|0|0|0|0|0|0,6|9|0|0|0|0|0|0,0|0|0|0|0|0|0|0,0|0|0|0|0|0|0|0,35|0|0|0|0|0|0|0,0,0,0,1,255,208
402,0,4,1,3,1,0,0,0,150|0|3|0|0|0|0|0,98|98|98|0|0|0|0|0,0|0|0|0|0|0|0|0,6|0|5|0|0|0|0|0,0|-2|-2|0|0|0|0|0,0|0|0|0|0|0|0|0,35|214|227|0|0|0|0|0,0,0,0,1,255,208
403,0,3,1,3,1,0,0,0,150|3|3|3|0|0|0|0,98|98|0|0|0|0|0|0,0|0|-4|4|0|0|0|0,6|6|8|8|0|0|0|0,0|-2|0|0|0|0|0|0,0|0|0|0|0|0|0|0,35|227|0|227|0|0|0|0,0,0,0,1,255,208
404,0,2,1,3,1,0,0,0,150|3|0|0|0|0|0|0,98|0|98|98|0|0|0|0,0|0|-4|4|0|0|0|0,6|6|0|0|0|0|0|0,0|0|-2|-2|0|0|0|0,0|0|0|0|0|0|0|0,35|0|214|214|0|0|0|0,0,0,0,1,255,208
405,0,5,1,3,1,0,0,0,151|0|5|5|0|0|0|0,98|98|98|98|0|0|0|0,0|0|0|0|0|0|0|0,6|0|0|0|0|0|0|0,0|-2|-2|-2|0|0|0|0,0|0|0|0|0|0|0|0,35|227|214|0|0|0|0|0,0,0,0,1,255,208
406,0,5,1,3,1,0,0,0,152|1|0|0|0|0|0|0,98|98|0|0|0|0|0|0,120|0|0|0|0|0|0|0,6|20|0|0|0|0|0|0,0|4|0|0|0|0|0|0,0|0|0|0|0|0|0|0,35|67|0|0|0|0|0|0,0,0,0,1,255,208
407,0,5,1,3,1,0,0,0,153|1|0|0|0|0|0|0,98|0|98|98|0|0|0|0,120|0|1|0|0|0|0|0,6|20|0|0|0|0|0|0,0|0|6|0|0|0|0|0,0|0|0|0|0|0|0|0,35|0|67|67|0|0|0|0,0,0,0,1,255,208
408,0,5,1,3,1,0,0,0,154|0|1|1|0|0|0|0,98|98|98|98|0|0|0|0,120|0|0|0|0|0|0|0,6|0|20|20|0|0|0|0,0|0|6|0|0|0|0|0,0|0|0|0|0|0|0|0,35|67|67|0|0|0|0|0,0,0,0,1,255,208
409,0,5,2,3,2,0,0,0,152|152|1|1|0|0|0|0,98|98|0|0|98|98|0|0,120|120|0|1|0|0|0|0,6|6|20|20|0|0|0|0,-7|7|0|0|2|-2|0|0,0|0|0|0|0|0|0|0,35|35|0|67|67|0|0|0,0,0,0,1,255,208
410,0,5,3,3,3,0,0,0,152|152|153|0|1|1|1|1,98|98|98|98|98|98|0|0,120|120|120|1|0|0|0|-1,6|6|6|0|20|20|20|20,-9|9|0|4|8|4|0|0,6|6|0|0|0|0|0|0,35|35|35|67|0|67|67|0,0,0,0,1,255,208
411,0,8,1,0,1,0,0,0,128|0|1|1|1|1|0|0,255|98|98|98|0|0|98|98,0|-1|0|0|2|1|0|-1,0|0|20|20|20|20|0|0,0|-4|0|4|0|0|0|-4,0|0|0|0|0|0|0|0,57|67|67|0|67|67|0|67,1,0,0,7,6,208
412,0,6,1,0,1,0,0,0,128|2|2|2|0|0|0|0,255|98|0|0|0|0|0|0,0|0|1|0|0|0|0|0,0|20|20|20|0|0|0|0,0|0|0|0|0|0|0|0,0|0|0|0|0|0|0|0,57|70|0|70|0|0|0|0,1,0,0,7,6,208
413,0,4,1,0,1,0,0,0,128|2|0|0|2|2|0|0,255|0|98|98|98|98|0|0,0|0|0|1|0|0|0|0,0|20|0|0|20|20|0|0,0|0|2|6|2|-2|0|0,0|0|0|0|0|0|0|0,57|0|70|70|0|70|0|0,1,0,0,7,6,208
414,0,10,2,0,2,0,0,0,128|128|2|2|2|2|0|0,255|255|98|98|0|0|98|98,0|0|0|0|2|1|0|-1,-1|-1|20|20|20|20|0|0,9|-9|0|4|0|0|0|-4,0|0|0|0|0|0|0|0,57|57|70|0|70|70|0|70,1,0,0,7,6,208
415,0,8,2,0,2,0,0,0,128|128|2|2|0|0|2|2,255|255|0|0|98|98|98|98,0|0|0|1|2|1|0|0,0|0|20|20|0|0|20|20,9|-9|0|0|8|4|0|-4,0|0|0|0|0|0|0|0,57|57|0|70|70|0|70|70,1,0,0,7,6,208
416,0,6,1,0,1,0,0,0,113|2|0|0|2|2|2|2,255|0|98|98|98|98|0|0,0|-1|0|1|0|0|0|-1,-1|20|0|0|20|20|20|20,0|0|0|4|8|4|0|0,4|0|0|0|0|0|0|0,76|0|70|70|0|70|70|0,1,0,0,7,6,208
417,0,4,1,0,1,0,0,0,113|0|1|0|0|0|0|0,255|255|255|0|0|0|0|0,0|0|0|0|0|0|0|0,-1|0|22|0|0|0|0|0,0|0|0|0|0|0|0|0,4|-8|0|0|0|0|0|0,76|191|191|0|0|0|0|0,1,0,0,7,6,208
418,0,5,1,0,1,0,0,0,114|1|1|1|0|0|0|0,255|255|0|0|0|0|0|0,0|0|0|0|0|0|0|0,-1|22|22|22|0|0|0|0,0|0|0|0|0|0|0|0,4|0|6|20|0|0|0|0,95|191|0|191|0|0|0|0,1,0,0,7,6,208
419,0,6,2,0,2,0,0,0,113|113|0|0|1|2|0|0,255|255|255|255|255|255|0|0,0|0|0|0|0|0|0|0,-1|-1|0|0|22|-12|0|0,9|-9|0|0|0|0|0|0,0|0|6|20|0|0|0|0,76|76|191|191|0|191|0|0,1,0,0,7,6,208
420,0,7,2,0,2,0,0,0,114|114|1|1|1|2|0|0,255|255|255|255|0|0|255|0,0|0|0|0|0|0|0|0,-1|-1|22|22|22|-12|0|0,9|-9|0|0|0|0|0|0,0|0|0|0|34|0|-14|0,95|95|191|0|191|191|0|0,1,0,0,7,6,208
421,0,9,4,0,4,0,0,0,114|114|128|128|0|0|0|0,255|255|255|255|101|101|0|0,0|0|0|0|-10|10|0|0,-1|-1|-2|-2|0|0|0|0,9|-9|16|-16|0|0|0|0,0|0|0|0|0|0|0|0,95|95|57|57|194|0|0|0,1,0,0,7,6,208
422,0,8,1,0,2,0,0,0,128|128|0|0|2|2|2|2,255|255|255|255|101|101|0|0,-6|6|0|0|0|0|-10|10,6|6|0|0|10|10|10|10,0|0|0|0|0|0|0|0,0|0|6|20|0|0|14|14,13|14|191|191|0|196|194|0,0,0,0,7,98,208
423,0,6,1,0,2,0,0,0,128|128|1|1|2|2|0|0,255|255|103|103|0|0|0|0,-6|6|0|0|-10|10|-33|11,6|6|-95|66|-72|59|-122|-2,0|0|-52|-65|86|-72|30|87,0|0|8|-33|1|-65|86|-72,13|14|57096|48897|47190|22302|18330|57096,0,0,0,7,98,208
424,0,8,2,0,2,0,0,0,128|128|184|30|87|154|113|10,255|255|8|192|116|3|233|155,-6|6|6|-21|-68|-96|-21|-68,6|6|107|-8|11|-127|-57|-29,0|0|7|-119|-66|-4|-89|-116,0|0|-89|-65|86|-72|30|87,13|14|50177|64702|9895|1416|55194|57097,0,0,0,7,98,208
425,0,7,2,0,4,0,0,0,128|128|128|128|69|2|154|215,255|255|255|255|190|252|167|38,-5|5|-7|7|-41|9|-33|1,7|7|5|5|38|-119|69|5,0|0|0|0|1|-60|-66|-4,0|0|0|0|7|-102|-41|9,13|14|13|14|2117|55194|57097|50177,0,0,0,7,98,208
426,0,8,4,0,4,0,0,0,128|128|128|128|154|71|8|223,255|255|255|255|191|86|184|30,-5|5|-7|7|-33|1|-65|86,7|7|5|5|71|8|-33|1,0|0|0|0|1|0|-21|4,0|0|0|0|-117|62|66|-72,13|14|13|14|16003|47170|29955|51177,0,0,0,7,98,208
427,0,6,4,0,6,0,0,0,128|128|128|128|128|128|198|6,255|255|255|255|255|255|188|20,-5|5|-7|7|-6|6|118|10,7|7|5|5|6|6|-23|115,0|0|0|0|0|0|-102|-41,0|0|0|0|0|0|-102|-88,13|14|13|14|13|14|41222|47168,0,0,0,7,98,208
428,0,7,6,0,6,0,0,0,128|128|128|128|128|128|194|72,255|255|255|255|255|255|184|1,-5|5|-7|7|-6|6|1|0,7|7|5|5|6|6|-117|-38,0|0|0|0|0|0|-45|127,0|0|0|0|0|0|59|-63,13|14|13|14|13|14|58529|18620,0,0,0,7,98,208
429,0,6,4,0,6,0,0,0,128|128|128|128|113|113|1|0,255|255|255|255|255|255|128|62,-5|5|-7|7|-6|6|6|-20,7|7|5|5|6|6|118|5,0|0|0|0|0|0|6|-22,0|0|0|0|0|0|-28|-119,13|14|13|14|96|115|30697|41729,0,0,0,7,98,208
430,0,5,4,0,4,0,0,0,113|113|113|113|190|248|167|140,255|255|255|255|128|61|1|116,-6|6|-7|7|-117|22|66|-72,6|6|5|5|14|-60|62|-48,0|0|0|0|-6|38|-118|69,0|0|0|0|-89|38|58|69,96|115|96|115|27646|65150|36107|62907,0,0,0,7,98,208
431,0,6,2,0,2,0,0,0,114|114|107|192|28|45|8|0,255|255|137|5|196|190|248|167,-7|7|69|2|-60|-66|-12|-89,7|7|69|2|-60|-66|-8|-89,0|0|69|3|-60|-66|-12|-89,0|0|69|3|-60|-66|-8|-89,15|53|48836|42996|34854|1861|48836|43000,0,0,0,7,98,208
432,0,5,2,0,8,0,0,0,114|114|114|114|114|114|114|114,255|255|255|255|255|255|255|255,-7|7|-9|9|-8|8|-6|6,7|7|5|5|6|6|8|8,0|0|0|0|0|0|0|0,0|0|0|0|0|0|0|0,15|53|15|53|15|53|15|53,0,0,0,7,98,208
433,0,2,1,0,2,0,0,0,149|149|49|210|3|193|19|211,255|255|0|131|210|0|196|190,-9|9|38|-119|69|5|-60|-66,0|0|38|-118|69|9|-104|107,0|0|45|8|0|-60|-66|-12,0|0|-120|69|8|-60|-66|-8,256|257|50186|62654|9895|17800|50185|63678,0,0,0,1,255,208
434,0,3,2,0,2,0,0,0,149|149|10|198|6|234|188|1,255|255|196|190|248|167|38|138,-9|9|-60|-66|-12|-89|38|-120,0|0|-95|70|-72|59|-122|-4,0|0|3|-23|-114|-2|-125|62,0|0|14|116|3|-23|74|-2,256|257|65158|29863|59651|65074|13985|41912,0,0,0,1,255,208
435,0,4,2,0,2,0,0,0,150|150|0|247|241|139|208|184,255|255|43|194|72|163|54|184,-9|9|54|-72|1|125|6|-57,0|0|-72|1|0|-95|54|-72,0|0|-56|-117|-38|-95|-26|-68,0|0|59|-45|127|12|125|3,256|257|30657|59651|428|13985|35256|65158,0,0,0,1,255,208
436,0,5,3,0,3,0,0,0,150|150|150|255|14|68|184|199,255|255|255|1|0|235|4|255,-9|9|0|-128|62|-22|-68|0,0|0|-9|6|-20|-68|-128|62,0|0|0|118|5|-58|6|-20,0|0|0|6|-22|-68|0|-96,256|257|209|43004|440|15104|64646|30375,0,0,0,1,255,208
437,0,6,4,0,4,0,0,0,150|150|150|150|227|188|30|7,255|255|255|255|140|134|250|167,-9|9|-9|9|116|3|-23|5,0|0|0|0|-72|107|6|68,0|0|0|0|-44|4|3|-8,0|0|14|14|69|-15|-60|-66,256|257|256|257|58345|65280|65094|32363,0,0,0,1,255,208
438,0,6,3,0,3,0,0,0,151|151|150|43|6|68|184|107,255|255|255|4|0|3|6|60,-10|10|0|5|-60|-66|-8|-89,0|0|-9|2|-60|-66|-12|-89,0|0|0|2|-60|-66|-8|-89,0|0|0|3|-60|-66|-12|-89,256|257|209|43000|27430|1349|39192|51339,0,0,0,1,255,208
439,0,6,4,0,4,0,0,0,151|151|150|150|38|137|69|5,255|255|255|255|210|139|200|139,-10|10|0|0|-89|38|-118|69,0|0|-9|9|-63|19|-45|45,0|0|0|0|0|-60|-66|-12,0|0|0|0|7|-60|-66|-8,256|257|209|208|50204|62654|9895|17800,0,0,0,1,255,208
440,0,6,4,0,4,0,0,0,152|152|151|151|167|38|128|125,255|255|255|255|160|236|188|196,-12|12|0|0|-120|69|10|-58,0|0|-11|-11|-21|16|-60|-66,0|0|-6|6|69|8|-60|-66,0|0|0|0|69|10|-95|70,256|257|209|209|65231|16003|47170|29710,0,0,0,1,255,208
441,0,6,4,0,4,0,0,0,153|153|151|151|230|188|199|6,255|255|255|255|199|6|216|186,-12|12|0|0|-38|-70|85|21,0|0|-11|-11|-46|-102|-42|19,0|0|-6|6|-42|-70|-117|54,0|0|0|0|-38|-70|-102|-56,256|257|209|209|51339|55947|20664|12546,0,0,0,1,255,208
442,0,6,5,0,5,0,0,0,151|151|151|151|151|199|6|54,255|255|255|255|255|62|184|0,0|-10|10|-10|10|43|6|54,-11|0|0|0|0|54|-72|-103,0|0|0|0|0|-24|-68|49,0|7|7|-7|-7|125|3|-23,209|256|257|256|257|47158|34441|43006,0,0,0,1,255,208
443,0,6,6,0,6,0,0,0,151|151|151|151|151|154|199|6,255|255|255|255|255|255|255|6,0|-10|10|-10|10|0|0|116,-11|0|0|0|0|13|62|-20,0|0|0|0|0|0|-20|-68,0|7|7|-7|-7|0|-96|-21,209|256|257|256|257|208|43004|886,0,0,0,1,255,208
444,0,2,1,9,1,0,0,0,2|129|199|227|188|30|7|137,10|248|167|140|134|250|167|38,0|61|3|116|3|-23|78|1,5|22|66|-72|107|6|68|-72,0|-60|62|-40|4|3|-8|3,0|38|-118|69|-16|-60|-66|-8,172|17722|29697|59651|300|18175|27646|65150,0,0,0,0,255,112
445,0,2,1,0,1,0,0,0,1|188|49|210|185|3|0|247,255|146|49|210|82|80|184|80,0|43|6|68|-72|3|6|-30,9|49|-46|-102|-42|19|-33|1,0|14|-42|-70|-117|54|-40|-70,0|62|-38|-70|-102|-62|19|-33,39|5090|479|23385|49451|54043|261|33536,0,0,0,25,255,208
446,0,2,1,0,1,0,0,0,1|196|190|244|167|38|136|69,255|196|190|248|167|38|139|69,0|-60|-66|-12|-89|38|-119|69,12|-60|-66|-8|-89|38|107|69,0|24|-103|-117|-56|-117|-38|107,0|66|-72|24|45|66|0|49,6|5057|1491|48|53891|11520|6|55939,0,0,0,13,255,208
447,0,4,1,5,1,0,0,0,4|196|190|244|167|38|136|69,255|161|226|188|49|210|185|3,0|-9|-15|-110|49|-46|-117|-56,7|-38|-60|-66|-8|-89|38|-118,0|9|-104|107|-64|28|-103|3,0|19|-45|45|1|0|-125|-38,582|62654|9895|17800|50184|63678|9895|17802,0,0,0,26,255,208
448,0,3,1,0,1,0,0,0,2|157|117|18|160|236|188|196,255|244|167|38|136|69|10|198,0|-22|-68|1|-21|16|-60|-66,10|-89|38|-118|69|8|-60|-66,0|-89|38|-120|69|10|-95|70,0|59|-122|-4|-89|116|3|-23,126|16003|47170|29710|59651|65090|17569|15288,1,0,0,16,255,208
449,0,2,1,0,1,0,0,0,1|129|126|254|208|7|118|30,255|184|199|30|87|191|191|3,0|87|106|0|-102|-85|9|-33,14|-102|-121|8|-33|1|-72|1,0|-102|118|2|-33|1|-95|64,0|107|126|-2|11|-119|-125|-11,99|47190|22302|29082|57098|2049|29888|48938,0,0,0,20,255,208
450,0,8,1,0,1,0,0,0,128|154|71|8|223|1|191|86,255|30|87|154|118|10|223|1,-7|-64|116|3|-23|77|1|-21,20|-65|86|-72|30|87|-102|-41,0|-33|1|107|126|-2|11|-120,0|-9|-87|-102|-88|8|-33|1,171|7864|48983|47836|22302|65384|39424|2416,0,0,0,7,98,208
451,0,3,1,0,1,0,0,0,2|87|154|157|13|223|1|191,255|3|14|87|154|28|14|223,0|-65|-36|-70|30|87|104|-1,9|-102|-73|13|-33|1|107|126,0|11|-115|-69|-11|-87|22|7,0|-66|-4|-89|-116|-122|-2|-89,59|7866|48983|47158|22302|45800|2272|30144,0,0,0,1,255,208
452,0,4,1,0,1,0,0,0,1|186|30|87|191|54|184|30,255|232|147|224|8|192|117|3,0|-125|0|-95|54|-72|-60|-66,10|-89|38|-119|69|5|-65|-36,0|30|87|-65|54|-72|30|87,0|116|-32|8|-64|117|2|-21,27|47158|48836|43004|34854|1861|56511|7866,0,0,0,13,255,192
453,0,4,2,0,2,0,0,0,1|1|196|190|252|167|38|136,255|255|191|220|186|30|87|191,0|0|30|87|-24|56|-32|8,10|10|2|-21|41|-96|54|-72,-4|4|-4|-89|38|-120|69|8,12|12|-70|30|87|-65|54|-72,20|20|2272|30144|60162|40971|47158|48836,0,0,0,13,255,112
454,0,8,1,0,1,0,0,0,5|107|126|254|11|141|187|245,255|22|7|38|139|69|3|163,0|-72|38|-118|69|7|-104|-93,11|-72|38|-117|69|5|-93|60,0|-23|124|-9|-58|6|52|-72,0|-21|4|-2|6|52|-72|-125,262|30466|59651|217|18059|18686|34441|43006,0,0,0,6,255,208
455,0,10,1,0,1,0,0,0,10|255|6|66|184|139|70|254,255|134|252|167|161|66|184|64,0|-122|-4|-89|118|3|-23|-100,11|-93|68|-72|-21|4|-1|6,0|-72|107|62|66|-72|11|-117,0|-11|-87|107|62|68|-72|11,263|43509|10359|15979|47170|35595|62851|27561,0,0,0,6,255,208
456,0,12,1,0,1,0,0,0,20|247|169|107|62|68|184|11,255|131|247|169|118|75|107|62,0|-72|11|-115|-69|-11|-87|22,11|-115|126|-16|22|87|106|11,0|112|12|-33|1|107|62|68,0|11|-115|-69|-11|-87|22|87,264|47170|36107|62907|5801|27223|39435|3184,0,0,0,6,255,208
457,0,14,1,0,1,0,0,0,40|87|106|11|154|112|12|223,255|161|68|184|59|134|252|167,0|3|-23|105|-1|-95|66|-72,11|-122|-2|-89|116|3|-23|64,0|-128|62|52|-72|2|116|3,0|16|-1|-65|86|-72|30|87,265|57094|48897|47446|22302|32397|5886|27223,0,0,0,6,255,208
458,0,3,1,0,1,0,0,0,1|184|1|0|59|134|254|167,255|45|163|66|184|235|4|255,0|66|-72|-65|86|-71|30|87,9|62|66|-72|11|-115|-69|-11,0|22|87|106|11|49|-64|80,0|-102|-33|11|-33|1|-95|66,58|65158|30119|49112|47446|22302|28314|57099,0,0,0,25,255,208
459,0,2,1,0,1,0,0,0,4|30|87|106|0|154|171|9,255|1|191|216|3|14|87|106,0|-102|-85|9|-33|1|-102|-121,9|-33|1|-128|62|56|-72|12,0|3|-23|-13|-15|-1|54|-46,0|-1|54|-48|4|104|104|16,59|57091|65281|54838|65284|54326|26628|8400,0,0,0,25,255,208
460,0,2,1,0,1,0,0,0,8|93|3|223|1|106|40|106,255|106|80|106|25|154|66|43,0|1|49|-64|-93|82|-72|-93,9|-72|-57|6|66|-72|2|0,0|4|-1|6|66|-72|-95|66,0|49|-46|-71|2|0|-9|-15,60|30144|48942|47446|22302|48781|43264|22294,0,0,0,25,255,208
461,0,2,3,0,3,0,0,0,6|5|5|181|3|14|87|154,255|255|255|1|154|178|10|223,0|-2|2|-65|86|-71|30|87,9|8|8|-87|22|87|-95|66,0|-2|2|-8|9|-127|-57|85,0|0|0|-102|-99|13|-33|1,59|279|280|3612|479|45722|57098|48897,0,0,0,25,255,208
462,0,2,4,0,4,0,0,0,253|253|4|4|1|163|82|184,255|255|255|255|161|82|184|139,0|0|0|0|62|66|-72|-63,9|9|9|9|28|-58|-119|-107,0|0|-10|10|-71|30|87|-102,-7|7|9|9|-125|62|66|-72,600|619|581|581|47170|59329|35586|7309,0,0,0,25,255,208
463,0,2,6,0,6,0,0,0,253|253|253|253|4|4|199|6,255|255|255|255|255|255|84|184,0|0|0|0|0|0|1|0,9|9|9|9|9|9|-95|82,-6|-6|6|6|-14|14|62|66,-7|7|-7|7|9|9|28|-58,600|619|600|619|581|581|35586|7301,0,0,0,25,255,208
464,0,5,1,0,1,0,0,0,2|25|117|198|154|130|43|191,98|191|184|199|30|87|191|227,0|14|87|106|0|-102|-85|9,0|1|-102|-121|8|-33|1|-65,0|-57|30|87|-102|-121|8|-33,0|-65|86|-71|30|87|-65|-4,66|39511|2738|479|22207|7865|27223|39425,1,0,0,13,255,208
465,0,3,1,0,1,0,0,0,6|184|30|87|106|2|49|192,98|80|154|223|11|223|1|199,0|66|-72|1|0|-21|4|-1,0|66|-72|-65|86|-71|30|87,0|62|66|-72|-63|-25|2|-127,0|28|-58|30|87|106|4|49,73|39504|3039|479|16003|47170|29976|49112,1,0,0,13,255,208
466,0,3,1,0,1,0,0,0,12|30|87|106|4|49|192|80,98|154|223|11|223|1|199|6,0|-72|1|0|-21|4|-1|6,0|-72|-65|-72|-57|30|87|107,0|66|-72|9|-127|-57|85|1,0|87|106|0|-102|-85|9|-33,123|2183|479|17057|12728|47570|2|61943,1,0,0,13,255,208
467,0,3,2,0,2,0,0,0,10|10|62|66|184|9|129|199,98|98|30|87|154|157|13|223,0|0|-75|3|14|87|-102|28,0|0|1|-102|-78|10|-33|1,-6|6|-65|-42|-71|30|87|-115,0|0|-87|22|87|107|62|66,143|144|341|22302|40346|57101|48897|954,1,0,0,13,255,208
468,0,3,3,0,3,0,0,0,10|10|10|154|237|10|223|1,98|98|98|30|87|191|244|27,0|0|0|-42|-71|30|87|-102,0|-1|-1|1|80|49|-64|80,0|-12|12|11|-33|1|-65|86,0|0|0|-65|-12|27|30|87,73|73|73|5490|479|12624|20672|39504,1,0,0,13,255,208
469,0,3,8,0,8,0,0,0,250|252|252|250|251|251|251|251,255|255|255|255|255|255|255|255,0|0|0|0|0|0|0|0,7|7|7|7|7|7|7|7,-18|-6|6|18|-18|-6|6|18,-7|-7|-7|-7|7|7|7|7,767|768|769|770|786|787|788|789,0,0,0,14,255,192
470,0,4,1,0,1,0,0,0,1|191|86|186|30|87|191|76,255|14|87|154|178|10|223|1,0|86|-70|30|87|106|1|-102,21|10|-33|1|-65|-42|-71|30,0|-65|65|4|14|87|-102|-78,0|-33|1|-65|-42|-71|30|87,67|60826|57098|48897|47574|22302|29338|57109,-1,0,0,20,255,208
471,0,1,1,0,1,0,0,0,4|30|87|191|82|184|30|87,255|4|49|192|80|80|154|223,0|-33|1|-65|-42|-71|30|87,20|-12|27|30|87|104|64|-100,0|64|-72|30|87|-102|-40|11,0|1|-125|62|64|-72|0|118,70|47702|22302|62655|7707|65367|16438|12728,-1,0,0,20,255,208
472,0,1,1,0,1,0,0,0,8|185|30|87|154|110|11|223,255|191|86|185|30|87|191|124,0|14|87|-102|-78|10|-33|1,20|86|-71|30|87|106|1|-102,0|10|-33|1|-65|86|-71|30,0|-65|-12|27|30|87|104|64,219|47168|22302|55450|57099|33537|16446|184,-1,0,0,20,255,208
473,0,1,2,0,2,0,0,0,8|8|80|80|154|223|11|223,255|255|62|64|184|0|117|196,0|0|-70|30|87|-102|110|11,20|20|-65|86|-71|30|87|-102,-4|4|-33|1|-55|-61|-102|-36,0|0|0|-102|12|0|-33|1,218|218|39425|10663|447|44186|48936|39425,-1,0,0,20,255,208
474,0,1,4,0,4,0,0,0,6|6|6|6|22|40|191|1,255|255|255|255|1|154|218|39,0|0|0|0|-27|-24|-123|-36,3|1|3|1|118|2|-33|1,-8|-8|8|8|-64|-51|-66|-4,0|0|0|0|-120|85|49|-102,578|578|578|578|12472|53732|50400|64702,1,0,0,20,255,208
475,0,1,8,0,8,0,0,0,6|6|6|6|6|6|6|6,255|255|255|255|255|255|255|255,0|0|0|0|0|0|0|0,4|2|0|-2|4|2|0|-2,-8|-8|-8|-8|8|8|8|8,0|0|0|0|0|0|0|0,578|578|578|578|578|578|578|578,1,0,0,20,255,208
476,0,2,1,9,1,0,0,0,3|228|209|224|196|190|252|169,10|248|38|139|69|56|45|132,0|5|96|-22|-117|-48|-96|52,5|48|-28|-47|-32|-60|-66|-4,0|3|-8|38|-119|85|56|-96,0|-72|48|-28|-60|-66|-4|-87,172|32806|4477|29952|40976|47156|58416|48836,0,0,0,0,255,112
477,0,2,2,9,2,0,0,0,4|4|233|173|254|191|86|184,10|10|154|71|8|223|1|129,-4|4|-72|12|3|116|3|-23,5|5|-65|86|-72|30|87|-102,0|0|-33|1|-65|86|-70|30,0|0|62|-52|4|6|87|104,172|172|20560|57242|57099|48897|47190|22302,0,0,0,0,255,112
478,0,2,4,9,4,0,0,0,5|5|5|5|235|4|255|6,10|10|10|10|66|184|82|196,0|0|-1|1|-8|-119|-66|-4,5|5|5|5|-87|38|-58|5,-4|4|-6|6|-72|1|0|-21,0|0|0|0|-72|-65|86|-72,172|172|172|172|41424|47172|48836|43516,0,0,0,0,255,112
479,0,2,5,9,5,0,0,0,6|6|6|6|6|87|154|215,10|10|10|10|10|252|169|38,0|0|0|-1|1|8|-33|1,5|5|5|5|5|-102|-41|9,0|4|-4|-6|6|-87|38|-119,0|0|0|0|0|-33|1|-60,172|172|172|172|172|479|48836|43516,0,0,0,0,255,112
480,0,2,7,9,7,0,0,0,7|7|7|7|7|7|7|190,10|10|10|10|10|10|10|215,0|0|0|-1|1|-2|2|38,5|5|5|5|5|5|5|1,0|4|-4|-6|6|-8|8|44,0|0|0|0|0|0|0|-4,172|172|172|172|172|172|172|35110,0,0,0,0,255,112
481,0,2,8,9,8,0,0,0,8|8|8|8|8|8|8|8,10|10|10|10|10|10|10|10,0|0|0|-1|1|-2|2|0,6|5|5|5|5|5|5|7,0|4|-4|-6|6|-8|8|0,0|0|0|0|0|0|0|8,172|172|172|172|172|172|172|172,0,0,0,0,255,112
482,0,4,1,0,1,0,0,0,3|252|169|38|137|69|62|154,107|9|223|1|196|190|252|169,0|-119|69|64|-102|-41|9|-33,7|-60|-66|-4|-87|38|-119|69,0|-102|-41|9|-33|1|-60|-66,0|-87|38|-119|69|68|-102|-41,601|50177|64702|9897|17801|39494|2519|479,0,0,0,26,255,208
483,0,2,1,0,1,0,0,0,4|38|137|69|74|154|168|8,105|1|191|86|184|30|87|154,0|9|-33|1|-60|-66|-4|-87,7|-119|69|76|-102|-41|9|-33,0|-60|-66|-4|-87|38|-119|69,0|-102|-41|9|-33|1|-60|-66,582|35110|20549|18330|57096|33537|16958|10936,0,0,0,26,255,208
484,0,2,3,0,3,0,0,0,8|3|3|87|196|62|200|4,105|107|107|198|13|49|192|80,0|-1|1|11|-33|1|106|18,7|7|7|-43|43|-65|1|-65,0|-4|4|87|-65|-88|3|14,0|0|0|-102|-85|9|-33|1,582|601|601|47190|22302|18330|57096|12545,0,0,0,26,255,208
485,0,2,3,0,3,0,0,0,8|8|8|30|7|137|190|252,105|105|105|254|169|38|198|5,0|0|0|68|-72|1|0|-21,7|6|6|68|-72|-65|86|-72,0|-9|9|-33|8|-33|1|-118,0|0|0|-72|-60|-66|-4|-87,582|582|582|2216|479|16003|47172|29982,0,0,0,26,255,208
486,0,2,4,0,4,0,0,0,8|8|8|8|215|9|223|1,105|105|105|105|38|136|69|33,0|0|0|0|1|-60|-66|-4,7|7|6|6|34|-102|-41|9,-4|4|-14|14|-4|-87|38|-119,0|0|0|0|8|-33|1|-125,582|582|582|582|49151|47190|22302|18330,0,0,0,26,255,208
487,0,2,4,7,4,0,0,0,251|251|251|251|154|223|11|223,255|255|255|255|30|87|154|71,0|0|0|0|86|-72|30|87,2|2|2|2|1|49|-64|-93,-6|6|-6|6|-1|6|66|-72,-7|-7|7|7|37|-127|-57|-84,683|702|721|740|65158|9897|1478|50974,0,0,0,26,255,208
488,0,3,1,0,1,0,0,0,2|223|8|223|1|138|208|161,255|184|196|190|252|169|3|248,0|-120|21|-102|-88|8|-33|1,-4|62|68|-72|30|117|-40|-65,0|-72|30|87|-102|-41|9|-33,0|-60|-66|-4|-87|38|-119|69,126|2519|479|48836|43516|34854|8517|55194,1,0,0,16,255,208
489,0,3,2,0,2,0,0,0,2|2|252|169|38|137|69|35,255|255|8|223|1|131|62|66,0|0|116|3|-23|109|-1|-65,-4|-4|30|87|-102|71|8|-33,0|0|86|-70|30|87|-65|-84,0|0|87|104|3|1|49|-64,126|126|57099|48897|47190|22302|18330|57096,1,0,0,16,255,208
490,0,3,2,0,2,0,0,0,4|4|255|6|66|184|107|62,255|255|37|129|199|176|12|30,0|0|-66|-4|-87|-116|-122|-2,-4|-4|-58|5|30|-57|6|68,0|0|0|-21|4|-1|6|68,0|0|86|-72|30|87|-102|-33,214|214|41424|47172|48836|43516|63491|34854,1,0,0,16,255,208
491,0,3,4,0,4,0,0,0,5|5|2|2|9|223|1|196,255|255|255|255|137|69|31|154,0|0|0|0|-60|-66|-4|-87,-4|-4|-4|-4|-102|-41|9|-33,0|0|-8|8|-87|38|-120|69,0|0|0|0|-33|1|-60|-66,214|214|126|126|57096|33537|16958|1720,1,0,0,16,255,208
492,0,3,4,0,4,0,0,0,252|252|252|252|154|71|8|223,255|255|255|255|30|87|154|71,0|0|0|0|-64|-93|66|-72,-3|-3|-3|-3|66|-72|107|62,-6|6|-6|6|-57|-76|13|30,-7|-7|7|7|-87|-116|-122|-2,239|240|258|259|440|60160|65284|17414,1,0,0,16,255,208
493,0,3,8,0,8,0,0,0,252|252|252|252|252|252|252|252,255|255|255|255|255|255|255|255,-1|-1|-1|-1|1|1|1|1,-3|-3|-3|-3|-3|-3|-3|-3,-6|6|-6|6|-6|6|-6|6,-7|-7|7|7|-7|-7|7|7,239|240|258|259|239|240|258|259,1,0,0,16,255,208
494,0,8,1,0,1,0,0,0,128|223|1|196|190|252|169|38,255|69|37|154|215|9|223|1,0|-66|-4|-87|38|-119|69|38,0|-41|9|-33|1|-60|-66|-4,0|38|-120|69|40|-102|71|8,0|1|-125|62|66|-72|13|116,57|65350|22207|7864|39511|2119|479|22207,1,0,0,7,6,208
495,0,9,2,0,2,0,0,0,128|128|223|1|191|86|184|30,255|255|71|8|223|1|191|86,0|0|87|-102|71|8|-33|1,-1|-1|-93|66|-72|-21|4|-1,9|-9|-72|107|62|66|-72|86,0|0|-14|15|30|7|-119|-66,57|57|43518|50726|7685|1735|47172|1,1,0,0,7,6,208
496,0,9,2,0,2,0,0,0,113|113|161|68|184|196|190|252,255|255|248|38|136|21|154|168,0|0|1|-125|62|68|-72|30,-1|-1|-65|86|-72|30|87|-102,9|-9|-33|1|-60|-66|-4|-87,0|0|69|31|-102|-41|9|-33,76|76|55194|57097|50177|64702|9897|17801,1,0,0,7,6,208
497,0,9,2,0,2,0,0,0,114|114|1|196|190|252|169|38,255|255|34|154|215|9|223|1,0|0|-4|-87|38|-120|69|37,-1|-1|9|-33|1|-60|-66|-4,9|-9|-120|69|38|-102|-41|9,0|0|-60|-66|-4|-87|38|-120,95|95|57097|50177|64702|9897|17801|39505,1,0,0,7,6,208
498,0,9,4,0,4,0,0,0,114|114|128|128|169|38|136|69,255|255|255|255|223|1|196|190,0|0|0|0|69|83|-102|-41,-1|-1|-2|-2|-66|-4|-87|38,9|-9|16|-16|-41|9|-33|1,0|0|0|0|38|-119|69|40,95|95|57|57|9897|17801|39466|2519,1,0,0,7,6,208
499,0,9,6,0,6,0,0,0,114|114|128|128|128|128|46|154,255|255|255|255|255|255|252|169,0|0|0|0|0|0|9|-33,-1|-1|-2|-2|0|0|-119|69,9|-9|16|-16|30|-30|-60|-66,0|0|0|0|0|0|-102|-41,95|95|57|57|57|57|2519|479,1,0,0,7,6,208
500,0,3,1,0,1,0,0,0,149|38|137|69|58|154|215|9,255|1|196|190|252|169|38|137,0|60|-102|-41|9|-33|1|-60,6|-4|-87|38|-119|69|62|-102,0|9|-33|1|-60|-66|-4|-87,0|-119|69|64|-102|-41|9|-33,241|64702|9897|17801|39490|2519|479|48836,0,0,0,1,255,208
501,0,4,1,0,1,0,0,0,150|69|70|154|215|9|223|1,98|190|252|169|38|137|69|72,0|-41|9|-33|1|-60|-66|-4,6|38|-119|69|74|-102|-41|9,0|1|-60|-66|-4|-87|38|-119,0|76|-102|-41|9|-33|1|-60,241|9897|17801|39502|2119|479|16003|47170,0,0,0,1,255,208
502,0,5,1,0,1,0,0,0,152|86|186|30|87|191|242|15,98|87|104|106|10|49|192|80,0|-102|-33|11|-33|1|-65|86,6|30|87|-102|71|8|-33|1,0|86|-72|30|87|-102|71|8,0|1|49|-64|-93|66|-72|-21,241|16902|27576|16958|9656|51073|6748|1822,0,0,0,1,255,208
503,0,5,1,0,1,0,0,0,153|0|235|4|255|6|68|184,98|86|184|30|87|154|223|8,0|1|-118|-48|-95|68|-72|-60,6|-4|-87|3|-8|38|-120|21,0|-88|8|-33|1|-125|62|68,0|30|117|-40|-65|86|-72|30,241|2519|479|48836|43516|34854|8005|55194,0,0,0,1,255,208
504,0,5,2,0,2,0,0,0,152|152|252|169|38|137|69|33,98|98|9|223|1|196|190|252,0|0|-119|69|35|-102|71|8,6|6|-125|62|66|-72|10|116,-7|7|109|-1|-65|86|-72|30,0|0|71|8|-33|1|-65|86,241|241|6748|22302|38760|12545|20672|39504,0,0,0,1,255,208
505,0,5,3,0,3,0,0,0,152|152|153|154|71|8|223|1,98|98|98|66|184|235|4|255,0|0|0|107|6|66|-72|77,6|6|6|4|3|-8|-119|-66,-9|9|0|-122|-2|-87|-57|6,6|6|0|0|-21|4|-1|6,241|241|241|39511|2271|479|15010|39620,0,0,0,1,255,208
506,0,5,1,3,1,0,0,0,2|215|9|223|1|196|190|252,255|38|136|69|61|154|215|9,0|1|-60|-66|-4|-87|38|-120,8|-102|-41|9|-33|1|-60|-66,0|-87|38|-120|69|62|-102|-41,0|-33|1|-60|-66|-4|-87|38,153|39487|2519|479|48836|43516|34854|5189,0,0,0,2,255,0
507,0,5,2,3,2,0,0,0,2|2|196|190|252|169|38|137,255|255|154|215|9|223|1|196,-2|2|-87|38|-119|69|25|-102,8|8|-33|1|-60|-66|-4|-87,0|0|69|27|-102|-41|9|-33,0|0|-66|-4|-87|38|-119|69,153|153|479|48836|43516|35110|8005|55194,0,0,0,2,255,0
508,0,4,2,3,4,0,0,0,2|2|2|2|38|137|69|35,255|255|255|255|1|196|190|252,-2|2|-1|1|37|-102|-41|9,7|7|8|8|-4|-87|38|-119,0|0|0|0|9|-33|1|-60,0|0|0|0|-119|69|41|-102,153|153|153|153|35110|11077|55194|57097,0,0,0,2,255,0
509,0,4,2,3,6,0,0,0,2|2|2|2|2|2|154|215,255|255|255|255|255|255|169|38,-2|2|-4|4|-1|1|-33|1,7|7|5|5|8|8|69|51,0|0|0|0|0|0|-66|-4,0|0|0|0|0|0|-41|9,153|153|153|153|153|153|57097|50177,0,0,0,2,255,0
510,0,4,3,3,6,0,0,0,2|2|2|2|2|2|9|223,255|255|255|255|255|255|136|69,-2|2|0|-1|1|0|-60|-66,7|7|9|7|7|9|-102|-41,0|0|0|0|0|0|-87|38,0|0|0|0|0|0|-33|1,153|153|153|153|153|153|50177|64702,0,0,0,2,255,0
511,0,3,2,3,8,0,0,0,2|2|2|2|2|2|2|2,255|255|255|255|255|255|255|255,0|0|1|-1|2|-2|3|-3,9|9|8|8|7|7|6|6,6|-6|6|-6|6|-6|6|-6,0|0|0|0|0|0|0|0,153|153|153|153|153|153|153|153,0,0,0,2,255,0
512,0,4,4,3,8,0,0,0,2|2|2|2|2|2|2|2,255|255|255|255|255|255|255|255,0|0|1|-1|2|-2|3|-3,9|9|8|8|7|7|6|6,6|-6|6|-6|6|-6|6|-6,0|0|0|0|0|0|0|0,153|153|153|153|153|153|153|153,0,0,0,2,255,0
513,0,4,6,3,8,0,0,0,2|2|2|2|2|2|2|2,255|255|255|255|255|255|255|255,0|0|1|-1|2|-2|3|-3,9|9|8|8|7|7|6|6,6|-6|6|-6|6|-6|6|-6,0|0|0|0|0|0|0|0,153|153|153|153|153|153|153|153,0,0,0,2,255,0
514,0,5,8,3,8,0,0,0,2|2|2|2|2|2|2|2,255|255|255|255|255|255|255|255,0|0|1|-1|2|-2|3|-3,9|9|8|8|7|7|6|6,6|-6|6|-6|6|-6|6|-6,0|0|0|0|0|0|0|0,153|153|153|153|153|153|153|153,0,0,0,2,255,0
515,0,4,8,3,8,0,0,0,2|2|2|2|2|2|2|2,255|255|255|255|255|255|255|255,0|0|1|-1|2|-2|3|-3,9|9|8|8|7|7|6|6,6|-6|6|-6|6|-6|6|-6,0|0|0|0|0|0|0|0,153|153|153|153|153|153|153|153,0,0,0,2,255,0
516,0,3,8,3,8,0,0,0,2|2|2|2|2|2|2|2,255|255|255|255|255|255|255|255,0|0|1|-1|2|-2|3|-3,9|9|8|8|7|7|6|6,6|-6|6|-6|6|-6|6|-6,0|0|0|0|0|0|0|0,153|153|153|153|153|153|153|153,0,0,0,2,255,0
517,0,4,2,3,2,0,0,0,2|2|224|72|163|72|184|141,255|255|169|22|87|107|62|72,-6|6|-127|-57|85|1|30|87,2|2|13|-33|1|-65|-80|3,0|0|-102|28|14|-33|1|-115,0|0|-88|22|87|107|62|72,153|153|341|22302|40346|57101|48897|949,0,0,0,2,255,0
518,0,4,2,3,2,0,0,0,2|2|86|184|30|87|141|190,255|255|22|87|107|62|72|184,-5|5|-57|85|1|30|87|-102,3|3|-33|1|-65|-80|3|14,0|0|28|14|-33|1|-102|-112,0|0|1|-65|86|-71|30|87,153|153|22294|15979|47176|33033|21959|7681,0,0,0,2,255,0
519,0,4,2,3,4,0,0,0,2|2|2|2|1|191|184|199,255|255|255|255|72|184|9|129,-7|7|-5|5|87|106|0|-102,1|1|3|3|-102|-121|8|-33,0|0|0|0|30|87|-102|14,0|0|0|0|86|-71|30|87,153|153|153|153|47190|22302|56511|7866,0,0,0,2,255,0
520,0,4,2,3,6,0,0,0,2|2|2|2|2|2|30|87,255|255|255|255|255|255|154|223,-7|7|-5|5|-7|7|30|87,1|1|3|3|-1|-1|-1|0,0|0|0|0|0|0|71|8,0|0|0|0|0|0|87|-65,153|153|153|153|153|153|57099|48897,0,0,0,2,255,0
521,0,4,2,3,6,0,0,0,2|2|2|2|2|2|9|223,255|255|255|255|255|255|8|223,-7|7|-5|5|-8|8|-65|66,1|1|3|3|2|2|-64|80,0|0|0|0|0|0|-65|86,0|0|0|0|0|0|30|87,153|153|153|153|153|153|47446|22302,0,0,0,2,255,0
522,0,20,1,3,1,0,0,0,187|228|186|162|220|188|191|214,255|30|87|141|190|0|167|22,0|-65|-36|-70|30|87|106|1,2|8|-102|-37|13|-33|1|-65,0|3|14|87|-102|28|14|-33,0|-102|-78|10|-33|1|-65|-42,153|27223|39425|2797|479|54975|7865|48983,0,0,0,2,255,0
523,0,20,7,3,7,0,0,0,187|2|2|2|2|2|2|208,255|255|255|255|255|255|255|192,0|-7|7|-5|5|-8|8|-65,2|1|1|3|3|2|2|4,0|0|0|0|0|0|0|80,0|0|0|0|0|0|0|-42,153|153|153|153|153|153|153|20560,0,0,0,2,255,0
524,0,30,1,3,1,0,0,0,187|0|170|22|87|104|240|85,255|0|154|11|22|223|1|191,0|-72|30|87|-102|71|8|-33,2|-65|86|-72|30|87|-102|71,0|-33|1|-65|86|-72|30|87,0|-41|9|-33|1|-93|66|-72,153|57096|48897|47446|22302|17087|7864|27223,0,0,0,2,255,0
525,0,30,7,3,7,0,0,0,187|2|2|2|2|2|2|167,255|255|255|255|255|255|255|255,0|-7|7|-5|5|-8|8|87,2|1|1|3|3|2|2|-72,0|0|0|0|0|0|0|-71,0|0|0|0|0|0|0|106,153|153|153|153|153|153|153|1173,0,0,0,2,255,0
526,0,20,7,3,7,0,0,0,187|2|2|2|2|2|2|253,255|255|255|255|255|255|255|2,0|-7|7|-5|5|-8|8|2,-3|1|1|3|3|2|2|5,0|0|0|0|0|0|0|2,0|0|0|0|0|0|0|-16,153|153|153|153|153|153|153|593,1,0,0,2,255,0
527,0,15,7,3,7,0,0,0,187|2|2|2|2|2|2|0,255|255|255|255|255|255|255|0,0|-7|7|-5|5|-8|8|0,-1|1|1|3|3|2|2|0,0|0|0|0|0|0|0|9,0|0|0|0|0|0|0|-16,153|153|153|153|153|153|153|201,1,0,0,2,255,0
528,0,5,1,3,1,0,0,0,2|16|201|0|111|16|201|0,255|16|201|0|111|16|201|0,0|16|-55|0|111|16|-55|0,8|-20|0|-16|64|-18|0|-16,0|-16|0|-16|-46|23|0|-64,0|117|0|-16|0|117|0|-16,153|61440|29952|61440|29952|61440|29952|61440,0,0,0,2,255,0
529,0,4,3,3,6,0,0,0,2|2|2|2|2|2|112|0,255|255|255|255|255|255|0|240,-2|2|0|-1|1|0|0|-16,7|7|9|7|7|9|0|-16,0|0|0|0|0|0|0|-16,0|0|0|0|0|0|0|-16,153|153|153|153|153|153|29952|61440,0,0,0,2,255,0
530,0,5,8,3,8,0,0,0,2|2|2|2|2|2|2|2,255|255|255|255|255|255|255|255,0|0|1|-1|2|-2|3|-3,9|9|8|8|7|7|6|6,6|-6|6|-6|6|-6|6|-6,0|0|0|0|0|0|0|0,153|153|153|153|153|153|153|153,0,0,0,2,255,0
531,0,3,8,3,8,0,0,0,2|2|2|2|2|2|2|2,255|255|255|255|255|255|255|255,0|0|1|-1|2|-2|3|-3,9|9|8|8|7|7|6|6,6|-6|6|-6|6|-6|6|-6,0|0|0|0|0|0|0|0,153|153|153|153|153|153|153|153,0,0,0,2,255,0
532,0,15,1,3,1,0,0,0,187|0|0|0|0|0|0|0,255|0|0|0|0|0|0|0,0|0|0|0|0|0|0|0,-1|0|0|0|0|0|0|0,0|0|0|0|0|0|0|0,0|0|0|0|0|0|0|0,153|0|0|0|0|0|0|0,1,0,0,2,255,0
533,0,30,7,3,7,0,0,0,187|2|2|2|2|2|2|0,255|255|255|255|255|255|255|0,0|-7|7|-5|5|-8|8|0,2|1|1|3|3|2|2|0,0|0|0|0|0|0|0|0,0|0|0|0|0|0|0|0,153|153|153|153|153|153|153|0,0,0,0,2,255,0
534,0,3,1,3,1,0,0,0,2|0|0|0|0|0|0|0,255|0|0|0|0|0|0|0,0|0|0|0|0|0|0|0,8|0|0|0|0|0|0|0,0|0|0|0|0|0|0|0,0|0|0|0|0|0|0|0,153|0|0|0|0|0|0|0,0,0,0,2,255,0
535,0,10,2,0,2,0,0,0,166|166|0|0|0|0|0|0,255|255|0|0|0|0|0|0,0|0|0|0|0|0|0|0,7|7|0|0|0|0|0|0,0|0|0|0|0|0|0|0,0|0|0|0|0|0|0|0,90|90|0|0|0|0|0|0,0,0,0,14,6,208
536,0,3,1,0,1,0,0,0,2|0|0|0|0|0|0|0,255|0|0|0|0|0|0|0,0|0|0|0|0|0|0|0,8|0|0|0|0|0|0|0,0|0|0|0|0|0|0|0,0|0|0|0|0|0|0|0,160|0|0|0|0|0|0|212,0,0,0,5,255,96
537,0,2,1,0,1,0,0,0,2|240|2|2|60|0|208|231,255|240|2|2|0|0|0|0,0|1|12|-93|55|-96|0|16,8|1|16|64|0|0|-1|1,0|0|0|-32|-60|-128|0|0,0|0|0|126|0|111|0|124,160|1|41046|34780|60467|46003|3213|60429,0,0,0,5,255,96
538,0,4,2,0,2,0,0,0,2|2|59|0|6|0|59|0,255|255|59|0|10|0|59|0,0|0|59|0|14|0|59|0,8|8|59|0|18|0|59|0,-8|8|59|0|22|0|59|0,0|0|59|0|26|0|59|0,160|160|30|59|852|59|34|59,0,0,0,5,255,96
539,0,3,2,0,2,0,0,0,2|2|59|0|46|0|59|0,255|255|59|0|50|0|59|0,0|0|59|0|54|0|59|0,8|8|59|0|58|0|59|0,-8|8|-101|0|62|0|59|0,0|0|59|0|6|8|-65|0,160|160|70|59|72|59|932|59,0,0,0,5,255,96
540,0,4,3,0,3,0,0,0,2|2|2|0|86|0|59|0,255|255|255|0|90|0|59|0,0|0|0|0|-31|10|-65|0,8|8|8|0|-19|29|-65|0,-10|10|0|0|92|3|59|0,5|5|-5|0|106|0|59|0,160|160|160|59|112|59|114|59,0,0,0,5,255,96
541,0,3,3,0,3,0,0,0,2|2|2|0|126|0|59|0,255|255|255|0|26|2|59|0,0|0|0|0|-122|0|59|0,8|8|8|0|-118|0|59|0,-10|10|0|0|-114|0|59|0,5|5|-5|0|-110|0|59|0,160|160|160|59|152|59|154|59,0,0,0,5,255,96
542,0,4,4,0,4,0,0,0,2|2|2|2|166|0|59|0,255|255|255|255|170|0|59|0,0|0|0|0|-82|0|59|0,8|8|8|8|-78|0|59|0,-15|15|-8|8|-74|0|59|0,5|5|-5|-5|-70|0|59|0,160|160|160|160|192|59|194|59,0,0,0,5,255,96
543,0,5,5,0,5,0,0,0,2|2|2|2|2|3|59|0,255|255|255|255|255|0|59|0,0|0|0|0|0|0|59|0,8|8|8|8|8|0|59|0,-20|20|-12|12|0|0|59|0,8|8|-2|-2|-6|0|59|0,160|160|160|160|160|59|234|59,0,0,0,5,255,96
544,0,5,6,0,6,0,0,0,2|2|2|2|2|2|59|0,255|255|255|255|255|255|59|0,0|0|0|0|0|0|59|0,8|8|8|8|8|8|59|0,-24|24|-18|18|-12|12|59|0,8|8|-2|-2|-6|-6|59|0,160|160|160|160|160|160|274|59,0,0,0,5,255,96
545,0,6,7,0,7,0,0,0,2|2|2|2|2|2|2|0,255|255|255|255|255|255|255|0,0|0|0|0|0|0|0|0,8|8|8|8|8|8|8|0,-24|24|-18|18|-12|12|0|0,8|8|-2|-2|-6|-6|-8|0,160|160|160|160|160|160|160|59,0,0,0,5,255,96
546,0,6,8,0,8,0,0,0,2|2|2|2|2|2|2|2,255|255|255|255|255|255|255|255,0|0|0|0|0|0|0|0,8|8|8|8|8|8|8|8,-24|24|-18|18|-12|12|-5|5,8|8|-2|-2|-6|-6|-8|-8,160|160|160|160|160|160|160|160,0,0,0,5,255,96
547,0,2,1,0,2,0,0,0,2|2|59|0|110|1|59|0,255|255|59|0|114|1|59|0,-6|6|59|0|118|1|59|0,6|6|59|0|122|1|59|0,-6|6|59|0|126|1|59|0,0|0|59|0|-126|1|59|0,159|161|390|59|392|59|394|59,0,0,0,5,255,96
548,0,3,2,0,2,0,0,0,2|2|59|0|150|1|59|0,255|255|59|0|154|1|59|0,-6|6|59|0|-98|1|59|0,6|6|59|0|-94|1|59|0,-6|6|59|0|-90|1|59|0,0|0|59|0|-86|1|59|0,159|161|430|59|432|59|434|59,0,0,0,5,255,96
549,0,3,2,0,4,0,0,0,2|2|2|2|190|1|59|0,255|255|255|255|194|1|59|0,-6|6|-7|7|-58|1|59|0,6|6|5|5|-54|1|59|0,-6|6|-6|6|-50|1|59|0,0|0|0|0|-46|1|59|0,159|161|159|161|472|59|474|59,0,0,0,5,255,96
550,0,3,3,0,3,0,0,0,2|2|2|0|230|1|59|0,255|255|255|0|234|1|59|0,-6|6|0|0|-18|1|59|0,6|6|-8|0|-14|1|59|0,-6|6|0|0|-10|1|59|0,0|0|0|0|-6|1|59|0,159|161|160|59|8711|191|998|59,0,0,0,5,255,96
551,0,3,4,0,4,0,0,0,2|2|2|2|240|3|59|0,255|255|255|255|244|3|59|0,-6|6|0|0|108|-74|-65|0,6|6|-8|-8|-53|33|-65|0,-6|6|-8|8|-8|3|59|0,0|0|0|0|0|0|0|0,159|161|160|160|712|0|18058|12292,0,0,0,5,255,96
552,0,4,5,0,5,0,0,0,2|2|2|2|2|161|66|184,255|255|255|255|255|247|241|146,-6|6|6|-6|0|15|0|-95,6|6|-6|-6|-8|3|-8|38,-6|6|6|-6|0|-48|-95|66,0|0|0|0|0|-8|38|-120,159|161|159|161|160|18616|32452|774,0,0,0,5,255,96
553,0,4,6,0,6,0,0,0,2|2|2|2|2|2|196|126,255|255|255|255|255|255|161|66,-6|6|6|-6|0|0|-55|-62,6|6|-6|-6|-8|-8|-116|-45,-6|6|6|-6|-8|8|-66|0,0|0|0|0|0|0|-111|48,159|161|159|161|160|160|12433|62445,0,0,0,5,255,96
554,0,4,7,0,7,0,0,0,2|2|2|2|2|2|2|87,255|255|255|255|255|255|255|156,-6|6|6|-6|0|0|0|-72,6|6|-6|-6|-8|-8|-8|-115,-6|6|6|-6|-12|12|0|0,0|0|0|0|0|0|4|1,159|161|159|161|160|160|160|39428,0,0,0,5,255,96
555,0,5,8,0,8,0,0,0,2|2|2|2|2|2|2|2,255|255|255|255|255|255|255|255,-6|6|6|-6|0|0|0|0,6|6|-6|-6|-8|-8|-8|-8,-6|6|6|-6|-16|16|-10|10,0|0|0|0|0|0|4|4,159|161|159|161|160|160|160|160,0,0,0,5,255,96
556,0,6,8,0,8,0,0,0,2|2|2|2|2|2|2|2,255|255|255|255|255|255|255|255,-6|6|6|-6|0|0|0|0,6|6|-6|-6|-8|-8|-8|8,-6|6|6|-6|-16|16|0|0,0|0|0|0|0|0|4|-4,159|161|159|161|160|160|160|160,0,0,0,5,255,96
557,0,6,8,0,8,0,0,0,2|2|2|2|2|2|2|2,255|255|255|255|255|255|255|255,-6|6|6|-6|0|0|-6|6,6|6|-6|-6|-8|-8|8|8,-6|6|6|-6|-16|16|0|0,0|0|0|0|0|0|-4|-4,159|161|159|161|160|160|159|161,0,0,0,5,255,96
558,0,3,1,0,1,0,0,0,2|38|137|5|131|126|252|0,255|4|198|70|255|1|141|190,0|-2|22|87|-60|126|8|6,8|-65|119|1|14|87|-60|126,0|6|87|-102|72|14|-33|1,0|80|104|-1|0|-102|-37|13,160|32452|1544|26711|255|47002|57101|60161,0,0,0,5,255,96
559,0,4,2,0,2,0,0,0,2|2|195|140|219|252|141|190,255|255|197|118|4|172|170|145,0|0|-13|-92|-114|-37|-115|-66,8|8|22|87|106|0|-115|-66,-8|8|22|87|-102|30|41|-65,0|0|62|10|-58|0|-80|0,160|160|65350|18058|51711|1218|51200|778,0,0,0,5,255,96
560,0,4,4,0,4,0,0,0,2|2|2|2|243|164|141|190,255|255|255|255|4|172|170|145,0|0|0|0|-114|-37|-115|-66,8|8|8|8|-24|-116|-1|8,-15|15|-8|8|-64|-119|-122|-6,5|5|-5|-5|-4|-21|58|-115,160|160|160|160|5885|39511|2738|479,0,0,0,5,255,96
561,0,5,5,0,5,0,0,0,3|3|3|3|3|250|252|22,255|255|255|255|255|1|141|190,0|0|0|0|0|110|11|-33,8|8|8|8|8|22|87|-24,-20|20|-12|12|0|12|49|-64,8|8|-2|-2|-6|-122|-8|-4,160|160|160|160|160|65278|22294|45722,0,0,0,5,255,96
562,0,6,7,0,7,0,0,0,4|4|4|4|4|4|4|190,255|255|255|255|255|255|255|191,0|0|0|0|0|0|0|-102,8|8|8|8|8|8|8|-4,-24|24|-18|18|-12|12|0|-4,8|8|-2|-2|-6|-6|-8|-4,160|160|160|160|160|160|160|49865,0,0,0,5,255,96
563,0,6,8,0,8,0,0,0,6|6|6|6|6|6|6|6,255|255|255|255|255|255|255|255,0|0|0|0|0|0|0|0,8|8|8|8|8|8|8|8,-24|24|-18|18|-12|12|-5|5,8|8|-2|-2|-6|-6|-8|-8,160|160|160|160|160|160|160|160,0,0,0,5,255,96
564,0,3,1,1,1,0,0,0,2|32|83|107|105|112|112|101,255|24|79|112|101|110|105|110,0|32|108|118|108|32|77|97,8|116|101|114|32|102|105|108,0|46|11|116|121|114|105|97,0|50|46|76|86|76|10|76,157|19525|11826|16708|2900|17740|17750|21324,0,0,0,5,255,96
565,0,2,1,0,1,0,0,0,1|85|66|69|84|88|84|50,255|68|65|84|10|84|89|82,0|65|78|46|72|84|88|10,10|89|82|73|65|78|46|84,0|80|10|84|89|82|73|65,0|46|72|68|84|-56|0|89,58|11138|447|50792|39437|835|479|51363,0,0,0,25,255,208
566,0,3,2,0,2,0,0,0,1|1|206|4|106|247|154|67,255|255|1|163|220|4|137|22,-1|1|-65|86|-70|30|87|-65,9|9|14|87|-102|-78|10|-33,-4|4|86|-72|30|87|-65|-121,0|0|87|-102|-112|5|-33|1,58|58|48983|914|22286|106|43930|57097,0,0,0,25,255,208
567,0,2,2,0,2,0,0,0,1|1|154|171|9|223|1|106,255|255|16|244|106|0|154|51,-1|1|1|-102|-121|8|-33|1,9|9|-72|30|87|-65|-12|27,-4|4|104|64|-100|-102|-29|5,0|0|-65|86|-70|30|87|106,58|58|479|22207|7864|39511|1550|479,0,0,0,25,255,208
568,0,3,3,0,3,0,0,0,1|1|1|192|80|80|154|223,255|255|255|199|6|64|184|42,-1|1|0|-70|30|87|-65|64,9|9|10|106|2|49|-64|80,-4|4|0|11|-33|1|-57|6,0|0|0|0|-65|86|-70|30,58|58|58|618|49201|20560|57242|57099,0,0,0,25,255,208
569,0,2,3,0,3,0,0,0,1|1|1|49|192|80|80|154,255|255|255|1|199|6|64|184,-1|1|0|86|-70|30|87|-65,9|9|10|87|106|2|49|-64,-4|4|0|-33|11|-33|1|-57,0|0|0|10|0|-65|86|-70,58|58|58|27223|12546|20672|39504|3039,0,0,0,25,255,208
570,0,2,3,0,3,0,0,0,1|1|2|2|49|192|80|80,255|255|255|223|1|191|86|184,-1|1|0|71|8|-33|1|-65,9|9|10|87|-102|71|8|-33,-4|4|0|-72|30|87|-102|71,0|0|0|49|-64|-93|66|-72,58|58|59|1643|47170|50256|52286|772,0,0,0,25,255,208
571,0,3,3,0,3,0,0,0,2|2|1|68|184|191|86|184,255|255|255|223|8|223|1|162,-1|1|0|-88|8|-33|1|-125,9|9|10|50|117|-29|-65|86,-4|4|0|-102|-41|9|-33|1,0|0|0|-87|38|-120|69|79,59|59|58|64702|9897|17800|39501|2519,0,0,0,25,255,208
572,0,3,3,0,3,0,0,0,2|2|2|38|136|69|76|154,255|255|255|1|196|190|252|169,-1|1|0|-102|-41|9|-33|1,9|9|10|-87|38|-120|69|2,-4|4|0|-33|1|-60|-66|-4,0|0|0|69|3|-102|-41|9,59|59|59|35110|1093|55194|57097|50177,0,0,0,25,255,208
573,0,4,5,0,5,0,0,0,2|2|2|1|1|52|184|154,255|255|255|255|255|190|252|169,-2|2|0|-1|1|-41|9|-33,8|8|10|9|9|38|-120|69,-8|8|0|-2|2|1|-60|-66,0|0|0|0|0|7|-102|-41,279|280|59|58|58|39432|2519|479,0,0,0,25,255,208
574,0,4,5,0,5,0,0,0,2|2|3|1|1|48|228|72,255|255|255|255|255|69|79|38,-2|2|0|-1|1|7|38|-58,8|8|10|9|9|-60|-66|-4,-8|8|0|-2|2|99|117|5,0|0|0|0|0|-60|-66|-4,279|280|60|58|58|17802|12291|35812,0,0,0,25,255,208
575,0,3,7,0,7,0,0,0,2|2|1|1|1|1|1|169,255|255|255|255|255|255|255|184,-2|2|0|-1|1|-1|1|86,8|8|10|9|9|9|9|1,-8|8|0|-1|1|-7|7|-60,0|0|0|0|0|0|0|85,279|280|58|58|58|58|58|64702,0,0,0,25,255,208
576,0,15,1,0,1,0,0,11,112|48|228|196|190|252|169|3,255|38|136|85|25|154|215|9,0|1|-118|-48|-96|52|-72|48,-3|-60|-66|-4|-87|3|-8|38,0|85|41|-102|-41|9|-33|1,0|-48|-96|52|-72|48|-28|-60,171|937|9976|21896|39457|2519|479|53386,0,0,0,26,98,208
577,0,10,1,0,1,0,0,11,112|0|0|0|0|0|0|0,255|0|0|0|0|0|0|0,0|0|0|0|0|0|0|0,-3|0|0|0|0|0|0|0,0|0|0|0|0|0|0|0,0|0|0|0|0|0|0|0,171|0|0|0|0|0|0|0,0,0,0,26,98,208
578,0,10,1,0,1,0,0,10,128|0|0|0|0|0|0|0,255|0|0|0|0|0|0|0,0|0|0|0|0|0|0|0,-3|0|0|0|0|0|0|0,0|0|0|0|0|0|0|0,0|0|0|0|0|0|0|0,171|0|0|0|0|0|0|0,0,0,0,26,98,208
579,0,10,2,0,2,0,0,10,112|112|0|0|0|0|0|0,255|255|0|0|0|0|0|0,0|0|0|0|0|0|0|0,-3|-3|0|0|0|0|0|0,-6|6|0|0|0|0|0|0,0|0|0|0|0|0|0|0,171|171|0|0|0|0|0|0,0,0,0,26,98,208
580,0,10,2,0,2,0,0,9,128|128|0|0|0|0|0|0,255|255|0|0|0|0|0|0,0|0|0|0|0|0|0|0,-3|-3|0|0|0|0|0|0,-6|6|0|0|0|0|0|0,0|0|0|0|0|0|0|0,171|171|0|0|0|0|0|0,0,0,0,26,98,208
581,0,10,3,0,3,0,0,9,128|128|112|0|0|0|0|0,255|255|255|0|0|0|0|0,-5|5|0|0|0|0|0|0,0|0|-3|0|0|0|0|0,-5|5|0|0|0|0|0|0,0|0|-3|0|0|0|0|0,171|171|171|0|0|0|0|0,0,0,0,26,98,208
582,0,10,4,0,4,0,0,9,128|128|112|112|0|0|0|0,255|255|255|255|0|0|0|0,-5|5|-3|3|0|0|0|0,0|0|-3|-3|0|0|0|0,-5|5|-3|3|0|0|0|0,0|0|-3|-3|0|0|0|0,171|171|171|171|0|0|0|0,0,0,0,26,98,208
583,0,9,4,0,4,0,0,8,128|128|112|112|0|0|0|0,255|255|255|255|0|0|0|0,-5|5|-3|3|0|0|0|0,0|0|-3|-3|0|0|0|0,-5|5|-3|3|0|0|0|0,0|0|-3|-3|0|0|0|0,171|171|171|171|0|0|0|0,0,0,0,26,98,208
584,0,9,6,0,6,0,0,8,128|128|112|112|112|112|0|0,255|255|255|255|255|255|0|0,-5|5|-3|3|-3|3|0|0,0|0|-3|-3|3|3|0|0,-5|5|-3|3|-3|3|0|0,0|0|-3|-3|3|3|0|0,171|171|171|171|171|171|0|0,0,0,0,26,98,208
585,0,9,7,0,7,0,0,8,128|128|112|112|112|112|112|0,255|255|255|255|255|255|255|0,-5|5|-3|3|-3|3|0|0,0|0|-3|-3|3|3|-4|0,-5|5|-3|3|-3|3|0|0,0|0|-3|-3|3|3|-4|0,171|171|171|171|171|171|171|0,0,0,0,26,98,208
586,0,9,8,0,8,0,0,8,128|128|112|112|112|112|112|112,255|255|255|255|255|255|255|255,-5|5|-3|3|-3|3|0|0,0|0|-3|-3|3|3|-4|6,-5|5|-3|3|-3|3|0|0,0|0|-3|-3|3|3|-4|6,171|171|171|171|171|171|171|171,0,0,0,26,98,208
587,0,20,1,0,1,0,0,11,128|0|0|0|0|0|0|0,255|0|0|0|0|0|0|0,0|0|0|0|0|0|0|0,-3|0|0|0|0|0|0|0,0|0|0|0|0|0|0|0,-3|0|0|0|0|0|0|0,19|0|0|0|0|0|0|0,0,0,0,26,98,208
588,0,20,1,0,2,0,0,11,128|128|0|0|0|0|0|0,255|255|0|0|0|0|0|0,-3|3|0|0|0|0|0|0,-3|-3|0|0|0|0|0|0,-3|3|0|0|0|0|0|0,-3|-3|0|0|0|0|0|0,19|19|0|0|0|0|0|0,0,0,0,26,98,208
589,0,20,2,0,2,0,0,11,128|128|0|0|0|0|0|0,255|255|0|0|0|0|0|0,-3|3|0|0|0|0|0|0,-3|-3|0|0|0|0|0|0,-3|3|0|0|0|0|0|0,-3|-3|0|0|0|0|0|0,19|19|0|0|0|0|0|0,0,0,0,26,98,208
590,0,20,2,0,2,0,0,10,116|116|0|0|0|0|0|0,255|255|0|0|0|0|0|0,-3|3|0|0|0|0|0|0,-3|-3|0|0|0|0|0|0,-3|3|0|0|0|0|0|0,-3|-3|0|0|0|0|0|0,19|19|0|0|0|0|0|0,0,0,0,26,98,208
591,0,20,2,0,2,0,0,9,116|116|0|0|0|0|0|0,255|255|0|0|0|0|0|0,-4|4|0|0|0|0|0|0,-1|-1|0|0|0|0|0|0,-4|4|0|0|0|0|0|0,-1|-1|0|0|0|0|0|0,19|19|0|0|0|0|0|0,0,0,0,26,98,208
592,0,20,2,0,2,0,0,8,116|116|0|0|0|0|0|0,255|255|0|0|0|0|0|0,-4|4|0|0|0|0|0|0,0|0|0|0|0|0|0|0,-4|4|0|0|0|0|0|0,0|0|0|0|0|0|0|0,19|19|0|0|0|0|0|0,0,0,0,26,98,208
593,0,20,2,0,2,0,0,7,113|113|0|0|0|0|0|0,255|255|0|0|0|0|0|0,-4|4|0|0|0|0|0|0,2|2|0|0|0|0|0|0,-4|4|0|0|0|0|0|0,2|2|0|0|0|0|0|0,19|19|0|0|0|0|0|0,0,0,0,26,98,208
594,0,20,4,0,4,0,0,8,128|128|128|128|0|0|0|0,255|255|255|255|0|0|0|0,-4|4|-2|2|0|0|0|0,-2|-2|-4|-4|0|0|0|0,-4|4|-2|2|0|0|0|0,-2|-2|-4|-4|0|0|0|0,19|19|19|19|0|0|0|0,0,0,0,26,98,208
595,0,20,4,0,4,0,0,7,116|116|128|128|0|0|0|0,255|255|255|255|0|0|0|0,-4|4|-2|2|0|0|0|0,-2|-2|-4|-4|0|0|0|0,-4|4|-2|2|0|0|0|0,-2|-2|-4|-4|0|0|0|0,19|19|19|19|0|0|0|0,0,0,0,26,98,208
596,0,15,2,0,4,0,0,7,114|114|114|114|0|0|0|0,255|255|255|255|0|0|0|0,-4|4|-2|2|0|0|0|0,-2|-2|-4|-4|0|0|0|0,-4|4|-2|2|0|0|0|0,-2|-2|-4|-4|0|0|0|0,19|19|19|19|0|0|0|0,0,0,0,26,98,208
597,0,20,4,0,4,0,0,6,114|114|114|114|0|0|0|0,255|255|255|255|0|0|0|0,-4|4|-2|2|0|0|0|0,-2|-2|-4|-4|0|0|0|0,-4|4|-2|2|0|0|0|0,-2|-2|-4|-4|0|0|0|0,19|19|19|19|0|0|0|0,0,0,0,26,98,208
598,0,4,2,0,2,0,0,0,1|1|0|0|0|0|0|0,255|255|0|0|0|0|0|0,-10|10|0|0|0|0|0|0,0|0|0|0|0|0|0|0,0|0|0|0|0|0|0|0,0|0|0|0|0|0|0|0,285|285|0|0|0|0|0|0,0,0,0,6,255,208
599,0,4,3,0,3,0,0,0,1|1|1|0|0|0|0|0,255|255|255|0|0|0|0|0,-10|10|0|0|0|0|0|0,0|0|-10|0|0|0|0|0,0|0|0|0|0|0|0|0,0|0|0|0|0|0|0|0,285|285|285|0|0|0|0|0,0,0,0,6,255,208
600,0,5,4,0,4,0,0,0,1|1|1|1|0|0|0|0,255|255|255|255|0|0|0|0,-10|10|-10|10|0|0|0|0,0|0|0|0|0|0|0|0,0|0|0|0|0|0|0|0,3|3|-4|-4|0|0|0|0,285|285|285|285|0|0|0|0,0,0,0,6,255,208
601,0,5,4,0,4,0,0,0,1|1|1|1|0|0|0|0,255|255|255|255|0|0|0|0,-10|10|0|0|0|0|0|0,0|0|-10|10|0|0|0|0,0|0|0|0|0|0|0|0,0|0|0|0|0|0|0|0,285|285|285|285|0|0|0|0,0,0,0,6,255,208
602,0,5,6,0,6,0,0,0,1|1|1|1|1|1|0|0,255|255|255|255|255|255|0|0,-10|10|-10|10|0|0|0|0,0|0|0|0|-10|10|0|0,0|0|0|0|0|0|0|0,3|3|-4|-4|0|0|0|0,285|285|285|285|285|285|0|0,0,0,0,6,255,208
603,0,5,4,0,8,0,0,0,2|2|1|1|2|2|2|2,255|255|255|255|255|255|255|255,-10|10|0|0|-10|10|-10|10,0|0|-10|10|0|0|0|0,0|0|0|0|0|0|0|0,0|0|0|0|-8|-10|8|8,170|170|285|285|170|170|170|170,0,0,0,6,255,208
604,0,5,5,0,5,0,0,0,2|2|2|2|1|0|0|0,255|255|255|255|255|0|0|0,-10|10|-10|10|0|0|0|0,0|0|0|0|-10|0|0|0,0|0|0|0|0|0|0|0,-8|-8|8|8|0|0|0|0,170|170|170|170|285|0|0|0,0,0,0,6,255,208
605,0,5,7,0,7,0,0,0,2|2|2|2|1|1|1|0,255|255|255|255|255|255|255|0,-10|10|-10|10|0|0|0|0,0|0|0|0|10|-10|-10|0,0|0|0|0|0|-3|3|0,-8|-8|8|8|0|0|0|0,170|170|170|170|285|285|285|0,0,0,0,6,255,208
606,0,5,8,0,8,0,0,0,2|2|2|2|1|1|1|1,255|255|255|255|255|255|255|255,-10|10|-10|10|0|0|0|0,0|0|0|0|10|10|-10|-10,0|0|0|0|-3|3|-3|3,-8|-8|8|8|0|0|0|0,170|170|170|170|285|285|285|285,0,0,0,6,255,208
607,0,5,6,0,6,0,0,0,2|2|2|2|2|2|0|0,255|255|255|255|255|255|0|0,-10|10|-10|10|-10|10|0|0,0|0|0|0|0|0|0|0,0|0|0|0|0|0|0|0,-16|-16|0|0|16|16|0|0,170|170|170|170|170|170|0|0,0,0,0,6,255,208
608,0,5,8,0,8,0,0,0,2|2|2|2|2|2|1|1,255|255|255|255|255|255|255|255,-10|10|-10|10|-10|10|0|0,0|0|0|0|0|0|-10|-10,0|0|0|0|0|0|-3|3,-16|-16|0|0|16|16|0|0,170|170|170|170|170|170|285|285,0,0,0,6,255,208
609,0,8,1,0,1,0,0,11,128|0|0|0|0|0|0|0,255|0|0|0|0|0|0|0,0|0|0|0|0|0|0|0,10|0|0|0|0|0|0|0,0|0|0|0|0|0|0|0,3|0|0|0|0|0|0|0,19|0|0|0|0|0|0|0,0,0,0,26,98,208
610,0,6,1,0,2,0,0,11,128|128|0|0|0|0|0|0,255|255|0|0|0|0|0|0,0|0|0|0|0|0|0|0,10|-2|0|0|0|0|0|0,0|0|0|0|0|0|0|0,3|-3|0|0|0|0|0|0,19|19|0|0|0|0|0|0,0,0,0,26,98,208
611,0,5,1,0,3,0,0,10,128|128|128|0|0|0|0|0,255|255|255|0|0|0|0|0,0|-3|3|0|0|0|0|0,10|-1|-1|0|0|0|0|0,0|3|3|0|0|0|0|0,3|-1|-1|0|0|0|0|0,19|19|19|0|0|0|0|0,0,0,0,26,98,208
612,0,6,2,0,2,0,0,10,128|128|0|0|0|0|0|0,255|255|0|0|0|0|0|0,0|0|0|0|0|0|0|0,10|-2|0|0|0|0|0|0,0|0|0|0|0|0|0|0,3|-3|0|0|0|0|0|0,19|19|0|0|0|0|0|0,0,0,0,26,98,208
613,0,10,3,0,3,0,0,9,128|128|128|0|0|0|0|0,255|255|255|0|0|0|0|0,0|-3|3|0|0|0|0|0,10|0|0|0|0|0|0|0,0|-3|3|0|0|0|0|0,3|0|0|0|0|0|0|0,19|19|19|0|0|0|0|0,0,0,0,26,98,208
614,0,10,3,0,3,0,0,9,128|112|112|0|0|0|0|0,255|255|255|0|0|0|0|0,0|-3|3|0|0|0|0|0,10|0|0|0|0|0|0|0,0|-3|3|0|0|0|0|0,3|0|0|0|0|0|0|0,19|19|19|0|0|0|0|0,0,0,0,26,98,208
615,0,10,2,0,4,0,0,9,128|128|128|128|0|0|0|0,255|255|255|255|0|0|0|0,-1|1|-3|3|0|0|0|0,10|10|0|0|0|0|0|0,-4|4|-3|3|0|0|0|0,3|3|0|0|0|0|0|0,19|19|19|19|0|0|0|0,0,0,0,26,98,208
616,0,8,2,0,4,0,0,8,128|128|112|112|0|0|0|0,255|255|255|255|0|0|0|0,-1|1|-3|3|0|0|0|0,12|12|0|0|0|0|0|0,-4|4|-3|3|0|0|0|0,3|3|0|0|0|0|0|0,19|19|19|19|0|0|0|0,0,0,0,26,98,208
617,0,15,5,0,5,0,0,8,128|128|112|112|128|0|0|0,255|255|255|255|255|0|0|0,-1|1|-3|3|0|0|0|0,12|12|0|0|-3|0|0|0,-4|4|-3|3|0|0|0|0,3|3|0|0|-3|0|0|0,19|19|19|19|19|0|0|0,0,0,0,26,98,208
618,0,15,6,0,6,0,0,7,128|128|112|112|128|128|0|0,255|255|255|255|255|255|0|0,-1|1|-3|3|-2|2|0|0,12|12|0|0|-3|-3|0|0,-4|4|-3|3|-2|2|0|0,3|3|0|0|-3|-3|0|0,19|19|19|19|19|19|0|0,0,0,0,26,98,208
619,0,15,7,0,7,0,0,7,128|128|112|112|112|128|128|0,255|255|255|255|255|255|255|0,-1|0|1|-3|3|-2|2|0,12|12|12|0|0|-3|-3|0,-4|0|4|-3|3|-2|2|0,3|3|3|0|0|-3|-3|0,19|19|19|19|19|19|19|0,0,0,0,26,98,208
620,0,1,1,0,8,0,0,0,4|4|4|4|4|4|4|4,255|255|255|255|255|255|255|255,-2|1|3|-2|4|-1|-3|1,6|8|5|7|5|9|5|7,20|-10|-20|20|-30|10|30|-20,30|40|10|20|10|50|20|30,255|255|255|255|255|255|255|255,0,0,0,10,255,128
621,0,1,1,20,1,0,0,0,99|0|0|0|0|0|0|0,20|0|0|0|0|0|0|0,0|0|0|0|0|0|0|0,8|0|0|0|0|0|0|0,0|0|0|0|0|0|0|0,0|0|0|0|0|0|0|0,634|0|0|0|0|0|0|0,0,0,0,10,255,128
622,0,0,8,0,8,0,0,0,4|4|4|4|2|2|2|2,8|8|8|8|8|8|8|8,2|-2|2|-2|3|-3|0|0,2|2|-2|-2|0|0|3|-3,2|-2|2|-2|3|-3|0|0,2|2|-2|-2|0|0|3|-3,20|20|20|20|20|20|20|20,0,0,0,12,1,112
623,0,40,3,1,8,0,0,0,4|4|4|4|4|4|4|4,255|255|255|255|255|255|255|255,-2|1|3|-2|4|-1|-3|1,6|8|5|7|5|9|5|7,80|-40|-80|80|-120|40|120|-80,60|80|20|40|80|100|10|60,109|109|109|109|109|109|109|109,0,0,0,10,255,240
624,0,40,1,0,4,0,0,0,1|1|1|1|0|0|34|6,255|255|255|255|6|0|118|155,0|0|0|0|6|1|15|0,8|7|9|6|32|100|-106|-126,0|0|0|0|118|-101|-127|-127,0|0|0|0|-122|-101|54|-108,304|304|304|304|262|954|39830|36018,0,0,0,10,255,240
625,0,4,1,1,1,0,0,0,2|6|0|32|0|0|3|0,255|3|6|1|33|78|0|0,0|1|-70|3|-42|-101|-10|-119,8|5|62|6|33|78|0|0,0|0|62|6|-16|-1|-1|-1,0|0|-1|-1|-1|-1|-22|5,109|65535|0|0|0|1514|375|49501,0,0,0,5,255,240
626,0,4,2,1,2,0,0,0,2|2|168|36|199|0|255|0,255|255|249|35|166|35|199|0,0|0|-13|35|-57|0|10|-100,8|8|-90|35|-115|1|-57|0,12|-12|51|27|-65|0|0|0,14|14|-9|1|35|-100|61|27,109|109|1|263|39978|6751|199|0,0,0,0,5,255,240
627,0,4,3,1,3,0,0,0,2|2|2|39|191|1|4|0,255|255|255|0|240|255|0|0,1|-1|0|0|32|0|0|0,8|8|8|0|0|0|0|0,12|-12|0|0|0|0|1|48,14|14|0|0|101|4|112|0,109|109|109|112|1125|112|24969|49152,0,0,0,5,255,240
628,0,4,4,1,4,0,0,0,2|2|2|2|82|0|0|0,255|255|255|255|0|0|0|0,1|-1|0|0|0|0|0|0,8|8|8|8|0|0|0|0,26|-26|12|-12|0|0|0|0,14|14|14|14|0|0|0|0,109|109|109|109|0|0|0|0,0,0,0,5,255,240
629,0,4,5,1,5,0,0,0,2|2|2|2|2|0|0|0,255|255|255|255|255|0|0|0,2|-2|1|-1|0|0|0|0,8|8|8|8|8|0|0|0,26|-26|12|-12|0|0|0|0,14|14|14|14|0|0|0|0,109|109|109|109|109|0|0|0,0,0,0,5,255,240
630,0,4,6,1,6,0,0,0,2|2|2|2|2|2|0|0,255|255|255|255|255|255|0|0,3|-3|2|-2|1|-1|0|0,8|8|8|8|8|8|0|0,40|-40|26|-26|12|-12|0|0,20|20|14|14|14|14|0|0,109|109|109|109|109|109|0|0,0,0,0,5,255,240
631,0,4,7,1,7,0,0,0,2|2|2|2|2|2|2|0,255|255|255|255|255|255|255|0,3|-3|2|-2|1|-1|0|0,8|8|8|8|8|8|8|0,40|-40|26|-26|12|-12|0|0,20|20|14|14|14|14|0|0,109|109|109|109|109|109|109|0,0,0,0,5,255,240
632,0,4,6,1,6,0,0,0,2|2|2|2|2|2|0|0,255|255|255|255|255|255|0|0,2|-2|1|-1|0|0|0|0,8|8|8|8|8|8|0|0,40|-40|26|-26|12|-12|0|0,20|20|14|14|14|14|0|0,109|109|109|109|109|109|0|0,0,0,0,5,255,240
633,0,4,7,1,7,0,0,0,2|2|2|2|2|2|2|0,255|255|255|255|255|255|255|0,2|-2|1|-1|2|-2|0|0,8|8|8|8|8|8|10|0,40|-40|26|-26|12|-12|0|0,20|20|14|14|14|14|0|0,109|109|109|109|109|109|109|0,0,0,0,5,255,240
634,0,4,8,1,8,0,0,0,2|2|2|2|2|2|2|2,255|255|255|255|255|255|255|255,2|-2|1|-1|2|-2|0|0,8|8|8|8|8|8|10|10,40|-40|26|-26|12|-12|-7|7,20|20|14|14|14|14|0|0,109|109|109|109|109|109|109|109,0,0,0,5,255,240
635,0,4,8,1,8,0,0,0,2|2|2|2|2|2|2|2,255|255|255|255|255|255|255|255,-3|3|1|-1|2|-2|1|-1,8|8|8|8|8|8|10|10,40|-40|26|-26|12|-12|-7|7,20|20|14|14|14|14|0|0,109|109|109|109|109|109|109|109,0,0,0,5,255,240
636,0,12,1,0,1,0,0,0,171|0|0|0|0|0|0|0,255|0|0|0|0|0|0|0,0|0|0|0|0|0|0|0,0|0|0|0|0|0|0|0,0|0|0|0|0|0|0|0,0|0|0|0|0|0|0|0,103|0|0|0|0|0|0|0,1,0,0,10,255,240
637,0,10,1,0,1,0,0,0,171|0|0|0|0|0|0|0,255|0|0|0|0|0|0|0,0|0|0|0|0|0|0|0,0|0|0|0|0|0|0|0,0|0|0|0|0|0|0|0,0|0|0|0|0|0|0|0,103|0|0|0|0|0|0|0,1,0,0,10,255,240
638,0,8,1,0,1,0,0,0,171|0|0|0|0|0|0|0,255|0|0|0|0|0|0|0,0|0|0|0|0|0|0|0,0|0|0|0|0|0|0|0,0|0|0|0|0|0|0|0,0|0|0|0|0|0|0|0,103|0|0|0|0|0|0|0,1,0,0,10,255,240
639,0,8,2,0,2,0,0,0,171|171|0|0|0|0|0|0,255|255|0|0|0|0|0|0,-1|1|0|0|0|0|0|0,0|0|0|0|0|0|0|0,-6|6|0|0|0|0|0|0,0|0|0|0|0|0|0|0,103|103|0|0|0|0|0|0,1,0,0,10,255,240
640,0,6,2,0,2,0,0,0,171|171|0|0|0|0|0|0,255|255|0|0|0|0|0|0,-1|1|0|0|0|0|0|0,0|0|0|0|0|0|0|0,-6|6|0|0|0|0|0|0,0|0|0|0|0|0|0|0,103|103|0|0|0|0|0|0,1,0,0,10,255,240
641,0,6,3,0,3,0,0,0,171|171|171|0|0|0|0|0,255|255|255|0|0|0|0|0,-2|2|0|0|0|0|0|0,0|0|0|0|0|0|0|0,-6|6|0|0|0|0|0|0,-1|-1|0|0|0|0|0|0,103|103|103|0|0|0|0|0,1,0,0,10,255,240
642,0,5,2,0,4,0,0,0,171|171|171|171|0|0|0|0,255|255|255|255|0|0|0|0,-2|2|-1|1|0|0|0|0,0|0|0|0|0|0|0|0,-6|6|-4|4|0|0|0|0,-1|-1|0|0|0|0|0|0,103|103|103|103|0|0|0|0,1,0,0,10,255,240
643,0,7,4,0,4,0,0,0,171|171|171|171|0|0|0|0,255|255|255|255|0|0|0|0,-2|2|-1|1|0|0|0|0,0|0|0|0|0|0|0|0,-6|6|-4|4|0|0|0|0,-1|-1|0|0|0|0|0|0,103|103|103|103|0|0|0|0,1,0,0,10,255,240
644,0,5,3,0,3,0,0,0,171|171|171|0|0|0|0|0,255|255|255|0|0|0|0|0,-1|1|0|0|0|0|0|0,0|0|0|0|0|0|0|0,-6|6|0|0|0|0|0|0,-1|-1|0|0|0|0|0|0,103|103|103|0|0|0|0|0,1,0,0,10,255,240
645,0,5,4,0,4,0,0,0,171|171|171|171|0|0|0|0,255|255|255|255|0|0|0|0,-2|2|0|0|0|0|0|0,0|0|0|0|0|0|0|0,-10|10|-6|6|0|0|0|0,-4|-4|-2|-2|0|0|0|0,103|103|103|103|0|0|0|0,1,0,0,10,255,240
646,0,5,5,0,5,0,0,0,171|171|171|171|171|0|0|0,255|255|255|255|255|0|0|0,-2|2|0|0|0|0|0|0,0|0|0|0|0|0|0|0,-10|10|-6|6|0|0|0|0,-4|-4|-2|-2|0|0|0|0,103|103|103|103|103|0|0|0,1,0,0,10,255,240
647,0,4,1,0,1,0,0,0,1|0|0|0|0|0|0|0,255|0|0|0|0|0|0|0,0|0|0|0|0|0|0|0,12|0|0|0|0|0|0|0,0|0|0|0|0|0|0|0,0|0|0|0|0|0|0|0,228|0|0|0|0|0|0|0,0,0,0,6,255,32
648,0,7,1,0,1,0,0,0,2|0|0|0|0|0|0|0,107|0|0|0|0|0|0|0,0|0|0|0|0|0|0|0,8|0|0|0|0|0|0|0,0|0|0|0|0|0|0|0,0|0|0|0|0|0|0|0,601|0|0|0|0|0|0|0,0,0,0,6,255,32
649,0,6,1,0,1,0,0,0,2|0|0|0|0|0|0|0,107|0|0|0|0|0|0|0,0|0|0|0|0|0|0|0,8|0|0|0|0|0|0|0,0|0|0|0|0|0|0|0,0|0|0|0|0|0|0|0,601|0|0|0|0|0|0|0,0,0,0,6,255,32
650,0,6,3,0,3,0,0,0,2|1|1|0|0|0|0|0,107|255|255|0|0|0|0|0,0|-10|10|0|0|0|0|0,8|0|0|0|0|0|0|0,0|0|0|0|0|0|0|0,0|0|0|0|0|0|0|0,601|228|228|0|0|0|0|0,0,0,0,6,255,32
651,0,6,4,0,4,0,0,0,2|1|1|1|0|0|0|0,107|255|255|255|0|0|0|0,0|-9|9|0|0|0|0|0,8|2|2|-10|0|0|0|0,0|0|0|0|0|0|0|0,0|0|0|0|0|0|0|0,601|228|228|228|0|0|0|0,0,0,0,6,255,32
652,0,6,5,0,5,0,0,0,2|1|1|1|1|0|0|0,107|255|255|255|255|0|0|0,0|-9|9|-8|8|0|0|0,8|2|2|-3|-3|0|0|0,0|0|0|0|0|0|0|0,0|0|0|0|0|0|0|0,601|228|228|228|228|0|0|0,0,0,0,6,255,32
653,0,6,3,0,3,0,0,0,4|1|1|0|0|0|0|0,105|255|255|0|0|0|0|0,0|-10|10|0|0|0|0|0,7|0|0|0|0|0|0|0,0|0|0|0|0|0|0|0,0|0|0|0|0|0|0|0,582|228|228|0|0|0|0|0,0,0,0,6,255,32
654,0,6,5,0,5,0,0,0,4|1|1|1|1|0|0|0,105|255|255|255|255|0|0|0,0|-9|9|-8|8|0|0|0,7|2|2|-3|-3|0|0|0,0|0|0|0|0|0|0|0,0|0|0|0|0|0|0|0,582|228|228|228|228|0|0|0,0,0,0,6,255,32
655,0,6,6,0,6,0,0,0,4|1|1|1|1|2|0|0,105|255|255|255|255|107|0|0,0|-9|9|-8|8|0|0|0,7|2|2|-3|-3|-8|0|0,0|0|0|0|0|0|0|0,0|0|0|0|0|0|0|0,582|228|228|228|228|601|0|0,0,0,0,6,255,32
656,0,6,5,0,5,0,0,0,4|2|2|2|2|0|0|0,105|107|107|107|107|0|0|0,0|-6|6|-8|8|0|0|0,7|6|6|-3|-3|0|0|0,0|0|0|0|0|0|0|0,0|0|0|0|0|0|0|0,582|601|601|601|601|0|0|0,0,0,0,6,255,32
657,0,6,7,0,7,0,0,0,4|4|4|2|2|1|1|0,105|105|105|107|107|255|255|0,0|-6|6|-6|6|-10|10|0,7|6|6|-6|-6|0|0|0,0|0|0|0|0|0|0|0,0|0|0|0|0|0|0|0,582|582|582|601|601|228|228|0,0,0,0,6,255,32
658,0,2,2,0,2,0,0,0,1|1|0|0|0|0|0|0,255|255|0|0|0|0|0|0,0|0|0|0|0|0|0|0,12|12|0|0|0|0|0|0,-6|6|0|0|0|0|0|0,4|4|0|0|0|0|0|0,108|108|0|0|0|0|0|0,0,0,0,20,255,112
659,0,6,1,0,1,0,0,0,3|0|0|0|0|0|0|0,255|0|0|0|0|0|0|0,0|0|0|0|0|0|0|0,2|0|0|0|0|0|0|0,-10|0|0|0|0|0|0|0,0|0|0|0|0|0|0|0,88|0|0|0|0|0|0|0,0,0,20,26,255,32
660,0,5,1,0,1,0,0,0,3|0|0|0|0|0|0|0,255|0|0|0|0|0|0|0,0|0|0|0|0|0|0|0,2|0|0|0|0|0|0|0,-30|0|0|0|0|0|0|0,0|0|0|0|0|0|0|0,88|0|0|0|0|0|0|0,0,0,30,26,255,32
661,0,5,2,0,2,0,0,0,3|3|0|0|0|0|0|0,255|255|0|0|0|0|0|0,0|0|0|0|0|0|0|0,2|-2|0|0|0|0|0|0,-30|-30|0|0|0|0|0|0,0|0|0|0|0|0|0|0,88|88|0|0|0|0|0|0,0,0,30,26,255,32
662,0,5,2,0,2,0,0,0,3|3|0|0|0|0|0|0,255|255|0|0|0|0|0|0,0|0|0|0|0|0|0|0,2|2|0|0|0|0|0|0,-30|-20|0|0|0|0|0|0,0|0|0|0|0|0|0|0,88|88|0|0|0|0|0|0,0,0,30,26,255,32
663,0,5,3,0,3,0,0,0,3|3|3|0|0|0|0|0,255|255|255|0|0|0|0|0,0|0|0|0|0|0|0|0,2|2|-2|0|0|0|0|0,-30|-20|-30|0|0|0|0|0,0|0|0|0|0|0|0|0,88|88|88|0|0|0|0|0,0,0,30,26,255,32
664,0,7,2,0,2,0,0,0,3|3|0|0|0|0|0|0,255|255|0|0|0|0|0|0,0|120|0|0|0|0|0|0,1|120|0|0|0|0|0|0,-17|-7|0|0|0|0|0|0,-35|-5|0|0|0|0|0|0,88|88|0|0|0|0|0|0,0,0,4,26,255,32
665,0,7,2,0,2,0,0,0,3|3|0|0|0|0|0|0,255|255|0|0|0|0|0|0,0|120|0|0|0|0|0|0,1|120|0|0|0|0|0|0,-20|-10|0|0|0|0|0|0,-30|0|0|0|0|0|0|0,88|88|0|0|0|0|0|0,0,0,5,26,255,32
666,0,6,2,0,2,0,0,0,3|3|0|0|0|0|0|0,255|255|0|0|0|0|0|0,0|120|0|0|0|0|0|0,1|120|0|0|0|0|0|0,-26|-13|0|0|0|0|0|0,-30|0|0|0|0|0|0|0,88|88|0|0|0|0|0|0,0,0,6,26,255,32
667,0,5,2,0,2,0,0,0,3|3|0|0|0|0|0|0,255|255|0|0|0|0|0|0,0|120|0|0|0|0|0|0,1|120|0|0|0|0|0|0,-30|-20|0|0|0|0|0|0,-30|0|0|0|0|0|0|0,88|88|0|0|0|0|0|0,0,0,7,26,255,32
668,0,6,3,0,3,0,0,0,3|3|3|0|0|0|0|0,255|255|255|0|0|0|0|0,0|120|120|0|0|0|0|0,1|120|120|0|0|0|0|0,-24|-7|-19|0|0|0|0|0,-30|0|0|0|0|0|0|0,88|88|88|0|0|0|0|0,0,0,6,26,255,32
669,0,6,4,0,4,0,0,0,3|3|3|3|0|0|0|0,255|255|255|255|0|0|0|0,1|-1|120|120|0|0|0|0,1|1|120|120|0|0|0|0,-24|-24|-7|-19|0|0|0|0,-30|-30|0|0|0|0|0|0,88|88|88|88|0|0|0|0,0,0,6,26,255,32
670,0,0,1,3,8,0,0,0,3|3|3|3|3|3|3|3,255|255|255|255|255|255|255|255,0|4|6|4|0|-4|-6|-4,6|4|0|-4|-6|-4|0|4,0|4|6|4|0|-4|-6|-4,-6|-4|0|4|6|4|0|-4,126|126|126|126|126|126|126|126,0,0,0,26,255,32
671,0,2,1,0,1,0,0,0,1|0|0|0|0|0|0|0,255|0|0|0|0|0|0|0,0|0|0|0|0|0|0|0,0|0|0|0|0|0|0|0,0|0|0|0|0|0|0|0,0|0|0|0|0|0|0|0,246|0|0|0|0|0|0|0,-1,0,0,26,255,32
672,0,8,4,0,8,0,0,0,4|2|2|1|4|2|2|1,255|255|255|255|255|255|255|255,120|120|120|120|120|120|120|120,7|7|6|6|6|6|5|5,0|0|0|0|0|0|0|0,-14|0|0|14|-14|0|0|14,97|116|116|135|101|120|120|139,1,0,0,14,255,208
673,0,3,2,0,2,0,0,0,1|1|0|0|0|0|0|0,255|255|0|0|0|0|0|0,0|0|0|0|0|0|0|0,8|8|0|0|0|0|0|0,-16|15|0|0|0|0|0|0,0|0|0|0|0|0|0|0,58|58|0|0|0|0|0|0,0,0,0,8,255,208
674,0,3,3,0,3,0,0,0,1|1|1|0|0|0|0|0,255|255|255|0|0|0|0|0,0|0|0|0|0|0|0|0,8|8|8|0|0|0|0|0,-16|15|0|0|0|0|0|0,0|0|-4|0|0|0|0|0,58|58|58|0|0|0|0|0,0,0,0,8,255,208
675,0,3,4,0,4,0,0,0,1|1|1|1|0|0|0|0,255|255|255|255|0|0|0|0,0|0|0|0|0|0|0|0,8|8|8|8|0|0|0|0,-19|18|-15|14|0|0|0|0,0|0|-2|-2|0|0|0|0,58|58|58|58|0|0|0|0,0,0,0,8,255,208
676,0,3,5,0,5,0,0,0,1|1|1|1|1|0|0|0,255|255|255|255|255|0|0|0,0|0|0|0|0|0|0|0,8|8|8|8|8|0|0|0,-19|18|-15|14|0|0|0|0,0|0|-2|-2|-4|0|0|0,58|58|58|58|58|0|0|0,0,0,0,8,255,208
677,0,3,7,0,7,0,0,0,1|1|1|1|1|1|1|0,255|255|255|255|255|255|255|0,0|0|0|0|0|0|0|0,8|8|8|8|8|8|8|0,-19|18|-15|14|-11|10|0|0,0|0|-2|-2|-4|-4|-6|0,58|58|58|58|58|58|58|0,0,0,0,8,255,208
678,0,3,7,0,7,0,0,0,1|1|1|1|1|1|1|0,255|255|255|255|255|255|255|0,0|0|0|0|0|0|0|0,8|8|8|8|8|8|8|0,-19|18|-15|14|-6|5|0|0,0|0|-2|-2|-4|-4|-6|0,58|58|58|58|58|58|58|0,0,0,0,8,255,208
679,0,3,3,0,6,0,0,0,1|1|1|1|1|1|0|0,255|255|255|255|255|255|0|0,0|0|0|0|0|0|0|0,8|8|8|8|8|-8|0|0,-16|15|0|-16|15|0|0|0,0|0|-4|0|0|4|0|0,58|58|134|58|58|77|0|0,0,0,0,8,255,208
680,0,3,4,0,8,0,0,0,1|1|1|1|1|1|1|1,255|255|255|255|255|255|255|255,0|0|0|0|0|0|0|0,8|8|8|8|-8|-8|8|8,-19|18|-15|14|-3|2|-6|5,0|0|-2|-2|4|4|-2|-2,58|58|58|58|58|58|58|58,0,0,0,8,255,208
681,0,3,3,0,6,0,0,0,1|1|173|1|1|1|0|0,255|255|255|255|255|255|0|0,0|0|0|0|0|0|0|0,8|8|8|8|8|-8|0|0,-16|15|0|-16|15|0|0|0,0|0|-4|0|0|4|0|0,58|58|241|58|58|77|0|0,0,0,0,8,255,208
682,0,3,2,0,8,0,0,0,173|173|1|1|1|1|1|1,255|255|255|255|255|255|255|255,0|0|0|0|0|0|0|0,8|8|8|8|8|8|8|8,-16|15|-5|4|-5|4|-5|4,0|0|0|0|0|0|0|0,241|241|58|58|58|58|58|58,0,0,0,8,255,208
683,0,3,5,0,5,0,0,0,1|1|1|1|173|0|0|0,255|255|255|255|255|0|0|0,0|0|0|0|0|0|0|0,8|8|8|8|8|0|0|0,-19|18|-15|14|0|0|0|0,0|0|-2|-2|-4|0|0|0,58|58|58|58|241|0|0|0,0,0,0,8,255,208
684,0,3,2,0,2,0,0,0,1|1|0|0|0|0|0|0,255|255|0|0|0|0|0|0,-6|6|0|0|0|0|0|0,6|6|0|0|0|0|0|0,-16|15|0|0|0|0|0|0,0|0|0|0|0|0|0|0,163|164|0|0|0|0|0|0,0,0,0,8,255,208
685,0,3,3,0,3,0,0,0,1|1|1|0|0|0|0|0,255|255|255|0|0|0|0|0,-6|6|0|0|0|0|0|0,6|6|-8|0|0|0|0|0,-16|15|0|0|0|0|0|0,0|0|4|0|0|0|0|0,163|164|77|0|0|0|0|0,0,0,0,8,255,208
686,0,3,4,0,4,0,0,0,1|1|1|1|0|0|0|0,255|255|255|255|0|0|0|0,-6|6|-7|7|0|0|0|0,6|6|4|4|0|0|0|0,-16|15|-16|15|0|0|0|0,0|0|0|0|0|0|0|0,163|164|281|282|0|0|0|0,0,0,0,8,255,208
687,0,3,6,0,6,0,0,0,1|1|1|1|1|1|0|0,255|255|255|255|255|255|0|0,-6|6|-7|7|-8|8|0|0,6|6|3|3|0|0|0|0,-16|15|-16|15|-16|15|0|0,0|0|0|0|0|0|0|0,163|164|281|282|39|1|0|0,0,0,0,8,255,208
688,0,3,8,0,8,0,0,0,1|1|1|1|1|1|1|1,255|255|255|255|255|255|255|255,-6|6|-7|7|-8|8|-3|3,6|6|3|3|0|0|7|7,-16|15|-16|15|-16|15|-16|15,0|0|0|0|0|0|0|0,163|164|281|282|39|1|201|202,0,0,0,8,255,208
689,0,3,4,0,4,0,0,0,3|3|1|1|0|0|0|0,255|255|255|255|0|0|0|0,-6|6|-3|3|0|0|0|0,6|6|7|7|0|0|0|0,-16|15|-16|15|0|0|0|0,0|0|0|0|0|0|0|0,121|122|201|202|0|0|0|0,0,0,0,8,255,208
690,0,3,6,0,6,0,0,0,3|3|1|1|1|1|0|0,255|255|255|255|255|255|0|0,-6|6|-3|3|-7|7|0|0,6|6|7|7|3|3|0|0,-16|15|-16|15|-16|15|0|0,0|0|0|0|0|0|0|0,121|122|201|202|281|282|0|0,0,0,0,8,255,208
691,0,3,4,0,4,0,0,0,3|3|3|3|0|0|0|0,255|255|255|255|0|0|0|0,-7|7|-4|4|0|0|0|0,4|4|7|7|0|0|0|0,-16|15|-16|15|0|0|0|0,0|0|0|0|0|0|0|0,98|98|98|98|0|0|0|0,0,0,0,8,255,208
692,0,3,6,0,6,0,0,0,3|3|3|3|3|3|0|0,255|255|255|255|255|255|0|0,-7|7|-4|4|-8|8|0|0,4|4|7|7|1|1|0|0,-16|15|-16|15|-16|15|0|0,0|0|0|0|0|0|0|0,98|98|98|98|98|98|0|0,0,0,0,8,255,208
693,0,3,2,0,2,0,0,0,173|173|0|0|0|0|0|0,255|255|0|0|0|0|0|0,-6|6|0|0|0|0|0|0,6|6|0|0|0|0|0|0,-16|15|0|0|0|0|0|0,0|0|0|0|0|0|0|0,241|241|0|0|0|0|0|0,0,0,0,8,255,208
694,0,3,3,0,3,0,0,0,173|173|173|0|0|0|0|0,255|255|255|0|0|0|0|0,-6|6|0|0|0|0|0|0,6|6|-7|0|0|0|0|0,-16|15|0|0|0|0|0|0,0|0|0|0|0|0|0|0,241|241|241|0|0|0|0|0,0,0,0,8,255,208
695,0,5,1,0,2,0,0,0,174|175|0|0|0|0|0|0,255|255|0|0|0|0|0|0,-6|6|0|0|0|0|0|0,6|6|0|0|0|0|0|0,-16|15|0|0|0|0|0|0,0|0|0|0|0|0|0|0,255|255|0|0|0|0|0|0,0,0,0,8,255,208
696,0,8,2,0,2,0,0,0,174|175|0|0|0|0|0|0,255|255|0|0|0|0|0|0,-6|6|0|0|0|0|0|0,6|6|0|0|0|0|0|0,-16|15|0|0|0|0|0|0,0|0|0|0|0|0|0|0,255|255|0|0|0|0|0|0,0,0,0,8,255,208
697,0,8,3,0,3,0,0,0,174|175|1|0|0|0|0|0,255|255|255|0|0|0|0|0,-6|6|0|0|0|0|0|0,6|6|-8|0|0|0|0|0,-16|15|0|0|0|0|0|0,0|0|0|0|0|0|0|0,255|255|111|0|0|0|0|0,0,0,0,8,255,208
698,0,8,4,0,4,0,0,0,174|175|1|1|0|0|0|0,255|255|255|255|0|0|0|0,-6|6|-6|6|0|0|0|0,6|6|-6|-6|0|0|0|0,-16|15|-15|14|0|0|0|0,0|0|0|0|0|0|0|0,255|255|111|111|0|0|0|0,0,0,0,8,255,208
699,0,8,5,0,5,0,0,0,174|175|1|1|1|0|0|0,255|255|255|255|255|0|0|0,-6|6|-6|6|0|0|0|0,6|6|-6|-6|-8|0|0|0,-16|15|-15|14|0|0|0|0,0|0|0|0|0|0|0|0,255|255|111|111|111|0|0|0,0,0,0,8,255,208
700,0,8,6,0,6,0,0,0,174|175|1|1|1|1|0|0,255|255|255|255|255|255|0|0,-6|6|-6|6|0|0|0|0,6|6|-6|-6|-8|-8|0|0,-16|15|-15|14|-4|3|0|0,0|0|0|0|0|0|0|0,255|255|111|111|111|111|0|0,0,0,0,8,255,208
701,0,8,7,0,7,0,0,0,174|175|1|1|1|1|1|0,255|255|255|255|255|255|255|0,-6|6|-6|6|-3|3|0|0,6|6|-6|-6|-7|-7|-8|0,-16|15|-15|14|-9|8|0|0,0|0|0|0|0|0|0|0,255|255|111|111|111|111|111|0,0,0,0,8,255,208
702,0,8,7,0,7,0,0,0,174|175|1|1|1|1|1|0,255|255|255|255|255|255|255|0,-6|6|-6|6|-3|3|0|0,6|6|-6|-6|-7|-7|8|0,-16|15|-15|14|-9|8|0|0,0|0|0|0|0|0|0|0,255|255|111|111|111|111|111|0,0,0,0,8,255,208
703,0,8,5,0,5,0,0,0,174|175|174|175|1|0|0|0,255|255|255|255|255|0|0|0,-6|6|-6|6|0|0|0|0,6|6|6|6|-8|0|0|0,-16|15|-19|18|0|0|0|0,0|0|12|12|0|0|0|0,255|255|255|255|111|0|0|0,0,0,0,8,255,208
704,0,8,7,0,7,0,0,0,174|175|174|175|1|1|1|0,255|255|255|255|255|255|255|0,-6|6|-6|6|0|-3|3|0,6|6|6|6|8|-7|-7|0,-16|15|-19|18|0|-9|8|0,0|0|12|12|0|0|0|0,255|255|255|255|111|111|111|0,0,0,0,8,255,208
705,0,8,8,0,8,0,0,0,174|175|174|175|1|1|1|1,255|255|255|255|255|255|255|255,-6|6|-6|6|0|-6|6|0,6|6|6|6|8|-6|-6|-8,-16|15|-19|18|0|-9|8|0,0|0|12|12|0|0|0|0,255|255|255|255|111|111|111|111,0,0,0,8,255,208
706,0,1,5,20,5,0,0,0,99|99|99|99|99|0|0|0,20|20|20|20|20|0|0|0,0|-1|1|-2|2|0|0|0,8|7|7|5|5|0|0|0,0|0|0|0|0|0|0|0,0|0|0|0|0|0|0|0,634|634|634|634|634|0|0|0,0,0,0,10,255,128
707,0,11,8,1,8,0,0,0,20|20|20|20|20|20|20|20,255|255|255|255|255|255|255|255,120|120|120|120|120|120|120|120,120|120|120|120|120|120|120|120,14|0|-14|0|9|9|-9|-9,0|14|0|-14|9|-9|-9|9,227|227|227|227|227|227|227|227,0,0,0,26,255,208
708,70,2,7,0,7,0,0,0,189|189|189|189|189|189|189|0,255|255|255|255|255|255|255|0,0|-1|1|-2|2|-3|3|0,1|0|0|0|0|-1|-1|0,0|0|0|0|0|0|0|0,0|0|0|0|0|0|0|0,238|238|238|238|238|238|238|0,1,0,0,6,255,208
709,0,9,8,0,8,0,0,8,114|114|114|114|114|114|114|114,255|255|255|255|255|255|255|255,-5|5|-3|3|-3|3|0|0,0|0|-3|-3|3|3|-4|6,-5|5|-3|3|-3|3|0|0,0|0|-3|-3|3|3|-4|6,171|171|171|171|171|171|171|171,0,0,0,26,98,208
710,10,0,1,3,1,0,0,0,128|0|0|0|0|0|0|0,255|0|0|0|0|0|0|0,0|0|0|0|0|0|0|0,1|0|0|0|0|0|0|0,0|0|0|0|0|0|0|0,0|0|0|0|0|0|0|0,271|0|0|0|0|0|0|0,0,0,0,8,255,208
711,0,6,8,0,8,0,0,0,12|12|6|6|6|6|6|6,255|255|255|255|255|255|255|255,0|0|0|0|0|0|0|0,8|8|8|8|8|8|8|8,-24|24|-18|18|-12|12|-5|5,8|8|-2|-2|-6|-6|-8|-8,160|160|160|160|160|160|160|160,0,0,0,5,255,96
712,0,3,1,0,1,0,0,0,3|0|0|0|0|0|0|0,255|0|0|0|0|0|0|0,0|0|0|0|0|0|0|0,10|0|0|0|0|0|0|0,0|0|0|0|0|0|0|0,0|0|0|0|0|0|0|0,72|0|0|0|0|0|0|0,0,0,0,13,255,208
713,0,3,2,0,2,0,0,0,3|3|0|0|0|0|0|0,255|255|0|0|0|0|0|0,0|0|0|0|0|0|0|0,10|10|0|0|0|0|0|0,-6|6|0|0|0|0|0|0,0|0|0|0|0|0|0|0,72|72|0|0|0|0|0|0,0,0,0,13,255,208
714,0,3,3,0,3,0,0,0,3|3|3|0|0|0|0|0,255|255|255|0|0|0|0|0,0|0|0|0|0|0|0|0,10|10|10|0|0|0|0|0,-6|6|0|0|0|0|0|0,0|0|-4|0|0|0|0|0,72|72|72|0|0|0|0|0,0,0,0,13,255,208
715,0,3,4,0,4,0,0,0,3|3|3|3|0|0|0|0,255|255|255|255|0|0|0|0,0|0|0|0|0|0|0|0,10|10|10|10|0|0|0|0,-6|6|3|-3|0|0|0|0,0|0|-4|-4|0|0|0|0,72|72|72|72|0|0|0|0,0,0,0,13,255,208
716,0,3,3,0,3,0,0,0,3|3|8|0|0|0|0|0,255|255|255|0|0|0|0|0,0|0|0|0|0|0|0|0,10|10|10|0|0|0|0|0,-6|6|0|0|0|0|0|0,0|0|-4|0|0|0|0|0,72|72|12|0|0|0|0|0,0,0,0,13,255,208
717,0,3,4,0,4,0,0,0,3|3|5|5|0|0|0|0,255|255|255|255|0|0|0|0,0|0|0|0|0|0|0|0,10|10|10|10|0|0|0|0,-6|6|4|-4|0|0|0|0,0|0|-4|-4|0|0|0|0,72|72|12|12|0|0|0|0,0,0,0,13,255,208
718,0,4,2,0,2,0,0,0,2|2|0|0|0|0|0|0,255|255|0|0|0|0|0|0,0|0|0|0|0|0|0|0,12|12|0|0|0|0|0|0,-8|10|0|0|0|0|0|0,0|0|0|0|0|0|0|0,262|262|0|0|0|0|0|0,0,0,0,5,255,208
719,0,5,3,0,3,0,0,7,3|3|3|0|0|0|0|0,255|255|255|0|0|0|0|0,0|-4|4|0|0|0|0|0,-8|5|5|0|0|0|0|0,0|0|0|0|0|0|0|0,0|0|0|0|0|0|0|0,166|166|166|0|0|0|0|0,0,0,0,26,255,208
720,0,10,2,0,6,0,0,0,4|4|4|4|4|4|0|0,255|255|255|255|255|255|0|0,0|0|-8|8|-10|10|0|0,10|10|8|8|0|0|0|0,-20|-20|-30|-10|-40|0|0|0,-15|-15|-10|-10|-10|-10|0|0,60022|60022|60022|60022|60022|60022|0|0,0,0,0,13,255,208
721,0,5,8,1,8,0,0,0,5|5|4|4|4|4|4|4,255|255|255|255|255|255|255|255,0|0|0|0|0|0|0|0,22|22|22|22|22|22|22|22,0|0|0|0|0|0|0|0,0|-14|-28|-42|-56|-70|-84|-98,192|191|192|191|192|191|192|191,0,0,0,15,255,128
722,0,5,8,0,8,0,0,0,5|5|4|4|4|4|4|4,255|255|255|255|255|255|255|255,-12|-12|-12|-12|-12|-12|-12|-12,14|14|14|14|14|14|14|14,0|-12|-24|-36|-48|-60|-72|-84,0|-14|-28|-42|-56|-70|-84|-98,194|195|194|195|194|195|194|195,0,0,0,15,255,128
723,0,5,8,0,8,0,0,0,5|5|4|4|4|4|4|4,255|255|255|255|255|255|255|255,12|12|12|12|12|12|12|12,14|14|14|14|14|14|14|14,0|12|24|36|48|60|72|84,0|-14|-28|-42|-56|-70|-84|-98,196|197|196|197|196|197|196|197,0,0,0,15,255,128
724,0,5,8,1,8,0,0,0,5|5|4|4|4|4|4|4,255|255|255|255|255|255|255|255,-22|-22|-22|-22|-22|-22|-22|-22,0|0|0|0|0|0|0|0,0|-12|-24|-36|-48|-60|-72|-84,0|0|0|0|0|0|0|0,198|199|198|199|198|199|198|199,0,0,0,15,255,128
725,0,5,8,1,8,0,0,0,5|5|4|4|4|4|4|4,255|255|255|255|255|255|255|255,22|22|22|22|22|22|22|22,0|0|0|0|0|0|0|0,0|12|24|36|48|60|72|84,0|0|0|0|0|0|0|0,198|199|198|199|198|199|198|199,0,0,0,15,255,128
726,0,5,1,1,1,0,0,0,2|0|0|0|0|0|0|0,255|0|0|0|0|0|0|0,0|0|0|0|0|0|0|0,10|0|0|0|0|0|0|0,0|0|0|0|0|0|0|0,0|0|0|0|0|0|0|0,50|0|0|0|0|0|0|0,0,0,0,26,255,208
727,0,5,2,0,2,0,0,0,1|1|0|0|0|0|0|0,255|255|0|0|0|0|0|0,-7|7|0|0|0|0|0|0,7|7|0|0|0|0|0|0,-5|5|0|0|0|0|0|0,0|0|0|0|0|0|0|0,121|122|0|0|0|0|0|0,0,0,0,5,255,208
728,0,4,1,0,1,0,0,0,1|0|0|0|0|0|0|0,255|0|0|0|0|0|0|0,0|0|0|0|0|0|0|0,9|0|0|0|0|0|0|0,0|0|0|0|0|0|0|0,0|0|0|0|0|0|0|0,48|0|0|0|0|0|0|0,0,0,0,13,255,208
729,0,5,6,0,6,0,0,0,4|4|4|4|4|4|0|0,255|255|255|255|255|255|0|0,-7|7|-10|10|-7|7|0|0,7|7|0|0|-7|-7|0|0,-5|5|-5|5|-5|5|0|0,0|0|0|0|0|0|0|0,121|122|102|104|140|141|0|0,0,0,0,5,255,208
730,0,4,2,0,8,0,0,7,2|2|2|2|2|2|2|2,255|255|255|255|255|255|255|255,-7|7|-5|5|-7|7|-9|9,7|7|9|9|7|7|5|5,-5|5|-5|5|-5|5|-5|5,0|0|0|0|0|0|0|0,247|247|247|247|247|247|247|247,0,0,0,5,255,32
731,0,3,3,0,3,0,0,0,3|3|8|0|0|0|0|0,255|255|255|0|0|0|0|0,0|0|0|0|0|0|0|0,10|10|10|0|0|0|0|0,-8|8|0|0|0|0|0|0,10|10|-4|0|0|0|0|0,72|72|12|0|0|0|0|0,0,0,0,13,255,208
732,0,3,5,0,5,0,0,0,3|3|3|3|5|0|0|0,255|255|255|255|255|0|0|0,0|0|0|0|0|0|0|0,10|10|10|12|10|0|0|0,-8|8|-10|10|0|0|0|0,10|10|12|12|-4|0|0|0,72|72|72|72|12|0|0|0,0,0,0,13,255,208
733,0,3,3,0,3,0,0,0,3|3|12|0|0|0|0|0,255|255|255|0|0|0|0|0,0|0|0|0|0|0|0|0,10|10|10|0|0|0|0|0,-8|8|0|0|0|0|0|0,10|10|-4|0|0|0|0|0,72|72|11|0|0|0|0|0,0,0,0,13,255,208
734,0,3,5,0,5,0,0,0,3|3|3|3|12|0|0|0,255|255|255|255|255|0|0|0,0|0|0|0|0|0|0|0,10|10|10|12|10|0|0|0,-8|8|-10|10|0|0|0|0,10|10|12|10|-4|0|0|0,72|72|72|72|11|0|0|0,0,0,0,13,255,208
735,0,3,2,0,2,0,0,0,12|12|0|0|0|0|0|0,255|255|0|0|0|0|0|0,0|0|0|0|0|0|0|0,10|10|0|0|0|0|0|0,-6|6|0|0|0|0|0|0,-4|-4|0|0|0|0|0|0,11|11|0|0|0|0|0|0,0,0,0,13,255,208
736,0,20,1,0,1,0,0,0,10|0|0|0|0|0|0|0,255|0|0|0|0|0|0|0,0|0|0|0|0|0|0|0,10|0|0|0|0|0|0|0,0|0|0|0|0|0|0|0,0|0|0|0|0|0|0|0,30|0|0|0|0|0|0|0,0,0,0,13,255,112
737,0,30,5,0,5,0,0,7,20|2|2|2|2|0|0|0,255|255|255|255|255|0|0|0,0|-2|2|-3|3|0|0|0,2|2|2|0|0|0|0|0,0|0|0|0|0|0|0|0,0|0|0|0|0|0|0|0,28|247|247|247|247|0|0|0,0,0,0,13,255,112
738,0,2,1,0,1,0,0,0,1|0|0|0|0|0|0|0,255|0|0|0|0|0|0|0,0|0|0|0|0|0|0|0,10|0|0|0|0|0|0|0,0|0|0|0|0|0|0|0,0|0|0|0|0|0|0|0,20|0|0|0|0|0|0|0,0,0,0,13,255,112
739,0,2,2,0,2,0,0,0,1|1|0|0|0|0|0|0,255|255|0|0|0|0|0|0,0|0|0|0|0|0|0|0,10|10|0|0|0|0|0|0,-9|9|0|0|0|0|0|0,12|12|0|0|0|0|0|0,20|20|0|0|0|0|0|0,0,0,0,13,255,112
740,0,3,2,0,2,0,0,0,1|1|0|0|0|0|0|0,255|255|0|0|0|0|0|0,0|0|0|0|0|0|0|0,10|10|0|0|0|0|0|0,-3|3|0|0|0|0|0|0,0|0|0|0|0|0|0|0,20|20|0|0|0|0|0|0,0,0,0,13,255,112
741,0,3,3,0,3,0,0,0,1|1|1|0|0|0|0|0,255|255|255|0|0|0|0|0,0|0|0|0|0|0|0|0,10|10|10|0|0|0|0|0,-9|9|0|0|0|0|0|0,12|12|0|0|0|0|0|0,20|20|21|0|0|0|0|0,0,0,0,13,255,112
742,0,3,3,0,3,0,0,0,1|1|1|0|0|0|0|0,255|255|255|0|0|0|0|0,0|0|0|0|0|0|0|0,10|10|10|0|0|0|0|0,-15|15|0|0|0|0|0|0,14|14|0|0|0|0|0|0,20|20|21|0|0|0|0|0,0,0,0,13,255,112
743,0,3,4,0,4,0,0,0,1|1|1|1|0|0|0|0,255|255|255|255|0|0|0|0,0|0|0|0|0|0|0|0,10|10|10|10|0|0|0|0,-11|11|-4|4|0|0|0|0,14|14|0|0|0|0|0|0,20|20|21|21|0|0|0|0,0,0,0,13,255,112
744,0,3,4,0,4,0,0,0,1|1|1|1|0|0|0|0,255|255|255|255|0|0|0|0,0|0|0|0|0|0|0|0,10|10|10|10|0|0|0|0,-17|17|-4|4|0|0|0|0,14|14|0|0|0|0|0|0,21|21|21|21|0|0|0|0,0,0,0,13,255,112
745,0,3,3,0,3,0,0,0,1|1|1|0|0|0|0|0,255|255|255|0|0|0|0|0,0|0|0|0|0|0|0|0,10|10|10|0|0|0|0|0,-18|18|0|0|0|0|0|0,14|14|0|0|0|0|0|0,22|22|21|0|0|0|0|0,0,0,0,13,255,112
746,0,3,4,0,4,0,0,0,1|1|1|1|0|0|0|0,255|255|255|255|0|0|0|0,0|0|0|0|0|0|0|0,10|10|10|10|0|0|0|0,-22|22|-9|9|0|0|0|0,14|14|12|12|0|0|0|0,22|22|20|20|0|0|0|0,0,0,0,13,255,112
747,0,3,5,0,5,0,0,0,1|1|1|1|1|0|0|0,255|255|255|255|255|0|0|0,0|0|0|0|0|0|0|0,10|10|10|10|10|0|0|0,-22|22|-16|16|0|0|0|0,14|14|12|12|0|0|0|0,22|22|22|22|20|0|0|0,0,0,0,13,255,112
748,0,3,6,0,6,0,0,0,1|1|1|1|1|1|0|0,255|255|255|255|255|255|0|0,0|0|0|0|0|0|0|0,10|10|10|10|10|10|0|0,-22|22|-16|16|-9|9|0|0,14|14|12|12|12|12|0|0,22|22|22|22|20|20|0|0,0,0,0,13,255,112
749,0,4,1,0,1,0,0,0,3|0|0|0|0|0|0|0,255|0|0|0|0|0|0|0,120|0|0|0|0|0|0|0,120|0|0|0|0|0|0|0,-24|0|0|0|0|0|0|0,0|0|0|0|0|0|0|0,88|0|0|0|0|0|0|0,0,0,168,26,255,32
750,0,3,2,2,6,0,0,0,1|1|1|1|1|1|0|0,255|255|101|101|101|101|0|0,0|0|10|10|-10|-10|0|0,22|22|10|10|10|10|0|0,0|0|0|-12|12|0|0|0,-8|6|0|14|14|0|0|0,191|191|196|196|194|194|0|0,0,0,0,15,255,128
751,0,0,2,0,4,0,0,0,1|1|0|0|0|0|0|0,255|255|255|255|0|0|0|0,101|101|101|101|0|0|0|0,14|14|14|14|0|0|0|0,-9|8|-9|8|0|0|0|0,10|10|10|10|0|0|0|0,286|286|286|286|0|0|0|0,0,0,0,6,255,208
752,0,0,4,0,4,0,0,0,1|1|1|1|0|0|0|0,255|255|255|255|0|0|0|0,101|101|101|101|0|0|0|0,14|14|14|14|0|0|0|0,-14|13|-6|5|0|0|0|0,14|14|10|10|0|0|0|0,120|120|116|116|0|0|0|0,0,0,0,6,255,208
753,0,0,2,0,2,0,0,0,1|1|0|0|0|0|0|0,255|255|0|0|0|0|0|0,0|0|0|0|0|0|0|0,10|10|0|0|0|0|0|0,-11|11|0|0|0|0|0|0,10|10|0|0|0|0|0|0,49|49|0|0|0|0|0|0,0,0,0,6,255,208
754,0,0,1,0,1,0,0,0,251|0|0|0|0|0|0|0,255|0|0|0|0|0|0|0,101|0|0|0|0|0|0|0,14|0|0|0|0|0|0|0,-1|0|0|0|0|0|0|0,10|0|0|0|0|0|0|0,116|0|0|0|0|0|0|0,0,0,0,6,255,208
755,0,4,2,0,6,0,0,0,112|112|112|112|112|112|0|0,255|255|255|255|255|255|0|0,0|0|0|0|0|0|0|0,0|0|0|0|0|0|0|0,-17|16|-23|22|-29|28|0|0,10|10|12|12|14|14|0|0,31|31|31|31|31|31|0|0,1,0,0,7,0,208
756,0,3,2,0,2,0,0,0,251|251|0|0|0|0|0|0,98|98|0|0|0|0|0|0,0|0|0|0|0|0|0|0,28|28|0|0|0|0|0|0,-6|6|0|0|0|0|0|0,0|0|0|0|0|0|0|0,143|144|0|0|0|0|0|0,0,0,0,13,255,208
757,0,2,2,0,4,0,0,0,251|251|251|251|0|0|0|0,98|98|98|98|0|0|0|0,-8|-8|8|8|0|0|0|0,28|28|28|28|0|0|0|0,-6|6|-6|6|0|0|0|0,0|0|0|0|0|0|0|0,143|144|143|144|0|0|0|0,0,0,0,13,255,208
758,0,3,4,0,4,0,0,0,251|251|251|251|0|0|0|0,98|98|98|98|0|0|0|0,-8|-8|8|8|0|0|0|0,28|28|28|28|0|0|0|0,-6|6|-6|6|0|0|0|0,0|0|0|0|0|0|0|0,143|144|143|144|0|0|0|0,0,0,0,13,255,208
759,0,3,4,0,4,0,0,0,251|251|251|251|0|0|0|0,98|98|98|98|0|0|0|0,0|0|0|0|0|0|0|0,28|28|28|28|0|0|0|0,-18|-6|6|18|0|0|0|0,0|0|0|0|0|0|0|0,748|749|750|751|0|0|0|0,0,0,0,13,255,208
760,0,3,4,0,4,0,0,0,251|251|251|251|0|0|0|0,98|98|98|98|0|0|0|0,0|0|0|0|0|0|0|0,28|28|28|28|0|0|0|0,-6|6|-6|6|0|0|0|0,0|0|14|14|0|0|0|0,143|144|143|144|0|0|0|0,0,0,0,13,255,208
761,0,2,4,0,6,0,0,0,251|251|251|251|251|251|0|0,98|98|98|98|98|98|0|0,-14|-14|14|14|0|0|0|0,28|28|28|28|28|28|0|0,-6|6|-6|6|-6|6|0|0,0|0|0|0|0|0|0|0,143|144|143|144|143|144|0|0,0,0,0,13,255,208
762,0,3,6,0,6,0,0,0,251|251|251|251|251|251|0|0,98|98|98|98|98|98|0|0,-14|-14|14|14|0|0|0|0,28|28|28|28|28|28|0|0,-6|6|-6|6|-6|6|0|0,0|0|0|0|0|0|0|0,143|144|143|144|143|144|0|0,0,0,0,13,255,208
763,0,3,8,0,8,0,0,0,251|251|251|251|251|251|251|251,98|98|98|98|98|98|98|98,-20|-20|20|20|8|8|-8|-8,28|28|28|28|28|28|28|28,-6|6|-6|6|-6|6|-6|6,0|0|0|0|0|0|0|0,143|144|143|144|143|144|143|144,0,0,0,13,255,208
764,0,3,8,0,8,0,0,0,251|251|251|251|251|251|251|251,98|98|98|98|98|98|98|98,-20|-20|20|20|4|4|-4|-4,28|28|28|28|28|28|28|28,-6|6|-6|6|-6|6|-6|6,0|0|0|0|0|0|0|0,143|144|143|144|143|144|143|144,0,0,0,13,255,208
765,0,3,8,0,8,0,0,0,251|251|251|251|251|251|251|251,98|98|98|98|98|98|98|98,-8|-8|8|8|8|8|-8|-8,28|28|28|28|0|0|0|0,-6|6|-6|6|-6|6|-6|6,0|0|0|0|0|0|0|0,143|144|143|144|143|144|143|144,1,0,0,13,255,208
766,0,3,8,0,8,0,0,0,251|251|251|251|251|251|251|251,98|98|98|98|98|98|98|98,0|0|0|0|6|6|-6|-6,28|28|28|28|0|0|0|0,-18|-6|6|18|-6|6|-6|6,0|0|0|0|0|0|0|0,748|749|750|751|143|144|143|144,1,0,0,13,255,208
767,0,4,1,0,1,0,0,9,2|0|0|0|0|0|0|0,255|0|0|0|0|0|0|0,0|0|0|0|0|0|0|0,2|0|0|0|0|0|0|0,0|0|0|0|0|0|0|0,0|0|0|0|0|0|0|0,501|0|0|0|0|0|0|0,1,0,0,16,255,208
768,0,4,2,0,2,0,0,0,1|1|0|0|0|0|0|0,255|255|0|0|0|0|0|0,-1|1|0|0|0|0|0|0,2|2|0|0|0|0|0|0,0|0|0|0|0|0|0|0,0|0|0|0|0|0|0|0,501|501|0|0|0|0|0|0,1,0,0,16,255,208
769,0,4,3,0,3,0,0,0,1|1|1|0|0|0|0|0,255|255|255|0|0|0|0|0,-2|2|0|0|0|0|0|0,2|2|2|0|0|0|0|0,0|0|0|0|0|0|0|0,0|0|0|0|0|0|0|0,501|501|501|0|0|0|0|0,1,0,0,16,255,208
770,0,4,4,0,4,0,0,0,1|1|1|1|0|0|0|0,255|255|255|255|0|0|0|0,-4|-3|4|3|0|0|0|0,2|2|2|2|0|0|0|0,0|0|0|0|0|0|0|0,0|0|0|0|0|0|0|0,501|501|501|501|0|0|0|0,1,0,0,16,255,208
771,0,4,4,0,4,0,0,0,1|1|1|1|0|0|0|0,255|255|255|255|0|0|0|0,-5|-2|5|2|0|0|0|0,2|2|2|2|0|0|0|0,0|0|0|0|0|0|0|0,0|0|0|0|0|0|0|0,501|501|501|501|0|0|0|0,1,0,0,16,255,208
772,0,4,5,0,5,0,0,0,1|1|1|1|1|0|0|0,255|255|255|255|255|0|0|0,-5|-2|5|2|0|0|0|0,2|2|2|2|2|0|0|0,0|0|0|0|0|0|0|0,0|0|0|0|0|0|0|0,501|501|501|501|501|0|0|0,1,0,0,16,255,208
773,0,4,6,0,6,0,0,0,1|1|1|1|1|1|0|0,255|255|255|255|255|255|0|0,0|-5|-2|5|2|0|0|0,2|2|2|2|2|2|0|0,0|0|0|0|0|0|0|0,-12|0|0|0|0|0|0|0,501|501|501|501|501|501|0|0,1,0,0,16,255,208
774,0,4,3,0,3,0,0,0,1|1|2|0|0|0|0|0,255|255|255|0|0|0|0|0,-2|2|0|0|0|0|0|0,2|2|2|0|0|0|0|0,0|0|0|0|0|0|0|0,0|0|0|0|0|0|0|0,501|501|520|0|0|0|0|0,1,0,0,16,255,208
775,0,4,2,0,2,0,0,0,2|2|0|0|0|0|0|0,255|255|0|0|0|0|0|0,-1|1|0|0|0|0|0|0,2|2|0|0|0|0|0|0,0|0|0|0|0|0|0|0,0|0|0|0|0|0|0|0,520|520|0|0|0|0|0|0,1,0,0,16,255,208
776,0,4,4,0,4,0,0,0,2|2|1|1|0|0|0|0,255|255|255|255|0|0|0|0,-1|1|-3|3|0|0|0|0,2|2|2|2|0|0|0|0,0|0|0|0|0|0|0|0,0|0|0|0|0|0|0|0,520|520|501|501|0|0|0|0,1,0,0,16,255,208
777,0,4,3,0,3,0,0,0,2|2|2|0|0|0|0|0,255|255|255|0|0|0|0|0,-2|2|0|0|0|0|0|0,2|2|2|0|0|0|0|0,0|0|0|0|0|0|0|0,0|0|0|0|0|0|0|0,520|520|520|0|0|0|0|0,1,0,0,16,255,208
778,0,0,2,1,4,0,0,0,251|251|251|251|0|0|0|0,255|255|255|255|0|0|0|0,101|101|101|101|0|0|0|0,14|14|14|14|0|0|0|0,-6|6|-6|6|0|0|0|0,10|10|10|10|0|0|0|0,558|561|559|562|0|0|0|0,0,0,0,6,255,208
779,0,3,1,18,1,0,0,0,2|0|0|0|0|0|0|0,255|0|0|0|0|0|0|0,0|0|0|0|0|0|0|0,-1|0|0|0|0|0|0|0,0|0|0|0|0|0|0|0,-8|0|0|0|0|0|0|0,598|0|0|0|0|0|0|0,1,0,0,25,255,208
780,40,3,4,11,8,0,0,0,250|250|251|251|250|250|250|250,11|11|11|11|11|11|11|11,0|0|0|0|0|0|0|0,11|11|11|11|11|11|11|11,-6|6|-6|6|-6|6|-6|6,-7|-7|7|7|-7|-7|7|7,672|691|710|729|672|691|710|729,-1,0,0,4,255,112
