id,drain,shotRepeat,multi,weaponAnimation,max,tx,ty,aim,attack,del,sx,sy,bx,by,sg,acceleration,accelerationX,circleSize,sound,trail,shipBlastFilter
0,0,0,0,0,0,0,0,0,0|0|0|0|0|0|0|0,0|0|0|0|0|0|0|0,0|0|0|0|0|0|0|0,0|0|0|0|0|0|0|0,0|0|0|0|0|0|0|0,0|0|0|0|0|0|0|0,0|0|0|0|0|0|0|0,0,0,0,0,255,240
1,10,5,1,0,1,0,0,0,1|0|0|0|0|0|0|0,255|0|0|0|0|0|0|0,0|0|0|0|0|0|0|0,12|0|0|0|0|0|0|0,0|0|0|0|0|0|0|0,0|0|0|0|0|0|0|0,67|0|0|0|0|0|0|0,0,0,0,28,255,208
2,10,4,1,0,1,0,0,0,3|0|0|0|0|0|0|0,255|0|0|0|0|0|0|0,0|0|0|0|0|0|0|0,4|0|0|0|0|0|0|0,0|0|0|0|0|0|0|0,0|0|0|0|0|0|0|0,146|0|0|0|0|0|0|0,0,0,0,4,255,208
3,10,4,1,0,1,0,0,0,3|0|0|0|0|0|0|0,255|0|0|0|0|0|0|0,-3|0|0|0|0|0|0|0,3|0|0|0|0|0|0|0,0|0|0|0|0|0|0|0,0|0|0|0|0|0|0|0,147|0|0|0|0|0|0|0,0,0,0,4,255,208
4,10,4,1,0,1,0,0,0,3|0|0|0|0|0|0|0,255|0|0|0|0|0|0|0,-3|0|0|0|0|0|0|0,3|0|0|0|0|0|0|0,0|0|0|0|0|0|0|0,0|0|0|0|0|0|0|0,145|0|0|0|0|0|0|0,0,0,0,4,255,208
5,20,5,1,0,1,0,0,0,2|0|0|0|0|0|0|0,255|0|0|0|0|0|0|0,0|0|0|0|0|0|0|0,12|0|0|0|0|0|0|0,0|0|0|0|0|0|0|0,0|0|0|0|0|0|0|0,245|0|0|0|0|0|0|0,0,0,0,28,255,208
6,10,4,1,0,1,0,0,0,1|0|0|0|0|0|0|0,255|0|0|0|0|0|0|0,0|0|0|0|0|0|0|0,8|0|0|0|0|0|0|0,0|0|0|0|0|0|0|0,0|0|0|0|0|0|0|0,146|0|0|0|0|0|0|0,0,0,0,4,255,208
7,10,4,1,0,1,0,0,0,1|0|0|0|0|0|0|0,255|0|0|0|0|0|0|0,-6|0|0|0|0|0|0|0,6|0|0|0|0|0|0|0,0|0|0|0|0|0|0|0,0|0|0|0|0|0|0|0,147|0|0|0|0|0|0|0,0,0,0,4,255,208
8,10,4,1,0,1,0,0,0,1|0|0|0|0|0|0|0,255|0|0|0|0|0|0|0,-6|0|0|0|0|0|0|0,6|0|0|0|0|0|0|0,0|0|0|0|0|0|0|0,0|0|0|0|0|0|0|0,145|0|0|0|0|0|0|0,0,0,0,4,255,208
9,0,0,1,0,4,0,0,0,1|1|1|1|0|0|0|0,255|255|255|255|0|0|0|0,-14|-14|-14|-14|0|0|0|0,0|0|0|0|0|0|0|0,0|0|0|0|0|0|0|0,-5|-5|-5|-5|0|0|0|0,286|287|286|288|0|0|0|0,0,0,0,6,255,208
10,120,3,4,0,4,0,0,0,3|3|3|3|0|0|0|0,255|255|255|255|0|0|0|0,-3|3|-3|3|0|0|0|0,3|3|-3|-3|0|0|0|0,0|0|0|0|0|0|0|0,0|0|0|0|0|0|0|0,302|0|0|0|0|0|0|0,0,0,0,1,255,208
11,30,2,1,0,1,0,0,0,2|0|0|0|0|0|0|0,255|0|0|0|0|0|0|0,0|0|0|0|0|0|0|0,20|0|0|0|0|0|0|0,0|0|0|0|0|0|0|0,0|0|0|0|0|0|0|0,148|0|0|0|0|0|0|0,-1,0,0,28,255,208
12,0,0,1,0,1,0,0,0,2|0|0|0|0|0|0|0,8|0|0|0|0|0|0|0,0|0|0|0|0|0|0|0,-1|0|0|0|0|0|0|0,0|0|0|0|0|0|0|0,0|0|0|0|0|0|0|0,20|0|0|0|0|0|0|0,0,0,0,9,1,112
13,0,0,8,0,8,0,0,0,1|1|2|1|2|1|1|1,8|8|8|8|8|8|8|8,0|0|3|5|-3|-5|-6|6,2|-2|0|0|0|0|0|0,0|0|0|4|0|-4|-4|4,0|0|0|0|0|0|0|0,20|20|20|20|20|20|20|20,0,0,0,12,1,112
14,0,0,8,0,8,0,0,0,1|1|1|1|2|2|2|2,8|8|8|8|8|8|8|8,6|-6|6|-6|0|8|-8|0,6|6|-6|-6|8|0|0|-8,6|-6|6|-6|0|8|-8|0,6|6|-6|-6|8|0|0|-8,20|20|20|20|20|20|20|20,0,0,0,12,1,112
15,0,8,5,0,5,1,0,0,114|114|114|114|114|0|0|0,255|255|255|255|255|0|0|0,0|0|0|0|0|0|0|0,0|-1|-1|-4|-4|0|0|0,0|-4|4|-7|7|0|0|0,0|0|0|0|0|0|0|0,34|34|34|34|34|0|0|0,1,0,0,7,6,208
16,0,0,8,0,8,0,0,0,1|1|1|1|1|1|1|1,8|8|8|8|8|8|8|8,2|-2|2|-2|3|-3|0|0,2|2|-2|-2|0|0|3|-3,2|-2|2|-2|3|-3|0|0,2|2|-2|-2|0|0|3|-3,20|20|20|20|20|20|20|20,0,0,0,12,1,112
17,0,5,2,0,2,1,0,0,10|10|0|0|0|0|0|0,255|255|0|0|0|0|0|0,-2|2|0|0|0|0|0|0,-2|-2|0|0|0|0|0|0,0|0|0|0|0|0|0|0,0|0|0|0|0|0|0|0,68|68|0|0|0|0|0|0,1,0,0,7,6,208
18,0,5,4,0,4,1,0,0,6|6|6|6|0|0|0|0,255|255|255|255|0|0|0|0,-1|1|-3|3|0|0|0|0,-2|-2|-3|-3|0|0|0|0,0|0|0|0|0|0|0|0,0|0|0|0|0|0|0|0,72|72|72|72|0|0|0|0,1,0,0,7,6,208
19,0,10,2,0,2,0,0,0,120|120|0|0|0|0|0|0,255|255|0|0|0|0|0|0,1|-1|0|0|0|0|0|0,7|7|0|0|0|0|0|0,0|0|0|0|0|0|0|0,0|0|0|0|0|0|0|0,142|142|0|0|0|0|0|0,0,0,0,7,6,208
20,0,0,4,0,4,0,0,0,121|121|121|121|0|0|0|0,255|255|255|255|0|0|0|0,4|-4|4|-4|0|0|0|0,4|4|-4|-4|0|0|0|0,0|0|0|0|0|0|0|0,0|0|0|0|0|0|0|0,100|100|100|100|0|0|0|0,0,0,0,6,255,208
21,0,0,8,0,8,0,0,0,1|1|1|1|1|1|1|1,255|255|255|255|255|255|255|255,3|-3|3|-3|5|-5|0|0,3|3|-3|-3|0|0|5|-5,0|0|0|0|0|0|0|0,0|0|0|0|0|0|0|0,99|99|99|99|99|99|99|99,0,0,0,6,255,208
22,0,50,4,0,4,0,0,0,136|136|136|136|0|0|0|0,255|255|255|255|0|0|0|0,0|-6|6|0|0|0|0|0,6|0|0|-6|0|0|0|0,0|0|0|0|0|0|0|0,0|0|0|0|0|0|0|0,75|56|18|94|0|0|0|0,0,0,0,11,1,208
23,160,8,8,0,8,0,0,0,3|3|3|3|3|3|3|3,255|255|255|255|255|255|255|255,1|-1|2|-2|3|-3|4|-4,3|3|2|2|1|1|0|0,0|0|0|0|0|0|0|0,0|0|0|0|0|0|0|0,73|73|73|73|73|73|73|73,1,0,0,13,255,192
24,0,8,1,0,1,0,0,0,4|0|0|0|0|0|0|0,255|0|0|0|0|0|0|0,0|0|0|0|0|0|0|0,6|0|0|0|0|0|0|0,0|0|0|0|0|0|0|0,0|0|0|0|0|0|0|0,91|0|0|0|0|0|0|0,0,0,0,11,255,208
25,40,3,1,0,1,0,0,0,8|0|0|0|0|0|0|0,255|0|0|0|0|0|0|0,0|0|0|0|0|0|0|0,13|0|0|0|0|0|0|0,0|0|0|0|0|0|0|0,0|0|0|0|0|0|0|0,73|0|0|0|0|0|0|0,0,0,0,13,255,192
26,30,2,1,0,5,0,0,0,112|112|112|112|112|0|0|0,255|255|255|255|255|0|0|0,0|-2|2|1|-1|0|0|0,-3|-3|-3|-3|-3|0|0|0,0|0|0|0|0|0|0|0,0|0|0|0|0|0|0|0,52|52|52|52|52|0|0|0,1,0,0,7,6,208
27,0,0,1,0,1,0,0,0,4|0|0|0|0|0|0|0,8|0|0|0|0|0|0|0,0|0|0|0|0|0|0|0,-1|0|0|0|0|0|0|0,0|0|0|0|0|0|0|0,0|0|0|0|0|0|0|0,20|0|0|0|0|0|0|0,0,0,0,9,1,112
28,0,0,8,0,8,0,0,0,1|1|1|1|0|0|0|0,8|8|8|8|4|4|4|4,3|-3|3|-3|0|4|-4|0,3|3|-3|-3|4|0|0|-4,3|-3|3|-3|0|4|-4|0,3|3|-3|-3|4|0|0|-4,20|20|20|20|20|20|20|20,0,0,0,12,1,112
29,10,20,1,3,1,0,0,0,128|0|0|0|0|0|0|0,255|0|0|0|0|0|0|0,0|0|0|0|0|0|0|0,1|0|0|0|0|0|0|0,0|0|0|0|0|0|0|0,0|0|0|0|0|0|0|0,271|0|0|0|0|0|0|0,0,0,0,8,255,208
30,40,1,2,2,4,0,0,0,2|2|2|2|0|0|0|0,255|255|255|255|0|0|88|63,116|124|116|124|0|0|-96|34,12|12|12|12|-1|-1|45|0,-4|4|-4|4|0|-80|72|63,0|0|0|0|0|0|120|17,206|206|207|207|0|80|43008|16232,0,0,0,8,255,208
31,30,3,3,0,3,0,0,0,1|1|1|1|0|176|120|128,255|255|255|0|0|0|58|31,0|0|0|81|-50|127|1|0,12|13|14|0|0|0|3|0,0|0|0|-128|-42|127|0|0,0|0|0|0|0|0|40|46,135|116|97|0|0|0|0|0,0,0,0,8,255,144
32,40,4,4,0,4,0,0,0,1|1|1|1|0|0|58|46,255|255|255|255|206|127|255|255,-1|-1|1|1|0|0|2|0,13|14|13|14|-50|127|0|0,0|0|0|0|0|0|0|0,0|0|0|0|0|0|-76|81,135|97|135|97|32718|53144|32719|0,0,0,0,8,255,144
33,50,5,5,0,5,0,0,0,1|1|1|1|1|0|0|0,255|255|255|255|255|0|0|0,0|0|0|0|0|0|0|0,12|13|14|15|16|0|0|0,0|0|0|0|0|0|0|0,0|0|0|0|0|0|0|0,135|116|116|116|97|0|0|0,0,0,0,8,255,144
34,60,3,3,0,3,0,0,0,2|2|2|0|0|0|0|0,255|255|255|0|0|0|0|0,0|0|0|0|0|0|0|0,14|12|13|0|0|0|0|0,0|0|0|0|0|0|0|0,0|0|0|0|0|0|0|0,101|139|120|33176|32726|0|0|28474,0,0,0,8,255,144
35,80,4,4,0,4,0,0,0,2|2|2|2|0|0|0|0,255|255|255|255|0|0|64|255,-1|-1|1|1|0|0|0|0,13|14|13|14|0|0|0|0,0|0|0|0|0|0|0|0,0|0|0|0|0|0|0|0,139|101|139|101|0|0|0|0,0,0,0,8,255,144
36,0,50,6,0,6,0,0,0,116|116|116|116|116|116|0|0,255|255|255|255|255|255|0|0,-6|6|5|-5|5|-5|0|0,0|0|5|5|-5|-5|0|0,-8|8|5|-5|5|-5|0|0,0|0|5|5|-5|-5|0|0,102|104|122|121|141|140|0|0,0,0,0,11,1,208
37,0,7,2,0,2,0,0,0,1|1|0|0|0|0|0|0,255|255|0|0|0|0|0|0,0|0|80|39|-118|-63|32|39,6|6|0|0|0|0|0|0,0|0|0|0|0|0|0|0,4|-4|0|0|0|0|0|0,227|227|0|0|0|0|0|0,0,0,0,26,255,208
38,0,7,2,0,2,0,0,0,1|1|0|0|0|0|0|0,255|255|0|0|0|0|0|0,0|0|0|0|0|0|0|0,-6|-6|0|0|0|0|0|0,0|0|0|0|0|0|0|0,4|-4|0|0|0|0|0|0,227|227|0|0|0|0|0|0,0,0,0,26,255,208
39,0,0,0,0,0,0,0,0,0|0|0|0|0|0|0|0,0|0|0|0|0|0|0|0,0|0|0|0|0|0|0|0,0|0|0|0|0|0|0|0,0|0|0|0|0|0|0|0,0|0|0|0|0|0|0|0,0|0|0|0|0|0|0|0,0,0,0,1,255,208
40,60,4,1,0,2,0,0,0,8|8|40|125|207|127|1|0,255|255|4|0|0|0|0|0,4|-4|0|0|0|0|0|0,10|10|0|0|0|0|0|0,0|0|0|0|0|0|0|0,0|0|0|0|0|0|0|0,68|69|0|0|0|0|0|0,0,0,0,1,255,208
41,120,2,2,0,2,0,0,0,8|8|0|0|0|0|0|0,255|255|0|0|0|0|0|0,5|-5|0|0|0|0|0|0,11|11|0|0|0|0|0|0,0|0|0|0|0|0|0|0,0|0|0|0|0|0|0|0,68|69|0|1252|0|0|0|0,0,0,0,1,255,208
42,120,0,2,0,2,0,0,0,8|8|0|0|0|0|0|0,255|255|0|0|0|0|0|0,5|-5|0|0|0|0|0|0,11|11|0|0|0|0|0|0,0|0|0|0|0|0|0|0,0|0|0|0|0|0|0|0,68|69|0|0|0|0|0|0,0,0,0,1,255,208
43,130,4,1,0,1,0,0,0,10|0|0|0|0|0|0|0,255|0|0|0|0|0|0|0,0|0|0|0|0|0|0|0,7|0|0|0|0|0|0|0,0|0|0|0|0|0|0|0,0|0|0|0|0|0|0|0,74|0|0|0|0|0|0|0,0,0,0,1,255,208
44,160,6,1,0,1,0,0,0,15|0|0|0|0|0|0|0,255|0|0|0|0|0|0|0,0|0|0|0|0|0|0|0,8|0|0|0|0|0|0|0,0|0|0|0|0|0|0|0,0|0|0|0|0|0|0|0,75|0|0|0|0|0|0|0,0,0,0,1,255,208
45,30,1,1,0,1,0,0,0,4|0|0|0|0|0|0|0,255|0|0|0|0|0|0|0,0|0|0|0|0|0|0|0,11|0|0|0|0|0|-1|-1,0|-1|83|76|48|49|101|48,0|0|0|0|0|0|64|84,64|16972|12592|0|0|0|0|0,0,0,0,1,255,112
46,40,1,1,0,1,0,0,0,6|0|252|87|43|128|76|66,255|49|0|0|0|0|0|0,0|0|0|0|0|0|40|0,10|0|72|0|0|0|83|109,0|103|51|-55|-118|77|-4|-117,0|-115|-4|87|43|-128|-72|-39,7|65471|52448|52428|52428|52428|52428|52428,0,0,0,1,255,112
47,50,1,1,0,1,0,0,0,8|195|204|204|204|204|204|204,255|204|204|204|204|204|204|204,0|-52|0|0|0|0|0|0,10|0|0|0|0|0|0|0,0|0|0|0|0|0|0|0,0|0|0|0|0|0|0|0,65|0|0|0|0|0|0|0,0,0,0,1,255,144
48,30,3,1,0,1,0,0,0,7|0|0|0|0|0|0|0,255|0|0|0|0|0|0|0,0|0|0|0|0|0|0|0,16|0|0|0|0|0|0|0,0|0|0|0|0|0|0|0,0|0|0|0|0|0|0|0,208|0|0|0|0|0|0|0,0,0,0,1,255,208
49,0,4,2,0,2,0,0,0,1|1|0|0|0|0|0|0,255|255|0|0|0|0|0|0,-10|10|0|0|0|0|0|0,0|0|0|0|0|0|0|0,0|0|0|0|0|0|0|0,0|0|0|0|0|0|0|0,39|1|0|0|0|0|0|0,0,0,0,8,255,208
50,0,6,4,0,4,0,0,0,1|1|1|1|0|0|0|0,255|255|255|255|0|0|0|0,-9|9|9|-9|0|0|0|0,2|2|-2|-2|0|0|0|0,-2|2|2|-2|0|0|0|0,0|0|0|0|0|0|0|0,281|282|301|300|0|0|0|0,0,0,0,8,255,208
51,0,6,8,0,8,0,0,0,1|1|1|1|1|1|1|1,255|255|255|255|255|255|255|255,-6|6|6|-6|-9|9|0|0,6|6|-6|-6|0|0|9|-9,0|0|0|0|0|0|0|0,0|0|0|0|0|0|0|0,163|164|183|182|39|1|58|77,0,0,0,8,255,208
52,0,6,4,0,4,0,0,0,2|2|2|2|0|0|0|0,255|255|255|255|0|0|0|0,-9|9|9|-9|0|0|0|0,2|2|-2|-2|0|0|0|0,-2|2|2|-2|0|0|0|0,0|0|0|0|0|0|0|0,277|278|297|296|0|0|0|0,0,0,0,8,255,208
53,0,6,2,0,2,0,0,0,3|3|0|0|0|0|0|0,255|255|0|0|0|0|0|0,-10|10|0|0|0|0|0|0,0|0|0|0|0|0|0|0,0|0|0|0|0|0|0|0,0|0|0|0|0|0|0|0,102|104|0|0|0|0|0|0,0,0,0,8,255,208
54,0,6,4,0,4,0,0,0,3|3|3|3|0|0|0|0,255|255|255|255|0|0|0|0,-6|6|6|-6|0|0|0|0,6|6|-6|-6|0|0|0|0,0|0|0|0|0|0|0|0,0|0|0|0|0|0|0|0,121|122|141|140|0|0|0|0,0,0,0,8,255,208
55,40,1,1,0,1,0,0,0,6|0|0|0|0|0|0|0,255|0|0|0|0|0|0|0,0|0|0|0|0|0|0|0,10|0|0|0|0|0|0|0,0|0|0|0|0|0|0|0,0|0|0|0|0|0|0|0,45|0|0|0|0|0|0|0,0,0,0,1,255,112
56,20,1,1,0,1,0,0,0,2|0|0|0|0|0|0|0,255|0|0|0|0|0|0|0,-6|0|0|0|0|0|0|0,6|0|0|0|0|0|0|0,0|0|0|0|0|0|0|0,0|0|0|0|0|0|0|0,121|0|0|0|0|0|0|0,0,0,0,1,255,208
57,20,1,1,0,1,0,0,0,2|0|0|0|0|0|0|0,255|0|0|0|0|0|0|0,6|0|0|0|0|0|0|0,6|0|0|0|0|0|0|0,0|0|0|0|0|0|0|0,0|0|0|0|0|0|0|0,122|0|0|0|0|0|0|0,0,0,0,1,255,208
58,20,7,1,0,1,4,3,0,8|0|0|0|0|0|0|0,255|0|0|0|0|0|0|0,0|0|0|0|0|0|0|0,0|0|0|0|0|0|0|0,0|0|0|0|0|0|0|0,0|0|0|0|0|0|0|0,4|0|0|0|0|0|0|0,0,0,0,1,255,208
59,10,1,1,2,1,0,0,2,3|0|0|0|0|0|0|0,255|0|0|0|0|0|0|0,0|0|0|0|0|0|0|0,0|0|0|0|0|0|0|0,0|0|0|0|0|0|0|0,0|0|0|0|0|0|0|0,112|0|0|0|0|0|0|0,0,0,0,13,255,208
60,60,2,2,0,2,0,0,0,4|4|0|0|0|0|255|255,255|255|0|0|0|0|0|0,0|0|0|0|0|0|0|0,10|10|0|0|0|0|0|0,-5|5|0|0|0|0|0|0,0|0|0|0|0|0|0|0,64|64|0|0|0|0|0|0,0,0,0,1,255,208
61,100,2,2,0,2,0,0,0,6|6|0|0|0|0|0|0,255|255|0|0|0|0|0|0,0|0|0|0|0|0|0|0,10|10|0|0|0|0|0|0,-5|5|0|0|0|0|0|0,0|0|0|0|0|0|0|0,76|76|0|0|0|0|0|0,0,0,0,1,255,208
62,10,1,1,2,1,0,0,2,2|0|0|0|0|0|0|0,255|0|0|0|0|0|0|0,0|0|0|0|0|0|0|0,0|0|0|0|0|0|0|0,0|0|0|0|0|0|0|0,0|0|0|0|0|0|0|0,112|0|0|0|0|0|0|0,0,0,0,13,255,208
63,10,1,1,2,1,0,0,3,2|0|0|0|0|0|0|0,255|0|0|0|0|0|0|0,0|0|0|0|0|0|0|0,0|0|0|0|0|0|0|0,0|0|0|0|0|0|0|0,0|0|0|0|0|0|0|0,168|0|0|0|0|0|0|0,0,0,0,13,255,208
64,40,4,1,0,1,0,0,0,10|0|0|0|0|0|0|0,255|0|0|0|0|0|0|0,0|0|0|0|0|0|0|0,1|0|0|0|0|0|0|0,-20|0|0|0|0|0|0|0,10|0|0|0|0|0|0|0,207|0|0|0|0|0|0|0,0,0,8,1,255,208
65,20,2,1,0,1,0,0,0,5|0|0|0|0|0|0|0,255|0|0|0|0|0|0|0,0|0|0|0|0|0|0|0,2|0|0|0|0|0|0|0,-20|0|0|0|0|0|0|0,10|0|0|0|0|0|0|0,207|0|0|0|0|0|0|0,0,0,8,1,255,208
66,0,0,8,0,8,0,0,0,128|121|187|187|187|187|187|187,255|255|255|255|255|255|255|255,0|0|0|-1|1|0|1|-1,1|1|1|1|1|1|0|0,0|0|0|-12|12|0|20|-20,0|0|0|20|20|-20|-10|-10,171|171|100|171|171|171|171|171,0,0,0,6,255,208
67,0,0,4,0,4,0,0,0,2|2|2|2|0|0|0|0,255|255|255|255|0|0|0|0,3|-3|3|-3|0|0|0|0,3|3|-3|-3|0|0|0|0,0|0|0|0|0|0|0|0,0|0|0|0|0|0|0|0,99|99|99|99|0|0|0|0,0,0,0,6,255,208
68,20,1,2,2,2,0,0,0,2|2|0|0|0|0|0|0,255|255|0|0|0|0|0|0,1|-1|0|0|0|0|0|0,2|2|0|0|0|0|0|0,8|-8|0|0|0|0|0|0,0|0|0|0|0|0|0|0,112|112|0|0|0|0|0|0,0,0,0,6,255,208
69,0,0,2,0,2,0,0,0,4|4|0|0|0|0|0|0,255|255|0|0|0|0|0|0,0|0|0|0|0|0|0|0,3|3|0|0|0|0|0|0,-6|6|0|0|0|0|0|0,0|0|0|0|0|0|0|0,260|260|0|0|0|0|0|0,0,0,0,6,255,208
70,10,1,1,2,1,0,0,3,2|0|0|0|0|0|0|0,255|0|0|0|0|0|0|0,0|0|0|0|0|0|0|0,0|0|0|0|0|0|0|0,0|0|0|0|0|0|0|0,-2|0|0|0|0|0|0|0,112|0|0|0|0|0|0|0,0,0,0,13,255,208
71,0,0,8,3,8,0,0,0,1|1|1|1|1|1|1|1,8|8|8|8|8|8|8|8,2|-2|2|-2|3|-3|0|0,2|2|-2|-2|0|0|3|-3,2|-2|2|-2|3|-3|0|0,2|2|-2|-2|0|0|3|-3,214|214|214|214|214|214|214|214,0,0,0,12,12,112
72,60,3,3,0,3,0,0,0,4|3|3|0|0|0|0|0,255|255|255|0|0|0|0|0,0|-3|3|0|0|0|0|0,4|3|3|0|0|0|0|0,0|0|0|0|0|0|0|0,0|0|0|0|0|0|0|0,94|140|141|0|0|0|0|0,0,0,0,13,255,192
73,0,2,8,9,8,0,0,0,2|2|2|2|2|2|2|2,10|10|10|10|10|10|10|10,-9|9|-9|9|-10|10|-10|10,6|-6|-6|6|-3|3|3|-3,0|0|0|0|0|0|0|0,0|0|0|0|0|0|0|0,172|172|172|172|172|172|172|172,0,0,0,0,255,112
74,0,3,2,0,2,0,0,0,1|175|0|0|0|0|0|0,255|255|0|0|0|0|0|0,-7|6|0|0|0|0|0|0,1|6|0|0|0|0|0|0,2|0|0|0|0|0|0|0,0|0|0|0|0|0|0|0,246|255|0|0|0|0|0|0,0,0,0,8,255,208
75,0,3,2,0,2,0,0,0,174|1|0|0|0|0|0|0,255|255|0|0|0|0|0|0,-6|7|0|0|0|0|0|0,6|1|0|0|0|0|0|0,0|-2|0|0|0|0|0|0,0|0|0|0|0|0|0|0,255|246|0|0|0|0|0|0,0,0,0,8,255,208
76,40,4,4,0,4,0,0,0,4|4|4|4|0|0|0|0,255|255|255|255|0|0|0|0,-5|-5|5|5|0|0|0|0,0|0|0|0|0|0|0|0,0|0|0|0|0|0|0|0,0|14|0|14|0|0|0|0,105|124|106|125|0|0|0|0,0,0,0,6,255,208
77,30,4,3,0,3,0,0,0,1|1|1|0|0|0|0|0,255|255|255|0|0|0|0|0,0|-10|10|0|0|0|0|0,-10|0|0|0|0|0|0|0,0|0|0|0|0|0|0|0,0|0|0|0|0|0|0|0,77|39|1|0|0|0|0|0,0,0,0,6,255,208
78,30,4,3,0,3,0,0,0,1|1|1|0|0|0|0|0,255|255|255|0|0|0|0|0,0|-2|2|0|0|0|0|0,8|7|7|0|0|0|0|0,0|0|0|0|0|0|0|0,0|0|0|0|0|0|0|0,58|201|202|0|0|0|0|0,0,0,0,6,255,208
79,30,4,3,0,3,0,0,0,1|1|1|0|0|0|0|0,255|255|255|0|0|0|0|0,0|-6|6|0|0|0|0|0,8|6|6|0|0|0|0|0,0|0|0|0|0|0|0|0,0|0|0|0|0|0|0|0,58|163|164|0|0|0|0|0,0,0,0,6,255,208
80,40,3,4,0,4,0,0,0,1|1|1|1|0|0|0|0,255|255|255|255|0|0|0|0,0|-7|7|0|0|0|0|0,10|7|7|-10|0|0|0|0,0|0|0|0|0|0|0|0,0|0|0|0|0|0|0|0,58|163|164|77|0|0|0|0,0,0,0,6,255,208
81,70,2,7,0,7,0,0,0,1|1|1|1|1|1|1|0,255|255|255|255|255|255|255|0,-10|10|-7|7|0|-7|7|104,0|0|7|7|-10|-7|-7|111,0|0|0|0|0|0|0|111,0|0|0|0|0|0|0|97,77|58|182|163|1|183|164|35,0,0,0,6,255,208
82,30,4,3,0,3,0,0,0,1|1|1|116|114|67|83|112,255|255|255|0|119|0|83|72,0|-10|10|86|97|108|117|101,10|0|0|0|80|97|116|104,0|0|0|68|108|103|73|116,0|0|0|97|116|104|65|0,58|39|1|25927|17268|24936|21618|28793,0,0,0,6,255,208
83,80,3,8,0,8,0,0,0,184|184|184|184|184|184|184|184,255|255|255|255|255|255|255|255,120|120|120|120|120|120|120|120,6|6|6|6|6|6|6|6,-70|-50|-30|-10|10|30|50|70,0|0|0|0|0|0|0|0,98|98|98|98|98|98|98|98,0,0,0,6,1,208
84,20,2,2,0,2,0,0,0,2|184|113|87|111|114|107|101,255|255|0|0|85|0|80|97,0|0|82|101|109|111|118|101,8|6|116|101|110|115|105|111,0|0|0|0|87|0|80|97,0|0|82|101|109|111|118|101,98|98|28755|25445|65|99|24912|26740,0,0,0,6,1,208
85,80,3,8,0,8,0,0,0,1|2|1|2|1|2|1|2,255|255|255|255|255|255|255|255,120|120|120|120|120|120|120|120,8|8|8|8|8|8|8|8,0|0|-12|-12|12|12|-24|-24,0|14|0|14|0|14|0|14,157|159|157|159|157|159|157|159,0,0,0,6,255,208
86,10,2,1,0,1,0,0,0,189|97|116|104|70|105|110|100,255|105|108|101|78|97|109|101,0|0|83|0|80|97|116|104,0|101|109|111|118|101|66|108,0|110|107|115|65|0|-96|0,0|116|114|67|104|114|65|0,238|27977|26465|19557|29545|24436|25938|25697,1,0,0,6,255,208
87,0,8,1,0,1,0,0,0,30|73|99|111|110|83|105|122,4|0|74|0|80|114|111|112,120|114|116|121|83|104|101|101,120|65|0|0|48|0|73|109,-40|103|101|76|105|115|116|95,-30|101|116|73|99|111|110|83,60034|101|3|29251|24933|25972|29264|28783,0,0,0,1,255,208
88,30,3,3,0,3,0,0,0,252|251|251|109|97|103|101|76,255|255|255|95|71|101|116|73,120|120|120|0|68|0|73|110,10|10|10|111|109|109|111|110,-32|-32|-32|116|114|111|108|115,-24|0|28|0|65|0|73|109,60023|60024|60025|24436|25939|20340|25974|27762,0,0,0,6,255,208
89,20,2,2,3,2,0,0,0,189|1|116|95|87|114|105|116,255|255|59|0|73|109|97|103,0|0|105|115|116|95|82|101,-1|-1|97|99|101|73|99|111,0|0|40|0|73|109|97|103,-1|-1|105|115|116|95|68|114,107|107|41|27977|26465|19557|29545|24436,-1,0,0,6,255,208
90,70,2,7,0,7,0,0,0,1|1|1|1|1|1|1|111,255|255|255|255|255|255|255|109,-10|10|-7|7|0|-7|7|95,0|0|7|7|-10|-7|-7|101,0|0|0|0|0|0|0|103,0|0|0|0|0|0|0|101,39|1|163|164|77|182|183|29811,0,0,0,6,255,208
91,40,4,4,0,4,0,0,0,3|1|1|3|0|0|46|0,255|255|255|255|101|76|105|115,0|-2|2|0|116|68|114|97,10|7|7|10|103|101|0|0,0|0|0|0|97|103|101|76,6|0|0|-6|83|101|116|68,60|201|202|60|18802|24941|25959|0,0,0,0,6,255,208
92,0,10,2,0,2,0,0,0,192|1|73|109|97|103|101|76,255|255|116|95|68|114|97|103,0|0|97|118|101|0|38|0,8|8|97|103|101|76|105|115,0|0|68|114|97|103|77|111,0|0|0|0|32|0|73|109,65|65|29545|24436|25922|26983|17518|24946,0,0,0,27,255,208
93,0,10,2,0,2,0,0,0,193|2|114|111|121|0|39|0,255|255|97|103|101|76|105|115,0|0|68|114|97|103|83|104,8|8|78|111|108|111|99|107,0|0|34|0|73|109|97|103,0|0|105|115|116|95|67|114,64|64|0|44|27977|26465|19557|29545,0,0,0,27,255,208
94,0,10,1,0,1,0,0,0,195|0|0|0|0|0|0|0,255|0|0|0|0|0|0|0,0|0|0|0|0|0|0|0,0|0|0|0|0|0|0|0,0|0|0|0|0|0|0|0,0|0|0|0|0|0|0|0,71|0|0|0|0|0|0|0,1,0,0,7,6,208
95,0,10,4,0,4,0,0,0,196|197|4|4|0|0|0|0,255|255|121|121|0|0|0|0,-12|12|-6|6|0|0|0|0,0|0|0|0|0|0|0|0,0|0|0|0|0|0|0|0,0|0|0|0|0|0|0|0,45|7|45|7|0|0|0|0,0,0,0,27,1,208
96,0,10,2,0,2,0,0,0,196|4|0|0|0|0|0|0,255|121|0|0|0|0|0|0,-12|-6|0|0|0|0|0|0,0|0|0|0|0|0|0|0,0|0|0|0|0|0|0|0,0|0|0|0|0|0|0|0,45|45|0|0|0|0|0|0,0,0,0,27,1,208
97,0,10,2,0,2,0,0,0,197|4|0|0|0|0|0|0,255|121|0|0|0|0|0|0,12|6|0|0|0|0|0|0,0|0|0|0|0|0|0|0,0|0|0|0|0|0|0|0,0|0|0|0|0|0|0|0,7|7|0|0|0|0|0|0,0,0,0,27,1,208
98,20,0,1,0,8,0,0,0,2|2|2|2|2|2|2|2,255|255|255|255|255|255|255|255,0|0|0|0|0|0|0|0,14|14|14|14|14|14|14|14,-8|-4|0|4|8|4|0|-4,0|0|0|0|0|0|0|0,70|70|70|70|70|70|70|70,0,0,0,1,255,208
99,20,0,1,0,8,0,0,0,2|2|2|2|2|2|2|2,255|255|255|255|255|255|255|255,-2|-1|0|1|2|1|0|-1,14|14|14|14|14|14|14|14,-8|-4|0|4|8|4|0|-4,0|0|0|0|0|0|0|0,70|70|70|70|70|70|70|70,0,0,0,1,255,208
100,40,0,2,0,6,0,0,0,2|2|2|2|2|2|0|0,255|255|255|255|255|255|0|0,-2|2|-1|1|0|0|0|0,14|14|14|14|14|14|0|0,-8|8|-4|4|-2|2|0|0,0|0|0|0|0|0|0|0,70|70|70|70|70|70|0|0,0,0,0,1,255,208
101,10,6,1,0,1,0,0,0,2|0|0|0|0|0|0|0,255|0|0|0|0|0|0|0,0|0|0|0|0|0|0|0,12|0|0|0|0|0|0|0,0|0|0|0|0|0|0|0,0|0|0|0|0|0|0|0,252|0|0|0|0|0|0|0,0,0,0,28,255,208
102,10,10,1,0,1,0,0,0,5|0|0|0|0|0|0|0,255|0|0|0|0|0|0|0,0|0|0|0|0|0|0|0,10|0|0|0|0|0|0|0,0|0|0|0|0|0|0|0,0|0|0|0|0|0|0|0,253|0|0|0|0|0|0|0,0,0,0,27,255,208
103,10,16,1,0,1,0,0,0,10|0|0|0|0|0|0|0,255|0|0|0|0|0|0|0,0|0|0|0|0|0|0|0,8|0|0|0|0|0|0|0,0|0|0|0|0|0|0|0,0|0|0|0|0|0|0|0,254|0|0|0|0|0|0|0,0,0,0,26,255,208
104,0,0,1,0,1,0,0,0,90|0|0|0|0|0|0|0,250|0|0|0|0|0|0|0,120|0|0|0|0|0|0|0,120|0|0|0|0|0|0|0,-24|0|0|0|0|0|0|0,24|0|0|0|0|0|0|0,98|0|0|0|0|0|0|0,0,0,8,1,255,208
105,20,0,1,0,4,0,0,0,2|2|2|2|0|0|0|0,255|255|255|255|0|0|0|0,-2|0|2|0|0|0|0|0,14|14|14|14|0|0|0|0,-4|0|4|0|0|0|0|0,0|0|0|0|0|0|0|0,70|70|70|70|0|0|0|0,0,0,0,1,255,208
106,20,0,1,0,8,0,0,0,2|2|2|2|2|2|2|2,255|255|255|255|255|255|255|255,-4|-2|0|2|4|2|0|-2,14|14|14|14|14|14|14|14,-8|-4|0|4|8|4|0|-4,0|0|0|0|0|0|0|0,70|70|70|70|70|70|70|70,0,0,0,1,255,208
107,20,0,1,0,8,0,0,0,2|2|2|2|2|2|2|2,255|255|255|255|255|255|255|255,-4|-2|0|2|4|2|0|-2,14|14|14|14|14|14|14|14,-8|-4|0|4|8|4|0|-4,0|0|0|0|0|0|0|0,70|70|70|70|70|70|70|70,0,0,0,1,255,208
108,40,0,2,0,6,0,0,0,2|2|2|2|2|2|0|0,255|255|255|255|255|255|0|0,-4|4|-2|2|-1|1|0|0,14|14|14|14|14|14|0|0,-8|8|-4|4|-2|2|0|0,0|0|0|0|0|0|0|0,70|70|70|70|70|70|0|0,0,0,0,1,255,208
109,80,3,8,0,8,0,0,0,1|1|1|1|1|1|1|1,255|255|255|255|255|255|255|255,0|0|0|0|0|0|0|0,12|13|14|15|16|17|18|19,0|0|0|0|0|0|0|0,0|0|0|0|0|0|0|0,135|116|116|116|116|116|116|97,0,0,0,8,255,144
110,30,3,1,0,1,0,0,4,3|0|0|0|0|0|0|0,255|0|0|0|0|0|0|0,0|0|0|0|0|0|0|0,0|0|0|0|0|0|0|0,0|0|0|0|0|0|0|0,0|0|0|0|0|0|0|0,214|0|0|0|0|0|0|0,0,0,0,13,255,208
111,20,3,2,0,2,0,0,0,2|2|0|0|0|0|0|0,255|255|0|0|0|0|0|0,-4|-4|0|0|0|0|0|0,5|-5|0|0|0|0|0|0,5|5|0|0|0|0|0|0,0|0|0|0|0|0|0|0,169|169|0|0|0|0|0|0,0,-1,0,1,255,208
112,10,4,1,0,1,0,0,0,1|0|0|0|0|0|0|0,255|0|0|0|0|0|0|0,0|0|0|0|0|0|0|0,8|0|0|0|0|0|0|0,-5|0|0|0|0|0|0|0,0|0|0|0|0|0|0|0,58|0|0|0|0|0|0|0,0,0,0,1,255,208
113,10,4,1,0,1,0,0,0,1|0|0|0|0|0|0|0,255|0|0|0|0|0|0|0,0|0|0|0|0|0|0|0,8|0|0|0|0|0|0|0,6|0|0|0|0|0|0|0,0|0|0|0|0|0|0|0,58|0|0|0|0|0|0|0,0,0,0,1,255,208
114,40,0,1,0,1,0,0,0,2|0|0|0|0|0|0|0,255|0|0|0|0|0|0|0,0|0|0|0|0|0|0|0,14|0|0|0|0|0|0|0,0|0|0|0|0|0|0|0,0|0|0|0|0|0|0|0,142|0|0|0|0|0|0|0,0,0,0,1,255,144
115,10,1,1,2,1,0,0,3,2|0|0|0|0|0|0|0,255|0|0|0|0|0|0|0,0|0|0|0|0|0|0|0,0|0|0|0|0|0|0|0,-8|0|0|0|0|0|0|0,-2|0|0|0|0|0|0|0,112|0|0|0|0|0|0|0,0,0,0,13,255,208
116,10,1,1,2,1,0,0,3,2|0|0|0|0|0|0|0,255|0|0|0|0|0|0|0,0|0|0|0|0|0|0|0,0|0|0|0|0|0|0|0,8|0|0|0|0|0|0|0,-2|0|0|0|0|0|0|0,112|0|0|0|0|0|0|0,0,0,0,13,255,208
117,30,1,1,0,1,0,0,4,5|0|0|0|0|0|0|0,255|0|0|0|0|0|0|0,0|0|0|0|0|0|0|0,0|0|0|0|0|0|0|0,0|0|0|0|0|0|0|0,0|0|0|0|0|0|0|0,285|0|0|0|0|0|0|0,0,0,0,13,255,208
118,40,3,2,0,2,0,0,0,3|3|0|0|0|0|0|0,255|255|0|0|0|0|0|0,0|0|0|0|0|0|0|0,14|14|0|0|0|0|0|0,-6|6|0|0|0|0|0|0,0|0|0|0|0|0|0|0,143|144|0|0|0|0|0|0,0,0,0,13,255,192
119,80,3,1,3,1,0,0,0,10|0|0|0|0|0|0|0,255|0|0|0|0|0|0|0,0|0|0|0|0|0|0|0,10|0|0|0|0|0|0|0,0|0|0|0|0|0|0|0,0|0|0|0|0|0|0|0,34|0|0|0|0|0|0|0,0,0,0,1,255,144
120,80,4,1,3,1,0,0,0,12|0|0|0|0|0|0|0,255|0|0|0|0|0|0|0,0|0|0|0|0|0|0|0,8|0|0|0|0|0|0|0,0|0|0|0|0|0|0|0,0|0|0|0|0|0|0|0,30|0|0|0|0|0|0|0,0,0,0,1,255,112
121,10,0,1,0,8,0,0,0,1|1|1|2|1|1|1|1,8|8|8|8|8|8|8|8,-2|-1|0|1|2|1|0|-1,9|10|11|10|9|10|11|10,-4|-2|0|2|4|2|0|-2,0|0|0|0|0|0|0|0,304|304|304|304|304|304|304|304,-1,0,0,4,255,112
122,30,3,3,0,3,0,0,0,2|1|1|0|0|0|0|0,255|255|255|0|0|0|0|0,0|0|0|0|0|0|0|0,12|12|12|0|0|0|0|0,0|-6|5|0|0|0|0|0,0|4|4|0|0|0|0|0,107|108|108|0|0|0|0|0,0,0,0,1,255,112
123,320,1,4,0,4,0,0,0,10|10|10|10|0|0|0|0,255|255|255|255|0|0|0|0,0|0|0|0|0|0|0|0,24|24|24|24|0|0|0|0,-6|6|-6|6|0|0|0|0,-6|-6|6|6|0|0|0|0,239|240|258|259|0|0|0|0,0,0,0,1,255,208
124,80,1,1,0,1,0,0,0,2|0|0|0|0|0|0|0,255|0|0|0|0|0|0|0,0|0|0|0|0|0|0|0,12|0|0|0|0|0|0|0,0|0|0|0|0|0|0|0,0|0|0|0|0|0|0|0,108|0|0|0|0|0|0|0,0,0,0,1,255,208
125,10,4,1,0,1,0,0,0,1|0|0|0|0|0|0|0,255|0|0|0|0|0|0|0,0|0|0|0|0|0|0|0,6|0|0|0|0|0|0|0,-8|0|0|0|0|0|0|0,0|0|0|0|0|0|0|0,58|0|0|0|0|0|0|0,0,0,0,1,255,208
126,10,4,1,0,1,0,0,0,1|0|0|0|0|0|0|0,255|0|0|0|0|0|0|0,0|0|0|0|0|0|0|0,6|0|0|0|0|0|0|0,8|0|0|0|0|0|0|0,0|0|0|0|0|0|0|0,58|0|0|0|0|0|0|0,0,0,0,1,255,208
127,50,5,5,2,5,0,0,0,3|3|3|3|3|0|0|0,255|255|255|255|255|0|0|0,0|-1|1|-2|2|0|0|0,3|2|2|1|1|0|0|0,0|0|0|0|0|0|0|0,0|0|0|0|0|0|0|0,112|112|112|112|112|0|0|0,0,0,0,6,255,208
128,30,4,1,7,1,0,0,0,4|0|0|0|0|0|0|0,255|0|0|0|0|0|0|0,0|0|0|0|0|0|0|0,7|0|0|0|0|0|0|0,0|0|0|0|0|0|0|0,0|0|0|0|0|0|0|0,601|0|0|0|0|0|0|0,0,0,3,13,11,128
129,30,4,1,3,1,0,0,0,1|0|0|0|0|0|0|0,255|0|0|0|0|0|0|0,0|0|0|0|0|0|0|0,0|0|0|0|0|0|0|0,-8|0|0|0|0|0|0|0,0|0|0|0|0|0|0|0,107|0|0|0|0|0|0|0,0,0,5,13,12,128
130,50,0,5,10,5,0,0,0,3|2|2|1|1|0|0|0,10|9|9|6|6|0|0|0,0|2|-2|3|-3|0|0|0,13|11|11|10|10|0|0|0,0|0|0|0|0|0|0|0,106|105|105|104|104|0|0|0,153|154|154|157|157|0|0|0,-1,0,0,1,255,144
131,10,4,1,0,1,0,0,0,2|0|0|0|0|0|0|0,255|0|0|0|0|0|0|0,0|0|0|0|0|0|0|0,6|0|0|0|0|0|0|0,0|0|0|0|0|0|0|0,0|0|0|0|0|0|0|0,61|0|0|0|0|0|0|0,0,0,0,6,255,208
132,10,4,1,0,1,0,0,0,2|0|0|0|0|0|0|0,255|0|0|0|0|0|0|0,0|0|0|0|0|0|0|0,6|0|0|0|0|0|0|0,0|0|0|0|0|0|-49|1,0|101|110|100|68|108|103|73,162|19821|29541|24947|25959|65|235|25927,0,0,0,6,255,208
133,10,4,1,1,1,0,0,0,4|105|110|100|111|119|0|0,255|1|76|111|97|100|83|116,0|105|110|103|65|0|-119|0,6|105|97|108|111|103|66|111,0|80|97|114|97|109|65|0,0|1|83|101|116|82|101|99,168|63|28483|31088|25938|29795|0|234,0,0,0,5,255,208
134,60,4,3,0,3,0,0,0,2|1|1|0|49|2|83|101,255|255|255|108|101|80|111|105,0|5|-5|114|0|0|91|0,10|8|8|101|116|101|70|105,0|0|0|0|-96|2|95|108,0|0|0|97|116|0|57|0,244|227|227|30277|28261|16756|0|502,0,0,0,25,255,208
135,60,4,3,0,3,0,0,0,2|1|1|99|0|0|97|2,255|255|255|83|101|116|86|97,0|5|-5|0|96|2|84|108,-10|-8|-8|116|86|97|108|117,0|0|0|1|71|101|116|80,0|0|0|101|115|115|72|101,244|227|227|26719|29303|29801|101|669,0,0,0,25,255,208
136,120,3,2,2,2,0,0,0,3|3|65|108|108|111|99|0,255|255|76|67|77|97|112|83,0|0|105|110|103|65|0|0,6|6|73|115|66|97|100|87,0|0|116|101|80|116|114|0,0|14|71|101|116|80|114|111,117|136|25939|29795|28521|16750|0|262,0,0,0,0,255,192
137,80,3,4,0,8,0,0,0,3|3|1|1|3|3|1|1,255|255|255|255|255|255|255|255,-10|-10|-8|-8|10|10|8|8,0|0|4|-4|0|0|4|-4,0|-12|0|0|0|12|0|0,0|0|0|0|0|0|0|0,244|244|244|244|244|244|244|244,0,0,0,1,255,208
138,120,4,6,0,6,0,0,0,3|3|2|2|1|1|114|105,255|255|255|255|255|255|73|115,0|0|3|-3|6|-6|105|110,-10|-10|-9|-9|-8|-8|73|0,0|0|0|0|0|0|80|114,0|12|0|0|0|0|0|0,244|244|245|245|244|244|25965|29806,0,0,0,1,255,208
139,20,2,1,0,7,0,0,0,3|3|3|3|3|3|3|65,255|255|255|255|255|255|255|83,-9|-6|-3|0|3|6|9|119,3|5|7|9|7|5|3|0,0|0|0|0|0|0|0|114,0|0|0|0|0|0|0|1,244|244|244|244|244|244|244|28769,0,0,0,1,255,208
140,20,2,1,7,7,0,0,0,3|3|3|3|3|3|3|114,255|255|255|255|255|255|255|101,-9|-6|-3|0|3|6|9|0,-3|-5|-7|-9|-7|-5|-3|111,0|0|0|0|0|0|0|101,0|0|0|0|0|0|0|101,601|601|601|601|601|601|601|0,1,0,0,1,11,128
141,10,1,1,2,1,0,0,4,1|65|0|0|126|1|73|110,255|101|114|108|111|99|107|101,0|69|120|99|104|97|110|103,0|0|15|1|71|101|116|80,0|105|118|97|116|101|80|114,0|102|105|108|101|83|101|99,226|28271|65|42|28483|28781|29281|18021,0,0,0,13,255,208
142,30,3,3,0,3,0,0,0,1|1|1|112|116|105|111|110,255|255|255|0|71|101|116|68,0|-1|1|101|84|121|112|101,0|0|0|1|73|110|105|116,0|0|0|105|122|101|67|114,0|0|0|99|97|108|83|101,304|304|304|89|25924|25964|25972|29251,1,0,0,10,255,208
143,10,0,1,0,2,1,1,7,1|1|108|101|97|115|101|77,8|8|101|120|0|0|239|1,0|0|108|101|97|115|101|83,0|0|97|112|104|111|114|101,-1|1|-19|1|82|101|105|110,0|0|105|97|108|105|122|101,21|20|25449|27745|25939|29795|28521|110,0,0,0,28,255,112
144,50,0,5,0,5,0,0,0,1|1|1|1|1|110|0|0,255|255|255|255|255|118|101|67,0|-1|1|-2|2|97|108|83,-1|-3|-3|-4|-4|110|0|0,0|0|0|0|0|97|116|101,0|0|0|0|0|104|111|114,304|304|304|304|304|28005|20592|29793,1,0,0,10,255,208
145,10,1,1,2,1,0,0,3,2|1|82|101|115|101|116|69,255|101|110|116|0|0|44|2,0|101|116|69|118|101|110|116,0|0|-13|1|82|101|115|117,0|101|84|104|114|101|97|100,-10|0|124|2|87|97|105|116,112|19826|27765|26996|27760|20325|27234|25445,0,0,0,13,255,208
146,10,1,1,2,1,0,0,4,2|68|101|99|114|101|109|101,255|116|0|0|126|2|87|97,0|116|70|111|114|83|105|110,0|108|101|79|98|106|101|99,0|0|49|0|67|111|110|118,0|114|116|84|111|71|108|111,112|18540|28257|27748|101|152|26950|25710,0,0,0,13,255,208
147,30,7,1,2,1,0,0,0,1|99|97|116|105|111|110|0,1|0|70|105|110|100|70|105,0|115|116|67|104|97|110|103,0|78|111|116|105|102|105|99,0|116|105|111|110|65|0|0,0|0|70|105|110|100|78|101,228|26691|28257|25959|28494|26996|26982|24931,0,0,0,0,255,128
148,40,1,1,2,1,0,0,0,0|110|103|80|116|114|87|0,1|2|108|115|116|114|108|101,0|87|0|0|15|2|83|101,0|114|99|104|80|97|116|104,0|0|63|0|67|114|101|97,0|101|70|105|108|101|87|0,247|27719|25199|27745|26963|25978|0|237,0,0,0,0,255,128
149,40,9,1,8,1,0,0,0,4|97|116|101|70|105|108|101,255|97|112|112|105|110|103|65,0|0|-78|1|77|97|112|86,3|101|119|79|102|70|105|108,0|0|109|2|85|110|109|97,0|86|105|101|119|79|102|70,191|101|121|30789|24944|25710|28229|26998,0,0,0,6,255,128
150,120,9,3,6,3,0,0,0,4|4|4|101|97|114|99|104,255|255|255|104|65|0|75|2,0|1|-1|86|111|108|117|109,3|2|2|98|101|108|65|0,0|0|0|101|116|65|67|80,0|0|0|1|71|101|116|86,191|191|191|26222|29295|24941|26996|28271,0,0,0,6,255,128
151,0,6,1,0,2,0,0,0,4|4|108|0|253|0|71|101,255|255|111|103|105|99|97|108,0|0|105|118|101|115|0|0,5|5|71|101|116|86|101|114,-4|4|111|110|69|120|65|0,0|0|70|111|114|109|97|116,72|72|26465|16741|0|43|28483|28781,1,0,0,5,255,208
152,0,6,1,0,1,0,0,0,4|97|108|70|105|108|101|84,255|109|101|84|111|70|105|108,0|84|105|109|101|0|-113|0,5|105|108|101|84|105|109|101,-1|111|68|111|115|68|97|116,-4|84|105|109|101|0|-18|0,72|18036|27753|21605|28009|101|354|27719,1,0,0,5,255,208
153,0,2,2,3,8,2,10,0,6|8|6|6|6|6|6|6,255|255|255|255|255|255|255|255,8|-8|10|-10|10|-10|13|-13,-12|-12|-13|-13|-10|-10|-6|-6,0|0|0|0|0|0|0|0,24|24|24|24|24|24|24|24,214|214|214|214|214|214|214|214,0,0,0,4,255,208
154,120,3,2,2,2,0,0,0,3|3|85|1|71|108|111|98,255|255|65|100|100|65|116|111,0|0|0|0|60|0|67|114,6|6|116|101|70|105|108|101,0|0|72|2|83|101|116|84,-14|0|101|97|100|80|114|105,117|136|121|319|25927|21620|28005|18032,0,0,0,26,255,192
155,0,3,1,0,1,0,0,0,2|114|114|101|110|116|68|105,255|101|99|116|111|114|121|65,0|0|35|2|83|101|116|67,10|114|114|101|110|116|68|105,0|101|99|116|111|114|121|65,0|0|42|1|71|101|116|83,59|29810|24912|26740|24910|25965|65|488,0,0,0,25,255,208
156,0,4,1,0,1,0,0,0,3|70|105|108|101|0|165|0,255|108|117|115|104|70|105|108,0|66|117|102|102|101|114|115,10|0|50|2|83|101|116|70,0|108|101|84|105|109|101|0,0|1|71|101|116|77|111|100,60|18533|28257|27748|16741|0|269|25927,0,0,0,25,255,208
157,0,4,1,0,1,0,0,0,4|116|65|0|144|0|70|105,255|101|84|105|109|101|84|111,0|111|99|97|108|70|105|108,10|84|105|109|101|0|-111|0,0|105|108|101|84|105|109|101,0|111|83|121|115|116|101|109,165|25965|0|215|25927|17524|29793|18021,0,0,0,25,255,208
158,0,4,2,0,2,0,0,0,2|2|111|114|109|97|116|65,255|255|170|2|108|115|116|114,0|0|112|65|0|0|53|1,10|10|116|83|121|115|116|101,-6|6|105|114|101|99|116|111,0|0|65|0|19|1|71|101,59|59|24950|25972|29264|26223|27753|21349,0,0,0,25,255,208
159,0,5,3,0,3,0,0,0,3|1|1|100|66|121|116|101,255|255|255|1|79|112|101|110,0|0|0|99|101|115|115|0,10|10|10|101|116|77|111|100,0|-8|8|70|105|108|101|78,0|4|4|65|0|0|43|2,60|58|58|29295|28493|25956|0|617,0,0,0,25,255,208
160,0,5,3,0,3,0,0,0,4|1|1|105|108|116|101|114,255|255|255|1|76|111|97|100,0|0|0|114|97|114|121|65,10|10|10|1|79|112|101|110,0|-9|9|110|116|65|0|0,0|4|4|114|105|116|101|80,165|58|58|29264|26223|27753|21349|29300,0,0,0,25,255,208
161,0,5,3,0,3,0,0,0,2|2|2|109|101|0|144|1,255|255|255|84|104|107|49|54,0|0|0|114|111|108|111|103,10|10|10|1|75|51|50|84,0|-10|10|54|51|50|69|112,0|4|4|103|0|0|-79|1,59|59|59|30825|0|616|28245|24909,0,0,0,25,255,208
162,0,5,3,0,3,0,0,0,3|2|2|67|111|110|110|101,255|255|255|50|0|0|169|1,0|0|0|72|73|110|115|116,10|10|10|0|-42|1|81|84,0|-10|10|117|110|107|0|0,0|4|4|77|97|112|76|83,60|59|59|24400|56|523|21843|19822,0,0,0,25,255,208
163,0,5,5,0,5,0,0,0,3|2|2|1|1|83|95|73,255|255|255|255|255|95|49|50,0|0|0|0|0|85|110|77,10|10|10|10|10|73|80|95,0|-10|10|-18|18|50|0|0,0|4|4|8|8|112|76|83,60|59|59|58|58|0|516|21843,0,0,0,25,255,208
164,0,5,5,0,5,0,0,0,3|2|2|2|2|77|97|112,255|255|255|255|255|95|69|66,0|0|0|0|0|0|5|2,10|10|10|10|10|112|76|83,0|-10|10|-20|20|66|80|95,0|4|4|8|8|1|77|97,60|59|59|59|59|19568|83|417,0,0,0,25,255,208
165,0,5,5,0,5,0,0,0,5|2|2|2|2|70|114|101,255|255|255|255|255|111|99|97,0|0|0|0|0|99|0|0,10|10|10|10|10|97|100|67,0|-10|10|-24|24|114|0|0,0|4|4|8|8|97|100|82,62|59|59|59|59|29254|25957|26956,0,0,0,25,255,208
166,0,3,1,0,1,0,0,0,2|117|110|116|0|0|214|0,255|101|116|67|117|114|114|101,0|116|84|104|114|101|97|100,10|100|0|0|-93|1|76|111,0|97|108|83|105|122|101|0,0|2|108|115|116|114|99|112,59|65|566|25939|19572|29537|17780|29298,0,0,0,25,255,208
167,0,3,2,0,2,0,0,0,1|1|0|0|23|1|71|101,255|255|114|111|99|65|100|100,-3|3|115|115|0|0|-107|1,9|9|97|100|76|105|98|114,-4|4|121|69|120|65|0|0,0|0|108|115|116|114|99|109,201|202|339|25927|22388|28265|28516|29559,0,0,0,25,255,208
168,0,4,3,0,3,0,0,0,1|1|1|112|121|65|0|0,255|255|255|108|119|114|105|116,-3|3|0|2|95|108|108|115,9|9|10|0|-74|1|77|111,-4|4|0|105|108|101|65|0,0|0|0|108|99|108|111|115,201|202|58|25970|25697|0|593|27731,0,0,0,25,255,208
169,0,4,3,0,3,0,0,0,1|1|2|0|37|0|67|108,255|255|255|72|97|110|100|108,-7|7|0|0|67|114|101|97,7|7|10|104|114|101|97|100,-5|5|0|2|108|115|116|114,0|0|0|65|0|0|-36|0,163|164|59|18027|25970|21349|24944|25955,0,0,0,25,255,208
170,0,5,5,0,5,0,0,0,1|1|1|1|1|116|101|0,255|255|255|255|255|114|99|97,-7|7|0|-3|3|0|70|105,7|7|10|9|9|115|101|0,-5|5|0|-4|4|100|70|105,0|0|0|0|0|108|101|65,163|164|58|201|202|16741|29812|26994,0,0,0,25,255,208
171,0,5,5,0,5,0,0,0,1|1|2|1|1|101|65|0,255|255|255|255|255|116|101|109,-7|7|0|-3|3|111|70|105,7|7|10|9|9|101|0|0,-5|5|0|-4|4|67|117|114,0|0|0|0|0|114|111|99,163|164|59|201|202|17523|29793|21605,0,0,0,25,255,208
172,0,5,3,0,3,0,0,0,3|3|1|114|99|112|121|87,255|255|255|2|108|115|116|114,-7|7|0|87|0|0|-69|1,7|7|10|116|105|66|121|116,-5|5|0|87|105|100|101|67,0|0|0|0|-64|0|82|101,121|122|58|30060|16741|0|153|25938,0,0,0,25,255,208
173,0,5,3,0,3,0,0,0,3|3|2|116|86|97|108|117,255|255|255|65|0|0|157|0,-7|7|0|68|101|108|101|116,7|7|10|121|65|0|-97|0,-5|5|0|68|101|108|101|116,0|0|0|108|117|101|65|0,121|122|59|30062|19309|31077|65|165,0,0,0,25,255,208
174,0,5,5,0,5,0,0,0,3|3|1|1|1|101|114|121,255|255|255|255|255|101|121|65,-7|7|0|-3|3|101|103|67,7|7|10|9|9|75|101|121,-5|5|0|-4|4|0|82|101,0|0|0|0|0|75|101|121,121|122|58|201|202|28524|25971|25931,0,0,0,25,255,208
175,0,5,5,0,5,0,0,0,3|3|2|1|1|72|82|101,255|255|255|255|255|83|86|97,-7|7|0|-3|3|0|43|0,7|7|10|9|9|115|67|111,-5|5|0|-4|4|84|121|112,0|0|0|0|0|0|80|97,121|122|59|201|202|127|18515|30033,0,0,0,25,255,208
176,0,5,5,0,5,0,0,0,3|3|2|2|2|101|103|83,255|255|255|255|255|65|0|0,-7|7|0|-3|3|115|76|111,7|7|10|9|9|114|121|77,-5|5|0|-4|4|101|0|0,0|0|0|0|0|65|112|112,121|122|59|279|280|172|29779|17522,0,0,0,25,255,208
177,0,8,1,0,1,0,0,0,251|116|104|65|0|0|77|0,255|97|116|104|82|101|108|97,0|105|118|101|80|97|116|104,2|111|65|0|9|0|80|97,0|104|65|100|100|69|120|116,0|110|115|105|111|110|65|0,65|24912|26740|24909|25963|29264|29797|31092,1,0,0,10,255,208
178,0,8,2,0,2,0,0,0,251|251|80|97|116|104|67|97,255|255|110|105|99|97|108|105,-1|1|65|0|126|0|83|72,2|2|101|114|121|86|97|108,2|2|69|120|65|0|69|0,0|0|116|104|77|97|107|101,65|65|28005|28486|25708|29285|65|101,1,0,0,10,255,208
179,0,8,1,0,1,0,0,0,252|111|108|100|101|114|65|0,255|0|83|116|114|67|109|112,0|65|0|0|13|0|80|97,4|104|66|117|105|108|100|82,0|111|116|65|0|0|25|0,0|97|116|104|67|114|101|97,64|29254|28015|29269|16748|0|210|29269,1,0,0,10,255,208
180,0,8,3,0,3,0,0,0,251|251|251|0|85|114|108|73,255|255|255|0|206|0|85|114,-2|2|0|109|98|105|110|101,2|2|2|0|83|116|114|84,-10|10|0|116|69|120|65|0,0|0|0|97|116|104|82|101,65|65|65|25972|29550|28521|16750|0,1,0,0,10,255,208
181,0,8,2,0,2,0,0,0,252|252|78|87|0|0|75|0,255|255|116|104|81|117|111|116,-1|1|112|97|99|101|115|65,2|2|79|0|80|97|116|104,-7|7|109|111|118|101|65|114,9|9|65|0|-63|0|83|116,75|75|16713|0|192|29779|21362|29300,1,0,0,10,255,208
182,0,8,4,0,4,0,0,0,251|251|250|250|0|0|61|0,255|255|255|255|73|115|85|78,0|0|0|0|118|101|114|83,3|3|3|3|65|0|37|0,-6|6|-6|6|71|101|116|65,-7|-7|7|7|0|0|103|0,598|599|617|618|29807|21349|24944|25955,1,0,0,10,255,208
183,0,8,6,0,6,0,0,0,251|251|250|250|251|251|97|115,255|255|255|255|255|255|80|97,0|0|0|0|-1|1|104|83,3|3|3|3|2|2|3|0,-6|6|-6|6|-14|14|117|80,-7|-7|7|7|0|0|73|68,598|599|617|618|65|65|32768|25158,1,0,0,10,255,208
184,0,8,8,0,8,0,0,0,251|251|250|250|251|251|250|250,255|255|255|255|255|255|255|255,0|0|0|0|0|0|0|0,3|3|3|3|3|3|3|3,-18|-6|-18|-6|6|18|6|18,-7|-7|7|7|-7|-7|7|7,598|599|617|618|598|599|617|618,1,0,0,10,255,208
185,0,8,4,0,4,0,0,0,251|251|251|251|8|0|198|98,255|255|255|255|8|0|244|98,0|0|0|0|8|0|42|99,3|3|3|3|8|0|90|99,-6|6|-6|6|8|0|-122|99,-7|-7|7|7|8|0|-80|99,596|597|615|616|8|151|32768|153,1,0,0,10,255,208
186,0,8,6,0,6,0,0,0,251|251|251|251|251|251|118|101,255|255|255|255|255|255|83|101,0|0|0|0|-1|1|103|110,3|3|3|3|2|2|115|116,-6|6|-6|6|-14|14|-43|0,-7|-7|7|7|0|0|101|99,596|597|615|616|65|65|25927|17012,1,0,0,10,255,208
187,0,8,8,0,8,0,0,0,251|251|251|251|251|251|251|251,255|255|255|255|255|255|255|255,0|0|0|0|0|0|0|0,3|3|3|3|3|3|3|3,-18|-6|-18|-6|6|18|6|18,-7|-7|7|7|-7|-7|7|7,596|597|615|616|596|597|615|616,1,0,0,10,255,208
188,0,0,1,0,3,0,0,0,1|0|0|1|83|101|116|84,255|255|255|67|111|108|111|114,101|101|101|0|71|101|116|80,14|14|14|108|0|0|-123|0,0|0|0|67|108|105|112|66,4|4|4|0|-55|0|71|101,289|293|293|29816|28261|20596|26991|29806,0,0,0,6,255,208
189,0,0,1,0,3,0,0,0,1|1|0|97|116|66|108|116,255|255|255|0|67|114|101|97,101|101|101|101|99|116|82|103,14|14|14|0|67|114|101|97,0|0|0|108|108|105|112|116,4|4|4|103|110|73|110|100,289|289|293|222|26191|29542|29797|26450,0,0,0,6,255,208
190,0,0,1,0,1,0,0,0,1|98|105|110|101|82|103|110,255|0|64|0|67|114|101|97,101|101|83|111|108|105|100|66,14|117|115|104|0|0|67|0,0|101|108|101|116|101|68|67,4|0|76|0|69|108|108|105,286|101|228|26960|101|6|29249|99,0,0,0,6,255,208
191,0,0,1,0,4,0,0,0,1|2|1|0|0|0|25|0,255|255|255|255|116|101|66|105,101|101|101|101|0|0|-83|0,14|14|14|14|98|106|101|99,0|0|0|0|115|0|71|101,4|4|4|4|109|97|112|66,286|287|286|288|24933|25972|28483|28781,0,0,0,6,255,208
192,0,0,1,0,2,0,0,0,1|2|116|68|101|118|105|99,255|255|97|112|115|0|31|0,101|101|101|97|116|101|67|111,14|14|97|116|105|98|108|101,0|0|0|0|6|1|83|101,4|4|99|116|79|98|106|101,286|287|9|26946|17012|29804|0|70,0,0,0,6,255,208
193,0,0,2,0,8,0,0,0,2|2|1|1|0|0|1|1,255|255|255|255|255|255|255|255,101|101|101|101|101|101|101|101,14|14|14|14|14|14|14|14,-6|6|-6|6|-6|6|-6|6,4|4|4|4|4|4|4|4,287|287|286|286|288|288|286|286,0,0,0,6,255,208
194,0,0,1,0,4,0,0,0,2|4|2|0|85|112|112|101,255|255|255|255|102|65|0|0,101|101|101|101|67|104|97|114,14|14|14|14|114|65|0|0,0|0|0|0|97|114|76|111,4|4|4|4|0|0|-69|1,290|291|290|292|27715|28777|28514|29281,0,0,0,6,255,208
195,0,0,3,0,6,0,0,0,1|1|1|2|0|0|114|111,255|255|255|255|255|255|71|101,101|101|101|101|101|101|73|110,14|14|14|14|14|14|67|104,0|-10|10|0|-10|10|114|65,4|4|4|4|4|4|67|104,286|289|289|287|293|293|29251|24933,0,0,0,6,255,208
196,0,0,3,0,6,0,0,0,0|2|2|1|1|1|102|121,255|255|255|255|255|255|101|65,101|101|101|101|101|101|116|65,14|14|14|14|14|14|105|110,0|-10|10|0|-10|10|80|111,4|4|4|4|4|4|97|100,293|287|287|289|286|286|29517|22375,0,0,0,6,255,208
197,0,0,3,0,6,0,0,0,2|1|1|4|0|0|36|1,255|255|255|255|255|255|108|108,101|101|101|101|101|101|0|0,14|14|14|14|14|14|117|112,0|-10|10|0|-10|10|70|114,4|4|4|4|4|4|99|116,290|289|289|291|293|293|25417|28271,0,0,0,6,255,208
198,0,0,3,0,6,0,0,0,2|2|2|4|1|1|101|97,255|255|255|255|255|255|70|114,101|101|101|101|101|101|117|114,14|14|14|14|14|14|38|1,0|-10|10|0|-10|10|67|111,4|4|4|4|4|4|82|101,290|287|287|291|286|286|0|559,0,0,0,6,255,208
199,0,9,3,0,3,0,0,0,4|2|1|114|101|97|116|101,255|255|255|110|73|110|100|105,120|120|120|116|0|0|-96|0,8|8|8|119|73|99|111|110,0|0|0|0|-13|0|71|101,-14|0|14|111|110|73|110|102,97|116|135|17524|29541|29803|28783|26967,1,0,0,14,255,208
200,0,8,4,0,4,0,0,0,4|2|2|1|101|110|0|0,255|255|255|255|115|116|114|111,120|120|120|120|115|111|114|0,9|9|8|8|116|87|105|110,0|0|0|0|104|114|101|97,-14|0|0|14|99|101|115|115,97|116|116|135|27491|26967|25710|30575,1,0,0,14,255,208
201,0,8,5,0,5,0,0,0,4|2|2|2|1|119|0|0,255|255|255|255|255|100|77|101,120|120|120|120|120|84|105|109,9|9|8|7|7|0|-26|0,0|0|0|0|0|0|-37|0,-14|0|0|0|14|105|101|110,97|116|116|116|135|25417|28271|25449,1,0,0,14,255,208
202,0,7,6,0,6,0,0,0,4|2|2|2|2|1|71|101,255|255|255|255|255|255|101|109,120|120|120|120|120|120|83|101,9|9|8|7|6|6|101|109,0|0|0|0|0|0|73|115,-14|0|0|0|0|14|86|105,97|116|116|116|116|135|28261|18805,1,0,0,14,255,208
203,0,7,8,0,8,0,0,0,4|2|2|2|2|2|2|1,255|255|255|255|255|255|255|255,120|120|120|120|120|120|120|120,9|9|8|7|6|5|4|4,0|0|0|0|0|0|0|0,-14|0|0|0|0|0|0|14,97|116|116|116|116|116|116|135,1,0,0,14,255,208
204,0,7,8,0,8,0,0,0,4|2|2|1|4|2|2|1,255|255|255|255|255|255|255|255,-1|-1|-1|-1|1|1|1|1,14|14|13|13|14|14|13|13,0|0|0|0|0|0|0|0,-14|0|0|14|-14|0|0|14,97|116|116|135|97|116|116|135,1,0,0,14,255,208
205,0,7,8,0,8,0,0,0,4|2|1|4|2|1|4|2,255|255|255|255|255|255|255|255,-3|-3|-3|3|3|3|0|0,14|14|14|14|14|14|14|14,0|0|0|0|0|0|0|0,-14|0|14|-14|0|14|-18|-4,97|116|135|97|116|135|97|135,1,0,0,14,255,208
206,0,6,8,0,8,0,0,0,4|2|1|4|2|1|12|4,255|255|255|255|255|255|255|255,-3|-3|-3|3|3|3|0|0,14|14|14|14|14|14|14|14,0|0|0|0|0|0|0|0,-14|0|14|-14|0|14|-18|-4,97|116|135|97|116|135|101|139,1,0,0,14,255,208
207,0,6,8,0,8,0,0,0,4|2|4|2|12|4|4|2,255|255|255|255|255|255|255|255,-3|-3|3|3|0|0|0|0,14|14|14|14|14|14|13|13,0|0|0|0|0|0|0|0,0|14|0|14|-18|-4|-4|10,97|135|101|139|101|120|120|139,1,0,0,14,255,208
208,0,7,8,0,8,0,0,0,12|4|4|4|4|4|4|2,255|255|255|255|255|255|255|255,120|120|120|120|120|120|120|120,9|9|8|7|6|5|4|4,0|0|0|0|0|0|0|0,-14|0|0|0|0|0|0|14,101|120|120|120|120|120|120|139,1,0,0,14,255,208
209,0,7,8,0,8,0,0,0,12|4|4|2|12|4|4|2,255|255|255|255|255|255|255|255,0|0|0|0|0|0|0|0,14|14|13|13|14|14|13|13,-8|-8|-8|-8|8|8|8|8,-14|0|0|14|-14|0|0|14,101|120|120|139|101|120|120|139,1,0,0,14,255,208
210,0,4,1,0,1,0,0,0,3|101|0|0|203|0|70|114,255|101|68|68|69|108|80|97,0|97|109|0|-100|0|68|114,10|119|70|111|99|117|115|82,0|99|116|0|59|2|85|110,0|97|99|107|68|68|69|108,227|24946|109|426|24912|27491|17476|27717,1,0,0,5,255,208
211,0,5,1,0,1,0,0,0,5|105|110|100|111|119|80|111,255|0|127|0|68|101|102|101,0|87|105|110|100|111|119|80,11|115|0|0|8|0|66|101,0|105|110|68|101|102|101|114,0|105|110|100|111|119|80|111,214|193|28997|24949|21100|25445|116|363,1,0,0,5,255,208
212,0,4,1,0,1,0,0,0,3|116|77|101|110|117|73|116,98|109|65|0|194|1|82|101,0|105|115|116|101|114|87|105,10|100|111|119|77|101|115|115,0|103|101|65|0|0|-74|1,0|101|100|114|97|119|87|105,227|30575|0|409|28493|25974|26967|25710,1,0,0,5,255,208
213,0,4,1,0,1,0,0,0,5|1|73|110|102|108|97|116,98|82|101|99|116|0|48|0,0|104|101|99|107|77|101|110,11|82|97|100|105|111|73|116,0|109|0|0|-58|0|70|105,0|100|87|105|110|100|111|119,214|65|481|25939|17268|26988|25200|24943,1,0,0,5,255,208
214,0,5,2,0,2,0,0,0,3|3|67|108|105|112|98|111,98|98|100|67|104|97|105|110,0|0|-101|0|68|114|97|119,10|10|103|101|0|0|39|1,-6|6|116|83|121|115|67|111,0|0|114|66|114|117|115|104,227|227|26950|27756|25938|29795|0|81,1,0,0,5,255,208
215,0,4,2,0,2,0,0,0,5|3|99|114|111|108|108|80,98|98|0|0|93|1|73|115,0|0|105|108|100|0|33|1,11|10|116|83|99|114|111|108,-2|-2|110|102|111|0|-17|0,0|0|116|68|111|117|98|108,214|227|27491|26964|25965|0|16|24899,1,0,4,5,255,208
216,0,4,2,0,2,0,0,0,5|5|116|87|105|110|100|111,98|98|72|111|111|107|69|120,0|0|78|2|87|105|110|100,11|9|70|114|111|109|68|67,-2|-2|55|2|85|110|104|111,0|0|87|105|110|100|111|119,214|214|17771|120|357|29513|25933|30062,1,0,4,5,255,208
217,0,4,3,0,3,0,0,0,5|5|3|114|97|99|107|80,98|98|98|112|77|101|110|117,0|0|0|0|-1|1|83|101,9|7|5|99|116|69|109|112,-2|-2|-2|0|-39|1|83|101,0|0|0|116|105|118|101|87,214|214|227|7|29761|24948|26723|26708,1,0,5,5,255,208
218,0,4,4,0,4,0,0,0,5|3|3|3|85|2|119|118,98|98|98|98|110|116|102|65,0|0|-4|4|71|101|116|68,8|6|8|8|114|108|73|68,-2|-2|-2|-2|71|101|116|78,0|0|0|0|108|103|84|97,214|227|227|227|25665|30058|29811|26967,1,0,4,5,255,208
219,0,4,4,0,4,0,0,0,5|3|5|5|110|100|111|119,98|98|98|98|65|0|18|2,0|0|-4|4|105|110|100|111,8|6|8|8|0|0|60|1,-2|-2|-2|-2|105|110|100|111,0|0|0|0|0|0|47|1,214|227|214|214|21093|25445|116|214,1,0,1,5,255,208
220,0,4,4,0,4,0,0,0,5|3|5|5|97|115|101|67,98|98|98|98|114|101|0|0,0|0|-4|4|116|67|97|112,1|-1|0|0|0|0|-49|0,-2|-2|-2|-2|97|112|116|117,0|0|0|0|79|2|87|105,214|227|214|214|28496|28265|116|436,1,0,4,5,255,208
221,0,1,1,0,2,0,0,0,1|1|114|115|111|114|0|0,98|98|67|111|112|121|73|109,0|0|101|0|-25|0|71|101,20|20|67|69|120|0|-94|1,-4|4|102|115|101|116|82|101,0|0|0|0|-59|1|82|101,67|67|17509|67|502|25939|19828|28261,-1,0,0,20,255,208
222,0,1,1,0,4,0,0,0,1|1|1|1|77|101|110|117,98|98|98|98|67|111|117|110,-1|0|1|0|112|98|111|97,20|20|20|20|114|109|97|116,-6|0|6|0|68|101|108|101,0|0|0|0|110|117|0|0,67|67|67|67|18805|25972|17261|30063,-1,0,0,20,255,208
223,0,1,1,0,4,0,0,0,1|1|1|1|111|65|0|0,98|98|98|98|97|100|77|101,-2|0|2|0|37|1|71|101,20|20|20|20|77|101|110|117,-6|0|6|0|82|101|109|111,0|0|0|0|110|117|0|0,67|67|67|67|16752|0|455|25938,-1,0,0,20,255,208
224,0,1,1,0,6,0,0,0,1|1|1|1|1|1|192|0,98|98|98|98|98|98|110|100,-1|0|0|1|0|0|71|101,20|20|20|20|20|20|78|97,-6|-2|2|6|2|-2|71|101,0|0|0|0|0|0|0|0,67|67|67|67|67|67|520|25939,-1,0,0,20,255,208
225,0,1,1,0,8,0,0,0,1|1|1|1|1|1|1|1,98|98|98|98|98|98|98|98,-2|-1|0|1|2|1|0|-1,20|20|20|20|20|20|20|20,-8|-4|0|4|8|4|0|-4,0|0|0|0|0|0|0|0,67|67|67|67|67|67|67|67,-1,0,0,20,255,208
226,0,1,1,0,8,0,0,0,1|1|1|1|1|1|1|1,98|98|98|98|98|98|98|98,-2|-1|0|1|2|1|0|-1,20|20|20|20|20|20|20|20,-8|-4|0|4|8|4|0|-4,0|0|0|0|0|0|0|0,67|67|67|67|67|67|67|67,-1,0,0,20,255,208
227,0,2,1,0,4,0,0,0,2|2|2|2|0|0|172|1,98|98|98|98|77|101|115|115,-1|0|1|0|0|0|73|0,20|20|20|20|116|101|68|105,-6|0|6|0|80|97|114|97,0|0|0|0|15|1|71|101,70|70|70|70|65|352|29513|26948,-1,0,0,20,255,208
228,0,2,1,0,6,0,0,0,2|2|2|2|2|2|97|116,98|98|98|98|98|98|103|101,-1|0|0|1|0|0|115|112,20|20|20|20|20|20|115|115,-6|-2|2|6|2|-2|34|0,0|0|0|0|0|0|101|118,70|70|70|70|70|70|26213|30049,-1,0,0,20,255,208
229,0,2,1,0,8,0,0,0,2|2|2|2|2|2|2|2,98|98|98|98|98|98|98|98,-2|-1|0|1|2|1|0|-1,20|20|20|20|20|20|20|20,-8|-4|0|4|8|4|0|-4,0|0|0|0|0|0|0|0,70|70|70|70|70|70|70|70,-1,0,0,20,255,208
230,0,1,1,0,8,0,0,0,2|2|2|2|2|2|2|2,98|98|98|98|98|98|98|98,-2|-1|0|1|2|1|0|-1,20|20|20|20|20|20|20|20,-8|-4|0|4|8|4|0|-4,0|0|0|0|0|0|0|0,70|70|70|70|70|70|70|70,-1,0,0,20,255,208
231,0,0,1,0,8,0,0,0,2|2|2|2|2|2|2|2,98|98|98|98|98|98|98|98,-2|-1|0|1|2|1|0|-1,20|20|20|20|20|20|20|20,-8|-4|0|4|8|4|0|-4,0|0|0|0|0|0|0|0,70|70|70|70|70|70|70|70,-1,0,0,20,255,208
232,0,5,3,2,3,0,0,0,1|1|1|1|83|101|110|100,255|255|255|115|97|103|101|65,0|0|0|1|73|115|68|108,22|22|22|116|116|111|110|67,0|0|0|107|101|100|0|0,-22|-8|6|110|97|98|108|101,191|191|191|0|369|28492|25697|30019,0,0,0,15,255,128
233,0,5,4,2,4,0,0,0,1|1|1|1|69|110|100|68,255|255|255|255|103|0|9|0,0|0|0|0|110|80|97|105,22|22|22|22|119|1|76|111,0|0|0|0|97|103|101|65,-22|-8|6|20|69|110|100|80,191|191|191|191|29559|29296|28265|26228,0,0,0,15,255,128
234,0,5,6,2,6,0,0,0,1|1|1|1|1|2|100|111,255|255|255|255|255|255|0|0,0|0|0|0|0|0|105|110,22|22|22|22|22|-12|116|65,0|0|0|0|0|0|116|68,-22|-8|6|20|34|0|84|101,191|191|191|191|191|191|29769|28005,0,0,0,15,255,128
235,0,5,7,2,7,0,0,0,1|1|1|1|1|2|2|65,255|255|255|255|255|255|255|95,0|0|0|0|0|0|0|0,22|22|22|22|22|-12|-12|115,0|0|0|0|0|0|0|97,-22|-8|6|20|34|0|-14|76,191|191|191|191|191|191|191|28015,0,0,0,15,255,128
236,0,5,6,2,6,0,0,0,1|1|1|1|2|2|101|116,255|255|255|255|101|101|100|95,0|0|0|0|-10|10|87|0,22|22|22|22|10|10|101|108,0|0|0|0|0|0|116|101,-22|-8|6|20|0|0|83|104,191|191|191|191|194|196|65|25938,0,0,0,15,255,128
237,0,5,8,2,8,0,0,0,1|1|1|1|2|2|2|2,255|255|255|255|101|101|101|101,0|0|0|0|-10|10|-10|10,22|22|22|22|10|10|10|10,0|0|0|0|0|0|12|-12,-22|-8|6|20|0|0|14|14,191|191|191|191|194|196|194|196,0,0,0,15,255,128
238,0,5,6,2,6,0,0,0,3|1|1|1|2|2|115|101,103|103|103|103|101|101|100|101,0|0|0|0|-10|10|111|119,22|22|22|22|10|10|111|108,0|0|0|0|0|0|72|66,-22|-8|6|20|0|0|111|114,210|229|248|267|194|196|28257|25959,0,0,0,15,255,128
239,0,5,8,2,8,0,0,0,3|1|1|1|2|2|2|2,103|103|103|103|101|101|101|101,0|0|0|0|-10|10|-10|10,22|22|22|22|10|10|10|10,0|0|0|0|0|0|12|-12,-22|-8|6|20|0|0|14|14,210|229|248|267|194|196|194|196,0,0,0,15,255,128
240,0,5,8,2,8,0,0,0,3|1|1|1|2|2|2|2,103|103|103|103|101|101|101|101,0|0|0|0|-7|7|-7|7,22|22|22|22|10|10|10|10,0|0|0|0|0|0|12|-12,-22|-8|6|20|0|0|14|14,210|229|248|267|194|196|194|196,0,0,0,15,255,128
241,0,2,4,2,8,0,0,0,3|1|1|1|3|1|1|1,103|103|103|103|103|103|103|103,0|0|0|0|0|0|0|0,22|22|22|22|22|22|22|22,-8|-8|-8|-8|8|8|8|8,-22|-8|6|20|-22|-8|6|20,210|229|248|267|210|229|248|267,0,0,0,15,255,128
242,0,1,8,2,8,0,0,0,1|1|1|1|1|1|1|1,103|103|103|103|103|103|103|103,0|0|0|0|0|0|0|0,22|22|22|22|22|22|22|22,-8|-8|-8|-8|8|8|8|8,-22|-8|6|20|-22|-8|6|20,210|229|248|267|210|229|248|267,0,0,0,15,255,128
243,0,2,1,9,6,0,0,0,2|2|2|2|2|2|71|101,10|10|10|10|10|10|114|111,-10|10|-10|10|-12|12|116|65,4|-4|-4|4|0|0|80|97,0|0|0|0|0|0|73|68,0|0|0|0|0|0|83|72,172|172|172|172|172|172|18515|25927,0,0,0,0,255,112
244,0,2,1,9,8,0,0,0,2|2|2|2|2|2|2|2,10|10|10|10|10|10|10|10,-9|9|-9|9|-10|10|-10|10,6|-6|-6|6|-3|3|3|-3,0|0|0|0|0|0|0|0,0|0|0|0|0|0|0|0,172|172|172|172|172|172|172|172,0,0,0,0,255,112
245,0,1,1,9,6,0,0,0,2|2|2|2|2|2|111|114,10|10|10|10|10|10|82|117,-10|10|-10|10|-12|12|83|72,4|-4|-4|4|0|0|111|114,0|0|0|0|0|0|82|117,0|0|0|0|0|0|83|72,172|172|172|172|172|172|17266|28015,0,0,0,0,255,112
246,0,1,1,9,8,0,0,0,2|2|2|2|2|2|2|2,10|10|10|10|10|10|10|10,-9|9|-9|9|-10|10|-10|10,6|-6|-6|6|-3|3|3|-3,0|0|0|0|0|0|0|0,0|0|0|0|0|0|0|0,172|172|172|172|172|172|172|172,0,0,0,0,255,112
247,0,2,2,9,6,0,0,0,2|2|2|2|2|2|110|0,10|10|10|10|10|10|110|103,-10|10|-10|10|-12|12|83|104,4|-4|-4|4|0|0|101|68,0|0|0|0|0|0|83|104,0|0|0|0|0|0|101|68,172|172|172|172|172|172|26478|17509,0,0,0,0,255,112
248,0,2,2,9,8,0,0,0,2|2|2|2|2|2|2|2,10|10|10|10|10|10|10|10,-9|9|-9|9|-10|10|-10|10,6|-6|-6|6|-3|3|3|-3,0|0|0|0|0|0|0|0,0|0|0|0|0|0|0|0,172|172|172|172|172|172|172|172,0,0,0,0,255,112
249,0,1,2,9,6,0,0,0,2|2|2|2|2|2|80|97,10|10|10|10|10|10|101|116,-10|10|-10|10|-12|12|101|109,4|-4|-4|4|0|0|116|101,0|0|0|0|0|0|82|101,0|0|0|0|0|0|111|116,172|172|172|172|172|172|17522|26994,0,0,0,0,255,112
250,0,1,2,9,8,0,0,0,2|2|2|2|2|2|2|2,10|10|10|10|10|10|10|10,-9|9|-9|9|-10|10|-10|10,6|-6|-6|6|-3|3|3|-3,0|0|0|0|0|0|0|0,0|0|0|0|0|0|0|0,172|172|172|172|172|172|172|172,0,0,0,0,255,112
251,0,2,4,9,8,0,0,0,2|2|2|2|2|2|2|2,10|10|10|10|10|10|10|10,-9|9|-9|9|-10|10|-10|10,6|-6|-6|6|-3|3|3|-3,0|0|0|0|0|0|0|0,0|0|0|0|0|0|0|0,172|172|172|172|172|172|172|172,0,0,0,0,255,112
252,0,3,6,9,6,0,0,0,2|2|2|2|2|2|0|83,10|10|10|10|10|10|111|116,-10|10|-10|10|-12|12|110|87,4|-4|-4|4|0|0|0|0,0|0|0|0|0|0|0|0,0|0|0|0|0|0|0|0,172|172|172|172|172|172|0|24064,0,0,0,0,255,112
253,0,2,8,9,8,0,0,0,2|2|2|2|2|2|2|2,10|10|10|10|10|10|10|10,-9|9|-9|9|-10|10|-10|10,6|-6|-6|6|-3|3|3|-3,0|0|0|0|0|0|0|0,0|0|0|0|0|0|0|0,172|172|172|172|172|172|172|172,0,0,0,0,255,112
254,0,4,1,0,2,0,0,0,1|1|7|0|0|0|88|237,255|255|0|0|0|0|160|108,-10|10|0|0|0|0|0|0,0|0|1|0|0|0|8|0,0|0|-96|66|2|0|0|0,0|0|0|90|35|0|0|0,39|1|0|1|0|4096|0|164,0,0,0,25,255,208
255,0,6,2,0,2,0,0,0,1|1|0|0|0|0|0|0,255|255|0|0|0|0|0|0,-10|10|0|0|0|0|0|0,0|0|0|0|0|0|0|0,0|0|0|0|0|0|0|0,0|0|0|0|0|0|0|0,39|1|0|14208|8|49778|13630|65535,0,0,0,25,255,208
256,0,6,2,0,2,0,0,0,2|2|255|255|255|255|22|55,255|255|156|16|0|0|80|59,-10|10|-80|-85|70|53|-1|-1,0|0|34|55|8|0|-48|19,0|0|32|62|8|0|98|79,0|0|-1|-1|-1|-1|48|55,40|2|0|15956|8|55514|14065|0,0,0,0,25,255,208
257,0,6,5,0,5,0,0,0,1|1|1|1|1|191|74|55,255|255|255|255|255|0|0|0,-9|9|9|-9|0|0|0|0,2|2|-2|-2|-10|0|0|0,-2|2|2|-2|0|51|50|46,0|0|0|0|0|83|69|82,281|282|301|300|77|20050|19525|12851,0,0,0,25,255,208
258,0,6,2,0,2,0,0,0,3|3|0|0|83|72|76|87,255|255|73|46|100|108|108|0,-10|10|77|67|84|76|51|50,0|0|108|108|0|0|0|0,0|0|0|0|0|0|0|0,0|0|0|0|0|0|0|0,41|3|0|0|0|0|0|0,0,0,0,25,255,208
259,0,6,3,0,3,0,0,0,3|3|1|64|8|0|224|64,255|255|255|64|8|0|2|65,-10|10|0|65|8|0|38|65,0|0|-10|65|8|0|70|65,0|0|0|65|8|0|108|65,0|0|0|65|8|0|-122|65,41|3|77|16810|8|16820|8|16836,0,0,0,25,255,208
260,0,6,4,0,4,0,0,0,2|2|2|2|8|0|36|66,255|255|255|255|8|0|52|66,-9|9|9|-9|8|0|70|66,2|2|-2|-2|8|0|96|66,-2|2|2|-2|8|0|126|66,0|0|0|0|8|0|-88|66,277|278|297|296|8|17112|8|0,0,0,0,25,255,208
261,0,6,6,0,6,0,0,0,2|2|2|2|1|1|74|67,255|255|255|255|255|255|104|67,-9|9|9|-9|-10|10|-106|67,2|2|-2|-2|0|0|-76|67,-2|2|2|-2|0|0|-42|67,0|0|0|0|0|0|-2|67,277|278|297|296|39|1|8|17502,0,0,0,25,255,208
262,0,6,6,0,6,0,0,0,2|2|2|2|3|3|224|68,255|255|255|255|255|255|252|68,-9|9|9|-9|-10|10|34|69,2|2|-2|-2|0|0|78|69,-2|2|2|-2|0|0|114|69,0|0|0|0|0|0|-112|69,277|278|297|296|41|3|8|17870,0,0,0,25,255,208
263,0,6,6,0,6,0,0,0,2|2|2|2|4|4|50|70,255|255|255|255|255|255|84|70,-9|9|9|-9|-10|10|120|70,2|2|-2|-2|0|0|-110|70,-2|2|2|-2|0|0|-80|70,0|0|0|0|0|0|-34|70,277|278|297|296|203|222|8|18212,0,0,0,25,255,208
264,0,6,6,0,6,0,0,0,2|2|2|2|5|5|138|71,255|255|255|255|255|255|178|71,-9|9|9|-9|-10|10|-36|71,2|2|-2|-2|0|0|6|72,-2|2|2|-2|0|0|42|72,0|0|0|0|0|0|78|72,277|278|297|296|43|5|8|18580,0,0,0,25,255,208
265,0,3,1,0,4,0,0,0,1|1|1|1|8|0|0|73,255|255|255|255|8|0|30|73,-9|9|9|-9|8|0|56|73,2|2|-2|-2|8|0|94|73,-2|2|2|-2|8|0|-116|73,0|0|0|0|8|0|-84|73,281|282|301|300|8|18902|8|18912,0,0,0,25,255,208
266,0,4,2,0,4,0,0,0,1|1|1|1|8|0|82|74,255|255|255|255|8|0|106|74,-9|9|9|-9|8|0|-114|74,2|2|-2|-2|8|0|-76|74,-2|2|2|-2|8|0|-52|74,0|0|0|0|8|0|-16|74,281|282|301|300|8|19240|8|19256,0,0,0,25,255,208
267,0,6,4,0,4,0,0,0,1|1|1|1|8|0|152|75,255|255|255|255|8|0|178|75,-9|9|9|-9|8|0|-56|75,2|2|-2|-2|8|0|-30|75,-2|2|2|-2|8|0|4|76,0|0|0|0|8|0|42|76,281|282|301|300|8|19550|8|19564,0,0,0,25,255,208
268,0,6,5,0,5,0,0,0,1|1|1|1|1|0|190|76,255|255|255|255|255|0|214|76,-6|6|6|-6|0|0|-16|76,6|6|-6|-6|-10|0|14|77,-4|4|4|-4|0|0|44|77,0|0|0|0|0|0|78|77,163|164|183|182|77|19840|8|19856,0,0,0,25,255,208
269,0,6,4,0,4,0,0,0,2|2|1|1|8|0|0|78,255|255|255|255|8|0|34|78,-9|9|6|-6|8|0|66|78,2|2|-6|-6|8|0|100|78,-2|2|4|-4|8|0|-118|78,0|0|0|0|8|0|-82|78,277|278|183|182|8|20198|8|20210,0,0,0,25,255,208
270,0,6,5,0,5,0,0,0,2|2|1|1|1|0|82|79,255|255|255|255|255|0|108|79,-9|9|6|-6|0|0|-122|79,2|2|-6|-6|-10|0|-96|79,-2|2|4|-4|0|0|-72|79,0|0|0|0|0|0|-36|79,277|278|183|182|77|20502|8|20516,0,0,0,25,255,208
271,0,6,5,0,5,0,0,0,2|2|2|2|1|0|104|80,255|255|255|255|255|0|144|80,-9|9|6|-6|0|0|-88|80,2|2|-6|-6|-10|0|-60|80,-2|2|4|-4|0|0|-34|80,0|0|0|0|0|0|-2|80,277|278|295|294|77|20770|8|20786,0,0,0,25,255,208
272,0,6,7,0,7,0,0,0,2|2|2|2|1|1|1|81,255|255|255|255|255|255|255|81,-9|9|6|-6|0|-10|10|0,2|2|-6|-6|-10|0|0|82,-2|2|4|-4|0|0|0|82,0|0|0|0|0|0|0|82,277|278|295|294|77|39|1|21126,0,0,0,25,255,208
273,0,6,7,0,7,0,0,0,2|2|2|2|1|2|2|83,255|255|255|255|255|255|255|83,-9|9|6|-6|0|-2|2|83,2|2|-6|-6|-10|-9|-9|83,-2|2|4|-4|0|-4|4|83,0|0|0|0|0|0|0|83,277|278|295|294|77|298|299|21524,0,0,0,25,255,208
274,0,6,8,0,8,0,0,0,2|2|2|2|2|2|1|1,255|255|255|255|255|255|255|255,-9|9|6|-6|-2|2|-10|10,2|2|-6|-6|-9|-9|0|0,-2|2|4|-4|-4|4|0|0,0|0|0|0|0|0|0|0,277|278|295|294|298|299|39|1,0,0,0,25,255,208
275,0,6,8,0,8,0,0,0,2|2|2|2|2|2|2|2,255|255|255|255|255|255|255|255,-9|9|6|-6|-2|2|-10|10,2|2|-6|-6|-9|-9|0|0,-2|2|4|-4|-4|4|0|0,0|0|0|0|0|0|0|0,277|278|295|294|298|299|40|2,0,0,0,25,255,208
276,0,6,2,0,2,0,0,0,1|1|96|87|8|0|116|87,100|100|130|87|8|0|150|87,-13|13|-82|87|8|0|-56|87,0|0|-32|87|8|0|-14|87,-2|2|4|88|8|0|16|88,0|0|38|88|8|0|66|88,6|44|8|22626|8|22648|8|22664,0,0,0,13,255,208
277,0,6,3,0,3,0,0,0,1|1|1|88|8|0|4|89,100|100|98|89|8|0|36|89,-13|13|0|89|8|0|72|89,0|0|13|89|8|0|98|89,-2|2|0|89|8|0|-120|89,0|0|0|89|8|0|-78|89,6|44|63|23004|8|23024|8|23046,0,0,0,13,255,208
278,0,6,4,0,4,0,0,0,1|1|1|1|8|0|82|90,100|100|98|98|8|0|112|90,-13|13|-2|2|8|0|-106|90,0|0|13|13|0|-128|37|0,-2|2|-4|4|0|-128|-94|90,0|0|0|0|8|0|-66|90,6|44|224|223|8|23282|8|23294,0,0,0,13,255,208
279,0,6,3,0,3,0,0,0,2|2|1|91|8|0|76|91,100|100|98|91|8|0|94|91,-13|13|0|91|8|0|124|91,0|0|13|91|8|0|-104|91,-2|2|0|91|8|0|-62|91,0|0|0|91|8|0|-38|91,16|54|63|23554|8|23570|8|23594,0,0,0,13,255,208
280,0,6,4,0,4,0,0,0,2|2|1|1|0|0|134|92,100|100|98|98|8|0|166|92,-13|13|-2|2|8|0|-56|92,0|0|13|13|8|0|-24|92,-2|2|-4|4|8|0|12|93,0|0|0|0|8|0|46|93,16|54|224|223|0|23884|8|23904,0,0,0,13,255,208
281,0,6,6,0,6,0,0,0,2|2|2|2|1|1|21|0,100|100|100|100|98|98|18|0,-13|13|-13|13|-2|2|22|0,-1|-1|1|1|13|13|-86|93,-2|2|-2|2|-4|4|-62|93,4|4|-4|-4|0|0|-34|93,16|54|16|54|224|223|8|24108,0,0,0,13,255,208
282,0,6,6,0,6,0,0,0,3|3|3|3|1|1|120|94,100|100|100|100|98|98|158|94,-13|13|-13|13|-2|2|-58|94,0|0|0|0|13|13|-26|94,-2|2|-2|2|-4|4|2|95,-7|-7|7|7|0|0|36|95,105|106|124|125|224|223|32768|24368,0,0,0,13,255,208
283,0,6,6,0,6,0,0,0,3|3|3|3|2|1|152|95,100|100|100|100|98|98|190|95,-13|13|-13|13|0|0|23|0,0|0|0|0|13|-13|-4|95,-2|2|-2|2|0|0|40|96,-7|-7|7|7|0|0|-101|0,105|106|124|125|73|82|8|24702,0,0,0,13,255,208
284,0,6,7,0,7,0,0,0,3|3|3|3|2|1|1|0,100|100|100|100|98|98|98|96,-13|13|-13|13|0|-2|2|97,0|0|0|0|13|-13|-13|97,-2|2|-2|2|0|-4|4|97,-7|-7|7|7|0|0|0|97,105|106|124|125|73|243|242|25020,0,0,0,13,255,208
285,0,6,7,0,7,0,0,0,3|3|3|3|2|2|2|97,100|100|100|100|98|98|98|1,-13|13|-13|13|0|-9|9|1,0|0|0|0|13|-9|-9|1,-2|2|-2|2|0|-9|9|1,-7|-7|7|7|0|0|0|1,105|106|124|125|73|130|131|331,0,0,0,13,255,208
286,0,6,8,0,8,0,0,0,3|3|3|3|2|2|2|2,100|100|100|100|98|98|98|98,-13|13|-13|13|-9|9|-9|9,0|0|0|0|-9|-9|9|9,-2|2|-2|2|-9|9|-9|9,-7|-7|7|7|0|0|0|0,105|106|124|125|130|131|149|150,0,0,0,13,255,208
287,0,6,1,0,1,0,0,0,2|0|1|41|2|0|59|74,98|0|26|146|0|0|76|94,0|0|102|56|0|0|-12|-99,0|0|-93|-26|7|0|-5|90,0|0|-7|-83|1|0|60|41,0|0|-104|-58|0|0|-7|-52,73|48673|5|48826|5|39209|0|29070,1,0,0,13,255,208
288,0,6,3,0,3,0,0,0,2|1|1|171|6|0|83|163,98|98|98|128|6|0|185|45,0|-1|1|23|1|0|58|26,0|-1|-1|73|7|0|-3|-111,0|-4|4|-46|1|0|113|48,0|0|0|51|7|0|-55|58,73|63|63|15797|7|15412|7|12646,1,0,0,13,255,208
289,0,6,4,0,4,0,0,0,1|1|1|1|7|0|107|65,98|98|98|98|7|0|195|48,-1|1|-2|2|0|0|-118|60,0|0|-1|-1|5|0|-63|36,-4|4|-8|8|3|0|-17|46,0|0|0|0|7|0|77|-118,63|63|63|63|0|3761|7|23873,1,0,0,13,255,208
290,0,6,5,0,5,0,0,0,1|1|1|1|1|0|41|90,98|98|98|98|98|0|234|2,-1|1|-2|2|0|0|-16|66,-1|-1|-2|-2|0|0|66|68,-4|4|-8|8|0|0|-98|58,0|0|0|0|0|0|15|87,63|63|63|63|63|39995|7|247,1,0,0,13,255,208
291,0,6,4,0,4,0,0,0,2|2|1|1|0|0|180|184,98|98|98|98|0|0|188|201,-1|1|-3|3|1|0|-6|-72,0|0|-1|-1|4|0|-93|-39,-4|4|-8|8|0|0|45|-62,0|0|0|0|3|0|55|35,73|73|63|63|6|18780|6|18906,1,0,0,13,255,208
292,0,6,4,0,4,0,0,0,3|3|1|1|0|0|87|150,98|98|98|98|4|0|209|38,0|0|-2|2|2|0|50|-58,1|1|-1|-1|2|0|-128|-13,-6|6|-8|8|5|0|-60|-88,0|0|0|0|3|0|-16|-2,143|144|63|63|0|25621|0|12327,1,0,0,13,255,208
293,0,6,4,0,4,0,0,0,3|3|2|2|0|0|190|35,98|98|98|98|3|0|135|150,0|0|-2|2|6|0|99|60,1|1|-1|-1|6|0|-28|-73,-6|6|-8|8|7|0|-105|-28,0|0|0|0|2|0|93|75,143|144|73|73|2|58467|7|58454,1,0,0,13,255,208
294,0,6,6,0,6,0,0,0,3|3|1|1|1|1|204|68,98|98|98|98|98|98|143|64,0|0|-1|1|-2|2|61|69,1|1|0|0|-1|-1|-58|71,-6|6|-4|4|-8|8|29|49,0|0|0|0|0|0|86|-28,143|144|63|63|63|63|4|55580,1,0,0,13,255,208
295,0,6,6,0,6,0,0,0,3|3|2|2|1|1|5|139,98|98|98|98|98|98|184|126,0|0|-1|1|-3|3|-85|-118,1|1|0|0|-1|-1|56|-61,-6|6|-4|4|-8|8|37|-128,0|0|0|0|0|0|46|-83,143|144|73|73|63|63|5|53044,1,0,0,13,255,208
296,0,6,6,0,6,0,0,0,3|3|3|3|3|3|140|205,98|98|98|98|98|98|33|117,0|0|-3|-3|3|3|-95|116,1|1|-2|-2|-2|-2|-105|-28,-6|6|-12|0|0|12|18|42,0|0|0|0|0|0|97|121,143|144|143|144|143|144|3|16654,1,0,0,13,255,208
297,0,6,8,0,8,0,0,0,3|3|3|3|3|3|3|3,98|98|98|98|98|98|98|98,-1|-1|1|1|-3|-3|3|3,0|0|0|0|-2|-2|-2|-2,-12|0|0|12|-24|-12|12|24,0|0|0|0|0|0|0|0,143|144|143|144|143|144|143|144,1,0,0,13,255,208
298,80,20,8,3,8,0,0,0,128|128|128|128|128|128|128|128,255|255|255|255|255|255|255|255,0|0|1|-1|1|-1|1|-1,1|-1|1|1|-1|-1|0|0,0|0|0|0|0|0|0|0,0|0|0|0|0|0|0|0,271|271|271|271|271|271|271|271,0,0,0,8,255,208
299,0,90,1,3,1,0,0,0,99|0|138|228|7|0|138|228,255|0|138|228|7|0|151|228,120|0|-105|-28|7|0|-12|36,2|0|86|-28|7|0|121|117,-20|0|121|26|1|0|121|26,20|0|-5|120|1|0|-47|117,263|58493|7|28945|0|28945|0|37649,0,0,160,0,255,208
300,0,7,2,0,2,0,0,0,1|1|0|0|0|0|0|0,255|255|0|0|0|0|0|0,-10|10|0|0|0|0|0|0,0|0|0|0|0|0|0|0,0|0|0|0|0|0|0|0,0|0|0|0|0|0|0|0,227|227|0|0|0|0|0|0,0,0,0,26,255,208
301,0,7,2,0,2,0,0,0,2|2|0|0|0|0|0|0,107|107|0|0|0|0|0|0,-10|10|0|0|0|0|0|0,0|0|0|0|0|0|0|0,0|0|0|0|0|0|0|0,0|0|0|0|0|0|0|0,601|601|0|0|0|0|0|0,0,0,0,26,255,208
302,0,7,4,0,4,0,0,0,1|1|1|1|0|0|0|0,255|255|255|255|0|0|0|0,-9|9|9|-9|0|0|0|0,2|-2|2|-2|0|0|0|0,0|0|0|0|0|0|0|0,0|0|0|0|0|0|0|0,227|227|227|227|0|0|0|0,0,0,0,26,255,208
303,0,7,4,0,4,0,0,0,2|1|2|1|0|0|0|0,107|255|107|255|0|0|0|0,-9|9|9|-9|0|0|0|0,2|-2|2|-2|0|0|0|0,0|0|0|0|0|0|0|0,0|0|0|0|0|0|0|0,601|227|601|227|0|0|0|0,0,0,0,26,255,208
304,0,7,6,0,6,0,0,0,2|1|2|1|1|1|0|0,107|255|107|255|255|255|0|0,-9|9|9|-9|-10|10|0|0,2|-2|2|-2|0|0|0|0,0|0|0|0|0|0|0|0,0|0|0|0|0|0|0|0,601|227|601|227|227|227|0|0,0,0,0,26,255,208
305,0,7,7,0,7,0,0,0,2|1|2|1|2|2|1|0,107|255|107|255|107|107|255|0,-9|9|9|-9|-10|10|0|0,2|-2|2|-2|0|0|-10|0,0|0|0|0|0|0|0|0,0|0|0|0|0|0|0|0,601|227|601|227|601|601|227|0,0,0,0,26,255,208
306,0,7,7,0,7,0,0,0,2|2|2|2|2|2|1|0,107|107|107|107|107|107|255|0,-9|9|9|-9|-10|10|0|0,2|-2|2|-2|0|0|-10|0,0|0|0|0|0|0|0|0,0|0|0|0|0|0|0|0,601|601|601|601|601|601|227|0,0,0,0,26,255,208
307,0,7,6,0,6,0,0,0,2|1|2|1|4|4|0|0,107|255|107|255|105|105|0|0,-9|9|9|-9|-6|6|0|0,2|-2|2|-2|0|0|0|0,0|0|0|0|0|0|0|0,0|0|0|0|0|0|0|0,601|227|601|227|582|582|0|0,0,0,0,26,255,208
308,0,7,6,0,6,0,0,0,2|2|2|2|4|4|0|0,107|107|107|107|105|105|0|0,-9|9|9|-9|-6|6|0|0,2|-2|2|-2|0|0|0|0,0|0|0|0|0|0|0|0,0|0|0|0|0|0|-118|25,601|601|601|601|582|582|0|46669,0,0,0,26,255,208
309,0,7,8,0,8,0,0,0,2|1|2|1|1|1|4|4,107|255|107|255|255|255|105|105,-9|9|9|-9|-3|3|-6|6,2|-2|2|-2|-7|-7|0|0,0|0|0|0|0|0|0|0,0|0|0|0|0|0|0|0,601|227|601|227|227|227|582|582,0,0,0,26,255,208
310,0,7,8,0,8,0,0,0,2|2|2|2|1|1|4|4,107|107|107|107|255|255|105|105,-9|9|9|-9|-3|3|-6|6,2|-2|2|-2|-7|-7|0|0,0|0|0|0|0|0|0|0,0|0|0|0|0|0|0|0,601|601|601|601|227|227|582|582,0,0,0,26,255,208
311,0,11,1,0,1,0,0,0,1|0|0|0|0|0|0|0,90|0|0|0|0|0|0|0,120|0|0|0|0|0|0|0,120|0|0|0|0|0|0|0,-13|0|0|0|0|0|0|0,14|0|0|0|0|0|0|0,227|0|0|0|0|0|0|0,0,0,6,26,255,208
312,0,21,1,7,1,0,0,0,2|0|0|0|0|0|0|0,90|0|0|0|0|0|0|0,120|0|0|0|0|0|0|0,120|0|0|0|0|0|0|0,-18|0|0|0|0|0|0|0,20|0|0|0|0|0|0|0,601|0|0|0|0|0|0|0,0,0,7,26,255,208
313,0,16,1,7,1,0,0,0,2|0|0|0|0|0|0|0,90|0|0|0|0|0|0|0,120|0|0|0|0|0|0|0,120|0|0|0|0|0|0|0,-24|0|0|0|0|0|0|0,24|0|0|0|0|0|0|0,601|0|0|0|0|0|0|0,0,0,8,26,255,208
314,0,8,1,7,1,0,0,0,2|0|0|0|0|0|0|0,90|0|0|0|0|0|0|0,120|0|0|0|0|0|0|0,120|0|0|0|0|0|0|0,-24|0|0|0|0|0|0|0,24|0|0|0|0|0|0|0,601|0|0|0|0|0|0|0,0,0,8,26,255,208
315,0,16,2,7,2,0,0,0,2|2|0|0|0|0|0|0,90|90|0|0|0|0|0|0,120|120|0|0|0|0|-25|-90,120|120|86|-78|4|0|0|0,-30|-18|37|-28|1|0|12|-21,24|24|117|-21|1|0|-50|0,601|601|2|54149|1|0|0|53212,0,0,8,26,255,208
316,0,8,2,7,2,0,0,0,2|2|0|0|0|0|0|0,45|45|0|0|0|0|0|0,120|120|0|0|0|0|-101|114,120|120|0|0|0|0|0|0,-40|-8|0|0|0|0|0|0,24|24|0|0|0|0|0|0,601|601|0|0|0|0|0|0,0,0,8,26,255,208
317,0,16,3,7,3,0,0,0,2|2|2|0|0|0|0|0,45|45|90|0|0|0|0|0,120|120|120|0|0|0|-128|-13,120|120|120|0|0|0|0|0,-40|-8|-24|0|0|0|0|0,24|24|4|0|0|0|0|0,601|601|601|0|0|0|0|0,0,0,8,26,255,208
318,0,8,1,5,1,0,0,0,4|0|0|0|0|0|0|0,90|0|0|0|0|0|0|0,120|0|0|0|0|0|87|-94,120|0|-69|87|1|0|59|87,-24|0|-84|56|0|0|-108|-65,24|0|0|0|0|0|0|0,582|39898|6|0|0|0|0|0,0,0,8,26,255,208
319,0,16,2,5,2,0,0,0,4|4|75|45|8|0|100|45,90|90|126|45|8|0|152|45,120|120|-89|45|8|0|-73|45,120|120|-57|45|8|0|-41|45,-30|-18|-23|45|8|0|-9|45,24|24|2|46|8|0|22|46,582|582|8|11834|8|11845|8|11859,0,0,8,26,255,208
320,0,8,2,5,2,0,0,0,4|4|160|46|8|0|183|46,45|45|208|46|8|0|233|46,120|120|0|47|8|0|13|47,120|120|27|47|8|0|42|47,-40|-8|57|47|8|0|77|47,24|24|97|47|8|0|110|47,582|582|8|12183|8|12199|8|12215,0,0,8,26,255,208
321,0,16,3,5,3,0,0,0,4|4|4|48|8|0|34|48,45|45|90|48|8|0|87|48,120|120|120|48|8|0|-124|48,120|120|120|48|8|0|-84|48,-50|8|-24|48|8|0|-40|48,24|24|4|48|8|0|-6|48,582|582|582|12575|8|12594|8|12609,0,0,8,26,255,208
322,0,4,2,0,2,0,0,0,1|1|152|49|8|0|169|49,255|255|183|49|8|0|202|49,0|0|-33|49|8|0|-12|49,12|12|7|50|8|0|27|50,-5|5|41|50|8|0|56|50,0|0|71|50|8|0|93|50,225|225|8|12922|8|12942|8|12963,0,0,0,26,255,208
323,0,5,3,0,3,0,0,0,1|1|1|51|8|0|40|51,255|255|255|51|8|0|88|51,0|-2|2|51|8|0|-120|51,12|11|11|51|8|0|-88|51,0|0|0|51|8|0|-46|51,0|0|0|51|8|0|-16|51,225|225|225|13326|8|13342|8|13355,0,0,0,26,255,208
324,0,5,4,0,4,0,0,0,1|1|1|1|8|0|124|52,255|255|255|255|8|0|158|52,-2|2|-4|4|8|0|-67|52,11|11|12|12|8|0|-39|52,0|0|0|0|8|0|-13|52,0|0|0|0|8|0|18|53,225|225|225|225|8|13630|8|13647,0,0,0,26,255,208
325,0,6,5,0,5,0,0,0,1|1|1|1|1|0|185|0,255|255|255|255|255|0|200|0,0|-3|3|-6|6|0|-52|0,12|11|11|9|9|0|-48|0,0|0|0|0|0|0|-44|0,0|0|0|0|0|0|-28|0,225|225|225|225|225|234|235|236,0,0,0,26,255,208
326,0,6,6,0,6,0,0,0,1|1|1|1|1|1|1|1,255|255|255|255|255|255|5|1,-3|3|-6|6|0|0|9|1,11|11|9|9|12|12|-59|0,0|0|0|0|-4|4|16|1,0|0|0|0|0|0|20|1,225|225|225|225|225|225|284|285,0,0,0,26,255,208
327,0,6,4,0,4,0,0,0,1|1|2|2|40|1|41|1,255|255|255|255|44|1|45|1,-6|6|0|0|48|1|49|1,9|9|11|11|52|1|53|1,0|0|8|-8|56|1|57|1,0|0|0|0|60|1|61|1,225|225|244|244|322|323|324|325,0,0,0,26,255,208
328,0,6,5,0,5,0,0,0,1|1|2|2|2|99|107|69,255|255|255|255|255|115|65|0,-5|5|3|-3|0|69|115|99,9|9|11|11|12|0|67|111,0|0|0|0|0|76|105|110,0|0|0|0|0|103|118|87,225|225|244|244|244|27753|17260|25441,0,0,0,26,255,208
329,0,6,6,0,6,0,0,0,1|1|3|3|2|2|67|97,255|255|255|255|255|255|110|68,-6|6|3|-3|0|0|110|116,9|9|11|11|12|12|108|108,0|0|0|0|-8|8|82|117,0|0|0|0|0|0|67|111,225|225|244|244|244|244|17152|28271,0,0,0,26,255,208
330,0,6,6,0,6,0,0,0,2|2|3|2|2|2|117|110,255|255|255|255|255|255|108|108,-6|6|3|-3|0|0|111|97,9|9|11|11|12|12|108|108,0|0|0|0|-8|8|115|115,0|0|0|0|0|0|0|68,244|244|244|244|244|244|17408|27756,0,0,0,26,255,208
331,0,6,7,0,7,0,0,0,2|2|3|2|2|2|3|98,255|255|255|255|255|255|255|110,-8|8|6|-6|3|-3|0|110,9|9|10|10|11|11|12|0,0|0|0|0|0|0|0|101,0|0|0|0|0|0|0|0,244|244|244|244|244|244|244|20839,0,0,0,26,255,208
332,0,6,8,0,8,0,0,0,5|2|2|2|2|2|2|2,255|255|255|255|255|255|255|255,0|-4|4|-6|6|0|-3|3,12|12|12|9|9|12|11|11,0|-4|4|0|0|0|0|0,0|-6|-6|0|0|9|0|0,244|244|244|244|244|226|226|226,0,0,0,26,255,208
333,0,8,1,0,1,0,0,0,2|99|105|97|116|101|100|73,255|111|110|65|0|69|120|116,0|97|99|116|65|115|115|111,-6|105|97|116|101|100|73|99,0|110|69|120|65|0|69|120,0|114|97|99|116|65|115|115,126|24937|25972|18788|28515|17774|22392|17664,1,0,0,16,255,208
334,0,8,2,0,2,0,0,0,2|2|111|110|87|0|69|120,255|255|97|99|116|73|99|111,-1|1|0|69|120|116|114|97,-7|-7|73|99|111|110|69|120,-5|5|120|116|114|97|99|116,0|0|111|110|69|120|65|0,126|126|25441|18804|28515|17774|22392|17664,1,0,0,16,255,208
335,0,8,3,0,3,0,0,0,2|2|2|69|120|116|114|97,255|255|255|99|111|110|82|101,-2|2|0|102|111|87|0|69,-7|-7|-5|97|99|116|73|99,-5|5|0|0|69|120|116|114,0|0|0|86|101|114|115|105,126|126|126|29301|25955|13873|87|26950,1,0,0,16,255,208
336,0,8,2,0,2,0,0,0,3|3|120|101|99|117|116|97,255|255|101|65|0|70|105|110,-1|1|120|101|99|117|116|97,-8|-8|101|87|0|70|114|101,-5|5|99|111|110|76|105|115,0|0|73|110|116|101|114|110,214|214|29300|25441|18804|28515|19566|29545,1,0,0,16,255,208
337,0,8,3,0,3,0,0,0,3|3|3|99|111|110|76|105,255|255|255|0|79|112|101|110,-2|2|0|82|117|110|114|0,-8|-8|-5|111|102|116|119|97,-5|5|0|77|105|99|114|111,0|0|0|116|92|87|105|110,214|214|214|29301|25970|29806|25942|29554,1,0,0,16,255,208
338,0,8,5,0,5,0,0,0,2|2|2|2|3|46|101|120,255|255|255|255|255|0|117|115,-2|2|-4|4|0|0|70|65,-7|-7|-7|-7|-5|0|97|112,-5|5|-8|8|0|112|62|80,0|0|0|0|0|0|77|115,126|126|126|126|214|28781|28271|28261,1,0,0,16,255,208
339,0,8,4,0,4,0,0,0,3|3|2|2|0|0|112|114,255|255|255|255|109|115|0|0,-2|2|-4|4|115|34|0|0,-7|-7|-7|-7|0|0|78|101,-5|5|-8|8|107|84|105|109,0|0|0|0|0|0|45|49,214|214|126|126|49|25942|29554|28521,1,0,0,16,255,208
340,0,8,6,0,6,0,0,0,3|3|2|2|2|2|0|0,255|255|255|255|255|255|97|116,-2|2|-4|4|-1|1|114|116,-7|-7|-7|-7|-6|-6|114|115,-5|5|-8|8|-3|3|80|114,0|0|0|0|0|0|0|0,214|214|126|126|126|126|29285|26995,1,0,0,16,255,208
341,0,8,4,0,4,0,0,0,3|3|3|3|115|111|102|116,255|255|255|255|100|111|119|115,-2|2|-4|4|114|101|110|116,-7|-7|-8|-8|105|111|110|92,-5|5|-8|8|115|116|97|108,0|0|0|0|0|0|-1|-1,214|214|214|214|32724|0|0|30789,1,0,0,16,255,208
342,0,8,4,0,4,0,0,0,2|2|5|5|46|100|108|108,255|255|255|255|0|0|160|17,-1|1|-1|1|-42|127|96|-8,-8|-8|-7|-7|69|84|67|80,-4|5|-5|5|76|0|78|69,0|0|0|0|46|67|80|76,126|126|263|263|27748|108|0|27728,1,0,0,16,255,208
343,0,8,6,0,6,0,0,0,2|2|5|5|2|2|109|68,255|255|255|255|255|255|65|112,-1|1|-1|1|-3|3|115|92,-8|-8|-7|-7|-7|-7|115|92,-4|5|-5|5|-5|5|120|112,0|0|0|0|0|0|37|115,126|126|263|263|126|126|20292|22083,1,0,0,16,255,208
344,0,8,1,0,1,0,0,0,2|97|108|108|0|0|65|68,255|80|65|67|75|46|68|76,0|0|85|110|114|101|103|68,6|108|0|0|0|0|82|101,0|68|108|108|0|0|97|112,0|108|105|99|97|116|105|111,126|11640|25699|102|0|25972|29816|26671,-1,0,0,16,255,208
345,0,8,2,0,2,0,0,0,2|2|83|51|0|0|152|19,255|255|85|51|0|0|136|19,-1|1|84|51|0|0|124|19,7|7|48|34|0|0|112|19,-5|5|49|34|0|0|96|19,0|0|51|34|0|0|80|19,126|126|0|4924|32726|8757|0|4908,-1,0,0,16,255,208
346,0,8,3,0,3,0,0,0,2|2|2|34|0|0|0|19,255|255|255|34|0|0|83|51,-2|2|0|18|0|0|84|51,7|7|5|18|0|0|85|51,-5|5|0|18|0|0|80|51,0|0|0|18|0|0|81|51,126|126|126|13138|0|4700|0|0,-1,0,0,16,255,208
347,0,8,2,0,2,0,0,0,3|3|0|0|0|0|80|114,255|255|117|99|116|86|101|114,-1|1|111|110|0|0|80|114,8|8|117|99|116|78|97|109,-5|5|80|114|105|118|97|116,0|0|117|105|108|100|0|0,214|214|26473|28265|27745|26950|25964|24942,-1,0,0,16,255,208
348,0,8,3,0,3,0,0,0,3|3|3|107|115|0|73|110,255|255|255|110|97|108|78|97,-2|2|0|0|0|0|67|111,8|8|5|110|121|78|97|109,-5|5|0|111|109|109|101|110,0|0|0|0|0|0|70|105,214|214|214|26994|29808|28521|110|25932,-1,0,0,16,255,208
349,0,8,5,0,5,0,0,0,2|2|2|2|3|115|105|111,255|255|255|255|255|114|105|110,-2|2|-4|4|0|73|110|102,7|7|7|7|5|57|48|48,-5|5|-8|8|0|0|92|83,0|0|0|0|0|70|105|108,126|126|126|126|214|13360|13381|92,-1,0,0,16,255,208
350,0,8,4,0,4,0,0,0,3|3|2|2|52|88|37|48,255|255|255|255|0|0|92|86,-2|2|-4|4|108|101|73|110,7|7|7|7|114|97|110|115,-5|5|-8|8|111|110|0|0,0|0|0|0|0|0|40|-55,214|214|126|126|32725|0|0|28410,-1,0,0,16,255,208
351,0,8,6,0,6,0,0,0,3|3|2|2|2|2|42|92,255|255|255|255|255|255|105|101,-2|2|-4|4|-1|1|107|86,7|7|7|7|6|6|45|118,-5|5|-8|8|-3|3|92|118,0|0|0|0|0|0|92|113,214|214|126|126|126|126|0|52854,-1,0,0,16,255,208
352,0,8,4,0,4,0,0,0,3|3|3|3|0|0|99|111,255|255|255|255|0|0|112|97,-2|2|-4|4|0|0|112|97,7|7|8|8|105|110|107|0,-5|5|-8|8|0|0|114|101,0|0|0|0|0|0|18|112,214|214|214|214|32726|28689|0|0,-1,0,0,16,255,208
353,0,8,4,0,4,0,0,0,2|2|5|5|0|0|0|0,255|255|255|255|214|127|24|112,-1|1|-1|1|0|0|56|-33,8|8|7|7|0|0|0|0,-4|5|-5|5|-48|127|26|112,0|0|0|0|0|0|-88|20,126|126|263|263|0|5296|32726|26999,-1,0,0,16,255,208
354,0,8,6,0,6,0,0,0,2|2|5|5|2|2|25|112,255|255|255|255|255|255|26|112,-1|1|-1|1|-3|3|17|112,8|8|7|7|7|7|19|112,-4|5|-5|5|-5|5|1|0,0|0|0|0|0|0|0|0,126|126|263|263|126|126|0|25924,-1,0,0,16,255,208
355,0,2,1,0,2,0,0,0,1|1|69|88|69|0|66|97,255|255|66|97|114|0|67|104,-6|6|65|112|112|0|78|111,21|21|102|121|66|114|111|119,-2|2|114|83|104|117|116|100,20|20|110|0|0|0|109|115,132|133|25646|27756|0|28233|25972|28274,-1,0,0,20,255,208
356,0,2,1,0,4,0,0,0,1|1|1|1|116|46|100|108,255|255|255|255|118|101|77|101,-6|6|-7|7|101|109|0|0,21|21|21|21|0|0|83|111,-2|2|-4|4|114|101|92|77,20|20|20|20|115|111|102|116,132|133|132|133|17244|29301|25970|29806,-1,0,0,20,255,208
357,0,3,2,0,4,0,0,0,1|1|1|1|77|82|85|0,255|255|255|255|0|0|77|83,-6|6|-7|7|108|82|117|110,21|21|21|21|101|97|100|121,-2|2|-4|4|0|0|87|97,20|20|20|20|103|84|104|114,132|133|132|133|0|0|0|28499,-1,0,0,20,255,208
358,0,3,2,0,6,0,0,0,1|1|1|1|1|1|119|115,255|255|255|255|255|255|110|116,-6|6|-7|7|-5|5|110|92,21|21|21|21|21|21|101|114,-2|2|-4|4|-1|1|111|109,20|20|20|20|20|20|85|115,132|133|132|133|132|133|25972|0,-1,0,0,20,255,208
359,0,2,2,0,6,0,0,0,1|1|1|1|1|1|17|48,255|255|255|255|255|255|10|48,-6|6|-7|7|-5|5|0|48,21|21|21|21|21|21|0|0,-2|2|-4|4|-1|1|79|74,20|20|20|20|20|20|-54|74,132|133|132|133|132|133|32725|19273,-1,0,0,20,255,208
360,0,2,2,0,8,0,0,0,1|1|1|1|1|1|1|1,255|255|255|255|255|255|255|255,-6|6|-7|7|-8|8|-5|5,21|21|21|21|21|21|21|21,-2|2|-4|4|-6|6|-1|1,20|20|20|20|20|20|20|20,132|133|132|133|132|133|132|133,-1,0,0,20,255,208
361,0,1,2,0,8,0,0,0,1|1|1|1|1|1|1|1,255|255|255|255|255|255|255|255,-6|6|-7|7|-8|8|-5|5,21|21|21|21|21|21|21|21,-2|2|-4|4|-6|6|-1|1,20|20|20|20|20|20|20|20,132|133|132|133|132|133|132|133,-1,0,0,20,255,208
362,0,2,3,0,8,0,0,0,1|1|1|1|1|1|1|1,255|255|255|255|255|255|255|255,-6|6|-7|7|-8|8|-5|5,21|21|21|21|21|21|21|21,-2|2|-4|4|-6|6|-1|1,20|20|20|20|20|20|20|20,132|133|132|133|132|133|132|133,-1,0,0,20,255,208
363,0,2,2,0,6,0,0,0,2|2|2|2|2|2|70|105,255|255|255|255|255|255|110|115,-6|6|-7|7|-5|5|41|93,21|21|21|21|21|21|-71|93,-2|2|-4|4|-1|1|17|-109,20|20|20|20|20|20|-32|94,151|152|151|152|151|152|32724|4680,-1,0,0,20,255,208
364,0,2,2,0,8,0,0,0,2|2|2|2|2|2|2|2,255|255|255|255|255|255|255|255,-6|6|-7|7|-8|8|-5|5,21|21|21|21|21|21|21|21,-2|2|-4|4|-6|6|-1|1,20|20|20|20|20|20|20|20,151|152|151|152|151|152|151|152,-1,0,0,20,255,208
365,0,1,2,0,8,0,0,0,2|2|2|2|2|2|2|2,255|255|255|255|255|255|255|255,-6|6|-7|7|-8|8|-5|5,21|21|21|21|21|21|21|21,-2|2|-4|4|-6|6|-1|1,20|20|20|20|20|20|20|20,151|152|151|152|151|152|151|152,-1,0,0,20,255,208
366,0,3,1,4,2,0,0,0,1|1|92|72|69|76|80|92,255|255|78|68|46|67|72|77,0|0|0|0|0|0|-1|-1,6|6|-3|-112|-43|127|15|-111,-4|4|0|0|0|0|-5|-98,0|0|97|-97|-43|127|115|-97,233|233|32725|40464|32725|40530|32725|40704,0,0,0,13,255,208
367,0,8,1,0,1,0,0,0,112|127|248|207|206|127|197|211,255|127|11|190|206|127|174|160,0|127|0|0|0|0|-78|-93,0|127|-49|37|-50|127|45|-92,0|127|82|-92|-43|127|-115|-92,0|127|-18|-92|-43|127|58|-91,31|37649|32724|0|9899|18|0|1,1,0,0,7,6,208
368,0,9,2,0,2,0,0,0,112|112|25|0|0|0|58|174,255|255|26|23|207|127|185|174,1|-1|-22|-82|-43|127|93|-78,-1|-1|26|23|-49|127|1|-77,0|0|50|-77|-43|127|123|-77,0|0|-121|17|-43|127|-48|-77,31|31|0|54510|32725|5914|32719|46185,1,0,0,7,6,208
369,0,10,3,0,3,0,0,0,112|112|112|0|0|0|209|182,255|255|255|183|213|127|60|183,1|-1|0|-73|-43|127|121|-72,-1|-1|0|117|0|0|123|53,0|0|0|70|70|69|48|45,0|0|0|52|45|49|49|67,31|31|31|12333|12344|12848|12866|12613,1,0,0,7,6,208
370,0,11,4,0,4,0,0,0,112|112|112|112|97|118|111|114,255|255|255|255|104|116|109|0,1|-1|0|0|65|57|66|65,-2|-2|0|0|49|52|51|65,0|0|-3|3|70|45|56|51,0|0|0|0|52|52|53|53,31|31|31|31|0|0|0|47613,1,0,0,7,6,208
371,0,12,1,0,1,0,0,0,116|127|78|101|119|115|83|112,255|101|100|0|0|0|78|101,0|115|85|112|100|97|116|101,-2|0|78|101|119|115|73|110,0|101|114|118|97|108|0|0,0|0|78|111|78|101|119|115,32|28787|24940|121|0|26964|27491|29285,1,0,0,7,6,208
372,0,12,2,0,4,0,0,0,112|116|112|116|0|0|78|111,255|255|255|255|101|114|68|105,-1|0|1|0|121|0|83|111,-3|-2|-3|-2|114|101|92|77,0|0|0|0|115|111|102|116,0|0|0|0|100|111|119|115,31|32|31|32|25942|29554|28521|23662,1,0,0,7,6,208
373,0,12,3,0,3,0,0,0,112|116|112|116|111|112|0|0,255|255|255|0|0|0|223|87,-1|0|1|-49|-50|127|-59|-45,-3|-2|-3|-66|-50|127|16|-63,0|0|0|0|0|0|-33|87,0|0|0|-49|-50|127|-59|-45,31|32|31|49726|32725|0|0|0,1,0,0,7,6,208
374,0,12,3,0,3,0,0,0,112|113|112|0|0|0|178|0,255|255|255|0|0|0|0|0,-1|0|1|-1|-1|-1|0|0,-4|-3|-4|0|0|0|4|1,0|0|0|0|0|0|-1|-1,0|0|0|0|0|0|-33|87,31|32|31|54213|32718|48651|32718|51795,1,0,0,7,6,208
375,0,12,2,0,2,0,0,0,113|113|11|190|206|127|92|205,255|255|92|68|111|109|97|105,0|0|78|101|116|68|111|109,-4|-4|110|0|0|0|92|83,-6|6|118|101|114|0|78|101,0|0|111|114|107|0|78|101,32|32|26977|17262|27759|22643|0|25934,1,0,0,7,6,208
376,0,12,4,0,4,0,0,0,113|113|112|112|206|127|197|211,255|255|255|255|206|127|66|209,0|0|1|-1|0|0|-33|87,-4|-4|-1|-1|-50|127|-59|-45,-6|6|0|0|-50|127|-21|-35,0|0|0|0|0|0|112|105,32|32|31|31|20524|26217|29264|28783,1,0,0,7,6,208
377,0,12,3,0,3,0,0,0,114|112|112|37|206|127|223|229,255|255|255|0|0|0|250|110,0|1|-1|113|-49|127|-56|113,-4|-1|-1|-25|-43|127|-25|11,0|0|0|0|0|0|-17|20,0|0|0|0|0|0|-64|0,33|31|31|8097|35790|2337|4123|65457,1,0,0,7,6,208
378,0,11,1,0,2,0,0,0,3|3|151|222|172|249|161|20,255|255|0|0|0|0|192|0,2|-2|0|0|0|70|1|62,-1|-1|-37|-79|-48|17|-126|-52,0|0|79|-43|-82|56|-128|-77,0|0|-94|-116|105|16|-85|29,99|99|13557|26240|18144|19440|4561|61059,1,0,0,1,0,208
379,0,11,2,0,2,0,0,0,3|3|201|13|200|73|192|84,255|255|240|75|209|17|131|238,2|-2|-55|13|-56|73|-96|75,-1|-1|-22|58|105|16|-94|-39,0|0|43|48|48|-99|82|59,0|0|71|5|-47|17|-72|51,99|99|8115|10081|187|27255|4560|13733,1,0,0,1,0,208
380,0,11,4,0,4,0,0,0,3|3|2|2|208|98|98|39,255|255|255|255|208|17|165|53,3|-3|4|-4|-48|98|65|-90,-1|-1|-1|-1|-48|17|-125|27,0|0|0|0|67|-125|100|39,0|0|0|0|-48|17|-91|53,99|99|99|99|187|27255|4560|13733,1,0,0,1,0,208
381,0,11,6,0,6,0,0,0,3|3|2|2|2|2|160|206,255|255|255|255|255|255|174|101,3|-3|4|-4|5|-5|-112|-78,-1|-1|-2|-2|-3|-3|-73|-12,0|0|0|0|0|0|64|-27,0|0|0|0|0|0|-89|19,99|99|99|99|99|99|0|192,1,0,0,1,0,208
382,0,11,1,0,2,0,0,0,4|4|0|0|0|70|2|0,255|255|0|0|0|0|192|0,2|-2|0|0|0|70|12|0,-1|-1|0|0|0|0|-64|0,0|0|0|0|0|70|-128|-81,0|0|-106|77|-49|17|-106|12,100|100|34286|21031|36814|1242|4561|1184,1,0,0,1,0,208
383,0,11,2,0,2,0,0,0,4|4|0|0|0|70|148|45,255|255|201|10|209|17|137|108,2|-2|79|-74|-65|-60|0|0,-1|-1|0|0|0|1|1|3,0|0|127|-120|43|-44|127|-75,0|0|127|-59|42|-44|127|124,100|100|54316|13439|54316|55423|54315|22655,1,0,0,1,0,208
384,0,11,3,0,4,0,0,0,4|2|4|2|11|5|5|6,255|255|255|255|11|11|11|11,2|3|-2|-3|11|11|11|11,-1|-4|-1|-4|11|11|11|11,0|0|0|0|-54|-43|127|-93,0|0|0|0|-54|-43|127|-36,100|99|100|99|54731|61823|54730|17791,1,0,0,1,0,208
385,0,11,4,0,4,0,0,0,4|2|4|2|204|213|127|93,255|255|255|255|202|213|127|0,2|3|-2|-3|0|0|0|0,-1|-4|-1|-4|61|53|0|0,0|0|0|0|8|0|2|0,0|0|0|0|0|0|120|0,100|99|100|99|8|11296|8|41930,1,0,0,1,0,208
386,0,11,2,0,2,0,0,0,8|8|225|152|4|0|245|152,255|255|50|62|2|0|100|62,2|-2|-92|36|3|0|19|-70,-2|-2|-102|62|2|0|-84|-70,0|0|93|48|5|0|-98|63,0|0|-33|58|1|0|-22|35,98|98|2|27175|0|33610|0|58519,1,0,0,1,0,208
387,0,11,4,0,4,0,0,0,8|8|4|4|2|0|55|100,255|255|255|255|5|0|170|52,2|-2|4|-4|5|0|104|-49,-2|-2|-4|-4|5|0|117|-49,0|0|0|0|5|0|68|111,0|0|0|0|0|0|-126|-49,98|98|100|100|0|28387|0|49992,1,0,0,1,0,208
388,0,11,6,0,6,0,0,0,8|8|4|4|2|2|156|207,255|255|255|255|255|255|78|207,2|-2|4|-4|6|-6|-4|-50,-2|-2|-4|-4|-6|-6|54|108,0|0|0|0|0|0|7|0,0|0|0|0|0|0|-62|4,98|98|100|100|99|99|22271|5631,1,0,0,1,0,208
389,0,11,1,0,2,0,0,0,3|3|139|117|16|131|203|255,255|255|120|8|133|246|116|63,2|-2|116|59|-10|64|4|2,-1|-1|106|1|91|1|94|8,0|0|-8|80|87|-1|117|8,0|0|-34|-1|-1|-117|-61|-103,99|99|65532|63605|46056|65502|511|4358,1,0,4,1,0,208
390,0,11,2,0,2,0,0,0,3|3|201|194|12|0|85|139,255|255|236|12|1|0|0|141,2|-2|-2|-1|-1|86|-119|69,-1|-1|69|-40|-119|69|-4|-115,0|0|-1|-1|-1|106|80|80,0|0|25|0|0|-1|53|56,99|99|48149|52755|35711|3189|17805|20676,1,0,4,1,0,208
391,0,11,4,0,4,0,0,0,3|3|2|2|255|255|80|255,255|255|255|255|127|131|196|12,3|-3|4|-4|15|-123|66|-24,-1|-1|-1|-1|-40|0|106|1,0|0|0|0|0|80|-1|117,0|0|0|0|-1|-1|94|-55,99|99|99|99|33544|64704|47235|744,1,0,4,1,0,208
392,0,11,6,0,6,0,0,0,3|3|2|2|2|2|124|10,255|255|255|255|255|255|137|1,3|-3|4|-4|5|-5|-24|-117,-1|-1|-2|-2|-3|-3|12|-1,0|0|0|0|0|0|0|0,0|0|0|0|0|0|21|32,99|99|99|99|99|99|60555|60545,1,0,4,1,0,208
393,0,11,1,0,2,0,0,0,4|4|141|69|176|83|80|87,255|255|25|254|255|80|141|133,2|-2|-1|-1|80|-1|21|32,-1|-1|127|-115|-123|-84|-2|-1,0|0|-24|99|0|0|0|59,0|0|88|83|-115|69|8|83,100|100|65057|36351|43141|65533|22271|22352,1,0,5,1,0,208
394,0,11,2,0,2,0,0,0,4|4|106|1|91|141|69|176,255|255|80|83|255|117|8|141,2|-2|-3|-1|-1|80|-24|79,-1|-1|0|-1|117|8|-24|-120,0|0|-1|-115|69|-80|80|-115,0|0|-2|-1|-1|80|-24|115,100|100|23390|49865|4|48289|54912|22143,1,0,5,1,0,208
395,0,11,3,0,4,0,0,0,4|2|4|2|106|1|80|255,255|255|255|255|127|232|76|29,2|3|-2|-3|-117|-58|94|-62,-1|-4|-1|-4|-20|-127|-20|0,0|0|0|0|86|-117|117|20,0|0|0|0|-117|125|24|80,100|99|100|99|6269|23784|64999|34303,1,0,5,1,0,208
396,0,11,4,0,4,0,0,0,4|2|4|2|20|0|161|188,255|255|255|255|133|192|15|132,2|3|-2|-3|-1|116|36|8,-1|-4|-1|-4|-2|-1|-117|-16,0|0|0|0|-1|116|36|12,0|0|0|0|-42|127|-24|51,100|99|100|99|9284|65304|48181|54912,1,0,5,1,0,208
397,0,11,2,0,2,0,0,0,8|8|81|102|131|125|8|0,255|255|82|231|0|0|141|69,2|-2|-1|117|12|-1|117|8,-2|-2|-116|22|-50|127|-1|117,0|0|69|-8|-1|117|16|80,0|0|0|0|0|-55|-62|16,98|98|60547|21264|22358|30207|65288|2165,1,0,6,1,0,208
398,0,11,4,0,4,0,0,0,8|8|4|4|117|16|139|93,255|255|255|255|69|240|106|0,2|-2|4|-4|0|0|106|1,-2|-2|-4|-4|21|-50|127|-115,0|0|0|0|-16|-115|69|-16,0|0|0|0|97|1|0|65,98|98|100|100|65367|30741|52757|24447,1,0,6,1,0,208
399,0,11,6,0,6,0,0,0,8|8|4|4|2|2|67|231,255|255|255|255|255|255|201|15,2|-2|4|-4|6|-6|1|-123,-2|-2|-4|-4|-6|-6|0|-117,0|0|0|0|0|0|35|-25,0|0|0|0|0|0|15|-123,98|98|100|100|99|99|3202|231,1,0,6,1,0,208
400,0,3,1,3,1,0,0,0,149|124|97|139|69|24|141|85,255|82|80|139|8|255|81|12,0|-16|-123|-10|124|69|-117|69,6|-117|117|-4|59|5|120|63,0|127|-117|85|-8|-117|77|-12,0|-123|115|-26|0|0|59|13,35|32718|34063|58983|0|5435|16256|32718,0,0,0,1,255,208
401,0,2,1,3,1,0,0,0,149|0|83|87|232|42|0|0,255|139|240|139|69|24|80|139,0|-1|81|8|-117|-58|95|94,6|-55|-62|20|0|86|87|-117,0|36|16|-66|120|63|-50|127,0|-91|-91|-91|95|51|-64|94,35|22016|29835|3108|27223|22864|49203|65163,0,0,0,1,255,208
402,0,4,1,3,1,0,0,0,150|71|8|80|255|21|140|22,98|127|15|183|71|12|128|228,0|104|4|1|0|0|-119|6,6|71|4|-119|70|32|-115|70,0|80|87|-24|70|-3|-3|-1,0|-58|48|1|0|0|106|14,35|43752|65146|24575|49203|49758|8|17547,0,0,0,1,255,208
403,0,3,1,3,1,0,0,0,150|36|8|59|193|87|15|131,98|230|0|0|141|60|128|57,0|-70|15|-123|-1|-27|0|0,6|94|-62|8|0|106|-20|-1,0|36|8|-1|21|108|19|-50,0|-125|124|36|8|0|116|18,35|27216|65516|9332|65292|22549|52755|49791,0,0,0,1,255,208
404,0,2,1,3,1,0,0,0,150|246|15|132|223|229|0|0,98|0|104|92|53|208|127|86,0|16|0|0|0|86|-1|21,6|24|-50|127|-24|-47|-12|-3,0|94|-62|4|0|85|-117|-20,0|86|87|-24|-74|-12|-3|-1,35|34056|4086|50820|229|33536|2149|33536,0,0,0,1,255,208
405,0,5,1,3,1,0,0,0,151|56|131|192|8|81|80|86,98|85|12|133|255|139|199|117,0|-1|69|8|-125|-61|4|-117,6|8|59|6|125|8|-117|3,0|-64|116|-19|-21|-45|-24|119,0|-3|-1|95|94|91|93|-62,35|19595|1060|17547|2084|16683|33540|2280,0,0,0,1,255,208
406,0,5,1,3,1,0,0,0,152|168|129|214|127|0|83|86,98|139|61|172|129|214|127|131,120|-84|-127|-42|127|0|72|120,6|-115|12|-128|-115|88|1|-115,0|-113|-1|54|-1|21|4|22,0|127|-125|-18|20|75|117|-14,35|3700|65367|62485|52757|27263|59393|4,0,0,0,1,255,208
407,0,5,1,3,1,0,0,0,153|36|20|41|5|80|129|214,98|15|133|136|0|0|0|139,120|72|-127|-42|127|-117|53|76,6|-42|127|51|-19|59|-35|15,0|-1|-28|0|0|-95|40|117,0|127|-117|56|79|120|24|87,35|29992|32726|5631|6212|32718|28729|29956,0,0,0,1,255,208
408,0,5,1,3,1,0,0,0,154|127|85|83|255|215|61|2,98|0|0|117|26|59|245|116,120|85|85|104|1|4|0|0,6|-1|21|-40|16|-50|127|104,0|7|0|0|83|-1|-41|83,0|21|92|22|-50|127|-24|115,35|14847|19509|54913|30079|35084|18477|54913,0,0,0,1,255,208
409,0,5,2,3,2,0,0,0,152|152|0|255|116|36|4|255,98|98|117|214|127|255|21|68,120|120|127|-1|48|-1|21|92,6|6|127|-1|116|36|4|-1,-7|7|117|-42|127|-1|21|88,0|0|127|-95|40|117|-42|127,35|35|30340|228|49664|4|35669|33260,0,0,0,1,255,208
410,0,5,3,3,3,0,0,0,152|152|153|116|9|83|83|80,98|98|98|80|255|255|139|70,120|120|120|116|113|-115|-115|-4,6|6|6|81|80|-24|41|-1,-9|9|0|-64|116|96|-115|-123,6|6|0|-1|80|-1|21|-44,35|35|35|14213|228|36096|48261|65533,0,0,0,1,255,208
411,0,8,1,0,1,0,0,0,128|255|15|132|51|228|0|0,255|255|21|116|22|206|127|141,0|-68|-3|-1|-1|80|-115|-123,0|-2|-1|-1|80|-24|29|0,0|0|-115|-123|-4|-2|-1|-1,0|-115|-123|-68|-3|-1|-1|80,57|47872|65534|35679|24259|51547|2242|21248,1,0,0,7,6,208
412,0,6,1,0,1,0,0,0,128|15|133|236|227|0|0|95,255|91|194|8|0|85|139|236,0|81|-1|117|8|-125|101|-8,0|-125|101|-4|0|-115|69|-8,0|-1|21|104|20|-50|127|-9,0|27|-64|64|-55|-62|4|0,57|33260|1260|1|35584|2117|32131|12,1,0,0,7,6,208
413,0,4,1,0,1,0,0,0,128|255|255|117|12|104|4|1,255|0|80|232|146|38|254|255,0|117|16|-115|-123|-4|-2|-1,0|80|86|-24|5|0|0|0,0|-55|-62|12|0|85|-117|-20,0|-20|16|1|0|0|83|-117,57|13142|36342|8259|35159|62533|17863|1532,1,0,0,7,6,208
414,0,10,2,0,2,0,0,0,128|128|125|16|15|133|203|227,255|255|86|86|141|133|240|254,0|0|104|4|1|0|0|80,-1|-1|-46|0|0|0|-117|-77,9|-9|0|0|106|1|-9|-42,0|0|4|95|35|-9|116|22,57|57|65535|59472|61992|65534|15718|23117,1,0,0,7,6,208
415,0,8,2,0,2,0,0,0,128|128|133|246|139|248|116|40,255|255|240|254|255|255|80|232,0|0|-2|-1|-123|-64|15|-123,0|0|0|0|-115|-123|-16|-2,9|-9|80|-24|102|18|-1|-1,0|0|15|-123|116|-29|0|0,57|57|34063|58309|0|30207|59404|27012,1,0,0,7,6,208
416,0,6,1,0,1,0,0,0,113|0|0|137|69|252|51|246,255|117|252|124|57|247|223|27,0|86|-1|117|12|-127|-25|-2,-1|0|0|71|71|106|1|87,0|83|-87|-1|-1|86|-1|117,4|106|1|104|0|0|4|0,76|65449|14847|4213|3188|30207|65292|62581,1,0,0,7,6,208
417,0,4,1,0,1,0,0,0,113|139|236|129|236|12|2|0,255|83|86|139|117|8|87|139,0|124|-10|-60|16|15|-123|-125,-1|0|0|51|-37|57|94|72,0|-124|-72|-29|0|0|-117|70,4|59|-61|15|-124|-57|-29|0,76|6221|57731|20737|36237|65276|65535|20561,1,0,0,7,6,208
418,0,5,1,0,1,0,0,0,114|15|133|172|227|0|0|57,255|12|116|19|255|117|16|141,0|-4|-2|-1|-1|80|-1|117,-1|-1|21|32|22|-50|127|-117,0|20|59|-5|15|-123|-66|-29,4|0|57|94|72|116|12|56,95|65534|4095|52612|227|13056|24512|23390,1,0,0,7,6,208
419,0,6,2,0,2,0,0,0,113|113|36|20|232|173|45|254,255|255|240|133|246|116|62|139,0|0|12|-125|127|36|0|117,-1|-1|116|36|16|87|-24|49,9|-9|0|106|1|-125|-57|4,0|0|-24|-88|0|0|0|-117,76|76|35594|27142|22016|20735|35616|35832,1,0,0,7,6,208
420,0,7,2,0,2,0,0,0,114|114|8|0|85|139|236|129,255|255|2|0|0|83|86|87,0|0|8|-117|71|72|-123|-64,-1|-1|97|-29|0|0|-115|-115,9|-9|-1|-1|81|80|-24|0,0|0|-1|-123|-64|15|-124|76,95|95|32951|0|36096|64645|65534|20735,1,0,0,7,6,208
421,0,9,4,0,4,0,0,0,114|114|128|128|141|133|248|253,255|255|255|255|27|246|141|95,0|0|0|0|-1|51|-24|-57,-1|-1|-2|-2|-64|116|15|86,9|-9|16|-16|1|0|0|0,0|0|0|0|-50|127|51|-64,95|95|57|57|60555|35665|2117|22099,1,0,0,7,6,208
422,0,8,1,0,2,0,0,0,128|128|0|165|165|139|67|36,255|255|129|99|124|0|30|0,-6|6|-10|59|-58|15|-123|-52,6|6|0|57|115|72|-119|117,0|0|13|-125|75|124|1|83,0|0|1|0|0|-119|69|8,13|14|33540|31819|35586|20547|50747|34063,0,0,0,7,98,208
423,0,6,1,0,2,0,0,0,128|128|124|8|139|67|88|59,255|255|9|128|56|0|116|4,-6|6|124|16|-117|67|92|59,6|6|-123|-106|-30|0|0|-117,0|0|59|-58|15|-123|-99|-30,0|0|-117|125|12|-115|69|-4,13|14|3979|19562|22352|20991|35600|34288,0,0,0,7,98,208
424,0,8,2,0,2,0,0,0,128|128|67|72|133|192|116|9,255|255|232|247|1|0|0|139,-6|6|-10|15|-116|-127|0|0,6|6|67|76|-123|-64|116|9,0|0|-24|29|2|0|0|-117,0|0|-10|124|109|-10|67|124,13|14|226|34048|31990|63071|31811|29704,0,0,0,7,98,208
425,0,7,2,0,4,0,0,0,128|128|128|128|116|11|255|115,255|255|255|255|2|0|0|139,-5|5|-7|7|53|-10|67|124,7|7|5|5|-30|0|0|-123,0|0|0|0|67|124|64|15,0|0|0|0|0|-123|-10|124,13|14|13|14|0|61579|63109|2684,0,0,0,7,98,208
426,0,8,4,0,4,0,0,0,128|128|128|128|160|83|232|68,255|255|255|255|198|95|94|91,-5|5|-7|7|85|-117|-20|-125,7|7|5|5|117|8|87|51,0|0|0|0|-123|-64|116|44,0|0|0|0|80|-24|42|0,13|14|13|14|36123|61509|17863|4336,0,0,0,7,98,208
427,0,6,4,0,6,0,0,0,128|128|128|128|128|128|95|94,255|255|255|255|255|255|236|81,-5|5|-7|7|-6|6|-119|93,7|7|5|5|6|6|0|0,0|0|0|0|0|0|49|-24,0|0|0|0|0|0|59|-13,13|14|13|14|13|14|49285|10357,0,0,0,7,98,208
428,0,7,6,0,6,0,0,0,128|128|128|128|128|128|115|56,255|255|255|255|255|255|117|252,-5|5|-7|7|-6|6|-21|-65,7|7|5|5|6|6|102|59,0|0|0|0|0|0|3|-15,0|0|0|0|0|0|-20|43,13|14|13|14|13|14|393|45291,0,0,0,7,98,208
429,0,6,4,0,6,0,0,0,128|128|128|128|113|113|235|234,255|255|255|255|255|255|93|16,-5|5|-7|7|-6|6|-37|87,7|7|5|5|6|6|117|8,0|0|0|0|0|0|0|0,0|0|0|0|0|0|0|0,13|14|13|14|96|115|65304|3189,0,0,0,7,98,208
430,0,5,4,0,4,0,0,0,113|113|113|113|139|69|20|133,255|255|255|255|219|15|133|79,-6|6|-7|7|69|16|95|94,6|6|5|5|0|-117|77|-4,0|0|0|0|-21|-27|85|-117,0|0|0|0|117|12|-24|112,96|115|96|115|19853|35324|64581|1675,0,0,0,7,98,208
431,0,6,2,0,2,0,0,0,114|114|6|106|0|255|117|252,255|255|12|86|255|80|16|94,-7|7|8|0|85|-117|-20|-117,7|7|-117|77|8|86|87|-117,0|0|17|-115|125|12|87|86,0|0|-1|82|16|-123|-64|124,15|53|34063|57582|0|24159|49757|8,0,0,0,7,98,208
432,0,5,2,0,8,0,0,0,114|114|114|114|114|114|114|114,255|255|255|255|255|255|255|255,-7|7|-9|9|-8|8|-6|6,7|7|5|5|6|6|8|8,0|0|0|0|0|0|0|0,0|0|0|0|0|0|0|0,15|53|15|53|15|53|15|53,0,0,0,7,98,208
433,0,2,1,0,2,0,0,0,149|149|21|248|19|206|127|59,255|255|15|133|130|224|0|0,-9|9|16|0|-21|-35|90|104,0|0|-48|127|104|-52|-124|-42,0|0|-21|12|90|104|64|63,0|0|104|-12|-124|-42|127|82,256|257|32718|2993|35669|20972|60547|65340,0,0,0,1,255,208
434,0,3,2,0,2,0,0,0,149|149|140|0|0|0|80|232,255|255|0|0|80|102|255|117,-9|9|-1|117|20|-1|21|84,0|0|127|-104|-24|119|0|0,0|0|126|0|0|0|-55|-62,0|0|-79|4|85|-117|-20|81,256|257|30207|59400|98|0|59472|104,0,0,0,1,255,208
435,0,4,2,0,2,0,0,0,150|150|232|77|0|0|0|232,255|255|0|0|201|194|20|0,-9|9|-21|2|-79|12|85|-117,0|0|-125|-20|60|102|-1|117,0|0|-1|117|12|-1|21|84,0|0|127|-104|-55|-62|8|0,256|257|32718|9727|4556|32718|9727|4560,0,0,0,1,255,208
436,0,5,3,0,3,0,0,0,150|150|150|127|255|37|212|21,255|255|255|37|216|21|206|127,-9|9|0|21|-50|127|-1|37,0|0|-9|127|-1|37|84|20,0|0|0|30|-47|127|-53|30,0|0|0|31|-47|127|-62|31,256|257|209|8245|32721|8318|32721|8424,0,0,0,1,255,208
437,0,6,4,0,4,0,0,0,150|150|150|150|108|49|54|51,255|255|255|255|117|110|107|68,-9|9|-9|9|54|0|83|104,0|0|0|0|54|95|84|104,0|0|0|0|97|116|97|49,0|0|14|14|-42|127|59|-13,256|257|256|257|50950|256|0|13056,0,0,0,1,255,208
438,0,6,3,0,3,0,0,0,151|151|150|0|80|141|69|240,255|255|255|0|255|182|80|27,-10|10|0|117|8|-24|-41|-39,0|0|-9|-64|117|17|-117|3,0|0|0|-119|69|-4|116|7,0|0|0|1|0|0|0|-1,256|257|209|59903|56092|65533|49203|49641,0,0,0,1,255,208
439,0,6,4,0,4,0,0,0,151|151|150|150|229|253|255|9,255|255|255|255|127|233|16|229,-10|10|0|0|-128|-42|127|35,0|0|-9|9|52|-128|-42|127,0|0|0|0|-1|-95|52|-128,0|0|0|0|11|-58|-93|52,256|257|209|208|35596|49616|746|51771,0,0,0,1,255,208
440,0,6,4,0,4,0,0,0,152|152|151|151|0|85|139|236,255|255|255|255|0|0|141|69,-12|12|0|0|69|-84|80|104,0|0|-11|-11|-1|117|8|51,0|0|-6|6|39|0|0|0,0|0|0|0|-1|-123|-64|116,256|257|209|209|17805|27348|20519|30207,0,0,0,1,255,208
441,0,6,4,0,4,0,0,0,153|153|151|151|255|104|164|112,255|255|255|255|21|152|19|206,-12|12|0|0|-115|69|-4|-119,0|0|-11|-11|-123|16|-1|-1,0|0|-6|6|0|0|0|-128,0|0|0|0|-1|-123|-64|15,256|257|209|209|0|19523|18771|23620,0,0,0,1,255,208
442,0,6,5,0,5,0,0,0,151|151|151|151|151|114|105|101,255|255|255|255|255|232|244|184,0|-10|10|-10|10|-42|127|-123,-11|0|0|0|0|36|4|80,0|0|0|0|0|-123|-64|116,0|7|7|-7|-7|106|0|80,209|256|257|256|257|59647|47314|65535,0,0,0,1,255,208
443,0,6,6,0,6,0,0,0,151|151|151|151|151|154|196|85,255|255|255|255|255|255|0|255,0|-10|10|-10|10|0|0|104,-11|0|0|0|0|13|96|17,0|0|0|0|0|0|-117|85,0|7|7|-7|-7|0|-117|-14,209|256|257|256|257|208|19851|33544,0,0,0,1,255,208
444,0,2,1,9,1,0,0,0,2|69|148|35|52|117|52|255,10|4|199|69|248|96|0|0,0|106|74|80|-1|21|116|19,5|127|94|95|-55|-62|8|0,0|-64|-21|-8|0|0|83|104,0|108|108|95|84|114|97|121,172|100|17547|1060|22099|13707|5252|32718,0,0,0,0,255,112
445,0,2,1,0,1,0,0,0,1|240|112|214|127|255|214|104,255|128|214|127|104|120|88|206,0|104|0|0|0|-128|-24|-59,9|-1|-1|-117|53|-92|22|-50,0|-65|104|114|-50|127|104|64,0|-42|127|87|104|1|0|0,39|26838|33340|32726|26711|2|32768|55039,0,0,0,25,255,208
446,0,2,1,0,1,0,0,0,1|115|214|127|232|201|183|255,255|131|61|40|115|214|127|1,0|72|-1|21|-12|20|-50|127,12|-92|3|0|0|-93|-96|-125,0|127|15|-124|55|-28|1|0,0|-88|3|0|0|15|-124|44,6|15616|949|0|33807|58401|1|46653,0,0,0,13,255,208
447,0,4,1,5,1,0,0,0,4|232|74|13|0|0|139|216,255|164|106|5|232|67|13|0,0|-93|72|115|-42|127|-21|-86,7|0|0|0|0|0|83|111,0|116|119|97|114|101|92|77,0|99|114|111|115|111|102|116,582|28265|28516|29559|17244|29301|25970|29806,0,0,0,26,255,208
448,0,3,1,0,1,0,0,0,2|85|139|236|131|236|24|83,255|51|219|87|137|93|236|137,0|-12|-24|-21|1|0|0|106,10|-24|31|-6|-1|-1|106|12,0|69|-8|-24|21|-6|-1|-1,0|11|-119|69|-16|-24|11|-6,126|11161|27330|35596|53744|59646|63997|65535,1,0,0,16,255,208
449,0,2,1,0,1,0,0,0,1|0|128|209|255|232|150|166,255|255|133|192|117|66|255|117,0|104|64|116|-50|127|-1|117,14|-24|56|2|0|0|86|104,0|116|-50|127|-1|117|-4|-117,0|-119|125|-8|-24|37|2|0,99|26728|52852|65407|64629|61579|5608|2,0,0,0,20,255,208
450,0,8,1,0,1,0,0,0,128|76|2|0|0|59|216|137,255|232|15|143|30|227|1|0,-7|-8|8|15|-114|28|-29|1,20|-24|104|-74|-1|-1|-125|61,0|113|-42|127|0|116|106|-117,0|-8|-117|29|24|115|-42|127,171|29048|32726|34063|58112|1|17803|14832,0,0,0,7,98,208
451,0,3,1,0,1,0,0,0,2|15|133|229|226|1|0|57,255|32|115|214|127|15|133|217,0|1|0|59|-37|15|-123|-47,9|1|0|-57|69|-12|1|0,0|0|-24|27|-74|-1|-1|51,0|57|69|-12|116|9|57|69,59|3205|483|35584|62533|24159|51547|1218,0,0,0,1,255,208
452,0,4,1,0,1,0,0,0,1|163|16|115|214|127|137|29,255|115|214|127|137|53|124|113,0|127|-119|61|32|115|-42|127,10|9|-125|-5|4|15|-114|-113,0|1|0|-125|37|12|115|-42,0|0|-125|61|28|115|-42|127,27|50954|7173|54899|11903|0|33536|32829,0,0,0,13,255,192
453,0,4,2,0,2,0,0,0,1|1|0|0|133|192|15|132,255|255|1|0|233|106|255|255,0|0|0|0|0|0|83|104,10|10|108|32|73|99|111|110,-4|4|105|122|101|0|83|104,12|12|108|32|83|109|97|108,20|20|28271|21280|31337|101|0|26707,0,0,0,13,255,112
454,0,8,1,0,1,0,0,0,5|116|114|111|108|32|80|97,255|101|108|92|68|101|115|107,0|111|112|92|87|105|110|100,11|119|77|101|116|114|105|99,0|0|85|-117|-20|81|86|-115,0|-4|87|80|-66|-12|1|0,262|29940|32718|616|0|35712|59646|42190,0,0,0,6,255,208
455,0,10,1,0,1,0,0,0,8|0|0|0|255|117|252|139,255|232|94|164|255|255|133|255,0|-116|1|-30|1|0|57|61,11|115|-42|127|15|-123|-4|-31,0|0|51|-64|95|94|-55|-61,0|0|83|111|102|116|119|97,263|19804|25449|28530|28531|29798|22364|28265,0,0,0,6,255,208
456,0,12,1,0,1,0,0,0,10|111|110|92|69|120|112|108,255|114|101|114|0|0|77|97,0|32|67|97|99|104|101|100,11|73|99|111|110|115|0|0,0|0|0|0|0|0|85|-117,0|-125|-20|24|51|-64|57|69,264|36133|64589|17800|20968|19853|20968|20560,0,0,0,6,255,208
457,0,14,1,0,1,0,0,0,15|255|128|125|232|48|125|5,255|69|16|235|16|128|125|232,0|127|-11|-115|69|-24|80|-1,11|0|24|-50|127|-55|-62|12,0|83|86|87|106|0|-1|21,0|17|-50|127|-117|29|-124|16,265|63627|3178|65367|27347|22286|61579|54271,0,0,0,6,255,208
458,0,3,1,0,1,0,0,0,1|195|85|139|236|131|236|56,255|86|106|12|51|219|94|141,0|-56|83|104|0|4|0|0,9|-119|117|-12|-24|-10|-69|-1,0|57|93|8|15|-124|3|1,0|0|57|93|12|15|-124|-6,58|35584|58437|19851|3272|26120|30089|9440,0,0,0,25,255,208
459,0,2,1,0,1,0,0,0,4|249|26|51|200|95|131|225,255|106|67|51|193|102|199|69,0|1|0|36|-65|-119|125|-24,9|127|11|-58|-128|-28|1|-119,0|-28|-24|-90|-10|-1|-1|-123,0|117|124|-115|69|-4|80|104,59|2|26707|30448|32718|360|0|59520,0,0,0,25,255,208
460,0,2,1,0,1,0,0,0,8|224|80|141|69|236|80|83,255|48|119|206|127|199|69|240,0|0|0|0|-1|117|-4|-24,9|-94|-1|-1|-117|-40|-115|69,0|80|-115|69|-8|80|106|0,0|0|104|64|119|-50|127|-1,60|56311|56091|59459|41685|65535|49285|3957,0,0,0,25,255,208
461,0,2,3,0,3,0,0,0,6|5|5|133|162|255|255|133,255|255|255|102|131|125|226|1,0|-2|2|-32|1|0|-117|77,9|8|8|69|-32|12|0|-125,0|-2|2|4|102|-119|77|-32,0|0|0|-117|-63|-115|117|-32,59|279|280|33736|993|42227|35679|24259,0,0,0,25,255,208
462,0,2,4,0,4,0,0,0,253|253|4|4|115|111|102|116,255|255|255|255|100|111|119|115,0|0|0|0|114|101|110|116,9|9|9|9|105|111|110|92,0|0|-10|10|111|114|101|114,-7|7|9|9|105|110|101|116,600|619|581|581|29812|28265|29543|0,0,0,0,25,255,208
463,0,2,6,0,6,0,0,0,253|253|253|253|4|4|0|0,255|255|255|255|255|255|133|180,0|0|0|0|0|0|117|8,9|9|9|9|9|9|-123|-64,-6|-6|6|6|-14|14|-115|-123,-7|7|-7|7|9|9|119|-50,600|619|600|619|581|581|65535|49285,0,0,0,25,255,208
464,0,5,1,0,1,0,0,0,2|223|1|0|141|133|180|254,98|255|80|232|136|244|255|255,0|-10|116|38|-123|-64|116|34,0|-123|-76|-2|-1|-1|80|-1,0|24|-1|117|20|104|-36|119,0|127|-1|117|28|104|-16|119,66|5631|5508|32718|63627|51083|24159|49865,1,0,0,13,255,208
465,0,3,1,0,1,0,0,0,6|0|0|0|0|0|46|83,98|101|108|108|67|108|97|115,0|73|110|102|111|0|85|-117,0|-125|-20|40|86|-115|69|-40,0|117|24|51|-10|106|40|80,0|117|16|-1|117|12|-1|117,73|65321|65535|49285|4980|30207|36116|55365,1,0,0,13,255,208
466,0,3,1,0,1,0,0,0,12|194|20|0|139|76|36|4,98|192|138|81|2|246|194|128,0|10|15|-73|1|-115|68|1,0|-62|4|0|102|57|1|15,0|46|-33|1|0|15|-74|-46,0|-6|31|116|-27|-21|-22|85,123|17803|21256|22358|32139|36108|32820|362,1,0,0,13,255,208
467,0,3,2,0,2,0,0,0,10|10|255|255|139|216|133|219,98|98|141|69|12|199|69|12,0|0|0|0|80|-115|69|8,0|0|106|0|-1|-74|-44|45,-6|6|83|-1|21|56|23|-50,0|0|-24|125|-96|-1|-1|15,143|144|23899|3266|21760|60555|15747|29056,1,0,0,13,255,208
468,0,3,3,0,3,0,0,0,10|10|10|21|4|24|206|127,98|98|98|235|255|255|131|248,0|0|0|93|-62|12|0|-1,0|-1|-1|117|12|-1|117|8,0|-12|12|0|-24|-73|101|1,0|0|0|85|-117|-20|-127|-20,73|73|73|14838|25653|54914|29823|41224,1,0,0,13,255,208
469,0,3,8,0,8,0,0,0,250|252|252|250|251|251|251|251,255|255|255|255|255|255|255|255,0|0|0|0|0|0|0|0,7|7|7|7|7|7|7|7,-18|-6|6|18|-18|-6|6|18,-7|-7|-7|-7|7|7|7|7,767|768|769|770|786|787|788|789,0,0,0,14,255,192
470,0,4,1,0,1,0,0,0,1|130|214|127|1|0|0|0,255|235|148|0|0|0|84|122,0|127|0|0|0|0|1|0,21|0|72|122|-50|127|0|0,0|0|1|0|0|0|64|122,0|127|60|122|-50|127|1|0,67|31280|32718|0|0|2|0|31268,-1,0,0,20,255,208
471,0,1,1,0,1,0,0,0,4|127|1|0|0|0|24|122,255|127|0|122|206|127|1|0,0|0|-16|121|-50|127|-24|121,20|127|1|0|0|0|57|54,0|48|0|0|0|0|83|77,0|82|84|67|84|82|46|69,70|0|0|11313|12320|8236|11312|12320,-1,0,0,20,255,208
472,0,1,1,0,1,0,0,0,8|88|80|76|79|46|69|88,255|0|82|78|65|65|80|80,0|69|88|69|0|0|72|79,20|68|79|71|52|46|69|88,0|0|55|46|48|0|81|80,0|46|69|88|69|0|80|82,219|14158|11824|22597|69|20567|18775|14158,-1,0,0,20,255,208
473,0,1,2,0,2,0,0,0,8|8|4|64|141|4|197|44,255|255|0|80|106|64|255|21,0|0|-50|127|-117|-40|-123|-37,20|20|-36|-35|1|0|-117|6,-4|4|-117|8|-1|81|4|106,0|0|123|8|89|-57|3|-24,218|218|1091|1|0|17293|62248|35749,-1,0,0,20,255,208
474,0,1,4,0,4,0,0,0,6|6|6|6|20|141|67|44,255|255|255|255|139|69|12|137,0|0|0|0|91|-55|-62|8,3|1|3|1|-63|-30|3|64,-8|-8|8|8|-119|77|-4|-21,0|0|0|0|-117|118|28|-117,578|578|578|578|61955|33625|6378|62280,1,0,0,20,255,208
475,0,1,8,0,8,0,0,0,6|6|6|6|6|6|6|6,255|255|255|255|255|255|255|255,0|0|0|0|0|0|0|0,4|2|0|-2|4|2|0|-2,-8|-8|-8|-8|8|8|8|8,0|0|0|0|0|0|0|0,578|578|578|578|578|578|578|578,1,0,0,20,255,208
476,0,2,1,9,1,0,0,0,3|1|0|0|139|240|232|103,10|255|255|232|66|2|0|0,0|-112|-128|-42|127|-123|-64|116,5|80|-24|-67|-99|-1|-1|-95,0|-126|-42|127|-123|-64|116|6,0|-24|-82|-99|-1|-1|-95|60,172|34175|29888|20486|40936|65437|35839|24262,0,0,0,0,255,112
477,0,2,2,9,2,0,0,0,4|4|133|189|220|1|0|161,10|10|214|127|133|192|15|133,-4|4|1|0|-95|112|-126|-42,5|5|-64|15|-123|-77|-36|1,0|0|-61|-61|-24|-19|-83|-1,0|0|-68|-128|-42|127|-123|-64,172|172|65535|59472|47338|1|9603|32956,0,0,0,0,255,112
478,0,2,4,9,4,0,0,0,5|5|5|5|0|195|161|116,10|10|10|10|192|15|133|147,0|0|-1|1|-95|0|-125|-42,5|5|5|5|-123|-83|-36|1,-4|4|-6|6|-126|-42|127|86,0|0|0|0|15|-123|-74|-36,172|172|172|172|59519|1|0|22211,0,0,0,0,255,112
479,0,2,5,9,5,0,0,0,6|6|6|6|6|131|38|0,10|10|10|10|10|130|214|127,0|0|0|-1|1|1|0|-61,5|5|5|5|5|127|0|15,0|4|-4|-6|6|-95|120|-126,0|0|0|0|0|15|-123|83,172|172|172|172|172|49285|34063|56663,0,0,0,0,255,112
480,0,2,7,9,7,0,0,0,7|7|7|7|7|7|7|133,10|10|10|10|10|10|10|129,0|0|0|-1|1|-2|2|1,5|5|5|5|5|5|5|-123,0|4|-4|-6|6|-8|8|127,0|0|0|0|0|0|0|31,172|172|172|172|172|172|172|20991,0,0,0,0,255,112
481,0,2,8,9,8,0,0,0,8|8|8|8|8|8|8|8,10|10|10|10|10|10|10|10,0|0|0|-1|1|-2|2|0,6|5|5|5|5|5|5|7,0|4|-4|-6|6|-8|8|0,0|0|0|0|0|0|0|8,172|172|172|172|172|172|172|172,0,0,0,0,255,112
482,0,4,1,0,1,0,0,0,3|94|95|194|4|0|161|52,107|214|127|133|192|15|133|165,0|1|0|-95|20|-125|-42|127,7|-64|15|-123|-86|-36|1|0,0|-1|116|36|4|-24|17|0,0|0|-125|124|36|4|0|15,601|476|27136|22529|1218|21248|13141|22253,0,0,0,26,255,208
483,0,2,1,0,1,0,0,0,4|29|68|24|206|127|59|197,105|133|193|220|1|0|161|92,0|-42|127|59|-59|15|-123|39,7|1|0|95|94|93|91|-62,0|0|-125|61|4|-125|-42|127,0|15|-123|81|-35|1|0|-125,582|54915|127|34063|56661|1|27331|65281,0,0,0,26,255,208
484,0,2,3,0,3,0,0,0,8|3|3|0|83|86|87|191,105|107|107|0|87|232|78|156,0|-1|1|117|8|106|1|90,7|7|7|-30|-123|-62|117|97,0|-4|4|-1|-1|-1|106|1,0|0|0|104|0|4|0|0,582|601|601|34303|30168|22086|44264|65535,0,0,0,26,255,208
485,0,2,3,0,3,0,0,0,8|8|8|104|126|206|127|80,105|105|105|22|206|127|139|53,0|0|0|127|106|1|-1|-42,7|6|6|-115|69|-28|80|-24,0|-9|9|-1|-123|-64|15|-123,0|0|0|0|-1|117|-8|-1,582|582|582|49865|4|0|0|30017,0,0,0,26,255,208
486,0,2,4,0,4,0,0,0,8|8|8|8|36|8|232|211,105|105|105|105|8|0|85|139,0|0|0|0|16|-119|69|-4,7|7|6|6|-1|117|12|-1,-4|4|-14|14|0|0|0|-55,0|0|0|0|86|-1|117|12,582|582|582|582|61579|63109|12404|30207,0,0,0,26,255,208
487,0,2,4,7,4,0,0,0,251|251|251|251|21|206|127|133,255|255|255|255|222|1|0|59,0|0|0|0|86|-1|21|-12,2|2|2|2|69|8|94|93,-6|6|-6|6|-117|-20|-127|-20,-7|-7|7|7|-117|69|12|86,683|702|721|740|51589|20341|34150|29888,0,0,0,26,255,208
488,0,3,1,0,1,0,0,0,2|255|117|8|255|21|188|19,255|127|133|192|116|43|141|133,0|-2|-1|-1|80|-1|21|100,-4|-50|127|64|80|106|64|-1,0|-8|21|-50|127|-117|-16|-123,0|116|14|-115|-123|-4|-2|-1,126|65366|15381|52758|35711|24262|49865|8,1,0,0,16,255,208
489,0,3,2,0,2,0,0,0,2|2|0|80|255|21|100|24,255|255|133|192|116|30|51|201,0|0|57|76|36|16|15|-108,-4|-4|72|8|-117|76|36|12,0|0|3|-63|-23|2|-63|-31,0|0|72|4|94|-62|12|0,126|126|15747|29700|32726|22016|362|30046,1,0,0,16,255,208
490,0,3,2,0,2,0,0,0,4|4|148|0|0|0|255|21,255|255|206|127|139|68|36|8,0|0|0|15|-124|-105|-35|1,-4|-4|15|-124|127|-35|1|0,0|0|-124|112|-35|1|0|72,0|0|87|-35|1|0|72|15,214|214|18432|34063|56627|1|13625|29568,1,0,0,16,255,208
491,0,3,4,0,4,0,0,0,5|5|2|2|80|255|117|12,255|255|255|255|206|127|141|69,0|0|0|0|-52|-2|-1|-1,-4|-4|-4|-4|127|80|-1|21,0|0|-8|8|-125|-60|12|-115,0|0|0|0|-123|-52|-2|-1,214|214|126|126|51524|65535|49285|46965,1,0,0,16,255,208
492,0,3,4,0,4,0,0,0,252|252|252|252|127|137|117|8,255|255|255|255|1|201|255|255,0|0|0|0|-1|117|12|-24,-3|-3|-3|-3|-21|-119|57|117,-6|6|-6|6|93|-4|-21|-20,-7|-7|7|7|114|116|79|114,239|240|258|259|35584|9284|15620|1,1,0,0,16,255,208
493,0,3,8,0,8,0,0,0,252|252|252|252|252|252|252|252,255|255|255|255|255|255|255|255,-1|-1|-1|-1|1|1|1|1,-3|-3|-3|-3|-3|-3|-3|-3,-6|6|-6|6|-6|6|-6|6,-7|-7|7|7|-7|-7|7|7,239|240|258|259|239|240|258|259,1,0,0,16,255,208
494,0,8,1,0,1,0,0,0,128|246|255|116|36|8|255|21,255|23|206|127|128|56|46|116,0|-117|-58|94|-62|8|0|64,0|56|123|15|-124|127|-7|1,0|-21|-18|85|-117|-20|81|-1,0|16|-125|101|-4|0|-1|117,57|65379|65535|49285|7284|32131|16|19853,1,0,0,7,6,208
495,0,9,2,0,2,0,0,0,128|128|100|249|1|0|139|69,255|255|194|12|0|232|46|200,0|0|-21|-22|-117|68|36|4,-1|-1|3|15|-125|82|-7|1,9|-9|4|64|-1|52|-59|8,0|0|127|-24|3|0|0|0,57|57|29951|2084|20584|54912|59519|65325,1,0,0,7,6,208
496,0,9,2,0,2,0,0,0,113|113|127|232|46|219|255|255,255|255|248|232|182|209|255|255,0|0|95|94|-62|4|0|0,-1|-1|0|0|0|0|85|-117,9|-9|-20|28|1|0|0|83,0|0|8|86|87|-115|67|3,76|76|35080|63613|138|32137|18672|17863,1,0,0,7,6,208
497,0,9,2,0,2,0,0,0,114|114|208|129|214|127|137|69,255|255|0|59|199|116|27|255,0|0|80|-1|117|12|-1|21,-1|-1|-50|127|-24|-63|-41|-1,9|-9|-64|95|94|91|-55|-62,0|0|-24|-77|-41|-1|-1|87,95|95|65535|63619|3842|61828|0|65280,1,0,0,7,6,208
498,0,9,4,0,4,0,0,0,114|114|128|128|255|21|60|22,255|255|255|255|238|0|128|251,0|0|0|0|-8|1|0|-128,-1|-1|-2|-2|113|-8|1|0,9|-9|16|-16|-124|104|-8|1,0|0|0|0|-58|65|86|-24,95|95|57|57|65252|65535|21248|21331,1,0,0,7,6,208
499,0,9,6,0,6,0,0,0,114|114|128|128|128|128|255|80,255|255|255|255|255|255|117|240,0|0|0|0|0|0|-1|117,-1|-1|-2|-2|0|0|-66|0,9|-9|16|-16|30|-30|56|-126,0|0|0|0|0|0|0|-117,95|95|57|57|57|57|30207|22032,1,0,0,7,6,208
500,0,3,1,0,1,0,0,0,149|139|61|244|21|206|127|139,255|133|192|15|133|198|248|1,0|86|-1|21|100|22|-50|127,6|80|106|64|-1|21|-8|21,0|127|-117|77|-12|-123|-64|-119,0|116|8|86|80|-1|21|60,241|59519|54970|65535|65366|59863|65265|65535,0,0,0,1,255,208
501,0,4,1,0,1,0,0,0,150|24|60|4|15|132|143|248,98|0|60|5|15|134|107|248,0|0|60|7|15|-121|91|-8,6|0|-24|65|-92|1|0|-95,0|113|-42|127|-9|-40|27|-64,0|-32|6|5|4|36|0|0,241|35264|64581|13033|65535|33791|9340|4,0,0,0,1,255,208
502,0,5,1,0,1,0,0,0,152|129|236|172|1|0|0|83,98|87|51|255|255|117|8|137,0|-4|-57|69|-8|1|0|0,6|-24|6|-20|-1|-1|104|4,0|0|0|-117|-40|-1|117|20,0|-123|84|-2|-1|-1|80|83,241|65527|20735|34189|65268|65535|65360|8213,0,0,0,1,255,208
503,0,5,1,0,1,0,0,0,153|69|8|190|0|0|0|128,98|141|133|164|254|255|255|80,0|-123|-12|-2|-1|-1|80|86,6|69|8|80|0|0|0|-24,0|-59|-1|-1|-123|-64|117|73,0|125|8|1|-115|69|-4|80,241|65268|65535|1654|34189|65188|65535|22096,0,0,0,1,255,208
504,0,5,2,0,2,0,0,0,152|152|12|59|198|15|132|216,98|98|0|139|77|252|137|8,0|0|16|59|-58|117|78|-117,6|6|95|94|91|-55|-62|16,-7|7|69|-4|80|104|-120|84,0|0|86|-24|64|-59|-1|-1,241|241|362|60255|32956|64189|65534|31743,0,0,0,1,255,208
505,0,5,3,0,3,0,0,0,152|152|153|141|69|252|80|141,98|98|98|255|255|80|104|0,0|0|0|-21|-117|-119|56|-21,6|6|6|0|0|0|85|110,-9|9|0|119|110|0|85|-117,6|6|0|8|2|0|0|51,241|241|241|32726|22358|34063|63337|1,0,0,0,1,255,208
506,0,5,1,3,1,0,0,0,2|8|0|85|139|236|131|236,255|106|0|141|69|232|104|0,0|0|0|80|-24|-2|-36|-1,8|-10|69|-23|1|15|-123|-90,0|1|0|-1|117|8|-1|21,0|23|-50|127|-55|-62|4|0,153|33260|1260|1|22016|65367|3189|31976,0,0,0,2,255,0
507,0,5,2,3,2,0,0,0,2|2|102|11|0|131|102|19,255|255|70|2|141|70|3|80,-2|2|-33|-1|-1|-115|-123|-4,8|8|-1|104|4|1|0|0,0|0|-24|-121|-4|-1|-1|-118,0|0|-2|-1|-1|-117|61|-100,153|153|3141|17800|36104|64645|65534|20735,0,0,0,2,255,0
508,0,4,2,3,4,0,0,0,2|2|2|2|85|8|235|232,255|255|255|255|6|25|0|138,-2|2|-1|1|69|8|102|-119,7|7|8|8|-62|8|0|85,0|0|0|0|8|1|0|0,0|0|0|0|86|106|0|83,153|153|153|153|8398|65155|29730|33569,0,0,0,2,255,0
509,0,4,2,3,6,0,0,0,2|2|2|2|2|2|254|38,255|255|255|255|255|255|235|228,-2|2|-4|4|-1|1|60|1,7|7|5|5|8|8|60|2,0|0|0|0|0|0|2|-9,0|0|0|0|0|0|60|7,153|153|153|153|153|153|60555|21329,0,0,0,2,255,0
510,0,4,3,3,6,0,0,0,2|2|2|2|2|2|255|255,255|255|255|255|255|255|192|117,-2|2|0|-1|1|0|-55|-62,7|7|9|7|7|9|-50|127,0|0|0|0|0|0|-23|-72,0|0|0|0|0|0|-119|8,153|153|153|153|153|153|7563|5732,0,0,0,2,255,0
511,0,3,2,3,8,0,0,0,2|2|2|2|2|2|2|2,255|255|255|255|255|255|255|255,0|0|1|-1|2|-2|3|-3,9|9|8|8|7|7|6|6,6|-6|6|-6|6|-6|6|-6,0|0|0|0|0|0|0|0,153|153|153|153|153|153|153|153,0,0,0,2,255,0
512,0,4,4,3,8,0,0,0,2|2|2|2|2|2|2|2,255|255|255|255|255|255|255|255,0|0|1|-1|2|-2|3|-3,9|9|8|8|7|7|6|6,6|-6|6|-6|6|-6|6|-6,0|0|0|0|0|0|0|0,153|153|153|153|153|153|153|153,0,0,0,2,255,0
513,0,4,6,3,8,0,0,0,2|2|2|2|2|2|2|2,255|255|255|255|255|255|255|255,0|0|1|-1|2|-2|3|-3,9|9|8|8|7|7|6|6,6|-6|6|-6|6|-6|6|-6,0|0|0|0|0|0|0|0,153|153|153|153|153|153|153|153,0,0,0,2,255,0
514,0,5,8,3,8,0,0,0,2|2|2|2|2|2|2|2,255|255|255|255|255|255|255|255,0|0|1|-1|2|-2|3|-3,9|9|8|8|7|7|6|6,6|-6|6|-6|6|-6|6|-6,0|0|0|0|0|0|0|0,153|153|153|153|153|153|153|153,0,0,0,2,255,0
515,0,4,8,3,8,0,0,0,2|2|2|2|2|2|2|2,255|255|255|255|255|255|255|255,0|0|1|-1|2|-2|3|-3,9|9|8|8|7|7|6|6,6|-6|6|-6|6|-6|6|-6,0|0|0|0|0|0|0|0,153|153|153|153|153|153|153|153,0,0,0,2,255,0
516,0,3,8,3,8,0,0,0,2|2|2|2|2|2|2|2,255|255|255|255|255|255|255|255,0|0|1|-1|2|-2|3|-3,9|9|8|8|7|7|6|6,6|-6|6|-6|6|-6|6|-6,0|0|0|0|0|0|0|0,153|153|153|153|153|153|153|153,0,0,0,2,255,0
517,0,4,2,3,2,0,0,0,2|2|192|15|132|29|255|255,255|255|203|128|131|69|252|16,-6|6|8|-23|14|-1|-1|-1,2|2|103|-50|127|104|-120|113,0|0|106|14|-24|22|32|0,0|0|-106|-2|-1|-1|-128|-52,153|153|59660|65337|65535|59475|8148|0,0,0,0,2,255,0
518,0,4,2,3,2,0,0,0,2|2|68|0|0|0|67|76,255|255|68|50|0|255|116|36,-5|5|90|-53|-1|-1|-117|76,3|3|-119|1|-9|-40|27|-64,0|0|-1|-8|127|5|14|0,0|0|-62|8|0|85|-117|-20,153|153|22358|7274|35166|63605|1512|65489,0,0,0,2,255,0
519,0,4,2,3,4,0,0,0,2|2|2|2|132|184|244|1,255|255|255|255|81|141|77|240,-7|7|-5|5|127|81|83|104,1|1|3|3|80|-24|127|-64,0|0|0|0|15|-123|-105|-12,0|0|0|0|-127|-42|127|106,153|153|153|153|1|15747|33224|32726,0,0,0,2,255,0
520,0,4,2,3,6,0,0,0,2|2|2|2|2|2|133|29,255|255|255|255|255|255|104|4,-7|7|-5|5|-7|7|-1|-1,1|1|3|3|-1|-1|1|0,0|0|0|0|0|0|-10|-64,0|0|0|0|0|0|44|-12,153|153|153|153|153|153|62533|26704,0,0,0,2,255,0
521,0,4,2,3,6,0,0,0,2|2|2|2|2|2|231|1,255|255|255|255|255|255|248|94,-7|7|-5|5|-8|8|69|-16,1|1|3|3|2|2|127|-119,0|0|0|0|0|0|-41|-65,0|0|0|0|0|0|-95|-76,153|153|153|153|153|153|9160|13263,0,0,0,2,255,0
522,0,20,1,3,1,0,0,0,187|3|11|200|137|13|180|129,255|127|141|69|248|137|117|248,0|-115|69|-4|80|-115|69|-16,2|83|104|-52|91|-50|127|-1,0|-12|-24|-118|-65|-1|-1|-123,0|117|24|-117|69|-4|-117|13,153|32726|50979|57731|49647|1248|49419|46243,0,0,0,2,255,0
523,0,20,7,3,7,0,0,0,187|2|2|2|2|2|2|127,255|255|255|255|255|255|255|255,0|-7|7|-5|5|-8|8|-117,2|1|1|3|3|2|2|-64,0|0|0|0|0|0|0|11,0|0|0|0|0|0|0|69,153|153|153|153|153|153|153|45160,0,0,0,2,255,0
524,0,30,1,3,1,0,0,0,187|252|139|13|180|129|214|127,255|199|128|229|254|193|224|8,0|-63|-93|-76|-127|-42|127|-115,2|-8|-119|117|-8|80|-115|69,0|80|-115|69|-16|80|83|104,0|91|-50|127|-1|117|-12|-24,153|65535|49285|6261|17803|35836|46093|54913,0,0,0,2,255,0
525,0,30,7,3,7,0,0,0,187|2|2|2|2|2|2|141,255|255|255|255|255|255|255|83,0|-7|7|-5|5|-8|8|-12,2|1|1|3|3|2|2|117,0|0|0|0|0|0|0|-42,0|0|0|0|0|0|0|-31,153|153|153|153|153|153|153|36176,0,0,0,2,255,0
526,0,20,7,3,7,0,0,0,187|2|2|2|2|2|2|117,255|255|255|255|255|255|255|129,0|-7|7|-5|5|-8|8|-63,-3|1|1|3|3|2|2|-42,0|0|0|0|0|0|0|80,0|0|0|0|0|0|0|80,153|153|153|153|153|153|153|49285,1,0,0,2,255,0
527,0,15,7,3,7,0,0,0,187|2|2|2|2|2|2|214,255|255|255|255|255|255|255|255,0|-7|7|-5|5|-8|8|94,-1|1|1|3|3|2|2|104,0|0|0|0|0|0|0|101,0|0|0|0|0|0|0|97,153|153|153|153|153|153|153|26707,1,0,0,2,255,0
528,0,5,1,3,1,0,0,0,2|101|73|99|111|110|115|0,255|0|83|104|111|119|73|110,0|111|84|105|112|0|68|111,8|116|80|114|101|116|116|121,0|97|116|104|0|0|72|105,0|101|70|105|108|101|69|120,153|26707|30575|28483|28781|28483|28524|114,0,0,0,2,255,0
529,0,4,3,3,6,0,0,0,2|2|2|2|2|2|131|236,255|255|255|255|255|255|139|117,-2|2|0|-1|1|0|70|16,7|7|9|7|7|9|-15|1,0|0|0|0|0|0|8|-1,0|0|0|0|0|0|24|81,153|153|153|153|153|153|56197|2428,0,0,0,2,255,0
530,0,5,8,3,8,0,0,0,2|2|2|2|2|2|2|2,255|255|255|255|255|255|255|255,0|0|1|-1|2|-2|3|-3,9|9|8|8|7|7|6|6,6|-6|6|-6|6|-6|6|-6,0|0|0|0|0|0|0|0,153|153|153|153|153|153|153|153,0,0,0,2,255,0
531,0,3,8,3,8,0,0,0,2|2|2|2|2|2|2|2,255|255|255|255|255|255|255|255,0|0|1|-1|2|-2|3|-3,9|9|8|8|7|7|6|6,6|-6|6|-6|6|-6|6|-6,0|0|0|0|0|0|0|0,153|153|153|153|153|153|153|153,0,0,0,2,255,0
532,0,15,1,3,1,0,0,0,187|219|124|161|255|117|8|232,255|183|0|0|233|63|255|255,0|-1|55|-1|117|32|-1|117,-1|-1|117|24|-1|117|20|-1,0|16|-1|117|12|86|-24|114,0|1|0|-117|-40|-123|-37|15,153|65535|35839|2117|15081|65535|22015|60555,1,0,0,2,255,0
533,0,30,7,3,7,0,0,0,187|2|2|2|2|2|2|59,255|255|255|255|255|255|255|255,0|-7|7|-5|5|-8|8|117,2|1|1|3|3|2|2|-24,0|0|0|0|0|0|0|-2,0|0|0|0|0|0|0|0,153|153|153|153|153|153|153|18573,0,0,0,2,255,0
534,0,3,1,3,1,0,0,0,2|15|133|144|240|1|0|106,255|232|214|243|255|255|133|255,0|69|28|116|3|-125|39|0,8|125|28|0|116|117|-115|69,0|80|104|-24|65|-50|127|-1,0|16|-1|117|28|104|80|-128,153|47848|0|35584|34288|4086|33420|0,0,0,0,2,255,0
535,0,10,2,0,2,0,0,0,166|166|117|16|255|117|12|80,255|255|12|139|240|133|246|124,0|0|117|32|-1|117|28|-24,7|7|-1|-1|-123|-64|-119|3,0|0|-119|-16|1|0|-1|117,0|0|104|-59|-1|-1|-117|69,90|90|20991|34056|31990|65336|7285|21480,0,0,0,14,6,208
536,0,3,1,0,1,0,0,0,2|255|255|59|199|137|3|15,255|212|239|1|0|139|69|24,0|-10|59|-57|116|2|-119|56,8|125|32|15|-123|-86|-17|1,0|-21|-48|-127|-2|14|0|7,0|116|-64|-66|2|0|7|-128,160|49203|20560|29951|4132|29951|4132|29951,0,0,0,5,255,96
537,0,2,1,0,1,0,0,0,2|85|139|236|106|0|255|117,255|255|117|20|255|117|16|255,0|12|-1|117|8|106|0|-24,8|-36|-1|-1|93|-62|20|0,0|-117|-20|-127|-20|36|1|0,0|-117|77|28|86|-117|117|20,160|1792|33664|33|34135|35830|4088|51332,0,0,0,5,255,96
538,0,4,2,0,2,0,0,0,2|2|126|4|92|15|133|174,255|255|0|15|190|202|141|121,0|0|-1|25|15|-122|-81|-17,8|8|-125|-63|-65|-125|-7|25,-8|8|-107|0|0|0|15|-66,0|0|-24|65|80|-115|-123|-36,160|160|63464|65525|4095|34231|65244|65535,0,0,0,5,255,96
539,0,3,2,0,2,0,0,0,2|2|141|69|20|80|104|232,255|255|127|255|117|16|141|133,0|0|-1|-1|80|-1|117|8,8|8|-28|-1|-1|-117|-8|-123,-8|8|70|-1|117|32|-115|85,0|0|69|20|82|-115|85|-4,160|160|30207|65296|3189|65360|3153|63627,0,0,0,5,255,96
540,0,4,3,0,3,0,0,0,2|2|2|2|0|0|255|117,255|255|255|232|9|196|255|255,0|0|0|80|-117|8|-1|81,8|8|8|95|94|-55|-62|28,-10|10|0|28|-115|-123|-36|-2,5|5|-5|-24|-3|-8|-1|-1,160|160|160|34063|61173|1|56299|35669,0,0,0,5,255,96
541,0,3,3,0,3,0,0,0,2|2|2|133|219|15|132|235,255|255|255|102|139|3|139|251,0|0|0|116|24|15|-66|13,8|8|8|127|15|-73|-64|59,-10|10|0|71|71|102|-117|7,5|5|-5|117|-17|-115|-123|-12,160|160|160|65288|6256|7400|65494|36351,0,0,0,5,255,96
542,0,4,4,0,4,0,0,0,2|2|2|2|80|141|78|111,255|255|255|255|110|116|68|111,0|0|0|0|115|116|111|114,8|8|8|8|73|110|116|101,-15|15|-8|8|73|99|111|110,5|5|-5|-5|83|101|116|116,160|160|160|160|25714|115|0|28494,0,0,0,5,255,96
543,0,5,5,0,5,0,0,0,2|2|2|2|2|116|68|105,255|255|255|255|255|101|99|116,0|0|0|0|0|105|101|119,8|8|8|8|8|120|116|77,-20|20|-12|12|0|0|78|111,8|8|-2|-2|-6|111|110|116,160|160|160|160|160|28494|25943|19810,0,0,0,5,255,96
544,0,5,6,0,6,0,0,0,2|2|2|2|2|2|101|76,255|255|255|255|255|255|111|0,0|0|0|0|0|0|109|109,8|8|8|8|8|8|112|115,-24|24|-18|18|-12|12|114|99,8|8|-2|-2|-6|-6|69|120,160|160|160|160|160|160|29801|121,0,0,0,5,255,96
545,0,6,7,0,7,0,0,0,2|2|2|2|2|2|2|0,255|255|255|255|255|255|255|115,0|0|0|0|0|0|0|111,8|8|8|8|8|8|8|110,-24|24|-18|18|-12|12|0|100,8|8|-2|-2|-6|-6|-8|111,160|160|160|160|160|160|160|28494,0,0,0,5,255,96
546,0,6,8,0,8,0,0,0,2|2|2|2|2|2|2|2,255|255|255|255|255|255|255|255,0|0|0|0|0|0|0|0,8|8|8|8|8|8|8|8,-24|24|-18|18|-12|12|-5|5,8|8|-2|-2|-6|-6|-8|-8,160|160|160|160|160|160|160|160,0,0,0,5,255,96
547,0,2,1,0,2,0,0,0,2|2|117|116|111|82|117|110,255|255|78|111|68|114|105|118,-6|6|0|0|0|0|78|111,6|6|110|100|0|0|78|111,-6|6|115|107|116|111|112|0,0|0|78|111|83|101|116|84,159|161|29281|0|0|28494|25939|18036,0,0,0,5,255,96
548,0,3,2,0,2,0,0,0,2|2|110|117|0|0|78|111,255|255|118|101|83|101|116|116,-6|6|103|115|0|0|78|111,6|6|111|115|101|0|78|111,-6|6|110|0|0|0|83|111,0|0|119|97|114|101|92|77,159|161|28531|29798|22364|28265|28516|29559,0,0,0,5,255,96
549,0,3,2,0,4,0,0,0,2|2|2|2|99|105|101|115,255|255|255|255|83|139|93|8,-6|6|-7|7|12|-65|-96|34,6|6|5|5|34|-50|127|83,-6|6|-6|6|27|2|0|-123,0|0|0|0|29|2|0|-1,159|161|159|161|2|49285|33807|7498,0,0,0,5,255,96
550,0,3,3,0,3,0,0,0,2|2|2|88|95|94|91|93,255|255|255|83|232|47|98|1,-6|6|0|83|-24|-5|78|0,6|6|-8|-1|117|16|83|-24,-6|6|0|0|-21|-37|115|104,0|0|0|51|50|46|100|108,159|161|160|26739|27749|11884|27748|108,0,0,0,5,255,96
551,0,3,4,0,4,0,0,0,2|2|2|2|36|8|139|13,255|255|255|255|94|137|8|194,-6|6|0|0|35|-50|127|-1,6|6|-8|-8|127|-117|-16|-123,-6|6|-8|8|5|0|-128|-42,0|0|0|0|127|-21|-45|106,159|161|160|160|52771|22143|5631|5676,0,0,0,5,255,96
552,0,4,5,0,5,0,0,0,2|2|2|2|2|51|50|46,255|255|255|255|255|0|48|35,-6|6|6|-6|0|0|-101|83,6|6|-6|-6|-8|127|48|25,-6|6|6|-6|0|127|-1|-31,0|0|0|0|0|127|-106|-39,159|161|159|161|160|28483|25927|19828,0,0,0,5,255,96
553,0,4,6,0,6,0,0,0,2|2|2|2|2|2|194|4,255|255|255|255|255|255|69|252,-6|6|6|-6|0|0|-117|69,6|6|-6|-6|-8|-8|80|-1,-6|6|6|-6|-8|8|-1|116,0|0|0|0|0|0|-50|127,159|161|159|161|160|160|27156|22530,0,0,0,5,255,96
554,0,4,7,0,7,0,0,0,2|2|2|2|2|2|2|81,255|255|255|255|255|255|255|255,-6|6|6|-6|0|0|0|-117,6|6|-6|-6|-8|-8|-8|4,-6|6|6|-6|-12|12|0|-1,0|0|0|0|0|0|4|0,159|161|159|161|160|160|160|65535,0,0,0,5,255,96
555,0,5,8,0,8,0,0,0,2|2|2|2|2|2|2|2,255|255|255|255|255|255|255|255,-6|6|6|-6|0|0|0|0,6|6|-6|-6|-8|-8|-8|-8,-6|6|6|-6|-16|16|-10|10,0|0|0|0|0|0|4|4,159|161|159|161|160|160|160|160,0,0,0,5,255,96
556,0,6,8,0,8,0,0,0,2|2|2|2|2|2|2|2,255|255|255|255|255|255|255|255,-6|6|6|-6|0|0|0|0,6|6|-6|-6|-8|-8|-8|8,-6|6|6|-6|-16|16|0|0,0|0|0|0|0|0|4|-4,159|161|159|161|160|160|160|160,0,0,0,5,255,96
557,0,6,8,0,8,0,0,0,2|2|2|2|2|2|2|2,255|255|255|255|255|255|255|255,-6|6|6|-6|0|0|-6|6,6|6|-6|-6|-8|-8|8|8,-6|6|6|-6|-16|16|0|0,0|0|0|0|0|0|-4|-4,159|161|159|161|160|160|159|161,0,0,0,5,255,96
558,0,3,1,0,1,0,0,0,2|239|87|15|133|217|26|2,255|232|253|83|0|0|168|1,0|-123|-33|26|2|0|104|-124,8|-42|127|104|80|-128|-42|127,0|64|85|0|0|-117|-16|-24,0|4|0|0|-117|-58|95|94,160|0|0|25924|27507|28532|23664|24910,0,0,0,5,255,96
559,0,4,2,0,2,0,0,0,2|2|83|86|87|139|65|24,255|255|45|139|84|36|20|139,0|0|-115|52|64|-117|58|-115,8|8|-117|14|59|57|117|30,-8|8|4|59|89|4|117|22,0|0|8|59|89|8|117|14,160|160|3161|1653|24159|49755|8|33608,0,0,0,5,255,96
560,0,4,4,0,4,0,0,0,2|2|2|2|4|94|194|4,255|255|255|255|128|214|127|15,0|0|0|0|0|-117|70|8,8|8|8|8|81|8|-115|70,-15|15|-8|8|-1|21|28|24,5|5|-5|-5|21|-12|21|-50,160|160|160|160|65284|1088|16523|49668,0,0,0,5,255,96
561,0,5,5,0,5,0,0,0,3|3|3|3|3|8|232|4,255|255|255|255|255|20|0|85,0|0|0|0|0|2|0|0,8|8|8|8|8|51|-37|57,-20|20|-12|12|0|1|4|-128,8|8|-2|-2|-6|1|0|0,160|160|160|160|160|65360|3189|5631,0,0,0,5,255,96
562,0,6,7,0,7,0,0,0,4|4|4|4|4|4|4|21,255|255|255|255|255|255|255|80,0|0|0|0|0|0|0|0,8|8|8|8|8|8|8|25,-24|24|-18|18|-12|12|0|59,8|8|-2|-2|-6|-6|-8|-115,160|160|160|160|160|160|160|4032,0,0,0,5,255,96
563,0,6,8,0,8,0,0,0,6|6|6|6|6|6|6|6,255|255|255|255|255|255|255|255,0|0|0|0|0|0|0|0,8|8|8|8|8|8|8|8,-24|24|-18|18|-12|12|-5|5,8|8|-2|-2|-6|-6|-8|-8,160|160|160|160|160|160|160|160,0,0,0,5,255,96
564,0,3,1,1,1,0,0,0,2|104|192|39|206|127|80|255,255|133|192|117|117|199|69|248,0|0|0|0|57|93|-8|116,8|-1|117|24|-115|-123|-100|-3,0|-1|-1|117|20|-1|117|16,0|-1|117|12|-24|-20|0|0,157|65528|2165|8680|65522|48895|340|32772,0,0,0,5,255,96
565,0,2,1,0,1,0,0,0,1|132|254|254|255|255|255|117,255|141|69|164|80|255|21|60,0|-50|127|-115|69|-36|80|-1,10|8|-24|58|17|0|0|-123,0|15|-116|-35|-2|-1|-1|-115,0|-36|-119|69|12|-23|-46|-2,58|34189|65184|65535|53352|52775|20607|55039,0,0,0,25,255,208
566,0,3,2,0,2,0,0,0,1|1|20|255|117|16|104|104,255|255|127|255|117|12|232|106,-1|1|0|-117|-8|-127|-1|17,9|9|-128|15|-124|-109|24|2,-4|4|-127|0|0|0|92|73,0|0|114|111|99|83|101|114,58|58|50|26708|25970|25697|28265|19815,0,0,0,25,255,208
567,0,2,2,0,2,0,0,0,1|1|0|0|0|0|66|111,255|255|0|83|139|92|36|12,-1|1|-125|35|0|-95|0|112,9|9|-123|-64|15|-123|73|24,-4|4|-72|84|1|4|-128|95,0|0|-62|8|0|85|-117|-20,58|58|10376|32718|30207|59404|166|0,0,0,0,25,255,208
568,0,3,3,0,3,0,0,0,1|1|1|8|255|208|139|240,255|255|255|89|139|53|0|22,-1|1|0|4|-1|117|12|-1,9|9|10|15|-123|88|24|2,-4|4|0|12|106|20|-1|48,0|0|0|-64|15|-123|71|24,58|58|58|65280|3184|5631|5628|32718,0,0,0,25,255,208
569,0,2,3,0,3,0,0,0,1|1|1|255|117|16|80|255,255|255|255|240|139|69|12|80,-1|1|0|81|8|-117|-58|94,9|9|10|0|0|0|68|108,-4|4|0|116|67|108|97|115,0|0|0|106|101|99|116|0,58|58|58|1|0|0|0|192,0,0,0,25,255,208
570,0,2,3,0,3,0,0,0,1|1|2|117|8|51|255|255,255|255|255|206|127|80|255|21,-1|1|0|127|-123|-64|117|23,9|9|10|-123|-64|15|-123|-35,-4|4|0|-72|99|60|-50|127,0|0|0|-55|-62|12|0|106,58|58|59|5631|5680|32718|61579|63109,0,0,0,25,255,208
571,0,3,3,0,3,0,0,0,2|2|1|215|139|29|4|22,255|255|255|69|252|133|192|139,-1|1|0|-124|-70|23|2|0,9|9|10|-123|-105|23|2|0,-4|4|0|86|-1|-41|-117|-8,0|0|0|-124|-113|23|2|0,59|59|58|31720|0|65280|64629|30207,0,0,0,25,255,208
572,0,3,3,0,3,0,0,0,2|2|2|199|235|130|232|97,255|255|255|235|245|0|115|104,-1|1|0|51|50|46|100|108,9|9|10|108|108|67|97|110,-4|4|0|111|97|100|78|111,0|0|0|-117|-20|-117|77|12,59|59|59|32718|33807|6007|2|17803,0,0,0,25,255,208
573,0,4,5,0,5,0,0,0,2|2|2|1|1|0|0|0,255|255|255|255|255|0|192|0,-2|2|0|-1|1|70|104|-16,8|8|10|9|9|-120|20|-50,-8|8|0|-2|2|-42|127|-1,0|0|0|0|0|-61|85|-117,279|280|59|58|58|2173|49547|53643,0,0,0,25,255,208
574,0,4,5,0,5,0,0,0,2|2|3|1|1|27|193|233,255|255|255|255|255|249|8|115,-2|2|0|-1|1|44|-50|127,8|8|10|9|9|120|44|-50,-8|8|0|-2|2|0|0|0,0|0|0|0|0|-125|-32|3,279|280|60|58|58|36132|11400|32718,0,0,0,25,255,208
575,0,3,7,0,7,0,0,0,2|2|1|1|1|1|1|3,255|255|255|255|255|255|255|177,-2|2|0|-1|1|-1|1|-50,8|8|10|9|9|9|9|-118,-8|8|0|-1|1|-7|7|1,0|0|0|0|0|0|0|-7,279|280|58|58|58|58|58|1674,0,0,0,25,255,208
576,0,15,1,0,1,0,0,11,112|165|255|36|149|120|44|206,255|139|68|142|228|137|68|143,0|-117|68|-114|-24|-119|68|-113,-3|-117|68|-114|-20|-119|68|-113,0|-117|68|-114|-16|-119|68|-113,0|-117|68|-114|-12|-119|68|-113,171|36420|35320|36676|35832|36420|35324|36676,0,0,0,26,98,208
577,0,10,1,0,1,0,0,11,112|206|127|139|69|8|94|95,255|195|138|6|136|7|139|69,0|94|95|-55|-61|-118|6|-120,-3|-118|70|1|-120|71|1|-117,0|8|94|95|-55|-61|-118|6,0|7|-118|70|1|-120|71|1,171|34818|583|17803|24072|51551|36291|12660,0,0,0,26,98,208
578,0,10,1,0,1,0,0,10,128|0|0|0|131|249|4|15,255|10|22|2|0|131|224|3,0|-56|-1|36|-123|-124|44|-50,-3|-63|-23|2|-125|-30|3|-125,0|8|114|11|-3|-13|-91|-4,0|36|-107|-64|44|-50|127|-9,171|36132|11440|32718|18058|8963|35025|839,0,0,0,26,98,208
579,0,10,2,0,2,0,0,10,112|112|44|206|127|138|70|3,255|255|136|71|3|138|70|2,0|0|2|-120|71|2|-125|-18,-3|-3|-17|2|-125|-7|8|114,-6|6|-13|-91|-4|-1|36|-107,0|0|-50|127|-118|70|3|35,171|171|18058|34818|583|18058|49409|745,0,0,0,26,98,208
580,0,10,2,0,2,0,0,9,128|128|255|36|149|192|44|206,255|255|68|142|24|137|68|143,0|0|68|-114|20|-119|68|-113,-3|-3|68|-114|16|-119|68|-113,-6|6|68|-114|12|-119|68|-113,0|0|68|-114|8|-119|68|-113,171|171|35076|36676|36100|36100|0|0,0,0,0,26,98,208
581,0,10,3,0,3,0,0,9,128|128|112|70|3|136|71|3,255|255|255|136|71|2|138|70,-5|5|0|1|-117|69|8|94,0|0|-3|0|0|0|58|42,-5|5|0|42|-50|127|-122|42,0|0|-3|42|-50|127|-45|42,171|171|171|10947|32718|10939|32718|10931,0,0,0,26,98,208
582,0,10,4,0,4,0,0,9,128|128|112|112|206|127|255|42,255|255|255|255|206|127|114|43,-5|5|-3|3|-50|127|-74|43,0|0|-3|-3|-48|127|-29|43,-5|5|-3|3|-50|127|-13|43,0|0|-3|-3|-50|127|3|44,171|171|171|171|32718|0|0|0,0,0,0,26,98,208
583,0,9,4,0,4,0,0,8,128|128|112|112|206|127|85|139,255|255|255|255|57|69|8|86,-5|5|-3|3|20|2|0|57,0|0|-3|-3|8|15|-124|-92,-5|5|-3|3|-85|-10|-1|-1,0|0|-3|-3|-16|78|78|-24,171|171|171|171|20531|11240|0|35584,0,0,0,26,98,208
584,0,9,6,0,6,0,0,8,128|128|112|112|112|112|117|12,255|255|255|255|255|255|131|196,-5|5|-3|3|-3|3|93|-62,0|0|-3|-3|3|3|-24|-127,-5|5|-3|3|-3|3|-46|116,0|0|-3|-3|3|3|86|-117,171|171|171|171|171|171|33630|993,0,0,0,26,98,208
585,0,9,7,0,7,0,0,8,128|128|112|112|112|112|112|131,255|255|255|255|255|255|255|0,-5|5|-3|3|-3|3|0|127,0|0|-3|-3|3|3|-4|-57,-5|5|-3|3|-3|3|0|36,0|0|-3|-3|3|3|-4|-71,171|171|171|171|171|171|171|21563,0,0,0,26,98,208
586,0,9,8,0,8,0,0,8,128|128|112|112|112|112|112|112,255|255|255|255|255|255|255|255,-5|5|-3|3|-3|3|0|0,0|0|-3|-3|3|3|-4|6,-5|5|-3|3|-3|3|0|0,0|0|-3|-3|3|3|-4|6,171|171|171|171|171|171|171|171,0,0,0,26,98,208
587,0,20,1,0,1,0,0,11,128|255|255|255|255|255|0|0,255|0|0|0|0|0|3|0,0|0|-1|-1|-1|-1|-1|-1,-3|-1|0|0|0|0|0|0,0|0|4|0|0|0|-1|-1,-3|-1|-1|-1|-1|-1|0|0,19|0|0|10|0|65535|65535|65535,0,0,0,26,98,208
588,0,20,1,0,2,0,0,11,128|128|153|35|0|0|40|49,255|255|1|0|0|128|16|0,-3|3|-124|35|0|0|-123|35,-3|-3|32|49|-50|127|1|0,-3|3|7|0|0|0|-114|35,-3|-3|-113|35|0|0|24|49,19|19|32768|2|0|9094|0|9095,0,0,0,26,98,208
589,0,20,2,0,2,0,0,11,128|128|145|35|0|0|0|49,255|255|1|0|0|128|8|0,-3|3|-120|35|0|0|-119|35,-3|-3|-8|48|-50|127|1|0,-3|3|9|0|0|0|-118|35,-3|-3|-117|35|0|0|-16|48,19|19|32768|5|0|9100|0|9101,0,0,0,26,98,208
590,0,20,2,0,2,0,0,10,116|116|147|35|0|0|216|48,255|255|1|0|0|128|19|0,-3|3|-108|35|0|0|-107|35,-3|-3|-48|48|-50|127|1|0,-3|3|27|0|0|0|-99|35,-3|-3|-98|35|0|0|-60|48,19|19|32768|21|0|9110|0|9111,0,0,0,26,98,208
591,0,20,2,0,2,0,0,9,116|116|5|113|0|0|168|48,255|255|2|0|0|128|23|0,-4|4|2|113|0|0|3|113,-1|-1|-104|48|-50|127|2|0,-4|4|22|0|0|0|0|113,-1|-1|1|113|0|0|-124|48,19|19|32768|25|0|28934|0|28935,0,0,0,26,98,208
592,0,20,2,0,2,0,0,8,116|116|9|113|0|0|96|48,255|255|2|0|0|128|26|0,-4|4|-126|35|0|0|-125|35,0|0|88|48|-50|127|1|0,-4|4|29|0|0|0|-128|35,0|0|-127|35|0|0|76|48,19|19|32768|30|0|9088|0|9089,0,0,0,26,98,208
593,0,20,2,0,2,0,0,7,113|113|160|35|0|0|48|48,255|255|1|0|0|128|33|0,-4|4|-95|35|0|0|-94|35,2|2|62|40|-14|-65|-27|80,-4|4|-126|40|-14|-65|95|39,2|2|56|72|-14|-65|-36|36,19|19|49138|18707|49138|7352|49138|9855,0,0,0,26,98,208
594,0,20,4,0,4,0,0,8,128|128|128|128|242|191|104|34,255|255|255|255|242|191|133|80,-4|4|-2|2|-14|-65|-72|81,-2|-2|-4|-4|-14|-65|-61|35,-4|4|-2|2|-14|-65|91|39,-2|-2|-4|-4|-14|-65|44|34,19|19|19|19|49138|5201|49138|5261,0,0,0,26,98,208
595,0,20,4,0,4,0,0,7,116|116|128|128|242|191|147|34,255|255|255|255|242|191|0|0,-4|4|-2|2|-11|-65|88|75,-2|-2|-4|-4|-11|-65|113|85,-4|4|-2|2|-11|-65|-22|74,-2|-2|-4|-4|-11|-65|-113|85,19|19|19|19|49141|18729|49141|19120,0,0,0,26,98,208
596,0,15,2,0,4,0,0,7,114|114|114|114|245|191|172|81,255|255|255|255|245|191|81|46,-4|4|-2|2|-11|-65|70|76,-2|-2|-4|-4|-11|-65|-63|68,-4|4|-2|2|-11|-65|-120|30,-2|-2|-4|-4|-11|-65|-91|81,19|19|19|19|49141|9515|49141|9435,0,0,0,26,98,208
597,0,20,4,0,4,0,0,6,114|114|114|114|245|191|102|80,255|255|255|255|245|191|251|22,-4|4|-2|2|-11|-65|-92|45,-2|-2|-4|-4|-11|-65|20|26,-4|4|-2|2|-11|-65|-54|45,-2|-2|-4|-4|-11|-65|96|68,19|19|19|19|49141|7085|49141|9241,0,0,0,26,98,208
598,0,4,2,0,2,0,0,0,1|1|226|16|245|191|120|45,255|255|248|38|245|191|54|53,-10|10|112|33|-11|-65|97|90,0|0|-58|45|-11|-65|-46|44,0|0|-65|36|-11|-65|62|82,0|0|-106|87|-11|-65|29|19,285|285|49141|9004|49141|18162|49141|22162,0,0,0,6,255,208
599,0,4,3,0,3,0,0,0,1|1|1|17|245|191|151|17,255|255|255|36|245|191|155|21,-10|10|0|36|-11|-65|66|85,0|0|-10|81|-11|-65|-3|17,0|0|0|20|-11|-65|-53|35,0|0|0|21|-11|-65|23|82,285|285|285|11764|49141|5744|49141|9345,0,0,0,6,255,208
600,0,5,4,0,4,0,0,0,1|1|1|1|245|191|6|30,255|255|255|255|245|191|44|28,-10|10|-10|10|-11|-65|6|71,0|0|0|0|-11|-65|-95|36,0|0|0|0|-11|-65|-29|36,3|3|-4|-4|-11|-65|-97|28,285|285|285|285|49141|9669|49141|8380,0,0,0,6,255,208
601,0,5,4,0,4,0,0,0,1|1|1|1|245|191|86|35,255|255|255|255|245|191|189|24,-10|10|0|0|-11|-65|-4|38,0|0|-10|10|-11|-65|16|82,0|0|0|0|-11|-65|81|84,0|0|0|0|-11|-65|-28|89,285|285|285|285|49141|8336|49141|4617,0,0,0,6,255,208
602,0,5,6,0,6,0,0,0,1|1|1|1|1|1|25|19,255|255|255|255|255|255|98|35,-10|10|-10|10|0|0|51|37,0|0|0|0|-10|10|-46|86,0|0|0|0|0|0|47|37,3|3|-4|-4|0|0|-114|48,285|285|285|285|285|285|49141|7918,0,0,0,6,255,208
603,0,5,4,0,8,0,0,0,2|2|1|1|2|2|2|2,255|255|255|255|255|255|255|255,-10|10|0|0|-10|10|-10|10,0|0|-10|10|0|0|0|0,0|0|0|0|0|0|0|0,0|0|0|0|-8|-10|8|8,170|170|285|285|170|170|170|170,0,0,0,6,255,208
604,0,5,5,0,5,0,0,0,2|2|2|2|1|191|140|23,255|255|255|255|255|191|63|27,-10|10|-10|10|0|-65|113|36,0|0|0|0|-10|-65|-112|25,0|0|0|0|0|-65|3|90,-8|-8|8|8|0|-65|-87|27,170|170|170|170|285|6268|49141|21893,0,0,0,6,255,208
605,0,5,7,0,7,0,0,0,2|2|2|2|1|1|1|88,255|255|255|255|255|255|255|32,-10|10|-10|10|0|0|0|47,0|0|0|0|10|-10|-10|84,0|0|0|0|0|-3|3|123,-8|-8|8|8|0|0|0|21,170|170|170|170|285|285|285|50628,0,0,0,6,255,208
606,0,5,8,0,8,0,0,0,2|2|2|2|1|1|1|1,255|255|255|255|255|255|255|255,-10|10|-10|10|0|0|0|0,0|0|0|0|10|10|-10|-10,0|0|0|0|-3|3|-3|3,-8|-8|8|8|0|0|0|0,170|170|170|170|285|285|285|285,0,0,0,6,255,208
607,0,5,6,0,6,0,0,0,2|2|2|2|2|2|84|16,255|255|255|255|255|255|32|21,-10|10|-10|10|-10|10|-116|67,0|0|0|0|0|0|-5|113,0|0|0|0|0|0|27|121,-16|-16|0|0|16|16|-47|-85,170|170|170|170|170|170|49144|47486,0,0,0,6,255,208
608,0,5,8,0,8,0,0,0,2|2|2|2|2|2|1|1,255|255|255|255|255|255|255|255,-10|10|-10|10|-10|10|0|0,0|0|0|0|0|0|-10|-10,0|0|0|0|0|0|-3|3,-16|-16|0|0|16|16|0|0,170|170|170|170|170|170|285|285,0,0,0,6,255,208
609,0,8,1,0,1,0,0,11,128|191|185|123|247|191|183|22,255|191|35|225|248|191|32|124,0|-65|-91|112|-9|-65|80|75,10|-65|105|21|-7|-65|126|-68,0|-65|52|24|-6|-65|-23|126,3|-65|37|114|-9|-65|96|113,19|28123|49143|28191|49143|18616|49143|28225,0,0,0,26,98,208
610,0,6,1,0,2,0,0,11,128|128|207|244|248|191|142|32,255|255|170|20|250|191|217|121,0|0|-78|121|-9|-65|90|8,10|-2|61|112|-9|-65|-43|111,0|0|-17|-60|-7|-65|-97|113,3|-3|26|119|-9|-65|55|4,19|19|49143|32533|49143|32627|49143|32011,0,0,0,26,98,208
611,0,5,1,0,3,0,0,10,128|128|128|92|249|191|251|118,255|255|255|74|248|191|220|214,0|-3|3|118|-9|-65|-54|117,10|-1|-1|120|-9|-65|-58|10,0|3|3|23|-9|-65|10|24,3|-1|-1|26|-9|-65|-119|27,19|19|19|6683|49143|10201|49143|7863,0,0,0,26,98,208
612,0,6,2,0,2,0,0,10,128|128|114|30|247|191|173|30,255|255|109|30|247|191|22|31,0|0|34|31|-9|-65|99|110,10|-2|-44|73|-9|-65|-72|72,0|0|9|-50|-9|-65|-70|-71,3|-3|-96|-32|-8|-65|60|106,19|19|49144|28293|49143|43823|49145|43862,0,0,0,26,98,208
613,0,10,3,0,3,0,0,9,128|128|128|109|247|191|237|18,255|255|255|114|247|191|124|121,0|-3|3|114|-9|-65|-113|3,10|0|0|-79|-7|-65|-4|21,0|-3|3|-79|-7|-65|-24|116,3|0|0|43|-7|-65|-96|-61,19|19|19|28522|49143|29613|49143|31251,0,0,0,26,98,208
614,0,10,3,0,3,0,0,9,128|112|112|123|247|191|147|123,255|255|255|11|250|191|54|73,0|-3|3|11|-6|-65|-28|115,10|0|0|-112|-6|-65|-123|125,0|-3|3|0|0|0|-98|26,3|0|0|23|-22|-65|-22|21,19|19|19|4982|49130|6088|49130|5047,0,0,0,26,98,208
615,0,10,2,0,4,0,0,9,128|128|128|128|234|191|0|0,255|255|255|255|189|112|124|141,-1|1|-3|3|-67|112|66|40,10|10|0|0|-67|112|-69|-78,-4|4|-3|3|-66|112|-81|-18,3|3|0|0|-67|112|70|-17,19|19|19|19|28861|47553|28861|58522,0,0,0,26,98,208
616,0,8,2,0,4,0,0,8,128|128|112|112|190|112|65|53,255|255|255|255|189|112|127|238,-1|1|-3|3|-66|112|20|12,12|12|0|0|-67|112|126|26,-4|4|-3|3|-65|112|-32|-114,3|3|0|0|-66|112|106|-100,19|19|19|19|28864|24364|28864|51233,0,0,0,26,98,208
617,0,15,5,0,5,0,0,8,128|128|112|112|128|112|117|186,255|255|255|255|255|112|142|139,-1|1|-3|3|0|112|106|-63,12|12|0|0|-3|112|-4|30,-4|4|-3|3|0|112|-112|-14,3|3|0|0|-3|112|22|-67,19|19|19|19|19|1545|28862|48104,0,0,0,26,98,208
618,0,15,6,0,6,0,0,7,128|128|112|112|128|128|225|138,255|255|255|255|255|255|158|135,-1|1|-3|3|-2|2|64|-115,12|12|0|0|-3|-3|20|28,-4|4|-3|3|-2|2|-51|-70,3|3|0|0|-3|-3|92|30,19|19|19|19|19|19|28861|43030,0,0,0,26,98,208
619,0,15,7,0,7,0,0,7,128|128|112|112|112|128|128|0,255|255|255|255|255|255|255|204,-1|0|1|-3|3|-2|2|64,12|12|12|0|0|-3|-3|-65,-4|0|4|-3|3|-2|2|64,3|3|3|0|0|-3|-3|71,19|19|19|19|19|19|19|45464,0,0,0,26,98,208
620,0,1,1,0,8,0,0,0,4|4|4|4|4|4|4|4,255|255|255|255|255|255|255|255,-2|1|3|-2|4|-1|-3|1,6|8|5|7|5|9|5|7,20|-10|-20|20|-30|10|30|-20,30|40|10|20|10|50|20|30,255|255|255|255|255|255|255|255,0,0,0,10,255,128
621,0,1,1,20,1,0,0,0,99|191|64|75|183|191|237|72,20|191|114|73|185|191|200|229,0|-65|105|-28|-69|-65|-101|70,8|-65|-29|12|-72|-65|53|94,0|-65|92|-79|-73|-65|18|-98,0|-65|59|-24|-72|-65|38|23,634|58300|49082|2799|49080|44725|49079|22175,0,0,0,10,255,128
622,0,0,8,0,8,0,0,0,4|4|4|4|2|2|2|2,8|8|8|8|8|8|8|8,2|-2|2|-2|3|-3|0|0,2|2|-2|-2|0|0|3|-3,2|-2|2|-2|3|-3|0|0,2|2|-2|-2|0|0|3|-3,20|20|20|20|20|20|20|20,0,0,0,12,1,112
623,0,40,3,1,8,0,0,0,4|4|4|4|4|4|4|4,255|255|255|255|255|255|255|255,-2|1|3|-2|4|-1|-3|1,6|8|5|7|5|9|5|7,80|-40|-80|80|-120|40|120|-80,60|80|20|40|80|100|10|60,109|109|109|109|109|109|109|109,0,0,0,10,255,240
624,0,40,1,0,4,0,0,0,1|1|1|1|161|255|255|255,255|255|255|255|139|236|81|139,0|0|0|0|-37|86|59|-61,8|7|9|6|69|8|-119|69,0|0|0|0|-117|117|16|-115,0|0|0|0|83|83|-1|117,304|304|304|304|35832|3141|17723|29960,0,0,0,10,255,240
625,0,4,1,1,1,0,0,0,2|16|0|56|24|116|196|141,255|12|81|106|1|83|80|255,0|8|-24|66|-1|-1|-1|59,8|117|-31|-21|-76|80|-24|41,0|-1|-1|-21|-52|86|-117|116,0|8|-118|6|-124|-64|116|21,109|6260|65360|34837|52757|34175|30144|32774,0,0,0,5,255,240
626,0,4,2,1,2,0,0,0,2|2|236|131|236|108|83|86,255|255|87|137|117|252|137|117,0|0|72|27|-50|127|-117|77,8|8|8|116|16|-125|-64|12,12|-12|-12|29|-50|127|114|-18,14|14|0|0|0|-117|4|-75,109|109|7309|2229|54896|33663|65528|34063,0,0,0,5,255,240
627,0,4,3,1,3,0,0,0,2|2|2|139|61|112|22|206,255|255|255|148|104|52|27|206,1|-1|0|-41|-115|52|118|-115,8|8|8|-26|2|-1|-74|76,12|-12|0|80|-1|-41|-115|69,14|14|0|0|2|0|80|87,109|109|109|616|0|59520|65145|65535,0,0,0,5,255,240
628,0,4,4,1,4,0,0,0,2|2|2|2|69|148|106|0,255|255|255|255|0|128|232|86,1|-1|0|0|-64|117|44|-115,8|8|8|8|-8|4|0|0,26|-26|12|-12|-16|83|80|106,14|14|14|14|27|-50|127|-1,109|109|109|109|29888|65298|2165|6632,0,0,0,5,255,240
629,0,4,5,1,5,0,0,0,2|2|2|2|2|69|252|235,255|255|255|255|255|0|69|120,2|-2|1|-1|0|114|0|0,8|8|8|8|8|0|1|0,26|-26|12|-12|0|127|-8|33,14|14|14|14|0|0|56|27,109|109|109|109|109|6968|32718|8672,0,0,0,5,255,240
630,0,4,6,1,6,0,0,0,2|2|2|2|2|2|196|33,255|255|255|255|255|255|56|27,3|-3|2|-2|1|-1|64|0,8|8|8|8|8|8|-88|33,40|-40|26|-26|12|-12|56|27,20|20|14|14|14|14|0|1,109|109|109|109|109|109|0|6968,0,0,0,5,255,240
631,0,4,7,1,7,0,0,0,2|2|2|2|2|2|2|27,255|255|255|255|255|255|255|16,3|-3|2|-2|1|-1|0|33,8|8|8|8|8|8|8|27,40|-40|26|-26|12|-12|0|64,20|20|14|14|14|14|0|33,109|109|109|109|109|109|109|0,0,0,0,5,255,240
632,0,4,6,1,6,0,0,0,2|2|2|2|2|2|0|0,255|255|255|255|255|255|244|32,2|-2|1|-1|0|0|-24|32,8|8|8|8|8|8|0|0,40|-40|26|-26|12|-12|-68|32,20|20|14|14|14|14|56|27,109|109|109|109|109|109|32718|8336,0,0,0,5,255,240
633,0,4,7,1,7,0,0,0,2|2|2|2|2|2|2|32,255|255|255|255|255|255|255|27,2|-2|1|-1|2|-2|0|0,8|8|8|8|8|8|10|32,40|-40|26|-26|12|-12|0|27,20|20|14|14|14|14|0|0,109|109|109|109|109|109|109|6968,0,0,0,5,255,240
634,0,4,8,1,8,0,0,0,2|2|2|2|2|2|2|2,255|255|255|255|255|255|255|255,2|-2|1|-1|2|-2|0|0,8|8|8|8|8|8|10|10,40|-40|26|-26|12|-12|-7|7,20|20|14|14|14|14|0|0,109|109|109|109|109|109|109|109,0,0,0,5,255,240
635,0,4,8,1,8,0,0,0,2|2|2|2|2|2|2|2,255|255|255|255|255|255|255|255,-3|3|1|-1|2|-2|1|-1,8|8|8|8|8|8|10|10,40|-40|26|-26|12|-12|-7|7,20|20|14|14|14|14|0|0,109|109|109|109|109|109|109|109,0,0,0,5,255,240
636,0,12,1,0,1,0,0,0,171|64|104|31|206|127|220|30,255|127|23|0|0|64|104|31,0|127|-52|30|-50|127|24|0,0|64|104|31|-50|127|-72|30,0|127|25|0|0|64|56|27,0|127|-88|30|-50|127|26|0,103|6968|32718|7832|32718|27|16384|6968,1,0,0,10,255,240
637,0,10,1,0,1,0,0,0,171|127|29|0|0|64|56|27,255|127|76|30|206|127|30|0,0|64|56|27|-50|127|56|30,0|127|31|0|0|64|56|27,0|127|40|30|-50|127|32|0,0|64|56|27|-50|127|20|30,103|33|16384|6968|32718|7684|32718|34,1,0,0,10,255,240
638,0,8,1,0,1,0,0,0,171|105|108|101|85|114|108|0,255|0|78|111|70|111|108|100,0|114|79|112|116|105|111|110,0|0|78|111|67|104|97|110,0|101|83|116|97|114|116|77,0|110|117|0|0|0|78|111,103|25710|30575|21875|25712|29793|101|28494,1,0,0,10,255,240
639,0,8,2,0,2,0,0,0,171|171|78|111|70|111|114|103,255|255|83|111|102|116|119|97,-1|1|85|112|100|97|116|101,0|0|78|111|77|83|65|112,-6|6|111|103|111|53|67|104,0|0|110|101|108|78|111|116,103|103|0|28486|25458|17253|28783|16761,1,0,0,10,255,240
640,0,6,2,0,2,0,0,0,171|171|115|111|108|118|101|84,255|255|99|107|0|0|78|111,-1|1|115|111|108|118|101|83,0|0|114|99|104|0|78|111,-6|6|105|116|105|110|103|67,0|0|112|111|110|101|110|116,103|103|28493|26998|26478|24898|25710|115,1,0,0,10,255,240
641,0,6,3,0,3,0,0,0,171|171|171|110|100|115|0|0,255|255|255|111|67|108|111|115,-2|2|0|67|111|109|112|111,0|0|0|116|115|0|78|111,-6|6|0|101|116|105|110|103,-1|-1|0|112|111|110|101|110,103|103|103|28494|25665|26980|26478|28483,1,0,0,10,255,240
642,0,5,2,0,4,0,0,0,171|171|171|171|116|115|0|0,255|255|255|255|67|104|97|110,-2|2|-1|1|87|97|108|108,0|0|0|0|114|0|78|111,-6|6|-4|4|87|97|108|108,-1|-1|0|0|114|0|65|99,103|103|103|103|28532|112|0|28494,1,0,0,10,255,240
643,0,7,4,0,4,0,0,0,171|171|171|171|97|115|115|105,255|255|255|255|108|108|0|0,-2|2|-1|1|101|97|114|82,0|0|0|0|116|68|111|99,-6|6|-4|4|120|105|116|0,-1|-1|0|0|70|97|118|111,103|103|103|103|117|28494|25409|26996,1,0,0,10,255,240
644,0,5,3,0,3,0,0,0,171|171|171|111|65|99|116|105,255|255|255|101|115|107|116|111,-1|1|0|111|82|101|99|101,0|0|0|111|99|115|77|101,-6|6|0|0|0|0|0|0,-1|-1|0|0|0|0|0|0,103|103|103|0|0|0|0|0,1,0,0,10,255,240
645,0,5,4,0,4,0,0,0,171|171|171|171|0|0|0|0,255|255|255|255|0|0|0|0,-2|2|0|0|0|0|0|0,0|0|0|0|0|0|0|0,-10|10|-6|6|0|0|0|0,-4|-4|-2|-2|0|0|0|0,103|103|103|103|0|0|0|0,1,0,0,10,255,240
646,0,5,5,0,5,0,0,0,171|171|171|171|171|0|0|0,255|255|255|255|255|0|0|0,-2|2|0|0|0|0|0|0,0|0|0|0|0|0|0|0,-10|10|-6|6|0|0|0|0,-4|-4|-2|-2|0|0|0|0,103|103|103|103|103|0|0|0,1,0,0,10,255,240
647,0,4,1,0,1,0,0,0,1|0|0|0|0|0|0|0,255|0|0|0|0|0|0|0,0|0|0|0|0|0|0|0,12|0|0|0|0|0|0|0,0|0|0|0|0|0|0|0,0|0|0|0|0|0|0|0,228|0|0|0|0|0|0|0,0,0,0,6,255,32
648,0,7,1,0,1,0,0,0,2|0|0|0|0|0|0|0,107|0|0|0|0|0|0|0,0|0|0|0|0|0|0|0,8|0|0|0|0|0|0|0,0|0|0|0|0|0|0|0,0|0|0|0|0|0|0|0,601|0|0|0|0|0|0|0,0,0,0,6,255,32
649,0,6,1,0,1,0,0,0,2|0|0|0|0|0|0|0,107|0|0|0|0|0|0|0,0|0|0|0|0|0|0|0,8|0|0|0|0|0|0|0,0|0|0|0|0|0|0|0,0|0|0|0|0|0|0|0,601|0|0|0|0|0|0|0,0,0,0,6,255,32
650,0,6,3,0,3,0,0,0,2|1|1|0|0|0|0|0,107|255|255|0|0|0|0|0,0|-10|10|0|0|0|0|0,8|0|0|0|0|0|0|0,0|0|0|0|0|0|0|0,0|0|0|0|0|0|0|0,601|228|228|0|0|0|0|0,0,0,0,6,255,32
651,0,6,4,0,4,0,0,0,2|1|1|1|0|0|0|0,107|255|255|255|0|0|0|0,0|-9|9|0|0|0|0|0,8|2|2|-10|0|0|0|0,0|0|0|0|0|0|0|0,0|0|0|0|0|0|0|0,601|228|228|228|0|0|0|0,0,0,0,6,255,32
652,0,6,5,0,5,0,0,0,2|1|1|1|1|0|0|0,107|255|255|255|255|0|0|0,0|-9|9|-8|8|0|0|0,8|2|2|-3|-3|0|0|0,0|0|0|0|0|0|0|0,0|0|0|0|0|0|0|0,601|228|228|228|228|0|0|0,0,0,0,6,255,32
653,0,6,3,0,3,0,0,0,4|1|1|0|0|0|0|0,105|255|255|0|0|0|0|0,0|-10|10|0|0|0|0|0,7|0|0|0|0|0|0|0,0|0|0|0|0|0|0|0,0|0|0|0|0|0|0|0,582|228|228|0|0|0|0|0,0,0,0,6,255,32
654,0,6,5,0,5,0,0,0,4|1|1|1|1|0|0|0,105|255|255|255|255|0|0|0,0|-9|9|-8|8|0|0|0,7|2|2|-3|-3|0|0|0,0|0|0|0|0|0|0|0,0|0|0|0|0|0|0|0,582|228|228|228|228|0|0|0,0,0,0,6,255,32
655,0,6,6,0,6,0,0,0,4|1|1|1|1|2|0|0,105|255|255|255|255|107|0|0,0|-9|9|-8|8|0|0|0,7|2|2|-3|-3|-8|0|0,0|0|0|0|0|0|0|0,0|0|0|0|0|0|0|0,582|228|228|228|228|601|0|0,0,0,0,6,255,32
656,0,6,5,0,5,0,0,0,4|2|2|2|2|0|0|0,105|107|107|107|107|0|0|0,0|-6|6|-8|8|0|0|0,7|6|6|-3|-3|0|0|0,0|0|0|0|0|0|0|0,0|0|0|0|0|0|0|0,582|601|601|601|601|0|0|0,0,0,0,6,255,32
657,0,6,7,0,7,0,0,0,4|4|4|2|2|1|1|0,105|105|105|107|107|255|255|0,0|-6|6|-6|6|-10|10|0,7|6|6|-6|-6|0|0|0,0|0|0|0|0|0|0|0,0|0|0|0|0|0|0|0,582|582|582|601|601|228|228|0,0,0,0,6,255,32
658,0,2,2,0,2,0,0,0,1|1|0|0|0|0|0|0,255|255|0|0|0|0|0|0,0|0|0|0|0|0|0|0,12|12|0|0|0|0|0|0,-6|6|0|0|0|0|0|0,4|4|0|0|0|0|0|0,108|108|0|0|0|0|0|0,0,0,0,20,255,112
659,0,6,1,0,1,0,0,0,3|0|0|0|0|0|0|0,255|0|0|0|0|0|0|0,0|0|0|0|0|0|0|0,2|0|0|0|0|0|0|0,-10|0|0|0|0|0|0|0,0|0|0|0|0|0|0|0,88|0|0|0|0|0|0|0,0,0,20,26,255,32
660,0,5,1,0,1,0,0,0,3|0|0|0|0|0|0|0,255|0|0|0|0|0|0|0,0|0|0|0|0|0|0|0,2|0|0|0|0|0|0|0,-30|0|0|0|0|0|0|0,0|0|0|0|0|0|0|0,88|0|0|0|0|0|0|0,0,0,30,26,255,32
661,0,5,2,0,2,0,0,0,3|3|0|0|0|0|0|0,255|255|0|0|0|0|0|0,0|0|0|0|0|0|0|0,2|-2|0|0|0|0|0|0,-30|-30|0|0|0|0|0|0,0|0|0|0|0|0|0|0,88|88|0|0|0|0|0|0,0,0,30,26,255,32
662,0,5,2,0,2,0,0,0,3|3|0|0|0|0|0|0,255|255|0|0|0|0|0|0,0|0|0|0|0|0|0|0,2|2|0|0|0|0|0|0,-30|-20|0|0|0|0|0|0,0|0|0|0|0|0|0|0,88|88|0|0|0|0|0|0,0,0,30,26,255,32
663,0,5,3,0,3,0,0,0,3|3|3|0|0|0|0|0,255|255|255|0|0|0|0|0,0|0|0|0|0|0|0|0,2|2|-2|0|0|0|0|0,-30|-20|-30|0|0|0|0|0,0|0|0|0|0|0|0|0,88|88|88|0|0|0|0|0,0,0,30,26,255,32
664,0,7,2,0,2,0,0,0,3|3|0|0|0|0|0|0,255|255|0|0|0|0|0|0,0|120|0|0|0|0|0|0,1|120|0|0|0|0|0|0,-17|-7|0|0|0|0|0|0,-35|-5|0|0|0|0|0|0,88|88|0|0|0|0|0|0,0,0,4,26,255,32
665,0,7,2,0,2,0,0,0,3|3|0|0|0|0|0|0,255|255|0|0|0|0|0|0,0|120|0|0|0|0|0|0,1|120|0|0|0|0|0|0,-20|-10|0|0|0|0|0|0,-30|0|0|0|0|0|0|0,88|88|0|0|0|0|0|0,0,0,5,26,255,32
666,0,6,2,0,2,0,0,0,3|3|0|0|0|0|0|0,255|255|0|0|0|0|0|0,0|120|0|0|0|0|0|0,1|120|0|0|0|0|0|0,-26|-13|0|0|0|0|0|0,-30|0|0|0|0|0|0|0,88|88|0|0|0|0|0|0,0,0,6,26,255,32
667,0,5,2,0,2,0,0,0,3|3|0|0|0|0|0|0,255|255|0|0|0|0|0|0,0|120|0|0|0|0|0|0,1|120|0|0|0|0|0|0,-30|-20|0|0|0|0|0|0,-30|0|0|0|0|0|0|0,88|88|0|0|0|0|0|0,0,0,7,26,255,32
668,0,6,3,0,3,0,0,0,3|3|3|0|0|0|0|0,255|255|255|0|0|0|0|0,0|120|120|0|0|0|0|0,1|120|120|0|0|0|0|0,-24|-7|-19|0|0|0|0|0,-30|0|0|0|0|0|0|0,88|88|88|0|0|0|0|0,0,0,6,26,255,32
669,0,6,4,0,4,0,0,0,3|3|3|3|0|0|0|0,255|255|255|255|0|0|0|0,1|-1|120|120|0|0|0|0,1|1|120|120|0|0|0|0,-24|-24|-7|-19|0|0|0|0,-30|-30|0|0|0|0|0|0,88|88|88|88|0|0|0|0,0,0,6,26,255,32
670,0,0,1,3,8,0,0,0,3|3|3|3|3|3|3|3,255|255|255|255|255|255|255|255,0|4|6|4|0|-4|-6|-4,6|4|0|-4|-6|-4|0|4,0|4|6|4|0|-4|-6|-4,-6|-4|0|4|6|4|0|-4,126|126|126|126|126|126|126|126,0,0,0,26,255,32
671,0,2,1,0,1,0,0,0,1|0|0|0|0|0|0|0,255|0|0|0|0|0|0|0,0|0|0|0|0|0|0|0,0|0|0|0|0|0|0|0,0|0|0|0|0|0|0|0,0|0|0|0|0|0|0|0,246|0|0|0|0|0|0|0,-1,0,0,26,255,32
672,0,8,4,0,8,0,0,0,4|2|2|1|4|2|2|1,255|255|255|255|255|255|255|255,120|120|120|120|120|120|120|120,7|7|6|6|6|6|5|5,0|0|0|0|0|0|0|0,-14|0|0|14|-14|0|0|14,97|116|116|135|101|120|120|139,1,0,0,14,255,208
673,0,3,2,0,2,0,0,0,1|1|0|0|0|0|0|0,255|255|0|0|0|0|0|0,0|0|0|0|0|0|0|0,8|8|0|0|0|0|0|0,-16|15|0|0|0|0|0|0,0|0|0|0|0|0|0|0,58|58|0|0|0|0|0|0,0,0,0,8,255,208
674,0,3,3,0,3,0,0,0,1|1|1|0|0|0|0|0,255|255|255|0|0|0|0|0,0|0|0|0|0|0|0|0,8|8|8|0|0|0|0|0,-16|15|0|0|0|0|0|0,0|0|-4|0|0|0|0|0,58|58|58|0|0|0|0|0,0,0,0,8,255,208
675,0,3,4,0,4,0,0,0,1|1|1|1|0|0|0|0,255|255|255|255|0|0|0|0,0|0|0|0|0|0|0|0,8|8|8|8|0|0|0|0,-19|18|-15|14|0|0|0|0,0|0|-2|-2|0|0|0|0,58|58|58|58|0|0|0|0,0,0,0,8,255,208
676,0,3,5,0,5,0,0,0,1|1|1|1|1|0|0|0,255|255|255|255|255|0|0|0,0|0|0|0|0|0|0|0,8|8|8|8|8|0|0|0,-19|18|-15|14|0|0|0|0,0|0|-2|-2|-4|0|0|0,58|58|58|58|58|0|0|0,0,0,0,8,255,208
677,0,3,7,0,7,0,0,0,1|1|1|1|1|1|1|0,255|255|255|255|255|255|255|0,0|0|0|0|0|0|0|0,8|8|8|8|8|8|8|0,-19|18|-15|14|-11|10|0|0,0|0|-2|-2|-4|-4|-6|0,58|58|58|58|58|58|58|0,0,0,0,8,255,208
678,0,3,7,0,7,0,0,0,1|1|1|1|1|1|1|0,255|255|255|255|255|255|255|0,0|0|0|0|0|0|0|0,8|8|8|8|8|8|8|0,-19|18|-15|14|-6|5|0|0,0|0|-2|-2|-4|-4|-6|0,58|58|58|58|58|58|58|0,0,0,0,8,255,208
679,0,3,3,0,6,0,0,0,1|1|1|1|1|1|0|0,255|255|255|255|255|255|0|0,0|0|0|0|0|0|0|0,8|8|8|8|8|-8|0|0,-16|15|0|-16|15|0|0|0,0|0|-4|0|0|4|0|0,58|58|134|58|58|77|0|0,0,0,0,8,255,208
680,0,3,4,0,8,0,0,0,1|1|1|1|1|1|1|1,255|255|255|255|255|255|255|255,0|0|0|0|0|0|0|0,8|8|8|8|-8|-8|8|8,-19|18|-15|14|-3|2|-6|5,0|0|-2|-2|4|4|-2|-2,58|58|58|58|58|58|58|58,0,0,0,8,255,208
681,0,3,3,0,6,0,0,0,1|1|173|1|1|1|0|0,255|255|255|255|255|255|0|0,0|0|0|0|0|0|0|0,8|8|8|8|8|-8|0|0,-16|15|0|-16|15|0|0|0,0|0|-4|0|0|4|0|0,58|58|241|58|58|77|0|0,0,0,0,8,255,208
682,0,3,2,0,8,0,0,0,173|173|1|1|1|1|1|1,255|255|255|255|255|255|255|255,0|0|0|0|0|0|0|0,8|8|8|8|8|8|8|8,-16|15|-5|4|-5|4|-5|4,0|0|0|0|0|0|0|0,241|241|58|58|58|58|58|58,0,0,0,8,255,208
683,0,3,5,0,5,0,0,0,1|1|1|1|173|0|0|0,255|255|255|255|255|0|0|0,0|0|0|0|0|0|0|0,8|8|8|8|8|0|0|0,-19|18|-15|14|0|0|0|0,0|0|-2|-2|-4|0|0|0,58|58|58|58|241|0|0|0,0,0,0,8,255,208
684,0,3,2,0,2,0,0,0,1|1|0|0|0|0|0|0,255|255|0|0|0|0|0|0,-6|6|0|0|0|0|0|0,6|6|0|0|0|0|0|0,-16|15|0|0|0|0|0|0,0|0|0|0|0|0|0|0,163|164|0|0|0|0|0|0,0,0,0,8,255,208
685,0,3,3,0,3,0,0,0,1|1|1|0|0|0|0|0,255|255|255|0|0|0|0|0,-6|6|0|0|0|0|0|0,6|6|-8|0|0|0|0|0,-16|15|0|0|0|0|0|0,0|0|4|0|0|0|0|0,163|164|77|0|0|0|0|0,0,0,0,8,255,208
686,0,3,4,0,4,0,0,0,1|1|1|1|0|0|0|0,255|255|255|255|0|0|0|0,-6|6|-7|7|0|0|0|0,6|6|4|4|0|0|0|0,-16|15|-16|15|0|0|0|0,0|0|0|0|0|0|0|0,163|164|281|282|0|0|0|0,0,0,0,8,255,208
687,0,3,6,0,6,0,0,0,1|1|1|1|1|1|0|0,255|255|255|255|255|255|0|0,-6|6|-7|7|-8|8|0|0,6|6|3|3|0|0|0|0,-16|15|-16|15|-16|15|0|0,0|0|0|0|0|0|0|0,163|164|281|282|39|1|0|0,0,0,0,8,255,208
688,0,3,8,0,8,0,0,0,1|1|1|1|1|1|1|1,255|255|255|255|255|255|255|255,-6|6|-7|7|-8|8|-3|3,6|6|3|3|0|0|7|7,-16|15|-16|15|-16|15|-16|15,0|0|0|0|0|0|0|0,163|164|281|282|39|1|201|202,0,0,0,8,255,208
689,0,3,4,0,4,0,0,0,3|3|1|1|0|0|0|0,255|255|255|255|0|0|0|0,-6|6|-3|3|0|0|0|0,6|6|7|7|0|0|0|0,-16|15|-16|15|0|0|0|0,0|0|0|0|0|0|0|0,121|122|201|202|0|0|0|0,0,0,0,8,255,208
690,0,3,6,0,6,0,0,0,3|3|1|1|1|1|0|0,255|255|255|255|255|255|0|0,-6|6|-3|3|-7|7|0|0,6|6|7|7|3|3|0|0,-16|15|-16|15|-16|15|0|0,0|0|0|0|0|0|0|0,121|122|201|202|281|282|0|0,0,0,0,8,255,208
691,0,3,4,0,4,0,0,0,3|3|3|3|0|0|0|0,255|255|255|255|0|0|0|0,-7|7|-4|4|0|0|0|0,4|4|7|7|0|0|0|0,-16|15|-16|15|0|0|0|0,0|0|0|0|0|0|0|0,98|98|98|98|0|0|0|0,0,0,0,8,255,208
692,0,3,6,0,6,0,0,0,3|3|3|3|3|3|0|0,255|255|255|255|255|255|0|0,-7|7|-4|4|-8|8|0|0,4|4|7|7|1|1|0|0,-16|15|-16|15|-16|15|0|0,0|0|0|0|0|0|0|0,98|98|98|98|98|98|0|0,0,0,0,8,255,208
693,0,3,2,0,2,0,0,0,173|173|0|0|0|0|0|0,255|255|0|0|0|0|0|0,-6|6|0|0|0|0|0|0,6|6|0|0|0|0|0|0,-16|15|0|0|0|0|0|0,0|0|0|0|0|0|0|0,241|241|0|0|0|0|0|0,0,0,0,8,255,208
694,0,3,3,0,3,0,0,0,173|173|173|0|0|0|0|0,255|255|255|0|0|0|0|0,-6|6|0|0|0|0|0|0,6|6|-7|0|0|0|0|0,-16|15|0|0|0|0|0|0,0|0|0|0|0|0|0|0,241|241|241|0|0|0|0|0,0,0,0,8,255,208
695,0,5,1,0,2,0,0,0,174|175|0|0|0|0|0|0,255|255|0|0|0|0|0|0,-6|6|0|0|0|0|0|0,6|6|0|0|0|0|0|0,-16|15|0|0|0|0|0|0,0|0|0|0|0|0|0|0,255|255|0|0|0|0|0|0,0,0,0,8,255,208
696,0,8,2,0,2,0,0,0,174|175|0|0|0|0|0|0,255|255|0|0|0|0|0|0,-6|6|0|0|0|0|0|0,6|6|0|0|0|0|0|0,-16|15|0|0|0|0|0|0,0|0|0|0|0|0|0|0,255|255|0|0|0|0|0|0,0,0,0,8,255,208
697,0,8,3,0,3,0,0,0,174|175|1|0|0|0|0|0,255|255|255|0|0|0|0|0,-6|6|0|0|0|0|0|0,6|6|-8|0|0|0|0|0,-16|15|0|0|0|0|0|0,0|0|0|0|0|0|0|0,255|255|111|0|0|0|0|0,0,0,0,8,255,208
698,0,8,4,0,4,0,0,0,174|175|1|1|0|0|0|0,255|255|255|255|0|0|0|0,-6|6|-6|6|0|0|0|0,6|6|-6|-6|0|0|0|0,-16|15|-15|14|0|0|0|0,0|0|0|0|0|0|0|0,255|255|111|111|0|0|0|0,0,0,0,8,255,208
699,0,8,5,0,5,0,0,0,174|175|1|1|1|0|0|0,255|255|255|255|255|0|0|0,-6|6|-6|6|0|0|0|0,6|6|-6|-6|-8|0|0|0,-16|15|-15|14|0|0|0|0,0|0|0|0|0|0|0|0,255|255|111|111|111|0|0|0,0,0,0,8,255,208
700,0,8,6,0,6,0,0,0,174|175|1|1|1|1|0|0,255|255|255|255|255|255|0|0,-6|6|-6|6|0|0|0|0,6|6|-6|-6|-8|-8|0|0,-16|15|-15|14|-4|3|0|0,0|0|0|0|0|0|0|0,255|255|111|111|111|111|0|0,0,0,0,8,255,208
701,0,8,7,0,7,0,0,0,174|175|1|1|1|1|1|0,255|255|255|255|255|255|255|0,-6|6|-6|6|-3|3|0|0,6|6|-6|-6|-7|-7|-8|0,-16|15|-15|14|-9|8|0|0,0|0|0|0|0|0|0|0,255|255|111|111|111|111|111|0,0,0,0,8,255,208
702,0,8,7,0,7,0,0,0,174|175|1|1|1|1|1|0,255|255|255|255|255|255|255|0,-6|6|-6|6|-3|3|0|0,6|6|-6|-6|-7|-7|8|0,-16|15|-15|14|-9|8|0|0,0|0|0|0|0|0|0|0,255|255|111|111|111|111|111|0,0,0,0,8,255,208
703,0,8,5,0,5,0,0,0,174|175|174|175|1|0|0|0,255|255|255|255|255|0|0|0,-6|6|-6|6|0|0|0|0,6|6|6|6|-8|0|0|0,-16|15|-19|18|0|0|0|0,0|0|12|12|0|0|0|0,255|255|255|255|111|0|0|0,0,0,0,8,255,208
704,0,8,7,0,7,0,0,0,174|175|174|175|1|1|1|0,255|255|255|255|255|255|255|0,-6|6|-6|6|0|-3|3|0,6|6|6|6|8|-7|-7|0,-16|15|-19|18|0|-9|8|0,0|0|12|12|0|0|0|0,255|255|255|255|111|111|111|0,0,0,0,8,255,208
705,0,8,8,0,8,0,0,0,174|175|174|175|1|1|1|1,255|255|255|255|255|255|255|255,-6|6|-6|6|0|-6|6|0,6|6|6|6|8|-6|-6|-8,-16|15|-19|18|0|-9|8|0,0|0|12|12|0|0|0|0,255|255|255|255|111|111|111|111,0,0,0,8,255,208
706,0,1,5,20,5,0,0,0,99|99|99|99|99|0|0|0,20|20|20|20|20|0|0|0,0|-1|1|-2|2|0|0|0,8|7|7|5|5|0|0|0,0|0|0|0|0|0|0|0,0|0|0|0|0|0|0|0,634|634|634|634|634|0|0|0,0,0,0,10,255,128
707,0,11,8,1,8,0,0,0,20|20|20|20|20|20|20|20,255|255|255|255|255|255|255|255,120|120|120|120|120|120|120|120,120|120|120|120|120|120|120|120,14|0|-14|0|9|9|-9|-9,0|14|0|-14|9|-9|-9|9,227|227|227|227|227|227|227|227,0,0,0,26,255,208
708,70,2,7,0,7,0,0,0,189|189|189|189|189|189|189|0,255|255|255|255|255|255|255|0,0|-1|1|-2|2|-3|3|0,1|0|0|0|0|-1|-1|0,0|0|0|0|0|0|0|0,0|0|0|0|0|0|0|0,238|238|238|238|238|238|238|0,1,0,0,6,255,208
709,0,9,8,0,8,0,0,8,114|114|114|114|114|114|114|114,255|255|255|255|255|255|255|255,-5|5|-3|3|-3|3|0|0,0|0|-3|-3|3|3|-4|6,-5|5|-3|3|-3|3|0|0,0|0|-3|-3|3|3|-4|6,171|171|171|171|171|171|171|171,0,0,0,26,98,208
710,10,0,1,3,1,0,0,0,128|0|0|0|0|0|0|0,255|0|0|0|0|0|0|0,0|0|0|0|0|0|0|0,1|0|0|0|0|0|0|0,0|0|0|0|0|0|0|0,0|0|0|0|0|0|0|0,271|0|0|0|0|0|0|0,0,0,0,8,255,208
711,0,6,8,0,8,0,0,0,12|12|6|6|6|6|6|6,255|255|255|255|255|255|255|255,0|0|0|0|0|0|0|0,8|8|8|8|8|8|8|8,-24|24|-18|18|-12|12|-5|5,8|8|-2|-2|-6|-6|-8|-8,160|160|160|160|160|160|160|160,0,0,0,5,255,96
712,0,3,1,0,1,0,0,0,3|0|0|0|0|0|0|0,255|0|0|0|0|0|0|0,0|0|0|0|0|0|0|0,10|0|0|0|0|0|0|0,0|0|0|0|0|0|0|0,0|0|0|0|0|0|0|0,72|0|0|0|0|0|0|0,0,0,0,13,255,208
713,0,3,2,0,2,0,0,0,3|3|0|0|0|0|0|0,255|255|0|0|0|0|0|0,0|0|0|0|0|0|0|0,10|10|0|0|0|0|0|0,-6|6|0|0|0|0|0|0,0|0|0|0|0|0|0|0,72|72|0|0|0|0|0|0,0,0,0,13,255,208
714,0,3,3,0,3,0,0,0,3|3|3|0|0|0|0|0,255|255|255|0|0|0|0|0,0|0|0|0|0|0|0|0,10|10|10|0|0|0|0|0,-6|6|0|0|0|0|0|0,0|0|-4|0|0|0|0|0,72|72|72|0|0|0|0|0,0,0,0,13,255,208
715,0,3,4,0,4,0,0,0,3|3|3|3|0|0|0|0,255|255|255|255|0|0|0|0,0|0|0|0|0|0|0|0,10|10|10|10|0|0|0|0,-6|6|3|-3|0|0|0|0,0|0|-4|-4|0|0|0|0,72|72|72|72|0|0|0|0,0,0,0,13,255,208
716,0,3,3,0,3,0,0,0,3|3|8|0|0|0|0|0,255|255|255|0|0|0|0|0,0|0|0|0|0|0|0|0,10|10|10|0|0|0|0|0,-6|6|0|0|0|0|0|0,0|0|-4|0|0|0|0|0,72|72|12|0|0|0|0|0,0,0,0,13,255,208
717,0,3,4,0,4,0,0,0,3|3|5|5|0|0|0|0,255|255|255|255|0|0|0|0,0|0|0|0|0|0|0|0,10|10|10|10|0|0|0|0,-6|6|4|-4|0|0|0|0,0|0|-4|-4|0|0|0|0,72|72|12|12|0|0|0|0,0,0,0,13,255,208
718,0,4,2,0,2,0,0,0,2|2|0|0|0|0|0|0,255|255|0|0|0|0|0|0,0|0|0|0|0|0|0|0,12|12|0|0|0|0|0|0,-8|10|0|0|0|0|0|0,0|0|0|0|0|0|0|0,262|262|0|0|0|0|0|0,0,0,0,5,255,208
719,0,5,3,0,3,0,0,7,3|3|3|0|0|0|0|0,255|255|255|0|0|0|0|0,0|-4|4|0|0|0|0|0,-8|5|5|0|0|0|0|0,0|0|0|0|0|0|0|0,0|0|0|0|0|0|0|0,166|166|166|0|0|0|0|0,0,0,0,26,255,208
720,0,10,2,0,6,0,0,0,4|4|4|4|4|4|0|0,255|255|255|255|255|255|0|0,0|0|-8|8|-10|10|0|0,10|10|8|8|0|0|0|0,-20|-20|-30|-10|-40|0|0|0,-15|-15|-10|-10|-10|-10|0|0,60022|60022|60022|60022|60022|60022|0|0,0,0,0,13,255,208
721,0,5,8,1,8,0,0,0,5|5|4|4|4|4|4|4,255|255|255|255|255|255|255|255,0|0|0|0|0|0|0|0,22|22|22|22|22|22|22|22,0|0|0|0|0|0|0|0,0|-14|-28|-42|-56|-70|-84|-98,192|191|192|191|192|191|192|191,0,0,0,15,255,128
722,0,5,8,0,8,0,0,0,5|5|4|4|4|4|4|4,255|255|255|255|255|255|255|255,-12|-12|-12|-12|-12|-12|-12|-12,14|14|14|14|14|14|14|14,0|-12|-24|-36|-48|-60|-72|-84,0|-14|-28|-42|-56|-70|-84|-98,194|195|194|195|194|195|194|195,0,0,0,15,255,128
723,0,5,8,0,8,0,0,0,5|5|4|4|4|4|4|4,255|255|255|255|255|255|255|255,12|12|12|12|12|12|12|12,14|14|14|14|14|14|14|14,0|12|24|36|48|60|72|84,0|-14|-28|-42|-56|-70|-84|-98,196|197|196|197|196|197|196|197,0,0,0,15,255,128
724,0,5,8,1,8,0,0,0,5|5|4|4|4|4|4|4,255|255|255|255|255|255|255|255,-22|-22|-22|-22|-22|-22|-22|-22,0|0|0|0|0|0|0|0,0|-12|-24|-36|-48|-60|-72|-84,0|0|0|0|0|0|0|0,198|199|198|199|198|199|198|199,0,0,0,15,255,128
725,0,5,8,1,8,0,0,0,5|5|4|4|4|4|4|4,255|255|255|255|255|255|255|255,22|22|22|22|22|22|22|22,0|0|0|0|0|0|0|0,0|12|24|36|48|60|72|84,0|0|0|0|0|0|0|0,198|199|198|199|198|199|198|199,0,0,0,15,255,128
726,0,5,1,1,1,0,0,0,2|0|0|0|0|0|0|0,255|0|0|0|0|0|0|0,0|0|0|0|0|0|0|0,10|0|0|0|0|0|0|0,0|0|0|0|0|0|0|0,0|0|0|0|0|0|0|0,50|0|0|0|0|0|0|0,0,0,0,26,255,208
727,0,5,2,0,2,0,0,0,1|1|0|0|0|0|0|0,255|255|0|0|0|0|0|0,-7|7|0|0|0|0|0|0,7|7|0|0|0|0|0|0,-5|5|0|0|0|0|0|0,0|0|0|0|0|0|0|0,121|122|0|0|0|0|0|0,0,0,0,5,255,208
728,0,4,1,0,1,0,0,0,1|0|0|0|0|0|0|0,255|0|0|0|0|0|0|0,0|0|0|0|0|0|0|0,9|0|0|0|0|0|0|0,0|0|0|0|0|0|0|0,0|0|0|0|0|0|0|0,48|0|0|0|0|0|0|0,0,0,0,13,255,208
729,0,5,6,0,6,0,0,0,4|4|4|4|4|4|0|0,255|255|255|255|255|255|0|0,-7|7|-10|10|-7|7|0|0,7|7|0|0|-7|-7|0|0,-5|5|-5|5|-5|5|0|0,0|0|0|0|0|0|0|0,121|122|102|104|140|141|0|0,0,0,0,5,255,208
730,0,4,2,0,8,0,0,7,2|2|2|2|2|2|2|2,255|255|255|255|255|255|255|255,-7|7|-5|5|-7|7|-9|9,7|7|9|9|7|7|5|5,-5|5|-5|5|-5|5|-5|5,0|0|0|0|0|0|0|0,247|247|247|247|247|247|247|247,0,0,0,5,255,32
731,0,3,3,0,3,0,0,0,3|3|8|0|0|0|0|0,255|255|255|0|0|0|0|0,0|0|0|0|0|0|0|0,10|10|10|0|0|0|0|0,-8|8|0|0|0|0|0|0,10|10|-4|0|0|0|0|0,72|72|12|0|0|0|0|0,0,0,0,13,255,208
732,0,3,5,0,5,0,0,0,3|3|3|3|5|0|0|0,255|255|255|255|255|0|0|0,0|0|0|0|0|0|0|0,10|10|10|12|10|0|0|0,-8|8|-10|10|0|0|0|0,10|10|12|12|-4|0|0|0,72|72|72|72|12|0|0|0,0,0,0,13,255,208
733,0,3,3,0,3,0,0,0,3|3|12|0|0|0|0|0,255|255|255|0|0|0|0|0,0|0|0|0|0|0|0|0,10|10|10|0|0|0|0|0,-8|8|0|0|0|0|0|0,10|10|-4|0|0|0|0|0,72|72|11|0|0|0|0|0,0,0,0,13,255,208
734,0,3,5,0,5,0,0,0,3|3|3|3|12|0|0|0,255|255|255|255|255|0|0|0,0|0|0|0|0|0|0|0,10|10|10|12|10|0|0|0,-8|8|-10|10|0|0|0|0,10|10|12|10|-4|0|0|0,72|72|72|72|11|0|0|0,0,0,0,13,255,208
735,0,3,2,0,2,0,0,0,12|12|0|0|0|0|0|0,255|255|0|0|0|0|0|0,0|0|0|0|0|0|0|0,10|10|0|0|0|0|0|0,-6|6|0|0|0|0|0|0,-4|-4|0|0|0|0|0|0,11|11|0|0|0|0|0|0,0,0,0,13,255,208
736,0,20,1,0,1,0,0,0,10|0|0|0|0|0|0|0,255|0|0|0|0|0|0|0,0|0|0|0|0|0|0|0,10|0|0|0|0|0|0|0,0|0|0|0|0|0|0|0,0|0|0|0|0|0|0|0,30|0|0|0|0|0|0|0,0,0,0,13,255,112
737,0,30,5,0,5,0,0,7,20|2|2|2|2|0|0|0,255|255|255|255|255|0|0|0,0|-2|2|-3|3|0|0|0,2|2|2|0|0|0|0|0,0|0|0|0|0|0|0|0,0|0|0|0|0|0|0|0,28|247|247|247|247|0|0|0,0,0,0,13,255,112
738,0,2,1,0,1,0,0,0,1|0|0|0|0|0|0|0,255|0|0|0|0|0|0|0,0|0|0|0|0|0|0|0,10|0|0|0|0|0|0|0,0|0|0|0|0|0|0|0,0|0|0|0|0|0|0|0,20|0|0|0|0|0|0|0,0,0,0,13,255,112
739,0,2,2,0,2,0,0,0,1|1|0|0|0|0|0|0,255|255|0|0|0|0|0|0,0|0|0|0|0|0|0|0,10|10|0|0|0|0|0|0,-9|9|0|0|0|0|0|0,12|12|0|0|0|0|0|0,20|20|0|0|0|0|0|0,0,0,0,13,255,112
740,0,3,2,0,2,0,0,0,1|1|0|0|0|0|0|0,255|255|0|0|0|0|0|0,0|0|0|0|0|0|0|0,10|10|0|0|0|0|0|0,-3|3|0|0|0|0|0|0,0|0|0|0|0|0|0|0,20|20|0|0|0|0|0|0,0,0,0,13,255,112
741,0,3,3,0,3,0,0,0,1|1|1|0|0|0|0|0,255|255|255|0|0|0|0|0,0|0|0|0|0|0|0|0,10|10|10|0|0|0|0|0,-9|9|0|0|0|0|0|0,12|12|0|0|0|0|0|0,20|20|21|0|0|0|0|0,0,0,0,13,255,112
742,0,3,3,0,3,0,0,0,1|1|1|0|0|0|0|0,255|255|255|0|0|0|0|0,0|0|0|0|0|0|0|0,10|10|10|0|0|0|0|0,-15|15|0|0|0|0|0|0,14|14|0|0|0|0|0|0,20|20|21|0|0|0|0|0,0,0,0,13,255,112
743,0,3,4,0,4,0,0,0,1|1|1|1|0|0|0|0,255|255|255|255|0|0|0|0,0|0|0|0|0|0|0|0,10|10|10|10|0|0|0|0,-11|11|-4|4|0|0|0|0,14|14|0|0|0|0|0|0,20|20|21|21|0|0|0|0,0,0,0,13,255,112
744,0,3,4,0,4,0,0,0,1|1|1|1|0|0|0|0,255|255|255|255|0|0|0|0,0|0|0|0|0|0|0|0,10|10|10|10|0|0|0|0,-17|17|-4|4|0|0|0|0,14|14|0|0|0|0|0|0,21|21|21|21|0|0|0|0,0,0,0,13,255,112
745,0,3,3,0,3,0,0,0,1|1|1|0|0|0|0|0,255|255|255|0|0|0|0|0,0|0|0|0|0|0|0|0,10|10|10|0|0|0|0|0,-18|18|0|0|0|0|0|0,14|14|0|0|0|0|0|0,22|22|21|0|0|0|0|0,0,0,0,13,255,112
746,0,3,4,0,4,0,0,0,1|1|1|1|0|0|0|0,255|255|255|255|0|0|0|0,0|0|0|0|0|0|0|0,10|10|10|10|0|0|0|0,-22|22|-9|9|0|0|0|0,14|14|12|12|0|0|0|0,22|22|20|20|0|0|0|0,0,0,0,13,255,112
747,0,3,5,0,5,0,0,0,1|1|1|1|1|0|0|0,255|255|255|255|255|0|0|0,0|0|0|0|0|0|0|0,10|10|10|10|10|0|0|0,-22|22|-16|16|0|0|0|0,14|14|12|12|0|0|0|0,22|22|22|22|20|0|0|0,0,0,0,13,255,112
748,0,3,6,0,6,0,0,0,1|1|1|1|1|1|0|0,255|255|255|255|255|255|0|0,0|0|0|0|0|0|0|0,10|10|10|10|10|10|0|0,-22|22|-16|16|-9|9|0|0,14|14|12|12|12|12|0|0,22|22|22|22|20|20|0|0,0,0,0,13,255,112
749,0,4,1,0,1,0,0,0,3|0|0|0|0|0|0|0,255|0|0|0|0|0|0|0,120|0|0|0|0|0|0|0,120|0|0|0|0|0|0|0,-24|0|0|0|0|0|0|0,0|0|0|0|0|0|0|0,88|0|0|0|0|0|0|0,0,0,168,26,255,32
750,0,3,2,2,6,0,0,0,1|1|1|1|1|1|0|0,255|255|101|101|101|101|0|0,0|0|10|10|-10|-10|0|0,22|22|10|10|10|10|0|0,0|0|0|-12|12|0|0|0,-8|6|0|14|14|0|0|0,191|191|196|196|194|194|0|0,0,0,0,15,255,128
751,0,0,2,0,4,0,0,0,1|1|0|0|0|0|255|255,255|255|255|255|0|0|0|0,101|101|101|101|0|0|0|0,14|14|14|14|0|0|0|0,-9|8|-9|8|0|0|0|0,10|10|10|10|0|0|0|0,286|286|286|286|0|65535|65535|65535,0,0,0,6,255,208
752,0,0,4,0,4,0,0,0,1|1|1|1|0|0|0|0,255|255|255|255|0|0|0|0,101|101|101|101|0|0|0|0,14|14|14|14|0|0|0|0,-14|13|-6|5|0|0|0|0,14|14|10|10|0|0|0|0,120|120|116|116|0|0|0|0,0,0,0,6,255,208
753,0,0,2,0,2,0,0,0,1|1|0|0|0|0|0|0,255|255|0|0|0|0|0|0,0|0|0|0|0|0|0|0,10|10|0|0|0|0|0|0,-11|11|0|0|0|0|0|0,10|10|0|0|0|0|0|0,49|49|0|0|0|0|0|0,0,0,0,6,255,208
754,0,0,1,0,1,0,0,0,251|0|0|0|0|0|0|0,255|112|0|0|0|0|0|0,101|0|0|0|0|0|0|0,14|0|0|0|0|0|0|0,-1|0|0|0|0|0|0|0,10|0|0|0|0|0|0|0,116|0|0|0|0|0|0|0,0,0,0,6,255,208
755,0,4,2,0,6,0,0,0,112|112|112|112|112|112|0|0,255|255|255|255|255|255|0|0,0|0|0|0|0|0|0|0,0|0|0|0|0|0|0|0,-17|16|-23|22|-29|28|0|0,10|10|12|12|14|14|0|0,31|31|31|31|31|31|0|0,1,0,0,7,0,208
756,0,3,2,0,2,0,0,0,251|251|0|0|0|0|0|0,98|98|0|0|0|0|0|0,0|0|0|0|0|0|0|0,28|28|0|0|0|0|0|0,-6|6|0|0|0|0|0|0,0|0|0|0|0|0|0|0,143|144|0|0|0|0|0|0,0,0,0,13,255,208
757,0,2,2,0,4,0,0,0,251|251|251|251|0|0|0|0,98|98|98|98|0|0|0|0,-8|-8|8|8|0|0|0|0,28|28|28|28|0|0|0|0,-6|6|-6|6|0|0|0|0,0|0|0|0|0|0|0|0,143|144|143|144|0|0|0|0,0,0,0,13,255,208
758,0,3,4,0,4,0,0,0,251|251|251|251|0|0|0|0,98|98|98|98|0|0|0|0,-8|-8|8|8|0|0|0|0,28|28|28|28|0|0|0|0,-6|6|-6|6|0|0|0|0,0|0|0|0|0|0|0|0,143|144|143|144|0|0|0|0,0,0,0,13,255,208
759,0,3,4,0,4,0,0,0,251|251|251|251|0|0|0|0,98|98|98|98|0|0|0|0,0|0|0|0|0|0|0|0,28|28|28|28|0|0|0|0,-18|-6|6|18|0|0|0|0,0|0|0|0|0|0|0|0,748|749|750|751|0|0|0|0,0,0,0,13,255,208
760,0,3,4,0,4,0,0,0,251|251|251|251|0|0|0|0,98|98|98|98|0|0|0|0,0|0|0|0|0|0|0|0,28|28|28|28|0|0|0|0,-6|6|-6|6|0|0|0|0,0|0|14|14|0|0|0|0,143|144|143|144|0|1|0|1,0,0,0,13,255,208
761,0,2,4,0,6,0,0,0,251|251|251|251|251|251|1|0,98|98|98|98|98|98|0|0,-14|-14|14|14|0|0|0|0,28|28|28|28|28|28|0|0,-6|6|-6|6|-6|6|0|0,0|0|0|0|0|0|0|0,143|144|143|144|143|144|0|0,0,0,0,13,255,208
762,0,3,6,0,6,0,0,0,251|251|251|251|251|251|0|0,98|98|98|98|98|98|0|0,-14|-14|14|14|0|0|0|0,28|28|28|28|28|28|0|0,-6|6|-6|6|-6|6|0|0,0|0|0|0|0|0|0|0,143|144|143|144|143|144|0|0,0,0,0,13,255,208
763,0,3,8,0,8,0,0,0,251|251|251|251|251|251|251|251,98|98|98|98|98|98|98|98,-20|-20|20|20|8|8|-8|-8,28|28|28|28|28|28|28|28,-6|6|-6|6|-6|6|-6|6,0|0|0|0|0|0|0|0,143|144|143|144|143|144|143|144,0,0,0,13,255,208
764,0,3,8,0,8,0,0,0,251|251|251|251|251|251|251|251,98|98|98|98|98|98|98|98,-20|-20|20|20|4|4|-4|-4,28|28|28|28|28|28|28|28,-6|6|-6|6|-6|6|-6|6,0|0|0|0|0|0|0|0,143|144|143|144|143|144|143|144,0,0,0,13,255,208
765,0,3,8,0,8,0,0,0,251|251|251|251|251|251|251|251,98|98|98|98|98|98|98|98,-8|-8|8|8|8|8|-8|-8,28|28|28|28|0|0|0|0,-6|6|-6|6|-6|6|-6|6,0|0|0|0|0|0|0|0,143|144|143|144|143|144|143|144,1,0,0,13,255,208
766,0,3,8,0,8,0,0,0,251|251|251|251|251|251|251|251,98|98|98|98|98|98|98|98,0|0|0|0|6|6|-6|-6,28|28|28|28|0|0|0|0,-18|-6|6|18|-6|6|-6|6,0|0|0|0|0|0|0|0,748|749|750|751|143|144|143|144,1,0,0,13,255,208
767,0,4,1,0,1,0,0,9,2|112|1|0|0|0|32|234,255|112|240|233|190|112|1|0,0|0|-36|-23|-66|112|-44|-23,2|112|1|0|0|0|-60|-23,0|112|-68|-23|-66|112|1|0,0|0|-84|-23|-66|112|-96|-23,501|1|0|256|0|10|0|5000,1,0,0,16,255,208
768,0,4,2,0,2,0,0,0,1|1|0|0|0|0|0|0,255|255|0|0|0|0|0|0,-1|1|0|0|0|0|0|0,2|2|0|0|0|0|0|0,0|0|0|0|0|0|0|0,0|0|0|0|0|0|0|0,501|501|0|0|0|0|0|0,1,0,0,16,255,208
769,0,4,3,0,3,0,0,0,1|1|1|0|0|0|0|0,255|255|255|0|0|0|0|0,-2|2|0|0|0|0|0|0,2|2|2|0|0|0|0|0,0|0|0|0|0|0|0|0,0|0|0|0|0|0|0|0,501|501|501|0|0|0|0|0,1,0,0,16,255,208
770,0,4,4,0,4,0,0,0,1|1|1|1|0|0|0|0,255|255|255|255|0|0|0|0,-4|-3|4|3|0|0|0|0,2|2|2|2|0|0|0|0,0|0|0|0|0|0|0|0,0|0|0|0|0|0|0|0,501|501|501|501|0|0|0|0,1,0,0,16,255,208
771,0,4,4,0,4,0,0,0,1|1|1|1|0|0|0|0,255|255|255|255|0|0|0|0,-5|-2|5|2|0|0|0|0,2|2|2|2|0|0|0|0,0|0|0|0|0|0|0|0,0|0|0|0|0|0|0|0,501|501|501|501|0|0|0|0,1,0,0,16,255,208
772,0,4,5,0,5,0,0,0,1|1|1|1|1|0|0|0,255|255|255|255|255|0|0|0,-5|-2|5|2|0|0|0|0,2|2|2|2|2|0|0|0,0|0|0|0|0|0|0|0,0|0|0|0|0|0|0|0,501|501|501|501|501|0|0|0,1,0,0,16,255,208
773,0,4,6,0,6,0,0,0,1|1|1|1|1|1|0|0,255|255|255|255|255|255|0|0,0|-5|-2|5|2|0|0|0,2|2|2|2|2|2|0|0,0|0|0|0|0|0|0|0,-12|0|0|0|0|0|0|0,501|501|501|501|501|501|0|0,1,0,0,16,255,208
774,0,4,3,0,3,0,0,0,1|1|2|0|0|0|0|0,255|255|255|0|0|0|0|0,-2|2|0|0|0|0|0|0,2|2|2|0|0|0|0|0,0|0|0|0|0|0|0|0,0|0|0|0|0|0|0|0,501|501|520|0|0|0|0|0,1,0,0,16,255,208
775,0,4,2,0,2,0,0,0,2|2|0|0|0|0|0|0,255|255|0|0|0|0|0|0,-1|1|0|0|0|0|0|0,2|2|0|0|0|0|0|0,0|0|0|0|0|0|0|0,0|0|0|0|0|0|0|0,520|520|0|0|0|0|0|0,1,0,0,16,255,208
776,0,4,4,0,4,0,0,0,2|2|1|1|0|0|0|0,255|255|255|255|0|0|0|0,-1|1|-3|3|0|0|0|0,2|2|2|2|0|0|0|0,0|0|0|0|0|0|0|0,0|0|0|0|0|0|0|0,520|520|501|501|0|0|0|0,1,0,0,16,255,208
777,0,4,3,0,3,0,0,0,2|2|2|0|0|0|0|0,255|255|255|0|0|0|0|0,-2|2|0|0|0|0|0|0,2|2|2|0|0|0|0|0,0|0|0|0|0|0|0|0,0|0|0|0|0|0|0|0,520|520|520|0|0|0|0|0,1,0,0,16,255,208
778,0,0,2,1,4,0,0,0,251|251|251|251|0|0|0|0,255|255|255|255|0|0|0|0,101|101|101|101|0|0|0|0,14|14|14|14|0|0|0|0,-6|6|-6|6|0|0|0|0,10|10|10|10|0|0|0|0,558|561|559|562|0|0|0|0,0,0,0,6,255,208
779,0,3,1,18,1,0,0,0,2|0|0|0|0|0|0|0,255|0|0|0|0|0|0|0,0|0|0|0|0|0|0|0,-1|0|0|0|0|0|0|0,0|0|0|0|0|0|0|0,-8|0|0|0|0|0|0|0,598|0|0|0|0|0|0|0,1,0,0,25,255,208
780,40,3,4,11,8,0,0,0,250|250|251|251|250|250|250|250,11|11|11|11|11|11|11|11,0|0|0|0|0|0|0|0,11|11|11|11|11|11|11|11,-6|6|-6|6|-6|6|-6|6,-7|-7|7|7|-7|-7|7|7,672|691|710|729|672|691|710|729,-1,0,0,4,255,112
781,0,7,2,0,2,0,0,0,251|250|0|0|0|0|0|0,255|255|0|0|0|0|0|0,0|0|0|0|0|0|0|0,12|12|0|0|0|0|0|0,0|0|0|0|0|0|0|0,-7|7|0|0|0|0|0|0,185|186|0|0|0|0|0|0,0,0,0,31,255,208
782,0,6,2,0,2,0,0,0,251|250|0|0|0|0|0|0,255|255|0|0|0|0|0|0,0|0|0|0|0|0|0|0,14|14|0|0|0|0|0|0,0|0|0|0|0|0|0|0,-7|7|0|0|0|0|0|0,189|190|0|0|0|0|0|0,0,0,0,31,255,208
783,0,6,2,0,4,0,0,0,251|250|251|250|0|0|0|0,255|255|255|255|0|0|0|0,0|0|0|0|0|0|0|0,16|16|16|16|0|0|0|0,-5|-5|5|5|0|0|0|0,-7|7|-7|7|0|0|0|0,185|186|185|186|0|0|0|0,0,0,0,31,255,208
784,0,8,4,0,4,0,0,0,251|250|251|250|0|0|0|0,255|255|255|255|0|0|0|0,0|0|0|0|0|0|0|0,16|16|16|16|0|0|0|0,-9|-9|9|9|0|0|0|0,-7|7|-7|7|0|0|0|0,185|186|185|186|0|0|0|0,0,0,0,31,255,208
785,0,7,4,0,4,0,0,0,251|250|251|250|0|0|0|0,255|255|255|255|0|0|0|0,0|0|0|0|0|0|0|0,16|16|16|16|0|0|0|0,-6|-6|6|6|0|0|0|0,-7|7|-7|7|0|0|0|0,185|186|185|186|0|0|0|0,0,0,0,31,255,208
786,0,7,4,0,8,0,0,0,251|250|251|250|251|250|251|250,255|255|255|255|255|255|255|255,0|0|0|0|0|0|0|0,16|16|16|16|16|16|16|16,-6|-6|6|6|-9|-9|9|9,-7|7|-7|7|-7|7|-7|7,185|186|185|186|185|186|185|186,0,0,0,31,255,208
787,0,7,6,0,6,0,0,0,251|250|251|250|251|250|0|0,255|255|255|255|255|255|0|0,0|0|0|0|0|0|0|0,16|16|16|16|16|16|0|0,-9|-9|9|9|0|0|0|0,-7|7|-7|7|-3|11|0|0,185|186|185|186|185|186|0|0,0,0,0,31,255,208
788,0,7,6,0,6,0,0,0,251|250|251|250|251|251|0|0,255|255|255|255|255|255|0|0,0|0|0|0|0|0|0|0,16|16|16|16|16|16|0|0,-9|-9|9|9|0|0|0|0,-7|7|-7|7|-3|11|0|0,185|186|185|186|189|190|0|0,0,0,0,31,255,208
789,0,7,6,0,6,0,0,0,251|251|251|251|251|250|0|0,255|255|255|255|255|255|0|0,0|0|0|0|0|0|0|0,16|16|16|16|16|16|0|0,-9|-9|9|9|0|0|0|0,-7|7|-7|7|-3|11|0|0,189|190|189|190|185|186|0|0,0,0,0,31,255,208
790,0,7,8,0,8,0,0,0,251|250|251|250|251|250|251|250,255|255|255|255|255|255|255|255,0|0|0|0|0|0|0|0,16|16|16|16|16|16|16|16,-11|-11|11|11|-4|-4|4|4,-7|7|-7|7|-3|11|-3|11,185|186|185|186|185|186|185|186,0,0,0,31,255,208
791,0,7,8,0,8,0,0,0,251|251|251|251|251|250|251|250,255|255|255|255|255|255|255|255,0|0|0|0|0|0|0|0,16|16|16|16|16|16|16|16,-11|-11|11|11|-4|-4|4|4,-7|7|-7|7|-3|11|-3|11,189|190|189|190|189|190|189|190,0,0,0,31,255,208
792,0,2,1,0,8,0,0,0,3|3|3|3|3|3|3|3,255|255|255|255|255|255|255|255,-1|1|-1|-2|2|2|0|0,0|2|1|0|0|1|1|-1,0|0|0|0|0|0|0|0,0|0|0|0|0|0|0|0,23|24|25|26|23|24|25|26,0,0,88,30,255,176
793,80,10,4,7,4,0,0,0,251|251|251|251|0|0|0|0,255|255|255|255|0|0|0|0,0|0|0|0|0|0|0|0,4|4|4|4|0|0|0|0,-6|6|6|-6|0|0|0|0,-7|-7|7|7|0|0|0|0,752|771|778|790|0|0|0|0,0,0,48,31,255,176
794,500,20,5,1,5,0,0,0,251|251|251|251|251|0|0|0,255|255|255|255|255|0|0|0,0|0|0|0|0|0|0|0,0|0|0|0|0|0|0|0,0|6|6|-6|-6|0|0|0,7|7|-7|7|-7|0|0|0,663|661|657|659|655|0|0|0,1,0,0,31,198,208
795,100,5,2,0,2,0,0,0,1|1|0|0|0|0|0|0,255|255|0|0|0|0|0|0,0|0|0|0|0|0|0|0,0|0|0|0|0|0|0|0,-2|4|0|0|0|0|0|0,0|0|0|0|0|0|0|0,620|620|0|0|0|0|0|0,1,0,0,31,255,128
796,150,5,3,0,3,0,0,0,1|1|1|0|0|0|0|0,255|255|255|0|0|0|0|0,0|0|0|0|0|0|0|0,0|0|0|0|0|0|0|0,-4|6|1|0|0|0|0|0,0|0|-2|0|0|0|0|0,620|620|620|0|0|0|0|0,1,0,0,31,255,128
797,100,5,2,0,2,0,0,0,2|2|0|0|0|0|0|0,255|255|0|0|0|0|0|0,0|0|0|0|0|0|0|0,0|0|0|0|0|0|0|0,-5|6|0|0|0|0|0|0,0|0|0|0|0|0|0|0,621|621|0|0|0|0|0|0,1,0,0,31,255,128
798,50,5,1,0,1,0,0,0,3|0|0|0|0|0|0|0,255|0|0|0|0|0|0|0,0|0|0|0|0|0|0|0,0|0|0|0|0|0|0|0,0|0|0|0|0|0|0|0,0|0|0|0|0|0|0|0,622|0|0|0|0|0|0|0,1,0,0,31,255,128
799,150,5,3,0,3,0,0,0,3|1|1|0|0|0|0|0,255|255|255|0|0|0|0|0,0|-1|1|0|0|0|0|0,0|0|0|0|0|0|0|0,0|-2|4|0|0|0|0|0,0|0|0|0|0|0|0|0,622|620|620|0|0|0|0|0,1,0,0,31,255,128
800,150,5,3,0,3,0,0,0,3|2|2|0|0|0|0|0,255|255|255|0|0|0|0|0,0|-1|1|0|0|0|0|0,0|0|0|0|0|0|0|0,0|-5|6|0|0|0|0|0,0|0|0|0|0|0|0|0,622|621|621|0|0|0|0|0,1,0,0,31,255,128
801,100,5,2,0,2,0,0,0,3|3|0|0|0|0|0|0,255|255|0|0|0|0|0|0,0|0|0|0|0|0|0|0,0|0|0|0|0|0|0|0,-5|5|0|0|0|0|0|0,0|0|0|0|0|0|0|0,627|627|0|0|0|0|0|0,1,0,0,31,255,128
802,200,5,4,0,4,0,0,0,3|3|1|1|0|0|0|0,255|255|255|255|0|0|0|0,0|0|-1|1|0|0|0|0,0|0|0|0|0|0|0|0,-5|5|-6|8|0|0|0|0,0|0|0|0|0|0|0|0,627|627|621|621|0|0|0|0,1,0,0,31,255,128
803,200,5,4,0,4,0,0,0,3|3|2|2|0|0|200|36,255|255|255|255|243|127|120|119,0|0|0|0|-13|127|104|119,0|0|-1|-1|-13|127|72|119,-5|5|-13|13|-13|127|48|41,0|0|0|0|0|0|0|0,627|627|622|622|111|99|97|108,1,0,0,31,255,128
804,300,5,6,0,6,0,0,0,3|3|2|2|1|1|65|0,255|255|255|255|255|255|68|0,0|0|0|0|0|0|-56|-53,0|0|-1|-1|-1|-1|0|0,-5|5|-13|13|-16|18|0|0,0|0|0|0|0|0|0|0,627|627|622|622|621|621|0|0,1,0,0,31,255,128
805,400,5,8,0,8,0,0,0,3|3|2|2|1|1|1|1,255|255|255|255|255|255|255|255,0|0|0|0|0|0|0|0,0|0|-1|-1|-1|-1|-2|-2,-5|5|-13|13|-16|18|-20|22,0|0|0|0|0|0|0|0,627|627|622|622|621|621|621|621,1,0,0,31,255,128
806,80,7,1,0,1,0,0,0,3|0|0|0|0|0|0|0,255|0|0|0|0|0|200|203,0|127|0|0|0|0|0|0,7|0|0|0|0|0|0|0,0|0|0|0|0|0|0|0,0|0|0|0|0|0|0|0,522|0|0|0|0|0|0|0,0,0,0,31,11,128
807,160,9,2,0,2,0,0,0,3|3|0|0|0|0|0|0,255|255|0|0|0|0|0|0,-4|4|0|0|0|0|0|0,6|6|0|0|0|0|0|0,0|0|0|0|0|0|0|0,0|0|0|0|0|0|0|0,521|523|0|0|0|0|0|0,0,0,0,31,11,128
808,240,11,3,0,3,0,0,0,3|3|3|0|0|0|200|203,255|255|255|0|0|0|0|0,-4|4|0|0|0|0|0|0,6|6|7|0|0|0|0|0,0|0|0|0|0|0|0|0,0|0|0|0|0|0|0|0,521|523|522|0|0|0|0|0,0,0,0,31,11,128
809,240,12,3,0,3,0,0,0,3|3|5|0|0|0|0|0,255|255|255|0|0|0|0|0,-4|4|0|0|0|0|0|0,6|6|7|0|0|0|0|0,0|0|0|0|0|0|0|0,0|0|0|0|0|0|0|0,521|523|541|0|0|0|0|0,0,0,0,31,11,128
810,240,13,3,0,3,0,0,0,5|5|3|0|0|0|0|0,255|255|255|0|0|0|0|0,-4|4|0|0|0|0|0|0,6|6|7|0|0|0|0|0,0|0|0|0|0|0|0|0,0|0|0|0|0|0|0|0,540|542|522|0|0|0|0|0,0,0,0,31,11,128
811,240,14,3,0,3,0,0,0,5|5|5|0|0|0|0|0,255|255|255|0|0|0|0|0,-4|4|0|0|0|0|0|0,6|6|7|0|0|0|0|0,0|0|0|0|0|0|0|0,0|0|0|0|0|0|0|0,540|542|541|0|0|0|0|0,0,0,0,31,11,128
812,400,15,5,0,5,0,0,0,5|5|5|3|3|127|0|0,255|255|255|255|255|0|0|0,-3|3|0|-5|5|0|0|0,6|6|7|5|5|0|0|0,0|0|0|0|0|0|0|0,0|0|0|0|0|0|0|0,540|542|541|521|523|9792|32766|58032,0,0,0,31,11,128
813,400,16,5,0,5,0,0,0,5|5|5|5|5|0|0|0,255|255|255|255|255|0|16|0,-3|3|-5|5|0|0|0|0,6|6|5|5|7|0|32|0,0|0|0|0|0|0|0|0,0|0|0|0|0|0|0|0,540|542|540|542|541|57560|32756|16181,0,0,0,31,11,128
814,320,17,4,0,4,0,0,0,5|5|251|251|0|0|0|0,255|255|255|255|0|0|8|37,-4|4|0|0|-2|127|0|0,6|6|7|7|0|0|0|0,0|0|0|0|0|0|0|0,0|0|-6|8|0|0|0|0,540|542|527|546|32756|16222|32760|0,0,0,0,31,11,128
815,480,18,6,0,6,0,0,0,5|5|251|251|3|3|0|0,255|255|255|255|255|255|0|0,-4|4|0|0|-5|5|0|0,6|6|7|7|5|5|0|0,0|0|0|0|0|0|0|0,0|0|-6|8|0|0|0|0,540|542|527|546|521|523|0|0,0,0,0,31,11,128
816,640,19,8,0,8,0,0,0,5|5|251|251|5|5|3|3,255|255|255|255|255|255|255|255,-3|3|0|0|-5|5|-7|7,6|6|7|7|5|5|4|4,0|0|0|0|0|0|0|0,0|0|-6|8|0|0|0|0,540|542|527|546|540|542|521|523,0,0,0,31,11,128
817,10,1,1,2,1,0,0,5,8|0|0|0|0|0|0|0,255|0|0|0|0|0|0|0,0|0|0|0|0|0|0|0,0|0|0|0|0|0|0|0,0|0|0|0|0|0|0|0,0|0|0|0|0|0|1|0,502|257|3|0|0|0|0|0,0,0,0,13,255,208
818,0,0,0,0,0,0,0,0,0|0|0|0|0|0|255|120,246|127|111|226|244|127|86|226,-12|127|45|-30|-12|127|4|-30,-12|127|-37|-31|-12|127|-62|-31,-12|127|-77|-31|-12|127|25|65,-13|127|-87|-31|-12|127|-107|-31,32756|0|0|0|0|0|0|0,0,0,0,0,255,240
1000,0,0,0,0,0,0,0,0,0|0|0|0|0|0|0|0,0|0|0|0|0|0|0|0,0|0|0|0|0|0|0|0,0|0|0|0|0|0|0|0,0|0|0|0|0|0|0|0,0|0|0|0|0|0|0|0,0|0|0|0|0|0|0|0,0,0,0,0,255,240
1001,10,7,1,7,2,0,0,0,3|3|0|0|0|0|0|0,255|255|0|0|0|0|0|0,-3|3|0|0|0|0|0|0,5|5|0|0|0|0|0|0,0|0|0|0|0|0|0|0,0|0|0|0|0|0|0|0,663|663|0|0|0|0|0|0,0,0,0,28,255,208
1002,10,6,1,7,3,0,0,0,3|3|3|0|0|0|0|0,255|255|255|0|0|0|0|0,-3|0|3|0|0|0|0|0,4|5|4|0|0|0|0|0,0|0|0|0|0|0|0|0,0|0|0|0|0|0|0|0,663|663|663|0|0|0|0|0,0,0,0,28,255,208
1003,10,5,1,7,5,0,0,0,3|3|3|3|3|0|0|0,255|255|255|255|255|0|0|0,-5|-3|0|3|5|0|0|0,0|4|5|4|0|0|0|0,0|0|0|0|0|0|0|0,0|0|0|0|0|0|0|0,663|663|663|663|663|0|0|0,0,0,0,28,255,208
1004,10,4,1,7,7,0,0,0,3|3|3|3|3|3|3|0,255|255|255|255|255|255|255|0,-5|5|-3|3|0|3|-3|0,0|0|4|-4|5|4|-4|0,0|0|0|0|0|0|0|0,0|0|0|0|0|0|0|0,663|663|663|663|663|663|663|0,0,0,0,28,255,208
1005,10,4,1,7,8,0,0,0,3|3|3|3|3|3|3|3,255|255|255|255|255|255|255|255,-5|5|-3|3|0|0|3|-3,0|0|4|-4|5|-5|4|-4,0|0|0|0|0|0|0|0,0|0|0|0|0|0|0|0,663|663|663|663|663|663|663|663,0,0,0,28,255,208
1006,20,6,2,7,8,0,0,0,3|3|3|3|3|3|3|3,255|255|255|255|255|255|255|255,-5|5|-3|3|0|0|3|-3,0|0|4|-4|5|-5|4|-4,0|0|0|0|0|0|0|0,0|0|0|0|0|0|0|0,663|663|663|663|663|663|663|663,0,0,0,28,255,208
1007,30,8,3,7,8,0,0,0,3|3|3|3|3|3|3|3,255|255|255|255|255|255|255|255,-5|5|-3|3|0|0|3|-3,0|0|4|-4|5|-5|4|-4,0|0|0|0|0|0|0|0,0|0|0|0|0|0|0|0,663|663|663|663|663|663|663|663,0,0,0,28,255,208
1008,40,10,4,7,8,0,0,0,3|3|3|3|3|3|3|3,255|255|255|255|255|255|255|255,-5|5|-3|3|0|0|3|-3,0|0|4|-4|5|-5|4|-4,0|0|0|0|0|0|0|0,0|0|0|0|0|0|0|0,663|663|663|663|663|663|663|663,0,0,0,28,255,208
1009,80,12,8,7,8,0,0,0,3|3|3|3|3|3|3|3,255|255|255|255|255|255|255|255,-5|5|-3|3|0|0|3|-3,0|0|4|-4|5|-5|4|-4,0|0|0|0|0|0|0|0,0|0|0|0|0|0|0|0,663|663|663|663|663|663|663|663,0,0,0,28,255,208
1010,80,15,8,7,8,0,0,13,3|3|3|3|3|3|3|3,255|255|255|255|255|255|255|255,-5|5|-3|3|0|0|3|-3,0|0|4|-4|5|-5|4|-4,0|0|0|0|0|0|0|0,0|0|0|0|0|0|0|0,663|663|663|663|663|663|663|663,0,0,0,28,255,208
1011,80,17,8,7,8,0,0,10,3|3|3|3|3|3|3|3,255|255|255|255|255|255|255|255,-5|5|-3|3|0|0|3|-3,0|0|4|-4|5|-5|4|-4,0|0|0|0|0|0|0|0,0|0|0|0|0|0|0|0,663|663|663|663|663|663|663|663,0,0,0,28,255,208
1012,40,20,1,0,1,0,0,0,6|0|0|0|0|0|0|0,255|0|0|0|0|0|0|0,0|0|0|0|0|0|0|0,6|0|0|0|0|0|0|0,0|0|0|0|0|0|0|0,0|0|0|0|0|0|0|0,564|0|0|0|0|0|0|0,0,0,0,28,255,112
1013,40,5,1,0,1,0,0,0,2|1|2|1|2|1|1|1,255|8|8|8|8|8|8|8,0|0|3|5|-3|-5|-6|6,5|-2|0|0|0|0|0|0,0|0|0|4|0|-4|-4|4,0|0|0|0|0|0|0|0,625|20|20|20|20|20|20|20,0,0,0,28,255,112
1014,40,5,1,0,2,0,0,0,2|2|1|1|2|2|2|2,255|255|8|8|8|8|8|8,0|0|6|-6|0|8|-8|0,5|5|-6|-6|8|0|0|-8,-3|3|6|-6|0|8|-8|0,0|0|-6|-6|8|0|0|-8,625|625|20|20|20|20|20|20,0,0,0,28,255,112
1015,40,4,1,0,6,0,0,0,2|2|2|2|2|2|0|0,255|255|255|255|255|255|0|0,0|0|0|0|0|0|0|0,5|5|5|5|5|5|0|0,-3|3|-1|1|-2|2|0|0,0|0|0|0|0|0|0|0,625|625|625|625|625|625|0|0,0,0,0,28,255,112
1016,40,6,1,0,1,0,0,0,3|1|1|1|1|1|1|1,255|8|8|8|8|8|8|8,0|-2|2|-2|3|-3|0|0,7|2|-2|-2|0|0|3|-3,0|-2|2|-2|3|-3|0|0,0|2|-2|-2|0|0|3|-3,626|20|20|20|20|20|20|20,0,0,0,28,255,112
1017,40,4,1,0,2,0,0,0,2|2|0|0|0|0|0|0,255|255|0|0|0|0|0|0,0|0|0|0|0|0|0|0,7|7|0|0|0|0|0|0,-3|3|0|0|0|0|0|0,0|0|0|0|0|0|0|0,626|626|0|0|0|0|0|0,0,0,0,28,255,112
1018,40,6,1,1,1,0,0,0,5|6|6|6|0|0|0|0,255|255|255|255|0|0|0|0,0|1|-3|3|0|0|0|0,8|-2|-3|-3|0|0|0|0,0|0|0|0|0|0|0|0,0|0|0|0|0|0|0|0,623|72|72|72|0|0|0|0,0,0,0,28,255,112
1019,40,5,1,1,2,0,0,0,5|5|0|0|0|0|0|0,255|255|0|0|0|0|0|0,0|0|0|0|0|0|0|0,8|8|0|0|0|0|0|0,-5|5|0|0|0|0|0|0,0|0|0|0|0|0|0|0,623|623|0|0|0|0|0|0,0,0,0,28,255,112
1020,40,4,1,1,4,0,0,0,5|5|5|5|0|0|0|0,255|255|255|255|0|0|0|0,0|0|0|0|0|0|0|0,8|8|8|8|0|0|0|0,-2|8|-8|2|0|0|0|0,0|0|0|0|0|0|0|0,623|623|623|623|0|0|0|0,0,0,0,28,255,112
1021,160,8,4,2,8,0,0,0,251|251|251|251|251|251|251|251,255|255|255|255|255|255|255|255,0|0|0|0|0|0|0|0,9|9|9|9|9|9|9|9,-8|4|-8|4|-4|8|-4|8,-7|-7|7|7|-7|-7|7|7,555|517|574|536|555|517|574|536,0,0,0,28,255,112
1022,160,6,4,2,8,0,0,0,251|251|251|251|251|251|251|251,255|255|255|255|255|255|255|255,0|0|0|0|0|0|0|0,9|9|9|9|9|9|9|9,-8|4|-8|4|-4|8|-4|8,-7|-7|7|7|-7|-7|7|7,555|517|574|536|555|517|574|536,0,0,0,28,255,112
1023,320,12,8,0,8,0,0,0,251|251|251|251|251|251|251|251,255|255|255|255|255|255|255|255,0|0|0|0|0|0|0|0,10|10|10|10|10|10|10|10,-18|-6|6|18|-18|-6|6|18,-7|-7|-7|-7|7|7|7|7,509|510|511|512|528|529|530|531,0,0,0,28,255,112
1024,280,150,4,0,4,0,0,0,251|251|251|251|0|0|0|0,255|255|255|255|0|0|0|0,0|0|0|0|0|0|0|0,5|5|5|5|0|0|0|0,-6|6|-6|6|0|0|0|0,-7|-7|7|7|0|0|0|0,610|611|629|630|0|0|0|0,0,0,0,28,255,112
1025,0,3,4,2,8,0,0,0,3|1|1|1|3|1|1|1,103|103|103|103|103|103|103|103,0|0|0|0|0|0|0|0,22|22|22|22|22|22|22|22,-8|-8|-8|-8|8|8|8|8,-22|-8|6|20|-22|-8|6|20,210|229|248|267|210|229|248|267,0,0,0,15,255,128
1026,30,2,1,0,5,0,0,0,112|112|112|112|112|0|0|0,255|255|255|255|255|0|0|0,0|-2|2|1|-1|0|0|0,-3|-3|-3|-3|-3|0|0|0,0|0|0|0|0|0|0|0,0|0|0|0|0|0|0|0,52|52|52|52|52|0|0|0,1,0,0,7,6,208
1027,0,0,1,0,1,0,0,0,4|0|0|0|0|0|0|0,8|0|0|0|0|0|0|0,0|0|0|0|0|0|0|0,-1|0|0|0|0|0|0|0,0|0|0|0|0|0|0|0,0|0|0|0|0|0|0|0,20|0|0|0|0|0|0|0,0,0,0,9,1,112
1028,0,0,8,0,8,0,0,0,1|1|1|1|0|0|0|0,8|8|8|8|4|4|4|4,3|-3|3|-3|0|4|-4|0,3|3|-3|-3|4|0|0|-4,3|-3|3|-3|0|4|-4|0,3|3|-3|-3|4|0|0|-4,20|20|20|20|20|20|20|20,0,0,0,12,1,112
1029,10,20,1,3,1,0,0,0,128|0|0|0|0|0|0|0,255|0|0|0|0|0|0|0,0|0|0|0|0|0|0|0,1|0|0|0|0|0|0|0,0|0|0|0|0|0|0|0,0|0|0|0|0|0|0|0,271|0|0|0|0|0|0|0,0,0,0,8,255,208
1030,40,1,2,2,4,0,0,0,2|2|2|2|0|0|0|0,255|255|255|255|0|0|88|63,116|124|116|124|0|0|-96|34,12|12|12|12|-1|-1|45|0,-4|4|-4|4|0|-80|72|63,0|0|0|0|0|0|120|17,206|206|207|207|0|80|43008|16232,0,0,0,8,255,208
1031,30,3,3,0,3,0,0,0,1|1|1|1|0|176|120|128,255|255|255|0|0|0|58|31,0|0|0|81|-50|127|1|0,12|13|14|0|0|0|3|0,0|0|0|-128|-42|127|0|0,0|0|0|0|0|0|40|46,135|116|97|0|0|0|0|0,0,0,0,8,255,144
1032,40,4,4,0,4,0,0,0,1|1|1|1|0|0|58|46,255|255|255|255|206|127|255|255,-1|-1|1|1|0|0|2|0,13|14|13|14|-50|127|0|0,0|0|0|0|0|0|0|0,0|0|0|0|0|0|-76|81,135|97|135|97|32718|53144|32719|0,0,0,0,8,255,144
1033,50,5,5,0,5,0,0,0,1|1|1|1|1|0|0|0,255|255|255|255|255|0|0|0,0|0|0|0|0|0|0|0,12|13|14|15|16|0|0|0,0|0|0|0|0|0|0|0,0|0|0|0|0|0|0|0,135|116|116|116|97|0|0|0,0,0,0,8,255,144
1034,60,3,3,0,3,0,0,0,2|2|2|0|0|0|0|0,255|255|255|0|0|0|0|0,0|0|0|0|0|0|0|0,14|12|13|0|0|0|0|0,0|0|0|0|0|0|0|0,0|0|0|0|0|0|0|0,101|139|120|33176|32726|0|0|28474,0,0,0,8,255,144
1035,80,4,4,0,4,0,0,0,2|2|2|2|0|0|0|0,255|255|255|255|0|0|64|255,-1|-1|1|1|0|0|0|0,13|14|13|14|0|0|0|0,0|0|0|0|0|0|0|0,0|0|0|0|0|0|0|0,139|101|139|101|0|0|0|0,0,0,0,8,255,144
1036,0,50,6,0,6,0,0,0,116|116|116|116|116|116|0|0,255|255|255|255|255|255|0|0,-6|6|5|-5|5|-5|0|0,0|0|5|5|-5|-5|0|0,-8|8|5|-5|5|-5|0|0,0|0|5|5|-5|-5|0|0,102|104|122|121|141|140|0|0,0,0,0,11,1,208
1037,0,7,2,0,2,0,0,0,1|1|0|0|0|0|0|0,255|255|0|0|0|0|0|0,0|0|80|39|-118|-63|32|39,6|6|0|0|0|0|0|0,0|0|0|0|0|0|0|0,4|-4|0|0|0|0|0|0,227|227|0|0|0|0|0|0,0,0,0,26,255,208
1038,0,7,2,0,2,0,0,0,1|1|0|0|0|0|0|0,255|255|0|0|0|0|0|0,0|0|0|0|0|0|0|0,-6|-6|0|0|0|0|0|0,0|0|0|0|0|0|0|0,4|-4|0|0|0|0|0|0,227|227|0|0|0|0|0|0,0,0,0,26,255,208
1039,0,0,0,0,0,0,0,0,0|0|0|0|0|0|0|0,0|0|0|0|0|0|0|0,0|0|0|0|0|0|0|0,0|0|0|0|0|0|0|0,0|0|0|0|0|0|0|0,0|0|0|0|0|0|0|0,0|0|0|0|0|0|0|0,0,0,0,1,255,208
1040,60,4,1,0,2,0,0,0,8|8|40|125|207|127|1|0,255|255|4|0|0|0|0|0,4|-4|0|0|0|0|0|0,10|10|0|0|0|0|0|0,0|0|0|0|0|0|0|0,0|0|0|0|0|0|0|0,68|69|0|0|0|0|0|0,0,0,0,1,255,208
1041,120,2,2,0,2,0,0,0,8|8|0|0|0|0|0|0,255|255|0|0|0|0|0|0,5|-5|0|0|0|0|0|0,11|11|0|0|0|0|0|0,0|0|0|0|0|0|0|0,0|0|0|0|0|0|0|0,68|69|0|1252|0|0|0|0,0,0,0,1,255,208
1042,120,0,2,0,2,0,0,0,8|8|0|0|0|0|0|0,255|255|0|0|0|0|0|0,5|-5|0|0|0|0|0|0,11|11|0|0|0|0|0|0,0|0|0|0|0|0|0|0,0|0|0|0|0|0|0|0,68|69|0|0|0|0|0|0,0,0,0,1,255,208
1043,130,4,1,0,1,0,0,0,10|0|0|0|0|0|0|0,255|0|0|0|0|0|0|0,0|0|0|0|0|0|0|0,7|0|0|0|0|0|0|0,0|0|0|0|0|0|0|0,0|0|0|0|0|0|0|0,74|0|0|0|0|0|0|0,0,0,0,1,255,208
1044,160,6,1,0,1,0,0,0,15|0|0|0|0|0|0|0,255|0|0|0|0|0|0|0,0|0|0|0|0|0|0|0,8|0|0|0|0|0|0|0,0|0|0|0|0|0|0|0,0|0|0|0|0|0|0|0,75|0|0|0|0|0|0|0,0,0,0,1,255,208
1045,30,1,1,0,1,0,0,0,4|0|0|0|0|0|0|0,255|0|0|0|0|0|0|0,0|0|0|0|0|0|0|0,11|0|0|0|0|0|-1|-1,0|-1|83|76|48|49|101|48,0|0|0|0|0|0|64|84,64|16972|12592|0|0|0|0|0,0,0,0,1,255,112
1046,40,1,1,0,1,0,0,0,6|0|252|87|43|128|76|66,255|49|0|0|0|0|0|0,0|0|0|0|0|0|40|0,10|0|72|0|0|0|83|109,0|103|51|-55|-118|77|-4|-117,0|-115|-4|87|43|-128|-72|-39,7|65471|52448|52428|52428|52428|52428|52428,0,0,0,1,255,112
1047,50,1,1,0,1,0,0,0,8|195|204|204|204|204|204|204,255|204|204|204|204|204|204|204,0|-52|0|0|0|0|0|0,10|0|0|0|0|0|0|0,0|0|0|0|0|0|0|0,0|0|0|0|0|0|0|0,65|0|0|0|0|0|0|0,0,0,0,1,255,144
1048,30,3,1,0,1,0,0,0,7|0|0|0|0|0|0|0,255|0|0|0|0|0|0|0,0|0|0|0|0|0|0|0,16|0|0|0|0|0|0|0,0|0|0|0|0|0|0|0,0|0|0|0|0|0|0|0,208|0|0|0|0|0|0|0,0,0,0,1,255,208
1049,0,4,2,0,2,0,0,0,1|1|0|0|0|0|0|0,255|255|0|0|0|0|0|0,-10|10|0|0|0|0|0|0,0|0|0|0|0|0|0|0,0|0|0|0|0|0|0|0,0|0|0|0|0|0|0|0,39|1|0|0|0|0|0|0,0,0,0,8,255,208
1050,0,6,4,0,4,0,0,0,1|1|1|1|0|0|0|0,255|255|255|255|0|0|0|0,-9|9|9|-9|0|0|0|0,2|2|-2|-2|0|0|0|0,-2|2|2|-2|0|0|0|0,0|0|0|0|0|0|0|0,281|282|301|300|0|0|0|0,0,0,0,8,255,208
1051,0,6,8,0,8,0,0,0,1|1|1|1|1|1|1|1,255|255|255|255|255|255|255|255,-6|6|6|-6|-9|9|0|0,6|6|-6|-6|0|0|9|-9,0|0|0|0|0|0|0|0,0|0|0|0|0|0|0|0,163|164|183|182|39|1|58|77,0,0,0,8,255,208
1052,0,6,4,0,4,0,0,0,2|2|2|2|0|0|0|0,255|255|255|255|0|0|0|0,-9|9|9|-9|0|0|0|0,2|2|-2|-2|0|0|0|0,-2|2|2|-2|0|0|0|0,0|0|0|0|0|0|0|0,277|278|297|296|0|0|0|0,0,0,0,8,255,208
1053,0,6,2,0,2,0,0,0,3|3|0|0|0|0|0|0,255|255|0|0|0|0|0|0,-10|10|0|0|0|0|0|0,0|0|0|0|0|0|0|0,0|0|0|0|0|0|0|0,0|0|0|0|0|0|0|0,102|104|0|0|0|0|0|0,0,0,0,8,255,208
1054,0,6,4,0,4,0,0,0,3|3|3|3|0|0|0|0,255|255|255|255|0|0|0|0,-6|6|6|-6|0|0|0|0,6|6|-6|-6|0|0|0|0,0|0|0|0|0|0|0|0,0|0|0|0|0|0|0|0,121|122|141|140|0|0|0|0,0,0,0,8,255,208
1055,40,1,1,0,1,0,0,0,6|0|0|0|0|0|0|0,255|0|0|0|0|0|0|0,0|0|0|0|0|0|0|0,10|0|0|0|0|0|0|0,0|0|0|0|0|0|0|0,0|0|0|0|0|0|0|0,45|0|0|0|0|0|0|0,0,0,0,1,255,112
1056,20,1,1,0,1,0,0,0,2|0|0|0|0|0|0|0,255|0|0|0|0|0|0|0,-6|0|0|0|0|0|0|0,6|0|0|0|0|0|0|0,0|0|0|0|0|0|0|0,0|0|0|0|0|0|0|0,121|0|0|0|0|0|0|0,0,0,0,1,255,208
1057,20,1,1,0,1,0,0,0,2|0|0|0|0|0|0|0,255|0|0|0|0|0|0|0,6|0|0|0|0|0|0|0,6|0|0|0|0|0|0|0,0|0|0|0|0|0|0|0,0|0|0|0|0|0|0|0,122|0|0|0|0|0|0|0,0,0,0,1,255,208
1058,20,7,1,0,1,4,3,0,8|0|0|0|0|0|0|0,255|0|0|0|0|0|0|0,0|0|0|0|0|0|0|0,0|0|0|0|0|0|0|0,0|0|0|0|0|0|0|0,0|0|0|0|0|0|0|0,4|0|0|0|0|0|0|0,0,0,0,1,255,208
1059,10,1,1,2,1,0,0,2,3|0|0|0|0|0|0|0,255|0|0|0|0|0|0|0,0|0|0|0|0|0|0|0,0|0|0|0|0|0|0|0,0|0|0|0|0|0|0|0,0|0|0|0|0|0|0|0,112|0|0|0|0|0|0|0,0,0,0,13,255,208
1060,60,2,2,0,2,0,0,0,4|4|0|0|0|0|255|255,255|255|0|0|0|0|0|0,0|0|0|0|0|0|0|0,10|10|0|0|0|0|0|0,-5|5|0|0|0|0|0|0,0|0|0|0|0|0|0|0,64|64|0|0|0|0|0|0,0,0,0,1,255,208
1061,100,2,2,0,2,0,0,0,6|6|0|0|0|0|0|0,255|255|0|0|0|0|0|0,0|0|0|0|0|0|0|0,10|10|0|0|0|0|0|0,-5|5|0|0|0|0|0|0,0|0|0|0|0|0|0|0,76|76|0|0|0|0|0|0,0,0,0,1,255,208
1062,10,1,1,2,1,0,0,2,2|0|0|0|0|0|0|0,255|0|0|0|0|0|0|0,0|0|0|0|0|0|0|0,0|0|0|0|0|0|0|0,0|0|0|0|0|0|0|0,0|0|0|0|0|0|0|0,112|0|0|0|0|0|0|0,0,0,0,13,255,208
1063,10,1,1,2,1,0,0,3,2|0|0|0|0|0|0|0,255|0|0|0|0|0|0|0,0|0|0|0|0|0|0|0,0|0|0|0|0|0|0|0,0|0|0|0|0|0|0|0,0|0|0|0|0|0|0|0,168|0|0|0|0|0|0|0,0,0,0,13,255,208
1064,40,4,1,0,1,0,0,0,10|0|0|0|0|0|0|0,255|0|0|0|0|0|0|0,0|0|0|0|0|0|0|0,1|0|0|0|0|0|0|0,-20|0|0|0|0|0|0|0,10|0|0|0|0|0|0|0,207|0|0|0|0|0|0|0,0,0,8,1,255,208
1065,20,2,1,0,1,0,0,0,5|0|0|0|0|0|0|0,255|0|0|0|0|0|0|0,0|0|0|0|0|0|0|0,2|0|0|0|0|0|0|0,-20|0|0|0|0|0|0|0,10|0|0|0|0|0|0|0,207|0|0|0|0|0|0|0,0,0,8,1,255,208
1066,0,0,8,0,8,0,0,0,128|121|187|187|187|187|187|187,255|255|255|255|255|255|255|255,0|0|0|-1|1|0|1|-1,1|1|1|1|1|1|0|0,0|0|0|-12|12|0|20|-20,0|0|0|20|20|-20|-10|-10,171|171|100|171|171|171|171|171,0,0,0,6,255,208
1067,0,0,4,0,4,0,0,0,2|2|2|2|0|0|0|0,255|255|255|255|0|0|0|0,3|-3|3|-3|0|0|0|0,3|3|-3|-3|0|0|0|0,0|0|0|0|0|0|0|0,0|0|0|0|0|0|0|0,99|99|99|99|0|0|0|0,0,0,0,6,255,208
1068,20,1,2,2,2,0,0,0,2|2|0|0|0|0|0|0,255|255|0|0|0|0|0|0,1|-1|0|0|0|0|0|0,2|2|0|0|0|0|0|0,8|-8|0|0|0|0|0|0,0|0|0|0|0|0|0|0,112|112|0|0|0|0|0|0,0,0,0,6,255,208
1069,0,0,2,0,2,0,0,0,4|4|0|0|0|0|0|0,255|255|0|0|0|0|0|0,0|0|0|0|0|0|0|0,3|3|0|0|0|0|0|0,-6|6|0|0|0|0|0|0,0|0|0|0|0|0|0|0,260|260|0|0|0|0|0|0,0,0,0,6,255,208
1070,10,1,1,2,1,0,0,3,2|0|0|0|0|0|0|0,255|0|0|0|0|0|0|0,0|0|0|0|0|0|0|0,0|0|0|0|0|0|0|0,0|0|0|0|0|0|0|0,-2|0|0|0|0|0|0|0,112|0|0|0|0|0|0|0,0,0,0,13,255,208
1071,0,0,8,3,8,0,0,0,1|1|1|1|1|1|1|1,8|8|8|8|8|8|8|8,2|-2|2|-2|3|-3|0|0,2|2|-2|-2|0|0|3|-3,2|-2|2|-2|3|-3|0|0,2|2|-2|-2|0|0|3|-3,214|214|214|214|214|214|214|214,0,0,0,12,12,112
1072,60,3,3,0,3,0,0,0,4|3|3|0|0|0|0|0,255|255|255|0|0|0|0|0,0|-3|3|0|0|0|0|0,4|3|3|0|0|0|0|0,0|0|0|0|0|0|0|0,0|0|0|0|0|0|0|0,94|140|141|0|0|0|0|0,0,0,0,13,255,192
1073,0,2,8,9,8,0,0,0,2|2|2|2|2|2|2|2,10|10|10|10|10|10|10|10,-9|9|-9|9|-10|10|-10|10,6|-6|-6|6|-3|3|3|-3,0|0|0|0|0|0|0|0,0|0|0|0|0|0|0|0,172|172|172|172|172|172|172|172,0,0,0,0,255,112
1074,0,3,2,0,2,0,0,0,1|175|0|0|0|0|0|0,255|255|0|0|0|0|0|0,-7|6|0|0|0|0|0|0,1|6|0|0|0|0|0|0,2|0|0|0|0|0|0|0,0|0|0|0|0|0|0|0,246|255|0|0|0|0|0|0,0,0,0,8,255,208
1075,0,3,2,0,2,0,0,0,174|1|0|0|0|0|0|0,255|255|0|0|0|0|0|0,-6|7|0|0|0|0|0|0,6|1|0|0|0|0|0|0,0|-2|0|0|0|0|0|0,0|0|0|0|0|0|0|0,255|246|0|0|0|0|0|0,0,0,0,8,255,208
1076,40,4,4,0,4,0,0,0,4|4|4|4|0|0|0|0,255|255|255|255|0|0|0|0,-5|-5|5|5|0|0|0|0,0|0|0|0|0|0|0|0,0|0|0|0|0|0|0|0,0|14|0|14|0|0|0|0,105|124|106|125|0|0|0|0,0,0,0,6,255,208
1077,30,4,3,0,3,0,0,0,1|1|1|0|0|0|0|0,255|255|255|0|0|0|0|0,0|-10|10|0|0|0|0|0,-10|0|0|0|0|0|0|0,0|0|0|0|0|0|0|0,0|0|0|0|0|0|0|0,77|39|1|0|0|0|0|0,0,0,0,6,255,208
1078,30,4,3,0,3,0,0,0,1|1|1|0|0|0|0|0,255|255|255|0|0|0|0|0,0|-2|2|0|0|0|0|0,8|7|7|0|0|0|0|0,0|0|0|0|0|0|0|0,0|0|0|0|0|0|0|0,58|201|202|0|0|0|0|0,0,0,0,6,255,208
1079,30,4,3,0,3,0,0,0,1|1|1|0|0|0|0|0,255|255|255|0|0|0|0|0,0|-6|6|0|0|0|0|0,8|6|6|0|0|0|0|0,0|0|0|0|0|0|0|0,0|0|0|0|0|0|0|0,58|163|164|0|0|0|0|0,0,0,0,6,255,208
1080,40,3,4,0,4,0,0,0,1|1|1|1|0|0|0|0,255|255|255|255|0|0|0|0,0|-7|7|0|0|0|0|0,10|7|7|-10|0|0|0|0,0|0|0|0|0|0|0|0,0|0|0|0|0|0|0|0,58|163|164|77|0|0|0|0,0,0,0,6,255,208
1081,70,2,7,0,7,0,0,0,1|1|1|1|1|1|1|0,255|255|255|255|255|255|255|0,-10|10|-7|7|0|-7|7|104,0|0|7|7|-10|-7|-7|111,0|0|0|0|0|0|0|111,0|0|0|0|0|0|0|97,77|58|182|163|1|183|164|35,0,0,0,6,255,208
1082,30,4,3,0,3,0,0,0,1|1|1|116|114|67|83|112,255|255|255|0|119|0|83|72,0|-10|10|86|97|108|117|101,10|0|0|0|80|97|116|104,0|0|0|68|108|103|73|116,0|0|0|97|116|104|65|0,58|39|1|25927|17268|24936|21618|28793,0,0,0,6,255,208
1083,80,3,8,0,8,0,0,0,184|184|184|184|184|184|184|184,255|255|255|255|255|255|255|255,120|120|120|120|120|120|120|120,6|6|6|6|6|6|6|6,-70|-50|-30|-10|10|30|50|70,0|0|0|0|0|0|0|0,98|98|98|98|98|98|98|98,0,0,0,6,1,208
1084,20,2,2,0,2,0,0,0,2|184|113|87|111|114|107|101,255|255|0|0|85|0|80|97,0|0|82|101|109|111|118|101,8|6|116|101|110|115|105|111,0|0|0|0|87|0|80|97,0|0|82|101|109|111|118|101,98|98|28755|25445|65|99|24912|26740,0,0,0,6,1,208
1085,80,3,8,0,8,0,0,0,1|2|1|2|1|2|1|2,255|255|255|255|255|255|255|255,120|120|120|120|120|120|120|120,8|8|8|8|8|8|8|8,0|0|-12|-12|12|12|-24|-24,0|14|0|14|0|14|0|14,157|159|157|159|157|159|157|159,0,0,0,6,255,208
1086,10,2,1,0,1,0,0,0,189|97|116|104|70|105|110|100,255|105|108|101|78|97|109|101,0|0|83|0|80|97|116|104,0|101|109|111|118|101|66|108,0|110|107|115|65|0|-96|0,0|116|114|67|104|114|65|0,238|27977|26465|19557|29545|24436|25938|25697,1,0,0,6,255,208
1087,0,8,1,0,1,0,0,0,30|73|99|111|110|83|105|122,4|0|74|0|80|114|111|112,120|114|116|121|83|104|101|101,120|65|0|0|48|0|73|109,-40|103|101|76|105|115|116|95,-30|101|116|73|99|111|110|83,60034|101|3|29251|24933|25972|29264|28783,0,0,0,1,255,208
1088,30,3,3,0,3,0,0,0,20|20|20|109|97|103|101|76,255|255|255|95|71|101|116|73,120|120|120|0|68|0|73|110,10|10|10|111|109|109|111|110,-32|-32|-32|116|114|111|108|115,-24|0|28|0|65|0|73|109,60023|60024|60025|24436|25939|20340|25974|27762,0,0,0,6,255,208
1089,20,2,2,3,2,0,0,0,189|1|116|95|87|114|105|116,255|255|59|0|73|109|97|103,0|0|105|115|116|95|82|101,-1|-1|97|99|101|73|99|111,0|0|40|0|73|109|97|103,-1|-1|105|115|116|95|68|114,107|107|41|27977|26465|19557|29545|24436,-1,0,0,6,255,208
1090,70,2,7,0,7,0,0,0,1|1|1|1|1|1|1|111,255|255|255|255|255|255|255|109,-10|10|-7|7|0|-7|7|95,0|0|7|7|-10|-7|-7|101,0|0|0|0|0|0|0|103,0|0|0|0|0|0|0|101,39|1|163|164|77|182|183|29811,0,0,0,6,255,208
1091,40,4,4,0,4,0,0,0,3|1|1|3|0|0|46|0,255|255|255|255|101|76|105|115,0|-2|2|0|116|68|114|97,10|7|7|10|103|101|0|0,0|0|0|0|97|103|101|76,6|0|0|-6|83|101|116|68,60|201|202|60|18802|24941|25959|0,0,0,0,6,255,208
1092,0,10,2,0,2,0,0,0,192|1|73|109|97|103|101|76,255|255|116|95|68|114|97|103,0|0|97|118|101|0|38|0,8|8|97|103|101|76|105|115,0|0|68|114|97|103|77|111,0|0|0|0|32|0|73|109,65|65|29545|24436|25922|26983|17518|24946,0,0,0,27,255,208
1093,0,10,2,0,2,0,0,0,193|2|114|111|121|0|39|0,255|255|97|103|101|76|105|115,0|0|68|114|97|103|83|104,8|8|78|111|108|111|99|107,0|0|34|0|73|109|97|103,0|0|105|115|116|95|67|114,64|64|0|44|27977|26465|19557|29545,0,0,0,27,255,208
1094,0,10,1,0,1,0,0,0,195|0|0|0|0|0|0|0,255|0|0|0|0|0|0|0,0|0|0|0|0|0|0|0,0|0|0|0|0|0|0|0,0|0|0|0|0|0|0|0,0|0|0|0|0|0|0|0,71|0|0|0|0|0|0|0,1,0,0,7,6,208
1095,0,10,4,0,4,0,0,0,196|197|4|4|0|0|0|0,255|255|121|121|0|0|0|0,-12|12|-6|6|0|0|0|0,0|0|0|0|0|0|0|0,0|0|0|0|0|0|0|0,0|0|0|0|0|0|0|0,45|7|45|7|0|0|0|0,0,0,0,27,1,208
1096,0,10,2,0,2,0,0,0,196|4|0|0|0|0|0|0,255|121|0|0|0|0|0|0,-12|-6|0|0|0|0|0|0,0|0|0|0|0|0|0|0,0|0|0|0|0|0|0|0,0|0|0|0|0|0|0|0,45|45|0|0|0|0|0|0,0,0,0,27,1,208
1097,0,10,2,0,2,0,0,0,197|4|0|0|0|0|0|0,255|121|0|0|0|0|0|0,12|6|0|0|0|0|0|0,0|0|0|0|0|0|0|0,0|0|0|0|0|0|0|0,0|0|0|0|0|0|0|0,7|7|0|0|0|0|0|0,0,0,0,27,1,208
1098,20,0,1,0,8,0,0,0,2|2|2|2|2|2|2|2,255|255|255|255|255|255|255|255,0|0|0|0|0|0|0|0,14|14|14|14|14|14|14|14,-8|-4|0|4|8|4|0|-4,0|0|0|0|0|0|0|0,70|70|70|70|70|70|70|70,0,0,0,1,255,208
1099,20,0,1,0,8,0,0,0,2|2|2|2|2|2|2|2,255|255|255|255|255|255|255|255,-2|-1|0|1|2|1|0|-1,14|14|14|14|14|14|14|14,-8|-4|0|4|8|4|0|-4,0|0|0|0|0|0|0|0,70|70|70|70|70|70|70|70,0,0,0,1,255,208
1100,40,0,2,0,6,0,0,0,2|2|2|2|2|2|0|0,255|255|255|255|255|255|0|0,-2|2|-1|1|0|0|0|0,14|14|14|14|14|14|0|0,-8|8|-4|4|-2|2|0|0,0|0|0|0|0|0|0|0,70|70|70|70|70|70|0|0,0,0,0,1,255,208
1101,10,6,1,0,1,0,0,0,2|0|0|0|0|0|0|0,255|0|0|0|0|0|0|0,0|0|0|0|0|0|0|0,12|0|0|0|0|0|0|0,0|0|0|0|0|0|0|0,0|0|0|0|0|0|0|0,252|0|0|0|0|0|0|0,0,0,0,28,255,208
1102,10,10,1,0,1,0,0,0,5|0|0|0|0|0|0|0,255|0|0|0|0|0|0|0,0|0|0|0|0|0|0|0,10|0|0|0|0|0|0|0,0|0|0|0|0|0|0|0,0|0|0|0|0|0|0|0,253|0|0|0|0|0|0|0,0,0,0,27,255,208
1103,10,16,1,0,1,0,0,0,10|0|0|0|0|0|0|0,255|0|0|0|0|0|0|0,0|0|0|0|0|0|0|0,8|0|0|0|0|0|0|0,0|0|0|0|0|0|0|0,0|0|0|0|0|0|0|0,254|0|0|0|0|0|0|0,0,0,0,26,255,208
1104,0,0,1,0,1,0,0,0,90|0|0|0|0|0|0|0,250|0|0|0|0|0|0|0,120|0|0|0|0|0|0|0,120|0|0|0|0|0|0|0,-24|0|0|0|0|0|0|0,24|0|0|0|0|0|0|0,98|0|0|0|0|0|0|0,0,0,8,1,255,208
1105,20,0,1,0,4,0,0,0,2|2|2|2|0|0|0|0,255|255|255|255|0|0|0|0,-2|0|2|0|0|0|0|0,14|14|14|14|0|0|0|0,-4|0|4|0|0|0|0|0,0|0|0|0|0|0|0|0,70|70|70|70|0|0|0|0,0,0,0,1,255,208
1106,20,0,1,0,8,0,0,0,2|2|2|2|2|2|2|2,255|255|255|255|255|255|255|255,-4|-2|0|2|4|2|0|-2,14|14|14|14|14|14|14|14,-8|-4|0|4|8|4|0|-4,0|0|0|0|0|0|0|0,70|70|70|70|70|70|70|70,0,0,0,1,255,208
1107,20,0,1,0,8,0,0,0,2|2|2|2|2|2|2|2,255|255|255|255|255|255|255|255,-4|-2|0|2|4|2|0|-2,14|14|14|14|14|14|14|14,-8|-4|0|4|8|4|0|-4,0|0|0|0|0|0|0|0,70|70|70|70|70|70|70|70,0,0,0,1,255,208
1108,40,0,2,0,6,0,0,0,2|2|2|2|2|2|0|0,255|255|255|255|255|255|0|0,-4|4|-2|2|-1|1|0|0,14|14|14|14|14|14|0|0,-8|8|-4|4|-2|2|0|0,0|0|0|0|0|0|0|0,70|70|70|70|70|70|0|0,0,0,0,1,255,208
1109,80,3,8,0,8,0,0,0,1|1|1|1|1|1|1|1,255|255|255|255|255|255|255|255,0|0|0|0|0|0|0|0,12|13|14|15|16|17|18|19,0|0|0|0|0|0|0|0,0|0|0|0|0|0|0|0,135|116|116|116|116|116|116|97,0,0,0,8,255,144
1110,30,3,1,0,1,0,0,4,3|0|0|0|0|0|0|0,255|0|0|0|0|0|0|0,0|0|0|0|0|0|0|0,0|0|0|0|0|0|0|0,0|0|0|0|0|0|0|0,0|0|0|0|0|0|0|0,214|0|0|0|0|0|0|0,0,0,0,13,255,208
1111,20,3,2,0,2,0,0,0,2|2|0|0|0|0|0|0,255|255|0|0|0|0|0|0,-4|-4|0|0|0|0|0|0,5|-5|0|0|0|0|0|0,5|5|0|0|0|0|0|0,0|0|0|0|0|0|0|0,169|169|0|0|0|0|0|0,0,-1,0,1,255,208
1112,10,4,1,0,1,0,0,0,1|0|0|0|0|0|0|0,255|0|0|0|0|0|0|0,0|0|0|0|0|0|0|0,8|0|0|0|0|0|0|0,-5|0|0|0|0|0|0|0,0|0|0|0|0|0|0|0,58|0|0|0|0|0|0|0,0,0,0,1,255,208
1113,10,4,1,0,1,0,0,0,1|0|0|0|0|0|0|0,255|0|0|0|0|0|0|0,0|0|0|0|0|0|0|0,8|0|0|0|0|0|0|0,6|0|0|0|0|0|0|0,0|0|0|0|0|0|0|0,58|0|0|0|0|0|0|0,0,0,0,1,255,208
1114,40,0,1,0,1,0,0,0,2|0|0|0|0|0|0|0,255|0|0|0|0|0|0|0,0|0|0|0|0|0|0|0,14|0|0|0|0|0|0|0,0|0|0|0|0|0|0|0,0|0|0|0|0|0|0|0,142|0|0|0|0|0|0|0,0,0,0,1,255,144
1115,10,1,1,2,1,0,0,3,2|0|0|0|0|0|0|0,255|0|0|0|0|0|0|0,0|0|0|0|0|0|0|0,0|0|0|0|0|0|0|0,-8|0|0|0|0|0|0|0,-2|0|0|0|0|0|0|0,112|0|0|0|0|0|0|0,0,0,0,13,255,208
1116,10,1,1,2,1,0,0,3,2|0|0|0|0|0|0|0,255|0|0|0|0|0|0|0,0|0|0|0|0|0|0|0,0|0|0|0|0|0|0|0,8|0|0|0|0|0|0|0,-2|0|0|0|0|0|0|0,112|0|0|0|0|0|0|0,0,0,0,13,255,208
1117,30,1,1,0,1,0,0,4,5|0|0|0|0|0|0|0,255|0|0|0|0|0|0|0,0|0|0|0|0|0|0|0,0|0|0|0|0|0|0|0,0|0|0|0|0|0|0|0,0|0|0|0|0|0|0|0,285|0|0|0|0|0|0|0,0,0,0,13,255,208
1118,40,3,2,0,2,0,0,0,3|3|0|0|0|0|0|0,255|255|0|0|0|0|0|0,0|0|0|0|0|0|0|0,14|14|0|0|0|0|0|0,-6|6|0|0|0|0|0|0,0|0|0|0|0|0|0|0,143|144|0|0|0|0|0|0,0,0,0,13,255,192
1119,80,3,1,3,1,0,0,0,10|0|0|0|0|0|0|0,255|0|0|0|0|0|0|0,0|0|0|0|0|0|0|0,10|0|0|0|0|0|0|0,0|0|0|0|0|0|0|0,0|0|0|0|0|0|0|0,34|0|0|0|0|0|0|0,0,0,0,1,255,144
1120,80,4,1,3,1,0,0,0,12|0|0|0|0|0|0|0,255|0|0|0|0|0|0|0,0|0|0|0|0|0|0|0,8|0|0|0|0|0|0|0,0|0|0|0|0|0|0|0,0|0|0|0|0|0|0|0,30|0|0|0|0|0|0|0,0,0,0,1,255,112
1121,10,0,1,0,8,0,0,0,1|1|1|2|1|1|1|1,8|8|8|8|8|8|8|8,-2|-1|0|1|2|1|0|-1,9|10|11|10|9|10|11|10,-4|-2|0|2|4|2|0|-2,0|0|0|0|0|0|0|0,304|304|304|304|304|304|304|304,-1,0,0,4,255,112
1122,30,3,3,0,3,0,0,0,2|1|1|0|0|0|0|0,255|255|255|0|0|0|0|0,0|0|0|0|0|0|0|0,12|12|12|0|0|0|0|0,0|-6|5|0|0|0|0|0,0|4|4|0|0|0|0|0,107|108|108|0|0|0|0|0,0,0,0,1,255,112
1123,320,1,4,0,4,0,0,0,10|10|10|10|0|0|0|0,255|255|255|255|0|0|0|0,0|0|0|0|0|0|0|0,24|24|24|24|0|0|0|0,-6|6|-6|6|0|0|0|0,-6|-6|6|6|0|0|0|0,239|240|258|259|0|0|0|0,0,0,0,1,255,208
1124,80,1,1,0,1,0,0,0,2|0|0|0|0|0|0|0,255|0|0|0|0|0|0|0,0|0|0|0|0|0|0|0,12|0|0|0|0|0|0|0,0|0|0|0|0|0|0|0,0|0|0|0|0|0|0|0,108|0|0|0|0|0|0|0,0,0,0,1,255,208
1125,10,4,1,0,1,0,0,0,1|0|0|0|0|0|0|0,255|0|0|0|0|0|0|0,0|0|0|0|0|0|0|0,6|0|0|0|0|0|0|0,-8|0|0|0|0|0|0|0,0|0|0|0|0|0|0|0,58|0|0|0|0|0|0|0,0,0,0,1,255,208
1126,10,4,1,0,1,0,0,0,1|0|0|0|0|0|0|0,255|0|0|0|0|0|0|0,0|0|0|0|0|0|0|0,6|0|0|0|0|0|0|0,8|0|0|0|0|0|0|0,0|0|0|0|0|0|0|0,58|0|0|0|0|0|0|0,0,0,0,1,255,208
1127,50,5,5,2,5,0,0,0,3|3|3|3|3|0|0|0,255|255|255|255|255|0|0|0,0|-1|1|-2|2|0|0|0,3|2|2|1|1|0|0|0,0|0|0|0|0|0|0|0,0|0|0|0|0|0|0|0,112|112|112|112|112|0|0|0,0,0,0,6,255,208
1128,30,4,1,7,1,0,0,0,4|0|0|0|0|0|0|0,255|0|0|0|0|0|0|0,0|0|0|0|0|0|0|0,7|0|0|0|0|0|0|0,0|0|0|0|0|0|0|0,0|0|0|0|0|0|0|0,601|0|0|0|0|0|0|0,0,0,3,13,11,128
1129,30,4,1,3,1,0,0,0,1|0|0|0|0|0|0|0,255|0|0|0|0|0|0|0,0|0|0|0|0|0|0|0,0|0|0|0|0|0|0|0,-8|0|0|0|0|0|0|0,0|0|0|0|0|0|0|0,107|0|0|0|0|0|0|0,0,0,5,13,12,128
1130,50,0,5,10,5,0,0,0,3|2|2|1|1|0|0|0,10|9|9|6|6|0|0|0,0|2|-2|3|-3|0|0|0,13|11|11|10|10|0|0|0,0|0|0|0|0|0|0|0,106|105|105|104|104|0|0|0,153|154|154|157|157|0|0|0,-1,0,0,1,255,144
1131,10,4,1,0,1,0,0,0,2|0|0|0|0|0|0|0,255|0|0|0|0|0|0|0,0|0|0|0|0|0|0|0,6|0|0|0|0|0|0|0,0|0|0|0|0|0|0|0,0|0|0|0|0|0|0|0,61|0|0|0|0|0|0|0,0,0,0,6,255,208
1132,10,4,1,0,1,0,0,0,2|0|0|0|0|0|0|0,255|0|0|0|0|0|0|0,0|0|0|0|0|0|0|0,6|0|0|0|0|0|0|0,0|0|0|0|0|0|-49|1,0|101|110|100|68|108|103|73,162|19821|29541|24947|25959|65|235|25927,0,0,0,6,255,208
1133,10,4,1,1,1,0,0,0,4|105|110|100|111|119|0|0,255|1|76|111|97|100|83|116,0|105|110|103|65|0|-119|0,6|105|97|108|111|103|66|111,0|80|97|114|97|109|65|0,0|1|83|101|116|82|101|99,168|63|28483|31088|25938|29795|0|234,0,0,0,5,255,208
1134,60,4,3,0,3,0,0,0,2|1|1|0|49|2|83|101,255|255|255|108|101|80|111|105,0|5|-5|114|0|0|91|0,10|8|8|101|116|101|70|105,0|0|0|0|-96|2|95|108,0|0|0|97|116|0|57|0,244|227|227|30277|28261|16756|0|502,0,0,0,25,255,208
1135,60,4,3,0,3,0,0,0,2|1|1|99|0|0|97|2,255|255|255|83|101|116|86|97,0|5|-5|0|96|2|84|108,-10|-8|-8|116|86|97|108|117,0|0|0|1|71|101|116|80,0|0|0|101|115|115|72|101,244|227|227|26719|29303|29801|101|669,0,0,0,25,255,208
1136,120,3,2,2,2,0,0,0,3|3|65|108|108|111|99|0,255|255|76|67|77|97|112|83,0|0|105|110|103|65|0|0,6|6|73|115|66|97|100|87,0|0|116|101|80|116|114|0,0|14|71|101|116|80|114|111,117|136|25939|29795|28521|16750|0|262,0,0,0,0,255,192
1137,80,3,4,0,8,0,0,0,3|3|1|1|3|3|1|1,255|255|255|255|255|255|255|255,-10|-10|-8|-8|10|10|8|8,0|0|4|-4|0|0|4|-4,0|-12|0|0|0|12|0|0,0|0|0|0|0|0|0|0,244|244|244|244|244|244|244|244,0,0,0,1,255,208
1138,120,4,6,0,6,0,0,0,3|3|2|2|1|1|114|105,255|255|255|255|255|255|73|115,0|0|3|-3|6|-6|105|110,-10|-10|-9|-9|-8|-8|73|0,0|0|0|0|0|0|80|114,0|12|0|0|0|0|0|0,244|244|245|245|244|244|25965|29806,0,0,0,1,255,208
1139,20,2,1,0,7,0,0,0,3|3|3|3|3|3|3|65,255|255|255|255|255|255|255|83,-9|-6|-3|0|3|6|9|119,3|5|7|9|7|5|3|0,0|0|0|0|0|0|0|114,0|0|0|0|0|0|0|1,244|244|244|244|244|244|244|28769,0,0,0,1,255,208
1140,20,2,1,7,7,0,0,0,3|3|3|3|3|3|3|114,255|255|255|255|255|255|255|101,-9|-6|-3|0|3|6|9|0,-3|-5|-7|-9|-7|-5|-3|111,0|0|0|0|0|0|0|101,0|0|0|0|0|0|0|101,601|601|601|601|601|601|601|0,1,0,0,1,11,128
1141,10,1,1,2,1,0,0,4,1|65|0|0|126|1|73|110,255|101|114|108|111|99|107|101,0|69|120|99|104|97|110|103,0|0|15|1|71|101|116|80,0|105|118|97|116|101|80|114,0|102|105|108|101|83|101|99,226|28271|65|42|28483|28781|29281|18021,0,0,0,13,255,208
1142,30,3,3,0,3,0,0,0,1|1|1|112|116|105|111|110,255|255|255|0|71|101|116|68,0|-1|1|101|84|121|112|101,0|0|0|1|73|110|105|116,0|0|0|105|122|101|67|114,0|0|0|99|97|108|83|101,304|304|304|89|25924|25964|25972|29251,1,0,0,10,255,208
1143,10,0,1,0,2,1,1,7,1|1|108|101|97|115|101|77,8|8|101|120|0|0|239|1,0|0|108|101|97|115|101|83,0|0|97|112|104|111|114|101,-1|1|-19|1|82|101|105|110,0|0|105|97|108|105|122|101,21|20|25449|27745|25939|29795|28521|110,0,0,0,28,255,112
1144,50,0,5,0,5,0,0,0,1|1|1|1|1|110|0|0,255|255|255|255|255|118|101|67,0|-1|1|-2|2|97|108|83,-1|-3|-3|-4|-4|110|0|0,0|0|0|0|0|97|116|101,0|0|0|0|0|104|111|114,304|304|304|304|304|28005|20592|29793,1,0,0,10,255,208
1145,10,1,1,2,1,0,0,3,2|1|82|101|115|101|116|69,255|101|110|116|0|0|44|2,0|101|116|69|118|101|110|116,0|0|-13|1|82|101|115|117,0|101|84|104|114|101|97|100,-10|0|124|2|87|97|105|116,112|19826|27765|26996|27760|20325|27234|25445,0,0,0,13,255,208
1146,10,1,1,2,1,0,0,4,2|68|101|99|114|101|109|101,255|116|0|0|126|2|87|97,0|116|70|111|114|83|105|110,0|108|101|79|98|106|101|99,0|0|49|0|67|111|110|118,0|114|116|84|111|71|108|111,112|18540|28257|27748|101|152|26950|25710,0,0,0,13,255,208
1147,30,7,1,2,1,0,0,0,1|99|97|116|105|111|110|0,1|0|70|105|110|100|70|105,0|115|116|67|104|97|110|103,0|78|111|116|105|102|105|99,0|116|105|111|110|65|0|0,0|0|70|105|110|100|78|101,228|26691|28257|25959|28494|26996|26982|24931,0,0,0,0,255,128
1148,40,1,1,2,1,0,0,0,0|110|103|80|116|114|87|0,1|2|108|115|116|114|108|101,0|87|0|0|15|2|83|101,0|114|99|104|80|97|116|104,0|0|63|0|67|114|101|97,0|101|70|105|108|101|87|0,247|27719|25199|27745|26963|25978|0|237,0,0,0,0,255,128
1149,40,9,1,8,1,0,0,0,4|97|116|101|70|105|108|101,255|97|112|112|105|110|103|65,0|0|-78|1|77|97|112|86,3|101|119|79|102|70|105|108,0|0|109|2|85|110|109|97,0|86|105|101|119|79|102|70,191|101|121|30789|24944|25710|28229|26998,0,0,0,6,255,128
1150,120,9,3,6,3,0,0,0,4|4|4|101|97|114|99|104,255|255|255|104|65|0|75|2,0|1|-1|86|111|108|117|109,3|2|2|98|101|108|65|0,0|0|0|101|116|65|67|80,0|0|0|1|71|101|116|86,191|191|191|26222|29295|24941|26996|28271,0,0,0,6,255,128
1151,0,6,1,0,2,0,0,0,4|4|108|0|253|0|71|101,255|255|111|103|105|99|97|108,0|0|105|118|101|115|0|0,5|5|71|101|116|86|101|114,-4|4|111|110|69|120|65|0,0|0|70|111|114|109|97|116,72|72|26465|16741|0|43|28483|28781,1,0,0,5,255,208
1152,0,6,1,0,1,0,0,0,4|97|108|70|105|108|101|84,255|109|101|84|111|70|105|108,0|84|105|109|101|0|-113|0,5|105|108|101|84|105|109|101,-1|111|68|111|115|68|97|116,-4|84|105|109|101|0|-18|0,72|18036|27753|21605|28009|101|354|27719,1,0,0,5,255,208
1153,0,2,2,3,8,2,10,0,6|8|6|6|6|6|6|6,255|255|255|255|255|255|255|255,8|-8|10|-10|10|-10|13|-13,-12|-12|-13|-13|-10|-10|-6|-6,0|0|0|0|0|0|0|0,24|24|24|24|24|24|24|24,214|214|214|214|214|214|214|214,0,0,0,4,255,208
1154,120,3,2,2,2,0,0,0,3|3|85|1|71|108|111|98,255|255|65|100|100|65|116|111,0|0|0|0|60|0|67|114,6|6|116|101|70|105|108|101,0|0|72|2|83|101|116|84,-14|0|101|97|100|80|114|105,117|136|121|319|25927|21620|28005|18032,0,0,0,26,255,192
1155,0,3,1,0,1,0,0,0,2|114|114|101|110|116|68|105,255|101|99|116|111|114|121|65,0|0|35|2|83|101|116|67,10|114|114|101|110|116|68|105,0|101|99|116|111|114|121|65,0|0|42|1|71|101|116|83,59|29810|24912|26740|24910|25965|65|488,0,0,0,25,255,208
1156,0,4,1,0,1,0,0,0,3|70|105|108|101|0|165|0,255|108|117|115|104|70|105|108,0|66|117|102|102|101|114|115,10|0|50|2|83|101|116|70,0|108|101|84|105|109|101|0,0|1|71|101|116|77|111|100,60|18533|28257|27748|16741|0|269|25927,0,0,0,25,255,208
1157,0,4,1,0,1,0,0,0,4|116|65|0|144|0|70|105,255|101|84|105|109|101|84|111,0|111|99|97|108|70|105|108,10|84|105|109|101|0|-111|0,0|105|108|101|84|105|109|101,0|111|83|121|115|116|101|109,165|25965|0|215|25927|17524|29793|18021,0,0,0,25,255,208
1158,0,4,2,0,2,0,0,0,2|2|111|114|109|97|116|65,255|255|170|2|108|115|116|114,0|0|112|65|0|0|53|1,10|10|116|83|121|115|116|101,-6|6|105|114|101|99|116|111,0|0|65|0|19|1|71|101,59|59|24950|25972|29264|26223|27753|21349,0,0,0,25,255,208
1159,0,5,3,0,3,0,0,0,3|1|1|100|66|121|116|101,255|255|255|1|79|112|101|110,0|0|0|99|101|115|115|0,10|10|10|101|116|77|111|100,0|-8|8|70|105|108|101|78,0|4|4|65|0|0|43|2,60|58|58|29295|28493|25956|0|617,0,0,0,25,255,208
1160,0,5,3,0,3,0,0,0,4|1|1|105|108|116|101|114,255|255|255|1|76|111|97|100,0|0|0|114|97|114|121|65,10|10|10|1|79|112|101|110,0|-9|9|110|116|65|0|0,0|4|4|114|105|116|101|80,165|58|58|29264|26223|27753|21349|29300,0,0,0,25,255,208
1161,0,5,3,0,3,0,0,0,2|2|2|109|101|0|144|1,255|255|255|84|104|107|49|54,0|0|0|114|111|108|111|103,10|10|10|1|75|51|50|84,0|-10|10|54|51|50|69|112,0|4|4|103|0|0|-79|1,59|59|59|30825|0|616|28245|24909,0,0,0,25,255,208
1162,0,5,3,0,3,0,0,0,3|2|2|67|111|110|110|101,255|255|255|50|0|0|169|1,0|0|0|72|73|110|115|116,10|10|10|0|-42|1|81|84,0|-10|10|117|110|107|0|0,0|4|4|77|97|112|76|83,60|59|59|24400|56|523|21843|19822,0,0,0,25,255,208
1163,0,5,5,0,5,0,0,0,3|2|2|1|1|83|95|73,255|255|255|255|255|95|49|50,0|0|0|0|0|85|110|77,10|10|10|10|10|73|80|95,0|-10|10|-18|18|50|0|0,0|4|4|8|8|112|76|83,60|59|59|58|58|0|516|21843,0,0,0,25,255,208
1164,0,5,5,0,5,0,0,0,3|2|2|2|2|77|97|112,255|255|255|255|255|95|69|66,0|0|0|0|0|0|5|2,10|10|10|10|10|112|76|83,0|-10|10|-20|20|66|80|95,0|4|4|8|8|1|77|97,60|59|59|59|59|19568|83|417,0,0,0,25,255,208
1165,0,5,5,0,5,0,0,0,5|2|2|2|2|70|114|101,255|255|255|255|255|111|99|97,0|0|0|0|0|99|0|0,10|10|10|10|10|97|100|67,0|-10|10|-24|24|114|0|0,0|4|4|8|8|97|100|82,62|59|59|59|59|29254|25957|26956,0,0,0,25,255,208
1166,0,3,1,0,1,0,0,0,2|117|110|116|0|0|214|0,255|101|116|67|117|114|114|101,0|116|84|104|114|101|97|100,10|100|0|0|-93|1|76|111,0|97|108|83|105|122|101|0,0|2|108|115|116|114|99|112,59|65|566|25939|19572|29537|17780|29298,0,0,0,25,255,208
1167,0,3,2,0,2,0,0,0,1|1|0|0|23|1|71|101,255|255|114|111|99|65|100|100,-3|3|115|115|0|0|-107|1,9|9|97|100|76|105|98|114,-4|4|121|69|120|65|0|0,0|0|108|115|116|114|99|109,201|202|339|25927|22388|28265|28516|29559,0,0,0,25,255,208
1168,0,4,3,0,3,0,0,0,1|1|1|112|121|65|0|0,255|255|255|108|119|114|105|116,-3|3|0|2|95|108|108|115,9|9|10|0|-74|1|77|111,-4|4|0|105|108|101|65|0,0|0|0|108|99|108|111|115,201|202|58|25970|25697|0|593|27731,0,0,0,25,255,208
1169,0,4,3,0,3,0,0,0,1|1|2|0|37|0|67|108,255|255|255|72|97|110|100|108,-7|7|0|0|67|114|101|97,7|7|10|104|114|101|97|100,-5|5|0|2|108|115|116|114,0|0|0|65|0|0|-36|0,163|164|59|18027|25970|21349|24944|25955,0,0,0,25,255,208
1170,0,5,5,0,5,0,0,0,1|1|1|1|1|116|101|0,255|255|255|255|255|114|99|97,-7|7|0|-3|3|0|70|105,7|7|10|9|9|115|101|0,-5|5|0|-4|4|100|70|105,0|0|0|0|0|108|101|65,163|164|58|201|202|16741|29812|26994,0,0,0,25,255,208
1171,0,5,5,0,5,0,0,0,1|1|2|1|1|101|65|0,255|255|255|255|255|116|101|109,-7|7|0|-3|3|111|70|105,7|7|10|9|9|101|0|0,-5|5|0|-4|4|67|117|114,0|0|0|0|0|114|111|99,163|164|59|201|202|17523|29793|21605,0,0,0,25,255,208
1172,0,5,3,0,3,0,0,0,3|3|1|114|99|112|121|87,255|255|255|2|108|115|116|114,-7|7|0|87|0|0|-69|1,7|7|10|116|105|66|121|116,-5|5|0|87|105|100|101|67,0|0|0|0|-64|0|82|101,121|122|58|30060|16741|0|153|25938,0,0,0,25,255,208
1173,0,5,3,0,3,0,0,0,3|3|2|116|86|97|108|117,255|255|255|65|0|0|157|0,-7|7|0|68|101|108|101|116,7|7|10|121|65|0|-97|0,-5|5|0|68|101|108|101|116,0|0|0|108|117|101|65|0,121|122|59|30062|19309|31077|65|165,0,0,0,25,255,208
1174,0,5,5,0,5,0,0,0,3|3|1|1|1|101|114|121,255|255|255|255|255|101|121|65,-7|7|0|-3|3|101|103|67,7|7|10|9|9|75|101|121,-5|5|0|-4|4|0|82|101,0|0|0|0|0|75|101|121,121|122|58|201|202|28524|25971|25931,0,0,0,25,255,208
1175,0,5,5,0,5,0,0,0,3|3|2|1|1|72|82|101,255|255|255|255|255|83|86|97,-7|7|0|-3|3|0|43|0,7|7|10|9|9|115|67|111,-5|5|0|-4|4|84|121|112,0|0|0|0|0|0|80|97,121|122|59|201|202|127|18515|30033,0,0,0,25,255,208
1176,0,5,5,0,5,0,0,0,3|3|2|2|2|101|103|83,255|255|255|255|255|65|0|0,-7|7|0|-3|3|115|76|111,7|7|10|9|9|114|121|77,-5|5|0|-4|4|101|0|0,0|0|0|0|0|65|112|112,121|122|59|279|280|172|29779|17522,0,0,0,25,255,208
1177,0,8,1,0,1,0,0,0,251|116|104|65|0|0|77|0,255|97|116|104|82|101|108|97,0|105|118|101|80|97|116|104,2|111|65|0|9|0|80|97,0|104|65|100|100|69|120|116,0|110|115|105|111|110|65|0,65|24912|26740|24909|25963|29264|29797|31092,1,0,0,10,255,208
1178,0,8,2,0,2,0,0,0,251|251|80|97|116|104|67|97,255|255|110|105|99|97|108|105,-1|1|65|0|126|0|83|72,2|2|101|114|121|86|97|108,2|2|69|120|65|0|69|0,0|0|116|104|77|97|107|101,65|65|28005|28486|25708|29285|65|101,1,0,0,10,255,208
1179,0,8,1,0,1,0,0,0,252|111|108|100|101|114|65|0,255|0|83|116|114|67|109|112,0|65|0|0|13|0|80|97,4|104|66|117|105|108|100|82,0|111|116|65|0|0|25|0,0|97|116|104|67|114|101|97,64|29254|28015|29269|16748|0|210|29269,1,0,0,10,255,208
1180,0,8,3,0,3,0,0,0,251|251|251|0|85|114|108|73,255|255|255|0|206|0|85|114,-2|2|0|109|98|105|110|101,2|2|2|0|83|116|114|84,-10|10|0|116|69|120|65|0,0|0|0|97|116|104|82|101,65|65|65|25972|29550|28521|16750|0,1,0,0,10,255,208
1181,0,8,2,0,2,0,0,0,252|252|78|87|0|0|75|0,255|255|116|104|81|117|111|116,-1|1|112|97|99|101|115|65,2|2|79|0|80|97|116|104,-7|7|109|111|118|101|65|114,9|9|65|0|-63|0|83|116,75|75|16713|0|192|29779|21362|29300,1,0,0,10,255,208
1182,0,8,4,0,4,0,0,0,251|251|250|250|0|0|61|0,255|255|255|255|73|115|85|78,0|0|0|0|118|101|114|83,3|3|3|3|65|0|37|0,-6|6|-6|6|71|101|116|65,-7|-7|7|7|0|0|103|0,598|599|617|618|29807|21349|24944|25955,1,0,0,10,255,208
1183,0,8,6,0,6,0,0,0,251|251|250|250|251|251|97|115,255|255|255|255|255|255|80|97,0|0|0|0|-1|1|104|83,3|3|3|3|2|2|3|0,-6|6|-6|6|-14|14|117|80,-7|-7|7|7|0|0|73|68,598|599|617|618|65|65|32768|25158,1,0,0,10,255,208
1184,0,8,8,0,8,0,0,0,251|251|250|250|251|251|250|250,255|255|255|255|255|255|255|255,0|0|0|0|0|0|0|0,3|3|3|3|3|3|3|3,-18|-6|-18|-6|6|18|6|18,-7|-7|7|7|-7|-7|7|7,598|599|617|618|598|599|617|618,1,0,0,10,255,208
1185,0,8,4,0,4,0,0,0,251|251|251|251|8|0|198|98,255|255|255|255|8|0|244|98,0|0|0|0|8|0|42|99,3|3|3|3|8|0|90|99,-6|6|-6|6|8|0|-122|99,-7|-7|7|7|8|0|-80|99,596|597|615|616|8|151|32768|153,1,0,0,10,255,208
1186,0,8,6,0,6,0,0,0,251|251|251|251|251|251|118|101,255|255|255|255|255|255|83|101,0|0|0|0|-1|1|103|110,3|3|3|3|2|2|115|116,-6|6|-6|6|-14|14|-43|0,-7|-7|7|7|0|0|101|99,596|597|615|616|65|65|25927|17012,1,0,0,10,255,208
1187,0,8,8,0,8,0,0,0,251|251|251|251|251|251|251|251,255|255|255|255|255|255|255|255,0|0|0|0|0|0|0|0,3|3|3|3|3|3|3|3,-18|-6|-18|-6|6|18|6|18,-7|-7|7|7|-7|-7|7|7,596|597|615|616|596|597|615|616,1,0,0,10,255,208
1188,0,0,1,0,3,0,0,0,1|0|0|1|83|101|116|84,255|255|255|67|111|108|111|114,101|101|101|0|71|101|116|80,14|14|14|108|0|0|-123|0,0|0|0|67|108|105|112|66,4|4|4|0|-55|0|71|101,289|293|293|29816|28261|20596|26991|29806,0,0,0,6,255,208
1189,0,0,1,0,3,0,0,0,1|1|0|97|116|66|108|116,255|255|255|0|67|114|101|97,101|101|101|101|99|116|82|103,14|14|14|0|67|114|101|97,0|0|0|108|108|105|112|116,4|4|4|103|110|73|110|100,289|289|293|222|26191|29542|29797|26450,0,0,0,6,255,208
1190,0,0,1,0,1,0,0,0,1|98|105|110|101|82|103|110,255|0|64|0|67|114|101|97,101|101|83|111|108|105|100|66,14|117|115|104|0|0|67|0,0|101|108|101|116|101|68|67,4|0|76|0|69|108|108|105,286|101|228|26960|101|6|29249|99,0,0,0,6,255,208
1191,0,0,1,0,4,0,0,0,1|2|1|0|0|0|25|0,255|255|255|255|116|101|66|105,101|101|101|101|0|0|-83|0,14|14|14|14|98|106|101|99,0|0|0|0|115|0|71|101,4|4|4|4|109|97|112|66,286|287|286|288|24933|25972|28483|28781,0,0,0,6,255,208
1192,0,0,1,0,2,0,0,0,1|2|116|68|101|118|105|99,255|255|97|112|115|0|31|0,101|101|101|97|116|101|67|111,14|14|97|116|105|98|108|101,0|0|0|0|6|1|83|101,4|4|99|116|79|98|106|101,286|287|9|26946|17012|29804|0|70,0,0,0,6,255,208
1193,0,0,2,0,8,0,0,0,2|2|1|1|0|0|1|1,255|255|255|255|255|255|255|255,101|101|101|101|101|101|101|101,14|14|14|14|14|14|14|14,-6|6|-6|6|-6|6|-6|6,4|4|4|4|4|4|4|4,287|287|286|286|288|288|286|286,0,0,0,6,255,208
1194,0,0,1,0,4,0,0,0,2|4|2|0|85|112|112|101,255|255|255|255|102|65|0|0,101|101|101|101|67|104|97|114,14|14|14|14|114|65|0|0,0|0|0|0|97|114|76|111,4|4|4|4|0|0|-69|1,290|291|290|292|27715|28777|28514|29281,0,0,0,6,255,208
1195,0,0,3,0,6,0,0,0,1|1|1|2|0|0|114|111,255|255|255|255|255|255|71|101,101|101|101|101|101|101|73|110,14|14|14|14|14|14|67|104,0|-10|10|0|-10|10|114|65,4|4|4|4|4|4|67|104,286|289|289|287|293|293|29251|24933,0,0,0,6,255,208
1196,0,0,3,0,6,0,0,0,0|2|2|1|1|1|102|121,255|255|255|255|255|255|101|65,101|101|101|101|101|101|116|65,14|14|14|14|14|14|105|110,0|-10|10|0|-10|10|80|111,4|4|4|4|4|4|97|100,293|287|287|289|286|286|29517|22375,0,0,0,6,255,208
1197,0,0,3,0,6,0,0,0,2|1|1|4|0|0|36|1,255|255|255|255|255|255|108|108,101|101|101|101|101|101|0|0,14|14|14|14|14|14|117|112,0|-10|10|0|-10|10|70|114,4|4|4|4|4|4|99|116,290|289|289|291|293|293|25417|28271,0,0,0,6,255,208
1198,0,0,3,0,6,0,0,0,2|2|2|4|1|1|101|97,255|255|255|255|255|255|70|114,101|101|101|101|101|101|117|114,14|14|14|14|14|14|38|1,0|-10|10|0|-10|10|67|111,4|4|4|4|4|4|82|101,290|287|287|291|286|286|0|559,0,0,0,6,255,208
1199,0,9,3,0,3,0,0,0,4|2|1|114|101|97|116|101,255|255|255|110|73|110|100|105,120|120|120|116|0|0|-96|0,8|8|8|119|73|99|111|110,0|0|0|0|-13|0|71|101,-14|0|14|111|110|73|110|102,97|116|135|17524|29541|29803|28783|26967,1,0,0,14,255,208
1200,0,8,4,0,4,0,0,0,4|2|2|1|101|110|0|0,255|255|255|255|115|116|114|111,120|120|120|120|115|111|114|0,9|9|8|8|116|87|105|110,0|0|0|0|104|114|101|97,-14|0|0|14|99|101|115|115,97|116|116|135|27491|26967|25710|30575,1,0,0,14,255,208
1201,0,8,5,0,5,0,0,0,4|2|2|2|1|119|0|0,255|255|255|255|255|100|77|101,120|120|120|120|120|84|105|109,9|9|8|7|7|0|-26|0,0|0|0|0|0|0|-37|0,-14|0|0|0|14|105|101|110,97|116|116|116|135|25417|28271|25449,1,0,0,14,255,208
1202,0,7,6,0,6,0,0,0,4|2|2|2|2|1|71|101,255|255|255|255|255|255|101|109,120|120|120|120|120|120|83|101,9|9|8|7|6|6|101|109,0|0|0|0|0|0|73|115,-14|0|0|0|0|14|86|105,97|116|116|116|116|135|28261|18805,1,0,0,14,255,208
1203,0,7,8,0,8,0,0,0,4|2|2|2|2|2|2|1,255|255|255|255|255|255|255|255,120|120|120|120|120|120|120|120,9|9|8|7|6|5|4|4,0|0|0|0|0|0|0|0,-14|0|0|0|0|0|0|14,97|116|116|116|116|116|116|135,1,0,0,14,255,208
1204,0,7,8,0,8,0,0,0,4|2|2|1|4|2|2|1,255|255|255|255|255|255|255|255,-1|-1|-1|-1|1|1|1|1,14|14|13|13|14|14|13|13,0|0|0|0|0|0|0|0,-14|0|0|14|-14|0|0|14,97|116|116|135|97|116|116|135,1,0,0,14,255,208
1205,0,7,8,0,8,0,0,0,4|2|1|4|2|1|4|2,255|255|255|255|255|255|255|255,-3|-3|-3|3|3|3|0|0,14|14|14|14|14|14|14|14,0|0|0|0|0|0|0|0,-14|0|14|-14|0|14|-18|-4,97|116|135|97|116|135|97|135,1,0,0,14,255,208
1206,0,6,8,0,8,0,0,0,4|2|1|4|2|1|12|4,255|255|255|255|255|255|255|255,-3|-3|-3|3|3|3|0|0,14|14|14|14|14|14|14|14,0|0|0|0|0|0|0|0,-14|0|14|-14|0|14|-18|-4,97|116|135|97|116|135|101|139,1,0,0,14,255,208
1207,0,6,8,0,8,0,0,0,4|2|4|2|12|4|4|2,255|255|255|255|255|255|255|255,-3|-3|3|3|0|0|0|0,14|14|14|14|14|14|13|13,0|0|0|0|0|0|0|0,0|14|0|14|-18|-4|-4|10,97|135|101|139|101|120|120|139,1,0,0,14,255,208
1208,0,7,8,0,8,0,0,0,12|4|4|4|4|4|4|2,255|255|255|255|255|255|255|255,120|120|120|120|120|120|120|120,9|9|8|7|6|5|4|4,0|0|0|0|0|0|0|0,-14|0|0|0|0|0|0|14,101|120|120|120|120|120|120|139,1,0,0,14,255,208
1209,0,7,8,0,8,0,0,0,12|4|4|2|12|4|4|2,255|255|255|255|255|255|255|255,0|0|0|0|0|0|0|0,14|14|13|13|14|14|13|13,-8|-8|-8|-8|8|8|8|8,-14|0|0|14|-14|0|0|14,101|120|120|139|101|120|120|139,1,0,0,14,255,208
1210,0,4,1,0,1,0,0,0,3|101|0|0|203|0|70|114,255|101|68|68|69|108|80|97,0|97|109|0|-100|0|68|114,10|119|70|111|99|117|115|82,0|99|116|0|59|2|85|110,0|97|99|107|68|68|69|108,227|24946|109|426|24912|27491|17476|27717,1,0,0,5,255,208
1211,0,5,1,0,1,0,0,0,5|105|110|100|111|119|80|111,255|0|127|0|68|101|102|101,0|87|105|110|100|111|119|80,11|115|0|0|8|0|66|101,0|105|110|68|101|102|101|114,0|105|110|100|111|119|80|111,214|193|28997|24949|21100|25445|116|363,1,0,0,5,255,208
1212,0,4,1,0,1,0,0,0,3|116|77|101|110|117|73|116,98|109|65|0|194|1|82|101,0|105|115|116|101|114|87|105,10|100|111|119|77|101|115|115,0|103|101|65|0|0|-74|1,0|101|100|114|97|119|87|105,227|30575|0|409|28493|25974|26967|25710,1,0,0,5,255,208
1213,0,4,1,0,1,0,0,0,5|1|73|110|102|108|97|116,98|82|101|99|116|0|48|0,0|104|101|99|107|77|101|110,11|82|97|100|105|111|73|116,0|109|0|0|-58|0|70|105,0|100|87|105|110|100|111|119,214|65|481|25939|17268|26988|25200|24943,1,0,0,5,255,208
1214,0,5,2,0,2,0,0,0,3|3|67|108|105|112|98|111,98|98|100|67|104|97|105|110,0|0|-101|0|68|114|97|119,10|10|103|101|0|0|39|1,-6|6|116|83|121|115|67|111,0|0|114|66|114|117|115|104,227|227|26950|27756|25938|29795|0|81,1,0,0,5,255,208
1215,0,4,2,0,2,0,0,0,5|3|99|114|111|108|108|80,98|98|0|0|93|1|73|115,0|0|105|108|100|0|33|1,11|10|116|83|99|114|111|108,-2|-2|110|102|111|0|-17|0,0|0|116|68|111|117|98|108,214|227|27491|26964|25965|0|16|24899,1,0,4,5,255,208
1216,0,4,2,0,2,0,0,0,5|5|116|87|105|110|100|111,98|98|72|111|111|107|69|120,0|0|78|2|87|105|110|100,11|9|70|114|111|109|68|67,-2|-2|55|2|85|110|104|111,0|0|87|105|110|100|111|119,214|214|17771|120|357|29513|25933|30062,1,0,4,5,255,208
1217,0,4,3,0,3,0,0,0,5|5|3|114|97|99|107|80,98|98|98|112|77|101|110|117,0|0|0|0|-1|1|83|101,9|7|5|99|116|69|109|112,-2|-2|-2|0|-39|1|83|101,0|0|0|116|105|118|101|87,214|214|227|7|29761|24948|26723|26708,1,0,5,5,255,208
1218,0,4,4,0,4,0,0,0,5|3|3|3|85|2|119|118,98|98|98|98|110|116|102|65,0|0|-4|4|71|101|116|68,8|6|8|8|114|108|73|68,-2|-2|-2|-2|71|101|116|78,0|0|0|0|108|103|84|97,214|227|227|227|25665|30058|29811|26967,1,0,4,5,255,208
1219,0,4,4,0,4,0,0,0,5|3|5|5|110|100|111|119,98|98|98|98|65|0|18|2,0|0|-4|4|105|110|100|111,8|6|8|8|0|0|60|1,-2|-2|-2|-2|105|110|100|111,0|0|0|0|0|0|47|1,214|227|214|214|21093|25445|116|214,1,0,1,5,255,208
1220,0,4,4,0,4,0,0,0,5|3|5|5|97|115|101|67,98|98|98|98|114|101|0|0,0|0|-4|4|116|67|97|112,1|-1|0|0|0|0|-49|0,-2|-2|-2|-2|97|112|116|117,0|0|0|0|79|2|87|105,214|227|214|214|28496|28265|116|436,1,0,4,5,255,208
1221,0,1,1,0,2,0,0,0,1|1|114|115|111|114|0|0,98|98|67|111|112|121|73|109,0|0|101|0|-25|0|71|101,20|20|67|69|120|0|-94|1,-4|4|102|115|101|116|82|101,0|0|0|0|-59|1|82|101,67|67|17509|67|502|25939|19828|28261,-1,0,0,20,255,208
1222,0,1,1,0,4,0,0,0,1|1|1|1|77|101|110|117,98|98|98|98|67|111|117|110,-1|0|1|0|112|98|111|97,20|20|20|20|114|109|97|116,-6|0|6|0|68|101|108|101,0|0|0|0|110|117|0|0,67|67|67|67|18805|25972|17261|30063,-1,0,0,20,255,208
1223,0,1,1,0,4,0,0,0,1|1|1|1|111|65|0|0,98|98|98|98|97|100|77|101,-2|0|2|0|37|1|71|101,20|20|20|20|77|101|110|117,-6|0|6|0|82|101|109|111,0|0|0|0|110|117|0|0,67|67|67|67|16752|0|455|25938,-1,0,0,20,255,208
1224,0,1,1,0,6,0,0,0,1|1|1|1|1|1|192|0,98|98|98|98|98|98|110|100,-1|0|0|1|0|0|71|101,20|20|20|20|20|20|78|97,-6|-2|2|6|2|-2|71|101,0|0|0|0|0|0|0|0,67|67|67|67|67|67|520|25939,-1,0,0,20,255,208
1225,0,1,1,0,8,0,0,0,1|1|1|1|1|1|1|1,98|98|98|98|98|98|98|98,-2|-1|0|1|2|1|0|-1,20|20|20|20|20|20|20|20,-8|-4|0|4|8|4|0|-4,0|0|0|0|0|0|0|0,67|67|67|67|67|67|67|67,-1,0,0,20,255,208
1226,0,1,1,0,8,0,0,0,1|1|1|1|1|1|1|1,98|98|98|98|98|98|98|98,-2|-1|0|1|2|1|0|-1,20|20|20|20|20|20|20|20,-8|-4|0|4|8|4|0|-4,0|0|0|0|0|0|0|0,67|67|67|67|67|67|67|67,-1,0,0,20,255,208
1227,0,2,1,0,4,0,0,0,2|2|2|2|0|0|172|1,98|98|98|98|77|101|115|115,-1|0|1|0|0|0|73|0,20|20|20|20|116|101|68|105,-6|0|6|0|80|97|114|97,0|0|0|0|15|1|71|101,70|70|70|70|65|352|29513|26948,-1,0,0,20,255,208
1228,0,2,1,0,6,0,0,0,2|2|2|2|2|2|97|116,98|98|98|98|98|98|103|101,-1|0|0|1|0|0|115|112,20|20|20|20|20|20|115|115,-6|-2|2|6|2|-2|34|0,0|0|0|0|0|0|101|118,70|70|70|70|70|70|26213|30049,-1,0,0,20,255,208
1229,0,2,1,0,8,0,0,0,2|2|2|2|2|2|2|2,98|98|98|98|98|98|98|98,-2|-1|0|1|2|1|0|-1,20|20|20|20|20|20|20|20,-8|-4|0|4|8|4|0|-4,0|0|0|0|0|0|0|0,70|70|70|70|70|70|70|70,-1,0,0,20,255,208
1230,0,1,1,0,8,0,0,0,2|2|2|2|2|2|2|2,98|98|98|98|98|98|98|98,-2|-1|0|1|2|1|0|-1,20|20|20|20|20|20|20|20,-8|-4|0|4|8|4|0|-4,0|0|0|0|0|0|0|0,70|70|70|70|70|70|70|70,-1,0,0,20,255,208
1231,0,0,1,0,8,0,0,0,2|2|2|2|2|2|2|2,98|98|98|98|98|98|98|98,-2|-1|0|1|2|1|0|-1,20|20|20|20|20|20|20|20,-8|-4|0|4|8|4|0|-4,0|0|0|0|0|0|0|0,70|70|70|70|70|70|70|70,-1,0,0,20,255,208
1232,0,5,3,2,3,0,0,0,1|1|1|1|83|101|110|100,255|255|255|115|97|103|101|65,0|0|0|1|73|115|68|108,22|22|22|116|116|111|110|67,0|0|0|107|101|100|0|0,-22|-8|6|110|97|98|108|101,191|191|191|0|369|28492|25697|30019,0,0,0,15,255,128
1233,0,5,4,2,4,0,0,0,1|1|1|1|69|110|100|68,255|255|255|255|103|0|9|0,0|0|0|0|110|80|97|105,22|22|22|22|119|1|76|111,0|0|0|0|97|103|101|65,-22|-8|6|20|69|110|100|80,191|191|191|191|29559|29296|28265|26228,0,0,0,15,255,128
1234,0,5,6,2,6,0,0,0,1|1|1|1|1|2|100|111,255|255|255|255|255|255|0|0,0|0|0|0|0|0|105|110,22|22|22|22|22|-12|116|65,0|0|0|0|0|0|116|68,-22|-8|6|20|34|0|84|101,191|191|191|191|191|191|29769|28005,0,0,0,15,255,128
1235,0,5,7,2,7,0,0,0,1|1|1|1|1|2|2|65,255|255|255|255|255|255|255|95,0|0|0|0|0|0|0|0,22|22|22|22|22|-12|-12|115,0|0|0|0|0|0|0|97,-22|-8|6|20|34|0|-14|76,191|191|191|191|191|191|191|28015,0,0,0,15,255,128
1236,0,5,6,2,6,0,0,0,1|1|1|1|2|2|101|116,255|255|255|255|101|101|100|95,0|0|0|0|-10|10|87|0,22|22|22|22|10|10|101|108,0|0|0|0|0|0|116|101,-22|-8|6|20|0|0|83|104,191|191|191|191|194|196|65|25938,0,0,0,15,255,128
1237,0,5,8,2,8,0,0,0,1|1|1|1|2|2|2|2,255|255|255|255|101|101|101|101,0|0|0|0|-10|10|-10|10,22|22|22|22|10|10|10|10,0|0|0|0|0|0|12|-12,-22|-8|6|20|0|0|14|14,191|191|191|191|194|196|194|196,0,0,0,15,255,128
1238,0,5,6,2,6,0,0,0,3|1|1|1|2|2|115|101,103|103|103|103|101|101|100|101,0|0|0|0|-10|10|111|119,22|22|22|22|10|10|111|108,0|0|0|0|0|0|72|66,-22|-8|6|20|0|0|111|114,210|229|248|267|194|196|28257|25959,0,0,0,15,255,128
1239,0,5,8,2,8,0,0,0,3|1|1|1|2|2|2|2,103|103|103|103|101|101|101|101,0|0|0|0|-10|10|-10|10,22|22|22|22|10|10|10|10,0|0|0|0|0|0|12|-12,-22|-8|6|20|0|0|14|14,210|229|248|267|194|196|194|196,0,0,0,15,255,128
1240,0,5,8,2,8,0,0,0,3|1|1|1|2|2|2|2,103|103|103|103|101|101|101|101,0|0|0|0|-7|7|-7|7,22|22|22|22|10|10|10|10,0|0|0|0|0|0|12|-12,-22|-8|6|20|0|0|14|14,210|229|248|267|194|196|194|196,0,0,0,15,255,128
1241,0,2,4,2,8,0,0,0,3|1|1|1|3|1|1|1,103|103|103|103|103|103|103|103,0|0|0|0|0|0|0|0,22|22|22|22|22|22|22|22,-8|-8|-8|-8|8|8|8|8,-22|-8|6|20|-22|-8|6|20,210|229|248|267|210|229|248|267,0,0,0,15,255,128
1242,0,1,8,2,8,0,0,0,1|1|1|1|1|1|1|1,103|103|103|103|103|103|103|103,0|0|0|0|0|0|0|0,22|22|22|22|22|22|22|22,-8|-8|-8|-8|8|8|8|8,-22|-8|6|20|-22|-8|6|20,210|229|248|267|210|229|248|267,0,0,0,15,255,128
1243,0,2,1,9,6,0,0,0,2|2|2|2|2|2|71|101,10|10|10|10|10|10|114|111,-10|10|-10|10|-12|12|116|65,4|-4|-4|4|0|0|80|97,0|0|0|0|0|0|73|68,0|0|0|0|0|0|83|72,172|172|172|172|172|172|18515|25927,0,0,0,0,255,112
1244,0,2,1,9,8,0,0,0,2|2|2|2|2|2|2|2,10|10|10|10|10|10|10|10,-9|9|-9|9|-10|10|-10|10,6|-6|-6|6|-3|3|3|-3,0|0|0|0|0|0|0|0,0|0|0|0|0|0|0|0,172|172|172|172|172|172|172|172,0,0,0,0,255,112
1245,0,1,1,9,6,0,0,0,2|2|2|2|2|2|111|114,10|10|10|10|10|10|82|117,-10|10|-10|10|-12|12|83|72,4|-4|-4|4|0|0|111|114,0|0|0|0|0|0|82|117,0|0|0|0|0|0|83|72,172|172|172|172|172|172|17266|28015,0,0,0,0,255,112
1246,0,1,1,9,8,0,0,0,2|2|2|2|2|2|2|2,10|10|10|10|10|10|10|10,-9|9|-9|9|-10|10|-10|10,6|-6|-6|6|-3|3|3|-3,0|0|0|0|0|0|0|0,0|0|0|0|0|0|0|0,172|172|172|172|172|172|172|172,0,0,0,0,255,112
1247,0,2,2,9,6,0,0,0,2|2|2|2|2|2|110|0,10|10|10|10|10|10|110|103,-10|10|-10|10|-12|12|83|104,4|-4|-4|4|0|0|101|68,0|0|0|0|0|0|83|104,0|0|0|0|0|0|101|68,172|172|172|172|172|172|26478|17509,0,0,0,0,255,112
1248,0,2,2,9,8,0,0,0,2|2|2|2|2|2|2|2,10|10|10|10|10|10|10|10,-9|9|-9|9|-10|10|-10|10,6|-6|-6|6|-3|3|3|-3,0|0|0|0|0|0|0|0,0|0|0|0|0|0|0|0,172|172|172|172|172|172|172|172,0,0,0,0,255,112
1249,0,1,2,9,6,0,0,0,2|2|2|2|2|2|80|97,10|10|10|10|10|10|101|116,-10|10|-10|10|-12|12|101|109,4|-4|-4|4|0|0|116|101,0|0|0|0|0|0|82|101,0|0|0|0|0|0|111|116,172|172|172|172|172|172|17522|26994,0,0,0,0,255,112
1250,0,1,2,9,8,0,0,0,2|2|2|2|2|2|2|2,10|10|10|10|10|10|10|10,-9|9|-9|9|-10|10|-10|10,6|-6|-6|6|-3|3|3|-3,0|0|0|0|0|0|0|0,0|0|0|0|0|0|0|0,172|172|172|172|172|172|172|172,0,0,0,0,255,112
1251,0,2,4,9,8,0,0,0,2|2|2|2|2|2|2|2,10|10|10|10|10|10|10|10,-9|9|-9|9|-10|10|-10|10,6|-6|-6|6|-3|3|3|-3,0|0|0|0|0|0|0|0,0|0|0|0|0|0|0|0,172|172|172|172|172|172|172|172,0,0,0,0,255,112
1252,0,3,6,9,6,0,0,0,2|2|2|2|2|2|0|83,10|10|10|10|10|10|111|116,-10|10|-10|10|-12|12|110|87,4|-4|-4|4|0|0|0|0,0|0|0|0|0|0|0|0,0|0|0|0|0|0|0|0,172|172|172|172|172|172|0|24064,0,0,0,0,255,112
1253,0,2,8,9,8,0,0,0,2|2|2|2|2|2|2|2,10|10|10|10|10|10|10|10,-9|9|-9|9|-10|10|-10|10,6|-6|-6|6|-3|3|3|-3,0|0|0|0|0|0|0|0,0|0|0|0|0|0|0|0,172|172|172|172|172|172|172|172,0,0,0,0,255,112
1254,0,4,1,0,2,0,0,0,1|1|7|0|0|0|88|237,255|255|0|0|0|0|160|108,-10|10|0|0|0|0|0|0,0|0|1|0|0|0|8|0,0|0|-96|66|2|0|0|0,0|0|0|90|35|0|0|0,39|1|0|1|0|4096|0|164,0,0,0,25,255,208
1255,0,6,2,0,2,0,0,0,1|1|0|0|0|0|0|0,255|255|0|0|0|0|0|0,-10|10|0|0|0|0|0|0,0|0|0|0|0|0|0|0,0|0|0|0|0|0|0|0,0|0|0|0|0|0|0|0,39|1|0|14208|8|49778|13630|65535,0,0,0,25,255,208
1256,0,6,2,0,2,0,0,0,2|2|255|255|255|255|22|55,255|255|156|16|0|0|80|59,-10|10|-80|-85|70|53|-1|-1,0|0|34|55|8|0|-48|19,0|0|32|62|8|0|98|79,0|0|-1|-1|-1|-1|48|55,40|2|0|15956|8|55514|14065|0,0,0,0,25,255,208
1257,0,6,5,0,5,0,0,0,1|1|1|1|1|191|74|55,255|255|255|255|255|0|0|0,-9|9|9|-9|0|0|0|0,2|2|-2|-2|-10|0|0|0,-2|2|2|-2|0|51|50|46,0|0|0|0|0|83|69|82,281|282|301|300|77|20050|19525|12851,0,0,0,25,255,208
1258,0,6,2,0,2,0,0,0,3|3|0|0|83|72|76|87,255|255|73|46|100|108|108|0,-10|10|77|67|84|76|51|50,0|0|108|108|0|0|0|0,0|0|0|0|0|0|0|0,0|0|0|0|0|0|0|0,41|3|0|0|0|0|0|0,0,0,0,25,255,208
1259,0,6,3,0,3,0,0,0,3|3|1|64|8|0|224|64,255|255|255|64|8|0|2|65,-10|10|0|65|8|0|38|65,0|0|-10|65|8|0|70|65,0|0|0|65|8|0|108|65,0|0|0|65|8|0|-122|65,41|3|77|16810|8|16820|8|16836,0,0,0,25,255,208
1260,0,6,4,0,4,0,0,0,2|2|2|2|8|0|36|66,255|255|255|255|8|0|52|66,-9|9|9|-9|8|0|70|66,2|2|-2|-2|8|0|96|66,-2|2|2|-2|8|0|126|66,0|0|0|0|8|0|-88|66,277|278|297|296|8|17112|8|0,0,0,0,25,255,208
1261,0,6,6,0,6,0,0,0,2|2|2|2|1|1|74|67,255|255|255|255|255|255|104|67,-9|9|9|-9|-10|10|-106|67,2|2|-2|-2|0|0|-76|67,-2|2|2|-2|0|0|-42|67,0|0|0|0|0|0|-2|67,277|278|297|296|39|1|8|17502,0,0,0,25,255,208
1262,0,6,6,0,6,0,0,0,2|2|2|2|3|3|224|68,255|255|255|255|255|255|252|68,-9|9|9|-9|-10|10|34|69,2|2|-2|-2|0|0|78|69,-2|2|2|-2|0|0|114|69,0|0|0|0|0|0|-112|69,277|278|297|296|41|3|8|17870,0,0,0,25,255,208
1263,0,6,6,0,6,0,0,0,2|2|2|2|4|4|50|70,255|255|255|255|255|255|84|70,-9|9|9|-9|-10|10|120|70,2|2|-2|-2|0|0|-110|70,-2|2|2|-2|0|0|-80|70,0|0|0|0|0|0|-34|70,277|278|297|296|203|222|8|18212,0,0,0,25,255,208
1264,0,6,6,0,6,0,0,0,2|2|2|2|5|5|138|71,255|255|255|255|255|255|178|71,-9|9|9|-9|-10|10|-36|71,2|2|-2|-2|0|0|6|72,-2|2|2|-2|0|0|42|72,0|0|0|0|0|0|78|72,277|278|297|296|43|5|8|18580,0,0,0,25,255,208
1265,0,3,1,0,4,0,0,0,1|1|1|1|8|0|0|73,255|255|255|255|8|0|30|73,-9|9|9|-9|8|0|56|73,2|2|-2|-2|8|0|94|73,-2|2|2|-2|8|0|-116|73,0|0|0|0|8|0|-84|73,281|282|301|300|8|18902|8|18912,0,0,0,25,255,208
1266,0,4,2,0,4,0,0,0,1|1|1|1|8|0|82|74,255|255|255|255|8|0|106|74,-9|9|9|-9|8|0|-114|74,2|2|-2|-2|8|0|-76|74,-2|2|2|-2|8|0|-52|74,0|0|0|0|8|0|-16|74,281|282|301|300|8|19240|8|19256,0,0,0,25,255,208
1267,0,6,4,0,4,0,0,0,1|1|1|1|8|0|152|75,255|255|255|255|8|0|178|75,-9|9|9|-9|8|0|-56|75,2|2|-2|-2|8|0|-30|75,-2|2|2|-2|8|0|4|76,0|0|0|0|8|0|42|76,281|282|301|300|8|19550|8|19564,0,0,0,25,255,208
1268,0,6,5,0,5,0,0,0,1|1|1|1|1|0|190|76,255|255|255|255|255|0|214|76,-6|6|6|-6|0|0|-16|76,6|6|-6|-6|-10|0|14|77,-4|4|4|-4|0|0|44|77,0|0|0|0|0|0|78|77,163|164|183|182|77|19840|8|19856,0,0,0,25,255,208
1269,0,6,4,0,4,0,0,0,2|2|1|1|8|0|0|78,255|255|255|255|8|0|34|78,-9|9|6|-6|8|0|66|78,2|2|-6|-6|8|0|100|78,-2|2|4|-4|8|0|-118|78,0|0|0|0|8|0|-82|78,277|278|183|182|8|20198|8|20210,0,0,0,25,255,208
1270,0,6,5,0,5,0,0,0,2|2|1|1|1|0|82|79,255|255|255|255|255|0|108|79,-9|9|6|-6|0|0|-122|79,2|2|-6|-6|-10|0|-96|79,-2|2|4|-4|0|0|-72|79,0|0|0|0|0|0|-36|79,277|278|183|182|77|20502|8|20516,0,0,0,25,255,208
1271,0,6,5,0,5,0,0,0,2|2|2|2|1|0|104|80,255|255|255|255|255|0|144|80,-9|9|6|-6|0|0|-88|80,2|2|-6|-6|-10|0|-60|80,-2|2|4|-4|0|0|-34|80,0|0|0|0|0|0|-2|80,277|278|295|294|77|20770|8|20786,0,0,0,25,255,208
1272,0,6,7,0,7,0,0,0,2|2|2|2|1|1|1|81,255|255|255|255|255|255|255|81,-9|9|6|-6|0|-10|10|0,2|2|-6|-6|-10|0|0|82,-2|2|4|-4|0|0|0|82,0|0|0|0|0|0|0|82,277|278|295|294|77|39|1|21126,0,0,0,25,255,208
1273,0,6,7,0,7,0,0,0,2|2|2|2|1|2|2|83,255|255|255|255|255|255|255|83,-9|9|6|-6|0|-2|2|83,2|2|-6|-6|-10|-9|-9|83,-2|2|4|-4|0|-4|4|83,0|0|0|0|0|0|0|83,277|278|295|294|77|298|299|21524,0,0,0,25,255,208
1274,0,6,8,0,8,0,0,0,2|2|2|2|2|2|1|1,255|255|255|255|255|255|255|255,-9|9|6|-6|-2|2|-10|10,2|2|-6|-6|-9|-9|0|0,-2|2|4|-4|-4|4|0|0,0|0|0|0|0|0|0|0,277|278|295|294|298|299|39|1,0,0,0,25,255,208
1275,0,6,8,0,8,0,0,0,2|2|2|2|2|2|2|2,255|255|255|255|255|255|255|255,-9|9|6|-6|-2|2|-10|10,2|2|-6|-6|-9|-9|0|0,-2|2|4|-4|-4|4|0|0,0|0|0|0|0|0|0|0,277|278|295|294|298|299|40|2,0,0,0,25,255,208
1276,0,6,2,0,2,0,0,0,1|1|96|87|8|0|116|87,100|100|130|87|8|0|150|87,-13|13|-82|87|8|0|-56|87,0|0|-32|87|8|0|-14|87,-2|2|4|88|8|0|16|88,0|0|38|88|8|0|66|88,6|44|8|22626|8|22648|8|22664,0,0,0,13,255,208
1277,0,6,3,0,3,0,0,0,1|1|1|88|8|0|4|89,100|100|98|89|8|0|36|89,-13|13|0|89|8|0|72|89,0|0|13|89|8|0|98|89,-2|2|0|89|8|0|-120|89,0|0|0|89|8|0|-78|89,6|44|63|23004|8|23024|8|23046,0,0,0,13,255,208
1278,0,6,4,0,4,0,0,0,1|1|1|1|8|0|82|90,100|100|98|98|8|0|112|90,-13|13|-2|2|8|0|-106|90,0|0|13|13|0|-128|37|0,-2|2|-4|4|0|-128|-94|90,0|0|0|0|8|0|-66|90,6|44|224|223|8|23282|8|23294,0,0,0,13,255,208
1279,0,6,3,0,3,0,0,0,2|2|1|91|8|0|76|91,100|100|98|91|8|0|94|91,-13|13|0|91|8|0|124|91,0|0|13|91|8|0|-104|91,-2|2|0|91|8|0|-62|91,0|0|0|91|8|0|-38|91,16|54|63|23554|8|23570|8|23594,0,0,0,13,255,208
1280,0,6,4,0,4,0,0,0,2|2|1|1|0|0|134|92,100|100|98|98|8|0|166|92,-13|13|-2|2|8|0|-56|92,0|0|13|13|8|0|-24|92,-2|2|-4|4|8|0|12|93,0|0|0|0|8|0|46|93,16|54|224|223|0|23884|8|23904,0,0,0,13,255,208
1281,0,6,6,0,6,0,0,0,2|2|2|2|1|1|21|0,100|100|100|100|98|98|18|0,-13|13|-13|13|-2|2|22|0,-1|-1|1|1|13|13|-86|93,-2|2|-2|2|-4|4|-62|93,4|4|-4|-4|0|0|-34|93,16|54|16|54|224|223|8|24108,0,0,0,13,255,208
1282,0,6,6,0,6,0,0,0,3|3|3|3|1|1|120|94,100|100|100|100|98|98|158|94,-13|13|-13|13|-2|2|-58|94,0|0|0|0|13|13|-26|94,-2|2|-2|2|-4|4|2|95,-7|-7|7|7|0|0|36|95,105|106|124|125|224|223|32768|24368,0,0,0,13,255,208
1283,0,6,6,0,6,0,0,0,3|3|3|3|2|1|152|95,100|100|100|100|98|98|190|95,-13|13|-13|13|0|0|23|0,0|0|0|0|13|-13|-4|95,-2|2|-2|2|0|0|40|96,-7|-7|7|7|0|0|-101|0,105|106|124|125|73|82|8|24702,0,0,0,13,255,208
1284,0,6,7,0,7,0,0,0,3|3|3|3|2|1|1|0,100|100|100|100|98|98|98|96,-13|13|-13|13|0|-2|2|97,0|0|0|0|13|-13|-13|97,-2|2|-2|2|0|-4|4|97,-7|-7|7|7|0|0|0|97,105|106|124|125|73|243|242|25020,0,0,0,13,255,208
1285,0,6,7,0,7,0,0,0,3|3|3|3|2|2|2|97,100|100|100|100|98|98|98|1,-13|13|-13|13|0|-9|9|1,0|0|0|0|13|-9|-9|1,-2|2|-2|2|0|-9|9|1,-7|-7|7|7|0|0|0|1,105|106|124|125|73|130|131|331,0,0,0,13,255,208
1286,0,6,8,0,8,0,0,0,3|3|3|3|2|2|2|2,100|100|100|100|98|98|98|98,-13|13|-13|13|-9|9|-9|9,0|0|0|0|-9|-9|9|9,-2|2|-2|2|-9|9|-9|9,-7|-7|7|7|0|0|0|0,105|106|124|125|130|131|149|150,0,0,0,13,255,208
1287,0,6,1,0,1,0,0,0,2|0|1|41|2|0|59|74,98|0|26|146|0|0|76|94,0|0|102|56|0|0|-12|-99,0|0|-93|-26|7|0|-5|90,0|0|-7|-83|1|0|60|41,0|0|-104|-58|0|0|-7|-52,73|48673|5|48826|5|39209|0|29070,1,0,0,13,255,208
1288,0,6,3,0,3,0,0,0,2|1|1|171|6|0|83|163,98|98|98|128|6|0|185|45,0|-1|1|23|1|0|58|26,0|-1|-1|73|7|0|-3|-111,0|-4|4|-46|1|0|113|48,0|0|0|51|7|0|-55|58,73|63|63|15797|7|15412|7|12646,1,0,0,13,255,208
1289,0,6,4,0,4,0,0,0,1|1|1|1|7|0|107|65,98|98|98|98|7|0|195|48,-1|1|-2|2|0|0|-118|60,0|0|-1|-1|5|0|-63|36,-4|4|-8|8|3|0|-17|46,0|0|0|0|7|0|77|-118,63|63|63|63|0|3761|7|23873,1,0,0,13,255,208
1290,0,6,5,0,5,0,0,0,1|1|1|1|1|0|41|90,98|98|98|98|98|0|234|2,-1|1|-2|2|0|0|-16|66,-1|-1|-2|-2|0|0|66|68,-4|4|-8|8|0|0|-98|58,0|0|0|0|0|0|15|87,63|63|63|63|63|39995|7|247,1,0,0,13,255,208
1291,0,6,4,0,4,0,0,0,2|2|1|1|0|0|180|184,98|98|98|98|0|0|188|201,-1|1|-3|3|1|0|-6|-72,0|0|-1|-1|4|0|-93|-39,-4|4|-8|8|0|0|45|-62,0|0|0|0|3|0|55|35,73|73|63|63|6|18780|6|18906,1,0,0,13,255,208
1292,0,6,4,0,4,0,0,0,3|3|1|1|0|0|87|150,98|98|98|98|4|0|209|38,0|0|-2|2|2|0|50|-58,1|1|-1|-1|2|0|-128|-13,-6|6|-8|8|5|0|-60|-88,0|0|0|0|3|0|-16|-2,143|144|63|63|0|25621|0|12327,1,0,0,13,255,208
1293,0,6,4,0,4,0,0,0,3|3|2|2|0|0|190|35,98|98|98|98|3|0|135|150,0|0|-2|2|6|0|99|60,1|1|-1|-1|6|0|-28|-73,-6|6|-8|8|7|0|-105|-28,0|0|0|0|2|0|93|75,143|144|73|73|2|58467|7|58454,1,0,0,13,255,208
1294,0,6,6,0,6,0,0,0,3|3|1|1|1|1|204|68,98|98|98|98|98|98|143|64,0|0|-1|1|-2|2|61|69,1|1|0|0|-1|-1|-58|71,-6|6|-4|4|-8|8|29|49,0|0|0|0|0|0|86|-28,143|144|63|63|63|63|4|55580,1,0,0,13,255,208
1295,0,6,6,0,6,0,0,0,3|3|2|2|1|1|5|139,98|98|98|98|98|98|184|126,0|0|-1|1|-3|3|-85|-118,1|1|0|0|-1|-1|56|-61,-6|6|-4|4|-8|8|37|-128,0|0|0|0|0|0|46|-83,143|144|73|73|63|63|5|53044,1,0,0,13,255,208
1296,0,6,6,0,6,0,0,0,3|3|3|3|3|3|140|205,98|98|98|98|98|98|33|117,0|0|-3|-3|3|3|-95|116,1|1|-2|-2|-2|-2|-105|-28,-6|6|-12|0|0|12|18|42,0|0|0|0|0|0|97|121,143|144|143|144|143|144|3|16654,1,0,0,13,255,208
1297,0,6,8,0,8,0,0,0,3|3|3|3|3|3|3|3,98|98|98|98|98|98|98|98,-1|-1|1|1|-3|-3|3|3,0|0|0|0|-2|-2|-2|-2,-12|0|0|12|-24|-12|12|24,0|0|0|0|0|0|0|0,143|144|143|144|143|144|143|144,1,0,0,13,255,208
1298,80,20,8,3,8,0,0,0,128|128|128|128|128|128|128|128,255|255|255|255|255|255|255|255,0|0|1|-1|1|-1|1|-1,1|-1|1|1|-1|-1|0|0,0|0|0|0|0|0|0|0,0|0|0|0|0|0|0|0,271|271|271|271|271|271|271|271,0,0,0,8,255,208
1299,0,90,1,3,1,0,0,0,99|0|138|228|7|0|138|228,255|0|138|228|7|0|151|228,120|0|-105|-28|7|0|-12|36,2|0|86|-28|7|0|121|117,-20|0|121|26|1|0|121|26,20|0|-5|120|1|0|-47|117,263|58493|7|28945|0|28945|0|37649,0,0,160,0,255,208
1300,0,7,2,0,2,0,0,0,1|1|0|0|0|0|0|0,255|255|0|0|0|0|0|0,-10|10|0|0|0|0|0|0,0|0|0|0|0|0|0|0,0|0|0|0|0|0|0|0,0|0|0|0|0|0|0|0,227|227|0|0|0|0|0|0,0,0,0,26,255,208
1301,0,7,2,0,2,0,0,0,2|2|0|0|0|0|0|0,107|107|0|0|0|0|0|0,-10|10|0|0|0|0|0|0,0|0|0|0|0|0|0|0,0|0|0|0|0|0|0|0,0|0|0|0|0|0|0|0,601|601|0|0|0|0|0|0,0,0,0,26,255,208
1302,0,7,4,0,4,0,0,0,1|1|1|1|0|0|0|0,255|255|255|255|0|0|0|0,-9|9|9|-9|0|0|0|0,2|-2|2|-2|0|0|0|0,0|0|0|0|0|0|0|0,0|0|0|0|0|0|0|0,227|227|227|227|0|0|0|0,0,0,0,26,255,208
1303,0,7,4,0,4,0,0,0,2|1|2|1|0|0|0|0,107|255|107|255|0|0|0|0,-9|9|9|-9|0|0|0|0,2|-2|2|-2|0|0|0|0,0|0|0|0|0|0|0|0,0|0|0|0|0|0|0|0,601|227|601|227|0|0|0|0,0,0,0,26,255,208
1304,0,7,6,0,6,0,0,0,2|1|2|1|1|1|0|0,107|255|107|255|255|255|0|0,-9|9|9|-9|-10|10|0|0,2|-2|2|-2|0|0|0|0,0|0|0|0|0|0|0|0,0|0|0|0|0|0|0|0,601|227|601|227|227|227|0|0,0,0,0,26,255,208
1305,0,7,7,0,7,0,0,0,2|1|2|1|2|2|1|0,107|255|107|255|107|107|255|0,-9|9|9|-9|-10|10|0|0,2|-2|2|-2|0|0|-10|0,0|0|0|0|0|0|0|0,0|0|0|0|0|0|0|0,601|227|601|227|601|601|227|0,0,0,0,26,255,208
1306,0,7,7,0,7,0,0,0,2|2|2|2|2|2|1|0,107|107|107|107|107|107|255|0,-9|9|9|-9|-10|10|0|0,2|-2|2|-2|0|0|-10|0,0|0|0|0|0|0|0|0,0|0|0|0|0|0|0|0,601|601|601|601|601|601|227|0,0,0,0,26,255,208
1307,0,7,6,0,6,0,0,0,2|1|2|1|4|4|0|0,107|255|107|255|105|105|0|0,-9|9|9|-9|-6|6|0|0,2|-2|2|-2|0|0|0|0,0|0|0|0|0|0|0|0,0|0|0|0|0|0|0|0,601|227|601|227|582|582|0|0,0,0,0,26,255,208
1308,0,7,6,0,6,0,0,0,2|2|2|2|4|4|0|0,107|107|107|107|105|105|0|0,-9|9|9|-9|-6|6|0|0,2|-2|2|-2|0|0|0|0,0|0|0|0|0|0|0|0,0|0|0|0|0|0|-118|25,601|601|601|601|582|582|0|46669,0,0,0,26,255,208
1309,0,7,8,0,8,0,0,0,2|1|2|1|1|1|4|4,107|255|107|255|255|255|105|105,-9|9|9|-9|-3|3|-6|6,2|-2|2|-2|-7|-7|0|0,0|0|0|0|0|0|0|0,0|0|0|0|0|0|0|0,601|227|601|227|227|227|582|582,0,0,0,26,255,208
1310,0,7,8,0,8,0,0,0,2|2|2|2|1|1|4|4,107|107|107|107|255|255|105|105,-9|9|9|-9|-3|3|-6|6,2|-2|2|-2|-7|-7|0|0,0|0|0|0|0|0|0|0,0|0|0|0|0|0|0|0,601|601|601|601|227|227|582|582,0,0,0,26,255,208
1311,0,11,1,0,1,0,0,0,1|0|0|0|0|0|0|0,90|0|0|0|0|0|0|0,120|0|0|0|0|0|0|0,120|0|0|0|0|0|0|0,-13|0|0|0|0|0|0|0,14|0|0|0|0|0|0|0,227|0|0|0|0|0|0|0,0,0,6,26,255,208
1312,0,21,1,7,1,0,0,0,2|0|0|0|0|0|0|0,90|0|0|0|0|0|0|0,120|0|0|0|0|0|0|0,120|0|0|0|0|0|0|0,-18|0|0|0|0|0|0|0,20|0|0|0|0|0|0|0,601|0|0|0|0|0|0|0,0,0,7,26,255,208
1313,0,16,1,7,1,0,0,0,2|0|0|0|0|0|0|0,90|0|0|0|0|0|0|0,120|0|0|0|0|0|0|0,120|0|0|0|0|0|0|0,-24|0|0|0|0|0|0|0,24|0|0|0|0|0|0|0,601|0|0|0|0|0|0|0,0,0,8,26,255,208
1314,0,8,1,7,1,0,0,0,2|0|0|0|0|0|0|0,90|0|0|0|0|0|0|0,120|0|0|0|0|0|0|0,120|0|0|0|0|0|0|0,-24|0|0|0|0|0|0|0,24|0|0|0|0|0|0|0,601|0|0|0|0|0|0|0,0,0,8,26,255,208
1315,0,16,2,7,2,0,0,0,2|2|0|0|0|0|0|0,90|90|0|0|0|0|0|0,120|120|0|0|0|0|-25|-90,120|120|86|-78|4|0|0|0,-30|-18|37|-28|1|0|12|-21,24|24|117|-21|1|0|-50|0,601|601|2|54149|1|0|0|53212,0,0,8,26,255,208
1316,0,8,2,7,2,0,0,0,2|2|0|0|0|0|0|0,45|45|0|0|0|0|0|0,120|120|0|0|0|0|-101|114,120|120|0|0|0|0|0|0,-40|-8|0|0|0|0|0|0,24|24|0|0|0|0|0|0,601|601|0|0|0|0|0|0,0,0,8,26,255,208
1317,0,16,3,7,3,0,0,0,2|2|2|0|0|0|0|0,45|45|90|0|0|0|0|0,120|120|120|0|0|0|-128|-13,120|120|120|0|0|0|0|0,-40|-8|-24|0|0|0|0|0,24|24|4|0|0|0|0|0,601|601|601|0|0|0|0|0,0,0,8,26,255,208
1318,0,8,1,5,1,0,0,0,4|0|0|0|0|0|0|0,90|0|0|0|0|0|0|0,120|0|0|0|0|0|87|-94,120|0|-69|87|1|0|59|87,-24|0|-84|56|0|0|-108|-65,24|0|0|0|0|0|0|0,582|39898|6|0|0|0|0|0,0,0,8,26,255,208
1319,0,16,2,5,2,0,0,0,4|4|75|45|8|0|100|45,90|90|126|45|8|0|152|45,120|120|-89|45|8|0|-73|45,120|120|-57|45|8|0|-41|45,-30|-18|-23|45|8|0|-9|45,24|24|2|46|8|0|22|46,582|582|8|11834|8|11845|8|11859,0,0,8,26,255,208
1320,0,8,2,5,2,0,0,0,4|4|160|46|8|0|183|46,45|45|208|46|8|0|233|46,120|120|0|47|8|0|13|47,120|120|27|47|8|0|42|47,-40|-8|57|47|8|0|77|47,24|24|97|47|8|0|110|47,582|582|8|12183|8|12199|8|12215,0,0,8,26,255,208
1321,0,16,3,5,3,0,0,0,4|4|4|48|8|0|34|48,45|45|90|48|8|0|87|48,120|120|120|48|8|0|-124|48,120|120|120|48|8|0|-84|48,-50|8|-24|48|8|0|-40|48,24|24|4|48|8|0|-6|48,582|582|582|12575|8|12594|8|12609,0,0,8,26,255,208
1322,0,4,2,0,2,0,0,0,1|1|152|49|8|0|169|49,255|255|183|49|8|0|202|49,0|0|-33|49|8|0|-12|49,12|12|7|50|8|0|27|50,-5|5|41|50|8|0|56|50,0|0|71|50|8|0|93|50,225|225|8|12922|8|12942|8|12963,0,0,0,26,255,208
1323,0,5,3,0,3,0,0,0,1|1|1|51|8|0|40|51,255|255|255|51|8|0|88|51,0|-2|2|51|8|0|-120|51,12|11|11|51|8|0|-88|51,0|0|0|51|8|0|-46|51,0|0|0|51|8|0|-16|51,225|225|225|13326|8|13342|8|13355,0,0,0,26,255,208
1324,0,5,4,0,4,0,0,0,1|1|1|1|8|0|124|52,255|255|255|255|8|0|158|52,-2|2|-4|4|8|0|-67|52,11|11|12|12|8|0|-39|52,0|0|0|0|8|0|-13|52,0|0|0|0|8|0|18|53,225|225|225|225|8|13630|8|13647,0,0,0,26,255,208
1325,0,6,5,0,5,0,0,0,1|1|1|1|1|0|185|0,255|255|255|255|255|0|200|0,0|-3|3|-6|6|0|-52|0,12|11|11|9|9|0|-48|0,0|0|0|0|0|0|-44|0,0|0|0|0|0|0|-28|0,225|225|225|225|225|234|235|236,0,0,0,26,255,208
1326,0,6,6,0,6,0,0,0,1|1|1|1|1|1|1|1,255|255|255|255|255|255|5|1,-3|3|-6|6|0|0|9|1,11|11|9|9|12|12|-59|0,0|0|0|0|-4|4|16|1,0|0|0|0|0|0|20|1,225|225|225|225|225|225|284|285,0,0,0,26,255,208
1327,0,6,4,0,4,0,0,0,1|1|2|2|40|1|41|1,255|255|255|255|44|1|45|1,-6|6|0|0|48|1|49|1,9|9|11|11|52|1|53|1,0|0|8|-8|56|1|57|1,0|0|0|0|60|1|61|1,225|225|244|244|322|323|324|325,0,0,0,26,255,208
1328,0,6,5,0,5,0,0,0,1|1|2|2|2|99|107|69,255|255|255|255|255|115|65|0,-5|5|3|-3|0|69|115|99,9|9|11|11|12|0|67|111,0|0|0|0|0|76|105|110,0|0|0|0|0|103|118|87,225|225|244|244|244|27753|17260|25441,0,0,0,26,255,208
1329,0,6,6,0,6,0,0,0,1|1|3|3|2|2|67|97,255|255|255|255|255|255|110|68,-6|6|3|-3|0|0|110|116,9|9|11|11|12|12|108|108,0|0|0|0|-8|8|82|117,0|0|0|0|0|0|67|111,225|225|244|244|244|244|17152|28271,0,0,0,26,255,208
1330,0,6,6,0,6,0,0,0,2|2|3|2|2|2|117|110,255|255|255|255|255|255|108|108,-6|6|3|-3|0|0|111|97,9|9|11|11|12|12|108|108,0|0|0|0|-8|8|115|115,0|0|0|0|0|0|0|68,244|244|244|244|244|244|17408|27756,0,0,0,26,255,208
1331,0,6,7,0,7,0,0,0,2|2|3|2|2|2|3|98,255|255|255|255|255|255|255|110,-8|8|6|-6|3|-3|0|110,9|9|10|10|11|11|12|0,0|0|0|0|0|0|0|101,0|0|0|0|0|0|0|0,244|244|244|244|244|244|244|20839,0,0,0,26,255,208
1332,0,6,8,0,8,0,0,0,5|2|2|2|2|2|2|2,255|255|255|255|255|255|255|255,0|-4|4|-6|6|0|-3|3,12|12|12|9|9|12|11|11,0|-4|4|0|0|0|0|0,0|-6|-6|0|0|9|0|0,244|244|244|244|244|226|226|226,0,0,0,26,255,208
1333,0,8,1,0,1,0,0,0,2|99|105|97|116|101|100|73,255|111|110|65|0|69|120|116,0|97|99|116|65|115|115|111,-6|105|97|116|101|100|73|99,0|110|69|120|65|0|69|120,0|114|97|99|116|65|115|115,126|24937|25972|18788|28515|17774|22392|17664,1,0,0,16,255,208
1334,0,8,2,0,2,0,0,0,2|2|111|110|87|0|69|120,255|255|97|99|116|73|99|111,-1|1|0|69|120|116|114|97,-7|-7|73|99|111|110|69|120,-5|5|120|116|114|97|99|116,0|0|111|110|69|120|65|0,126|126|25441|18804|28515|17774|22392|17664,1,0,0,16,255,208
1335,0,8,3,0,3,0,0,0,2|2|2|69|120|116|114|97,255|255|255|99|111|110|82|101,-2|2|0|102|111|87|0|69,-7|-7|-5|97|99|116|73|99,-5|5|0|0|69|120|116|114,0|0|0|86|101|114|115|105,126|126|126|29301|25955|13873|87|26950,1,0,0,16,255,208
1336,0,8,2,0,2,0,0,0,3|3|120|101|99|117|116|97,255|255|101|65|0|70|105|110,-1|1|120|101|99|117|116|97,-8|-8|101|87|0|70|114|101,-5|5|99|111|110|76|105|115,0|0|73|110|116|101|114|110,214|214|29300|25441|18804|28515|19566|29545,1,0,0,16,255,208
1337,0,8,3,0,3,0,0,0,3|3|3|99|111|110|76|105,255|255|255|0|79|112|101|110,-2|2|0|82|117|110|114|0,-8|-8|-5|111|102|116|119|97,-5|5|0|77|105|99|114|111,0|0|0|116|92|87|105|110,214|214|214|29301|25970|29806|25942|29554,1,0,0,16,255,208
1338,0,8,5,0,5,0,0,0,2|2|2|2|3|46|101|120,255|255|255|255|255|0|117|115,-2|2|-4|4|0|0|70|65,-7|-7|-7|-7|-5|0|97|112,-5|5|-8|8|0|112|62|80,0|0|0|0|0|0|77|115,126|126|126|126|214|28781|28271|28261,1,0,0,16,255,208
1339,0,8,4,0,4,0,0,0,3|3|2|2|0|0|112|114,255|255|255|255|109|115|0|0,-2|2|-4|4|115|34|0|0,-7|-7|-7|-7|0|0|78|101,-5|5|-8|8|107|84|105|109,0|0|0|0|0|0|45|49,214|214|126|126|49|25942|29554|28521,1,0,0,16,255,208
1340,0,8,6,0,6,0,0,0,3|3|2|2|2|2|0|0,255|255|255|255|255|255|97|116,-2|2|-4|4|-1|1|114|116,-7|-7|-7|-7|-6|-6|114|115,-5|5|-8|8|-3|3|80|114,0|0|0|0|0|0|0|0,214|214|126|126|126|126|29285|26995,1,0,0,16,255,208
1341,0,8,4,0,4,0,0,0,3|3|3|3|115|111|102|116,255|255|255|255|100|111|119|115,-2|2|-4|4|114|101|110|116,-7|-7|-8|-8|105|111|110|92,-5|5|-8|8|115|116|97|108,0|0|0|0|0|0|-1|-1,214|214|214|214|32724|0|0|30789,1,0,0,16,255,208
1342,0,8,4,0,4,0,0,0,2|2|5|5|46|100|108|108,255|255|255|255|0|0|160|17,-1|1|-1|1|-42|127|96|-8,-8|-8|-7|-7|69|84|67|80,-4|5|-5|5|76|0|78|69,0|0|0|0|46|67|80|76,126|126|263|263|27748|108|0|27728,1,0,0,16,255,208
1343,0,8,6,0,6,0,0,0,2|2|5|5|2|2|109|68,255|255|255|255|255|255|65|112,-1|1|-1|1|-3|3|115|92,-8|-8|-7|-7|-7|-7|115|92,-4|5|-5|5|-5|5|120|112,0|0|0|0|0|0|37|115,126|126|263|263|126|126|20292|22083,1,0,0,16,255,208
1344,0,8,1,0,1,0,0,0,2|97|108|108|0|0|65|68,255|80|65|67|75|46|68|76,0|0|85|110|114|101|103|68,6|108|0|0|0|0|82|101,0|68|108|108|0|0|97|112,0|108|105|99|97|116|105|111,126|11640|25699|102|0|25972|29816|26671,-1,0,0,16,255,208
1345,0,8,2,0,2,0,0,0,2|2|83|51|0|0|152|19,255|255|85|51|0|0|136|19,-1|1|84|51|0|0|124|19,7|7|48|34|0|0|112|19,-5|5|49|34|0|0|96|19,0|0|51|34|0|0|80|19,126|126|0|4924|32726|8757|0|4908,-1,0,0,16,255,208
1346,0,8,3,0,3,0,0,0,2|2|2|34|0|0|0|19,255|255|255|34|0|0|83|51,-2|2|0|18|0|0|84|51,7|7|5|18|0|0|85|51,-5|5|0|18|0|0|80|51,0|0|0|18|0|0|81|51,126|126|126|13138|0|4700|0|0,-1,0,0,16,255,208
1347,0,8,2,0,2,0,0,0,3|3|0|0|0|0|80|114,255|255|117|99|116|86|101|114,-1|1|111|110|0|0|80|114,8|8|117|99|116|78|97|109,-5|5|80|114|105|118|97|116,0|0|117|105|108|100|0|0,214|214|26473|28265|27745|26950|25964|24942,-1,0,0,16,255,208
1348,0,8,3,0,3,0,0,0,3|3|3|107|115|0|73|110,255|255|255|110|97|108|78|97,-2|2|0|0|0|0|67|111,8|8|5|110|121|78|97|109,-5|5|0|111|109|109|101|110,0|0|0|0|0|0|70|105,214|214|214|26994|29808|28521|110|25932,-1,0,0,16,255,208
1349,0,8,5,0,5,0,0,0,2|2|2|2|3|115|105|111,255|255|255|255|255|114|105|110,-2|2|-4|4|0|73|110|102,7|7|7|7|5|57|48|48,-5|5|-8|8|0|0|92|83,0|0|0|0|0|70|105|108,126|126|126|126|214|13360|13381|92,-1,0,0,16,255,208
1350,0,8,4,0,4,0,0,0,3|3|2|2|52|88|37|48,255|255|255|255|0|0|92|86,-2|2|-4|4|108|101|73|110,7|7|7|7|114|97|110|115,-5|5|-8|8|111|110|0|0,0|0|0|0|0|0|40|-55,214|214|126|126|32725|0|0|28410,-1,0,0,16,255,208
1351,0,8,6,0,6,0,0,0,3|3|2|2|2|2|42|92,255|255|255|255|255|255|105|101,-2|2|-4|4|-1|1|107|86,7|7|7|7|6|6|45|118,-5|5|-8|8|-3|3|92|118,0|0|0|0|0|0|92|113,214|214|126|126|126|126|0|52854,-1,0,0,16,255,208
1352,0,8,4,0,4,0,0,0,3|3|3|3|0|0|99|111,255|255|255|255|0|0|112|97,-2|2|-4|4|0|0|112|97,7|7|8|8|105|110|107|0,-5|5|-8|8|0|0|114|101,0|0|0|0|0|0|18|112,214|214|214|214|32726|28689|0|0,-1,0,0,16,255,208
1353,0,8,4,0,4,0,0,0,2|2|5|5|0|0|0|0,255|255|255|255|214|127|24|112,-1|1|-1|1|0|0|56|-33,8|8|7|7|0|0|0|0,-4|5|-5|5|-48|127|26|112,0|0|0|0|0|0|-88|20,126|126|263|263|0|5296|32726|26999,-1,0,0,16,255,208
1354,0,8,6,0,6,0,0,0,2|2|5|5|2|2|25|112,255|255|255|255|255|255|26|112,-1|1|-1|1|-3|3|17|112,8|8|7|7|7|7|19|112,-4|5|-5|5|-5|5|1|0,0|0|0|0|0|0|0|0,126|126|263|263|126|126|0|25924,-1,0,0,16,255,208
1355,0,2,1,0,2,0,0,0,1|1|69|88|69|0|66|97,255|255|66|97|114|0|67|104,-6|6|65|112|112|0|78|111,21|21|102|121|66|114|111|119,-2|2|114|83|104|117|116|100,20|20|110|0|0|0|109|115,132|133|25646|27756|0|28233|25972|28274,-1,0,0,20,255,208
1356,0,2,1,0,4,0,0,0,1|1|1|1|116|46|100|108,255|255|255|255|118|101|77|101,-6|6|-7|7|101|109|0|0,21|21|21|21|0|0|83|111,-2|2|-4|4|114|101|92|77,20|20|20|20|115|111|102|116,132|133|132|133|17244|29301|25970|29806,-1,0,0,20,255,208
1357,0,3,2,0,4,0,0,0,1|1|1|1|77|82|85|0,255|255|255|255|0|0|77|83,-6|6|-7|7|108|82|117|110,21|21|21|21|101|97|100|121,-2|2|-4|4|0|0|87|97,20|20|20|20|103|84|104|114,132|133|132|133|0|0|0|28499,-1,0,0,20,255,208
1358,0,3,2,0,6,0,0,0,1|1|1|1|1|1|119|115,255|255|255|255|255|255|110|116,-6|6|-7|7|-5|5|110|92,21|21|21|21|21|21|101|114,-2|2|-4|4|-1|1|111|109,20|20|20|20|20|20|85|115,132|133|132|133|132|133|25972|0,-1,0,0,20,255,208
1359,0,2,2,0,6,0,0,0,1|1|1|1|1|1|17|48,255|255|255|255|255|255|10|48,-6|6|-7|7|-5|5|0|48,21|21|21|21|21|21|0|0,-2|2|-4|4|-1|1|79|74,20|20|20|20|20|20|-54|74,132|133|132|133|132|133|32725|19273,-1,0,0,20,255,208
1360,0,2,2,0,8,0,0,0,1|1|1|1|1|1|1|1,255|255|255|255|255|255|255|255,-6|6|-7|7|-8|8|-5|5,21|21|21|21|21|21|21|21,-2|2|-4|4|-6|6|-1|1,20|20|20|20|20|20|20|20,132|133|132|133|132|133|132|133,-1,0,0,20,255,208
1361,0,1,2,0,8,0,0,0,1|1|1|1|1|1|1|1,255|255|255|255|255|255|255|255,-6|6|-7|7|-8|8|-5|5,21|21|21|21|21|21|21|21,-2|2|-4|4|-6|6|-1|1,20|20|20|20|20|20|20|20,132|133|132|133|132|133|132|133,-1,0,0,20,255,208
1362,0,2,3,0,8,0,0,0,1|1|1|1|1|1|1|1,255|255|255|255|255|255|255|255,-6|6|-7|7|-8|8|-5|5,21|21|21|21|21|21|21|21,-2|2|-4|4|-6|6|-1|1,20|20|20|20|20|20|20|20,132|133|132|133|132|133|132|133,-1,0,0,20,255,208
1363,0,2,2,0,6,0,0,0,2|2|2|2|2|2|70|105,255|255|255|255|255|255|110|115,-6|6|-7|7|-5|5|41|93,21|21|21|21|21|21|-71|93,-2|2|-4|4|-1|1|17|-109,20|20|20|20|20|20|-32|94,151|152|151|152|151|152|32724|4680,-1,0,0,20,255,208
1364,0,2,2,0,8,0,0,0,2|2|2|2|2|2|2|2,255|255|255|255|255|255|255|255,-6|6|-7|7|-8|8|-5|5,21|21|21|21|21|21|21|21,-2|2|-4|4|-6|6|-1|1,20|20|20|20|20|20|20|20,151|152|151|152|151|152|151|152,-1,0,0,20,255,208
1365,0,1,2,0,8,0,0,0,2|2|2|2|2|2|2|2,255|255|255|255|255|255|255|255,-6|6|-7|7|-8|8|-5|5,21|21|21|21|21|21|21|21,-2|2|-4|4|-6|6|-1|1,20|20|20|20|20|20|20|20,151|152|151|152|151|152|151|152,-1,0,0,20,255,208
1366,0,3,1,4,2,0,0,0,1|1|92|72|69|76|80|92,255|255|78|68|46|67|72|77,0|0|0|0|0|0|-1|-1,6|6|-3|-112|-43|127|15|-111,-4|4|0|0|0|0|-5|-98,0|0|97|-97|-43|127|115|-97,233|233|32725|40464|32725|40530|32725|40704,0,0,0,13,255,208
1367,0,8,1,0,1,0,0,0,112|127|248|207|206|127|197|211,255|127|11|190|206|127|174|160,0|127|0|0|0|0|-78|-93,0|127|-49|37|-50|127|45|-92,0|127|82|-92|-43|127|-115|-92,0|127|-18|-92|-43|127|58|-91,31|37649|32724|0|9899|18|0|1,1,0,0,7,6,208
1368,0,9,2,0,2,0,0,0,112|112|25|0|0|0|58|174,255|255|26|23|207|127|185|174,1|-1|-22|-82|-43|127|93|-78,-1|-1|26|23|-49|127|1|-77,0|0|50|-77|-43|127|123|-77,0|0|-121|17|-43|127|-48|-77,31|31|0|54510|32725|5914|32719|46185,1,0,0,7,6,208
1369,0,10,3,0,3,0,0,0,112|112|112|0|0|0|209|182,255|255|255|183|213|127|60|183,1|-1|0|-73|-43|127|121|-72,-1|-1|0|117|0|0|123|53,0|0|0|70|70|69|48|45,0|0|0|52|45|49|49|67,31|31|31|12333|12344|12848|12866|12613,1,0,0,7,6,208
1370,0,11,4,0,4,0,0,0,112|112|112|112|97|118|111|114,255|255|255|255|104|116|109|0,1|-1|0|0|65|57|66|65,-2|-2|0|0|49|52|51|65,0|0|-3|3|70|45|56|51,0|0|0|0|52|52|53|53,31|31|31|31|0|0|0|47613,1,0,0,7,6,208
1371,0,12,1,0,1,0,0,0,116|127|78|101|119|115|83|112,255|101|100|0|0|0|78|101,0|115|85|112|100|97|116|101,-2|0|78|101|119|115|73|110,0|101|114|118|97|108|0|0,0|0|78|111|78|101|119|115,32|28787|24940|121|0|26964|27491|29285,1,0,0,7,6,208
1372,0,12,2,0,4,0,0,0,112|116|112|116|0|0|78|111,255|255|255|255|101|114|68|105,-1|0|1|0|121|0|83|111,-3|-2|-3|-2|114|101|92|77,0|0|0|0|115|111|102|116,0|0|0|0|100|111|119|115,31|32|31|32|25942|29554|28521|23662,1,0,0,7,6,208
1373,0,12,3,0,3,0,0,0,112|116|112|116|111|112|0|0,255|255|255|0|0|0|223|87,-1|0|1|-49|-50|127|-59|-45,-3|-2|-3|-66|-50|127|16|-63,0|0|0|0|0|0|-33|87,0|0|0|-49|-50|127|-59|-45,31|32|31|49726|32725|0|0|0,1,0,0,7,6,208
1374,0,12,3,0,3,0,0,0,112|113|112|0|0|0|178|0,255|255|255|0|0|0|0|0,-1|0|1|-1|-1|-1|0|0,-4|-3|-4|0|0|0|4|1,0|0|0|0|0|0|-1|-1,0|0|0|0|0|0|-33|87,31|32|31|54213|32718|48651|32718|51795,1,0,0,7,6,208
1375,0,12,2,0,2,0,0,0,113|113|11|190|206|127|92|205,255|255|92|68|111|109|97|105,0|0|78|101|116|68|111|109,-4|-4|110|0|0|0|92|83,-6|6|118|101|114|0|78|101,0|0|111|114|107|0|78|101,32|32|26977|17262|27759|22643|0|25934,1,0,0,7,6,208
1376,0,12,4,0,4,0,0,0,113|113|112|112|206|127|197|211,255|255|255|255|206|127|66|209,0|0|1|-1|0|0|-33|87,-4|-4|-1|-1|-50|127|-59|-45,-6|6|0|0|-50|127|-21|-35,0|0|0|0|0|0|112|105,32|32|31|31|20524|26217|29264|28783,1,0,0,7,6,208
1377,0,12,3,0,3,0,0,0,114|112|112|37|206|127|223|229,255|255|255|0|0|0|250|110,0|1|-1|113|-49|127|-56|113,-4|-1|-1|-25|-43|127|-25|11,0|0|0|0|0|0|-17|20,0|0|0|0|0|0|-64|0,33|31|31|8097|35790|2337|4123|65457,1,0,0,7,6,208
1378,0,11,1,0,2,0,0,0,3|3|151|222|172|249|161|20,255|255|0|0|0|0|192|0,2|-2|0|0|0|70|1|62,-1|-1|-37|-79|-48|17|-126|-52,0|0|79|-43|-82|56|-128|-77,0|0|-94|-116|105|16|-85|29,99|99|13557|26240|18144|19440|4561|61059,1,0,0,1,0,208
1379,0,11,2,0,2,0,0,0,3|3|201|13|200|73|192|84,255|255|240|75|209|17|131|238,2|-2|-55|13|-56|73|-96|75,-1|-1|-22|58|105|16|-94|-39,0|0|43|48|48|-99|82|59,0|0|71|5|-47|17|-72|51,99|99|8115|10081|187|27255|4560|13733,1,0,0,1,0,208
1380,0,11,4,0,4,0,0,0,3|3|2|2|208|98|98|39,255|255|255|255|208|17|165|53,3|-3|4|-4|-48|98|65|-90,-1|-1|-1|-1|-48|17|-125|27,0|0|0|0|67|-125|100|39,0|0|0|0|-48|17|-91|53,99|99|99|99|187|27255|4560|13733,1,0,0,1,0,208
1381,0,11,6,0,6,0,0,0,3|3|2|2|2|2|160|206,255|255|255|255|255|255|174|101,3|-3|4|-4|5|-5|-112|-78,-1|-1|-2|-2|-3|-3|-73|-12,0|0|0|0|0|0|64|-27,0|0|0|0|0|0|-89|19,99|99|99|99|99|99|0|192,1,0,0,1,0,208
1382,0,11,1,0,2,0,0,0,4|4|0|0|0|70|2|0,255|255|0|0|0|0|192|0,2|-2|0|0|0|70|12|0,-1|-1|0|0|0|0|-64|0,0|0|0|0|0|70|-128|-81,0|0|-106|77|-49|17|-106|12,100|100|34286|21031|36814|1242|4561|1184,1,0,0,1,0,208
1383,0,11,2,0,2,0,0,0,4|4|0|0|0|70|148|45,255|255|201|10|209|17|137|108,2|-2|79|-74|-65|-60|0|0,-1|-1|0|0|0|1|1|3,0|0|127|-120|43|-44|127|-75,0|0|127|-59|42|-44|127|124,100|100|54316|13439|54316|55423|54315|22655,1,0,0,1,0,208
1384,0,11,3,0,4,0,0,0,4|2|4|2|11|5|5|6,255|255|255|255|11|11|11|11,2|3|-2|-3|11|11|11|11,-1|-4|-1|-4|11|11|11|11,0|0|0|0|-54|-43|127|-93,0|0|0|0|-54|-43|127|-36,100|99|100|99|54731|61823|54730|17791,1,0,0,1,0,208
1385,0,11,4,0,4,0,0,0,4|2|4|2|204|213|127|93,255|255|255|255|202|213|127|0,2|3|-2|-3|0|0|0|0,-1|-4|-1|-4|61|53|0|0,0|0|0|0|8|0|2|0,0|0|0|0|0|0|120|0,100|99|100|99|8|11296|8|41930,1,0,0,1,0,208
1386,0,11,2,0,2,0,0,0,8|8|225|152|4|0|245|152,255|255|50|62|2|0|100|62,2|-2|-92|36|3|0|19|-70,-2|-2|-102|62|2|0|-84|-70,0|0|93|48|5|0|-98|63,0|0|-33|58|1|0|-22|35,98|98|2|27175|0|33610|0|58519,1,0,0,1,0,208
1387,0,11,4,0,4,0,0,0,8|8|4|4|2|0|55|100,255|255|255|255|5|0|170|52,2|-2|4|-4|5|0|104|-49,-2|-2|-4|-4|5|0|117|-49,0|0|0|0|5|0|68|111,0|0|0|0|0|0|-126|-49,98|98|100|100|0|28387|0|49992,1,0,0,1,0,208
1388,0,11,6,0,6,0,0,0,8|8|4|4|2|2|156|207,255|255|255|255|255|255|78|207,2|-2|4|-4|6|-6|-4|-50,-2|-2|-4|-4|-6|-6|54|108,0|0|0|0|0|0|7|0,0|0|0|0|0|0|-62|4,98|98|100|100|99|99|22271|5631,1,0,0,1,0,208
1389,0,11,1,0,2,0,0,0,3|3|139|117|16|131|203|255,255|255|120|8|133|246|116|63,2|-2|116|59|-10|64|4|2,-1|-1|106|1|91|1|94|8,0|0|-8|80|87|-1|117|8,0|0|-34|-1|-1|-117|-61|-103,99|99|65532|63605|46056|65502|511|4358,1,0,4,1,0,208
1390,0,11,2,0,2,0,0,0,3|3|201|194|12|0|85|139,255|255|236|12|1|0|0|141,2|-2|-2|-1|-1|86|-119|69,-1|-1|69|-40|-119|69|-4|-115,0|0|-1|-1|-1|106|80|80,0|0|25|0|0|-1|53|56,99|99|48149|52755|35711|3189|17805|20676,1,0,4,1,0,208
1391,0,11,4,0,4,0,0,0,3|3|2|2|255|255|80|255,255|255|255|255|127|131|196|12,3|-3|4|-4|15|-123|66|-24,-1|-1|-1|-1|-40|0|106|1,0|0|0|0|0|80|-1|117,0|0|0|0|-1|-1|94|-55,99|99|99|99|33544|64704|47235|744,1,0,4,1,0,208
1392,0,11,6,0,6,0,0,0,3|3|2|2|2|2|124|10,255|255|255|255|255|255|137|1,3|-3|4|-4|5|-5|-24|-117,-1|-1|-2|-2|-3|-3|12|-1,0|0|0|0|0|0|0|0,0|0|0|0|0|0|21|32,99|99|99|99|99|99|60555|60545,1,0,4,1,0,208
1393,0,11,1,0,2,0,0,0,4|4|141|69|176|83|80|87,255|255|25|254|255|80|141|133,2|-2|-1|-1|80|-1|21|32,-1|-1|127|-115|-123|-84|-2|-1,0|0|-24|99|0|0|0|59,0|0|88|83|-115|69|8|83,100|100|65057|36351|43141|65533|22271|22352,1,0,5,1,0,208
1394,0,11,2,0,2,0,0,0,4|4|106|1|91|141|69|176,255|255|80|83|255|117|8|141,2|-2|-3|-1|-1|80|-24|79,-1|-1|0|-1|117|8|-24|-120,0|0|-1|-115|69|-80|80|-115,0|0|-2|-1|-1|80|-24|115,100|100|23390|49865|4|48289|54912|22143,1,0,5,1,0,208
1395,0,11,3,0,4,0,0,0,4|2|4|2|106|1|80|255,255|255|255|255|127|232|76|29,2|3|-2|-3|-117|-58|94|-62,-1|-4|-1|-4|-20|-127|-20|0,0|0|0|0|86|-117|117|20,0|0|0|0|-117|125|24|80,100|99|100|99|6269|23784|64999|34303,1,0,5,1,0,208
1396,0,11,4,0,4,0,0,0,4|2|4|2|20|0|161|188,255|255|255|255|133|192|15|132,2|3|-2|-3|-1|116|36|8,-1|-4|-1|-4|-2|-1|-117|-16,0|0|0|0|-1|116|36|12,0|0|0|0|-42|127|-24|51,100|99|100|99|9284|65304|48181|54912,1,0,5,1,0,208
1397,0,11,2,0,2,0,0,0,8|8|81|102|131|125|8|0,255|255|82|231|0|0|141|69,2|-2|-1|117|12|-1|117|8,-2|-2|-116|22|-50|127|-1|117,0|0|69|-8|-1|117|16|80,0|0|0|0|0|-55|-62|16,98|98|60547|21264|22358|30207|65288|2165,1,0,6,1,0,208
1398,0,11,4,0,4,0,0,0,8|8|4|4|117|16|139|93,255|255|255|255|69|240|106|0,2|-2|4|-4|0|0|106|1,-2|-2|-4|-4|21|-50|127|-115,0|0|0|0|-16|-115|69|-16,0|0|0|0|97|1|0|65,98|98|100|100|65367|30741|52757|24447,1,0,6,1,0,208
1399,0,11,6,0,6,0,0,0,8|8|4|4|2|2|67|231,255|255|255|255|255|255|201|15,2|-2|4|-4|6|-6|1|-123,-2|-2|-4|-4|-6|-6|0|-117,0|0|0|0|0|0|35|-25,0|0|0|0|0|0|15|-123,98|98|100|100|99|99|3202|231,1,0,6,1,0,208
1400,0,3,1,3,1,0,0,0,149|124|97|139|69|24|141|85,255|82|80|139|8|255|81|12,0|-16|-123|-10|124|69|-117|69,6|-117|117|-4|59|5|120|63,0|127|-117|85|-8|-117|77|-12,0|-123|115|-26|0|0|59|13,35|32718|34063|58983|0|5435|16256|32718,0,0,0,1,255,208
1401,0,2,1,3,1,0,0,0,149|0|83|87|232|42|0|0,255|139|240|139|69|24|80|139,0|-1|81|8|-117|-58|95|94,6|-55|-62|20|0|86|87|-117,0|36|16|-66|120|63|-50|127,0|-91|-91|-91|95|51|-64|94,35|22016|29835|3108|27223|22864|49203|65163,0,0,0,1,255,208
1402,0,4,1,3,1,0,0,0,150|71|8|80|255|21|140|22,98|127|15|183|71|12|128|228,0|104|4|1|0|0|-119|6,6|71|4|-119|70|32|-115|70,0|80|87|-24|70|-3|-3|-1,0|-58|48|1|0|0|106|14,35|43752|65146|24575|49203|49758|8|17547,0,0,0,1,255,208
1403,0,3,1,3,1,0,0,0,150|36|8|59|193|87|15|131,98|230|0|0|141|60|128|57,0|-70|15|-123|-1|-27|0|0,6|94|-62|8|0|106|-20|-1,0|36|8|-1|21|108|19|-50,0|-125|124|36|8|0|116|18,35|27216|65516|9332|65292|22549|52755|49791,0,0,0,1,255,208
1404,0,2,1,3,1,0,0,0,150|246|15|132|223|229|0|0,98|0|104|92|53|208|127|86,0|16|0|0|0|86|-1|21,6|24|-50|127|-24|-47|-12|-3,0|94|-62|4|0|85|-117|-20,0|86|87|-24|-74|-12|-3|-1,35|34056|4086|50820|229|33536|2149|33536,0,0,0,1,255,208
1405,0,5,1,3,1,0,0,0,151|56|131|192|8|81|80|86,98|85|12|133|255|139|199|117,0|-1|69|8|-125|-61|4|-117,6|8|59|6|125|8|-117|3,0|-64|116|-19|-21|-45|-24|119,0|-3|-1|95|94|91|93|-62,35|19595|1060|17547|2084|16683|33540|2280,0,0,0,1,255,208
1406,0,5,1,3,1,0,0,0,152|168|129|214|127|0|83|86,98|139|61|172|129|214|127|131,120|-84|-127|-42|127|0|72|120,6|-115|12|-128|-115|88|1|-115,0|-113|-1|54|-1|21|4|22,0|127|-125|-18|20|75|117|-14,35|3700|65367|62485|52757|27263|59393|4,0,0,0,1,255,208
1407,0,5,1,3,1,0,0,0,153|36|20|41|5|80|129|214,98|15|133|136|0|0|0|139,120|72|-127|-42|127|-117|53|76,6|-42|127|51|-19|59|-35|15,0|-1|-28|0|0|-95|40|117,0|127|-117|56|79|120|24|87,35|29992|32726|5631|6212|32718|28729|29956,0,0,0,1,255,208
1408,0,5,1,3,1,0,0,0,154|127|85|83|255|215|61|2,98|0|0|117|26|59|245|116,120|85|85|104|1|4|0|0,6|-1|21|-40|16|-50|127|104,0|7|0|0|83|-1|-41|83,0|21|92|22|-50|127|-24|115,35|14847|19509|54913|30079|35084|18477|54913,0,0,0,1,255,208
1409,0,5,2,3,2,0,0,0,152|152|0|255|116|36|4|255,98|98|117|214|127|255|21|68,120|120|127|-1|48|-1|21|92,6|6|127|-1|116|36|4|-1,-7|7|117|-42|127|-1|21|88,0|0|127|-95|40|117|-42|127,35|35|30340|228|49664|4|35669|33260,0,0,0,1,255,208
1410,0,5,3,3,3,0,0,0,152|152|153|116|9|83|83|80,98|98|98|80|255|255|139|70,120|120|120|116|113|-115|-115|-4,6|6|6|81|80|-24|41|-1,-9|9|0|-64|116|96|-115|-123,6|6|0|-1|80|-1|21|-44,35|35|35|14213|228|36096|48261|65533,0,0,0,1,255,208
1411,0,8,1,0,1,0,0,0,128|255|15|132|51|228|0|0,255|255|21|116|22|206|127|141,0|-68|-3|-1|-1|80|-115|-123,0|-2|-1|-1|80|-24|29|0,0|0|-115|-123|-4|-2|-1|-1,0|-115|-123|-68|-3|-1|-1|80,57|47872|65534|35679|24259|51547|2242|21248,1,0,0,7,6,208
1412,0,6,1,0,1,0,0,0,128|15|133|236|227|0|0|95,255|91|194|8|0|85|139|236,0|81|-1|117|8|-125|101|-8,0|-125|101|-4|0|-115|69|-8,0|-1|21|104|20|-50|127|-9,0|27|-64|64|-55|-62|4|0,57|33260|1260|1|35584|2117|32131|12,1,0,0,7,6,208
1413,0,4,1,0,1,0,0,0,128|255|255|117|12|104|4|1,255|0|80|232|146|38|254|255,0|117|16|-115|-123|-4|-2|-1,0|80|86|-24|5|0|0|0,0|-55|-62|12|0|85|-117|-20,0|-20|16|1|0|0|83|-117,57|13142|36342|8259|35159|62533|17863|1532,1,0,0,7,6,208
1414,0,10,2,0,2,0,0,0,128|128|125|16|15|133|203|227,255|255|86|86|141|133|240|254,0|0|104|4|1|0|0|80,-1|-1|-46|0|0|0|-117|-77,9|-9|0|0|106|1|-9|-42,0|0|4|95|35|-9|116|22,57|57|65535|59472|61992|65534|15718|23117,1,0,0,7,6,208
1415,0,8,2,0,2,0,0,0,128|128|133|246|139|248|116|40,255|255|240|254|255|255|80|232,0|0|-2|-1|-123|-64|15|-123,0|0|0|0|-115|-123|-16|-2,9|-9|80|-24|102|18|-1|-1,0|0|15|-123|116|-29|0|0,57|57|34063|58309|0|30207|59404|27012,1,0,0,7,6,208
1416,0,6,1,0,1,0,0,0,113|0|0|137|69|252|51|246,255|117|252|124|57|247|223|27,0|86|-1|117|12|-127|-25|-2,-1|0|0|71|71|106|1|87,0|83|-87|-1|-1|86|-1|117,4|106|1|104|0|0|4|0,76|65449|14847|4213|3188|30207|65292|62581,1,0,0,7,6,208
1417,0,4,1,0,1,0,0,0,113|139|236|129|236|12|2|0,255|83|86|139|117|8|87|139,0|124|-10|-60|16|15|-123|-125,-1|0|0|51|-37|57|94|72,0|-124|-72|-29|0|0|-117|70,4|59|-61|15|-124|-57|-29|0,76|6221|57731|20737|36237|65276|65535|20561,1,0,0,7,6,208
1418,0,5,1,0,1,0,0,0,114|15|133|172|227|0|0|57,255|12|116|19|255|117|16|141,0|-4|-2|-1|-1|80|-1|117,-1|-1|21|32|22|-50|127|-117,0|20|59|-5|15|-123|-66|-29,4|0|57|94|72|116|12|56,95|65534|4095|52612|227|13056|24512|23390,1,0,0,7,6,208
1419,0,6,2,0,2,0,0,0,113|113|36|20|232|173|45|254,255|255|240|133|246|116|62|139,0|0|12|-125|127|36|0|117,-1|-1|116|36|16|87|-24|49,9|-9|0|106|1|-125|-57|4,0|0|-24|-88|0|0|0|-117,76|76|35594|27142|22016|20735|35616|35832,1,0,0,7,6,208
1420,0,7,2,0,2,0,0,0,114|114|8|0|85|139|236|129,255|255|2|0|0|83|86|87,0|0|8|-117|71|72|-123|-64,-1|-1|97|-29|0|0|-115|-115,9|-9|-1|-1|81|80|-24|0,0|0|-1|-123|-64|15|-124|76,95|95|32951|0|36096|64645|65534|20735,1,0,0,7,6,208
1421,0,9,4,0,4,0,0,0,114|114|128|128|141|133|248|253,255|255|255|255|27|246|141|95,0|0|0|0|-1|51|-24|-57,-1|-1|-2|-2|-64|116|15|86,9|-9|16|-16|1|0|0|0,0|0|0|0|-50|127|51|-64,95|95|57|57|60555|35665|2117|22099,1,0,0,7,6,208
1422,0,8,1,0,2,0,0,0,128|128|0|165|165|139|67|36,255|255|129|99|124|0|30|0,-6|6|-10|59|-58|15|-123|-52,6|6|0|57|115|72|-119|117,0|0|13|-125|75|124|1|83,0|0|1|0|0|-119|69|8,13|14|33540|31819|35586|20547|50747|34063,0,0,0,7,98,208
1423,0,6,1,0,2,0,0,0,128|128|124|8|139|67|88|59,255|255|9|128|56|0|116|4,-6|6|124|16|-117|67|92|59,6|6|-123|-106|-30|0|0|-117,0|0|59|-58|15|-123|-99|-30,0|0|-117|125|12|-115|69|-4,13|14|3979|19562|22352|20991|35600|34288,0,0,0,7,98,208
1424,0,8,2,0,2,0,0,0,128|128|67|72|133|192|116|9,255|255|232|247|1|0|0|139,-6|6|-10|15|-116|-127|0|0,6|6|67|76|-123|-64|116|9,0|0|-24|29|2|0|0|-117,0|0|-10|124|109|-10|67|124,13|14|226|34048|31990|63071|31811|29704,0,0,0,7,98,208
1425,0,7,2,0,4,0,0,0,128|128|128|128|116|11|255|115,255|255|255|255|2|0|0|139,-5|5|-7|7|53|-10|67|124,7|7|5|5|-30|0|0|-123,0|0|0|0|67|124|64|15,0|0|0|0|0|-123|-10|124,13|14|13|14|0|61579|63109|2684,0,0,0,7,98,208
1426,0,8,4,0,4,0,0,0,128|128|128|128|160|83|232|68,255|255|255|255|198|95|94|91,-5|5|-7|7|85|-117|-20|-125,7|7|5|5|117|8|87|51,0|0|0|0|-123|-64|116|44,0|0|0|0|80|-24|42|0,13|14|13|14|36123|61509|17863|4336,0,0,0,7,98,208
1427,0,6,4,0,6,0,0,0,128|128|128|128|128|128|95|94,255|255|255|255|255|255|236|81,-5|5|-7|7|-6|6|-119|93,7|7|5|5|6|6|0|0,0|0|0|0|0|0|49|-24,0|0|0|0|0|0|59|-13,13|14|13|14|13|14|49285|10357,0,0,0,7,98,208
1428,0,7,6,0,6,0,0,0,128|128|128|128|128|128|115|56,255|255|255|255|255|255|117|252,-5|5|-7|7|-6|6|-21|-65,7|7|5|5|6|6|102|59,0|0|0|0|0|0|3|-15,0|0|0|0|0|0|-20|43,13|14|13|14|13|14|393|45291,0,0,0,7,98,208
1429,0,6,4,0,6,0,0,0,128|128|128|128|113|113|235|234,255|255|255|255|255|255|93|16,-5|5|-7|7|-6|6|-37|87,7|7|5|5|6|6|117|8,0|0|0|0|0|0|0|0,0|0|0|0|0|0|0|0,13|14|13|14|96|115|65304|3189,0,0,0,7,98,208
1430,0,5,4,0,4,0,0,0,113|113|113|113|139|69|20|133,255|255|255|255|219|15|133|79,-6|6|-7|7|69|16|95|94,6|6|5|5|0|-117|77|-4,0|0|0|0|-21|-27|85|-117,0|0|0|0|117|12|-24|112,96|115|96|115|19853|35324|64581|1675,0,0,0,7,98,208
1431,0,6,2,0,2,0,0,0,114|114|6|106|0|255|117|252,255|255|12|86|255|80|16|94,-7|7|8|0|85|-117|-20|-117,7|7|-117|77|8|86|87|-117,0|0|17|-115|125|12|87|86,0|0|-1|82|16|-123|-64|124,15|53|34063|57582|0|24159|49757|8,0,0,0,7,98,208
1432,0,5,2,0,8,0,0,0,114|114|114|114|114|114|114|114,255|255|255|255|255|255|255|255,-7|7|-9|9|-8|8|-6|6,7|7|5|5|6|6|8|8,0|0|0|0|0|0|0|0,0|0|0|0|0|0|0|0,15|53|15|53|15|53|15|53,0,0,0,7,98,208
1433,0,2,1,0,2,0,0,0,149|149|21|248|19|206|127|59,255|255|15|133|130|224|0|0,-9|9|16|0|-21|-35|90|104,0|0|-48|127|104|-52|-124|-42,0|0|-21|12|90|104|64|63,0|0|104|-12|-124|-42|127|82,256|257|32718|2993|35669|20972|60547|65340,0,0,0,1,255,208
1434,0,3,2,0,2,0,0,0,149|149|140|0|0|0|80|232,255|255|0|0|80|102|255|117,-9|9|-1|117|20|-1|21|84,0|0|127|-104|-24|119|0|0,0|0|126|0|0|0|-55|-62,0|0|-79|4|85|-117|-20|81,256|257|30207|59400|98|0|59472|104,0,0,0,1,255,208
1435,0,4,2,0,2,0,0,0,150|150|232|77|0|0|0|232,255|255|0|0|201|194|20|0,-9|9|-21|2|-79|12|85|-117,0|0|-125|-20|60|102|-1|117,0|0|-1|117|12|-1|21|84,0|0|127|-104|-55|-62|8|0,256|257|32718|9727|4556|32718|9727|4560,0,0,0,1,255,208
1436,0,5,3,0,3,0,0,0,150|150|150|127|255|37|212|21,255|255|255|37|216|21|206|127,-9|9|0|21|-50|127|-1|37,0|0|-9|127|-1|37|84|20,0|0|0|30|-47|127|-53|30,0|0|0|31|-47|127|-62|31,256|257|209|8245|32721|8318|32721|8424,0,0,0,1,255,208
1437,0,6,4,0,4,0,0,0,150|150|150|150|108|49|54|51,255|255|255|255|117|110|107|68,-9|9|-9|9|54|0|83|104,0|0|0|0|54|95|84|104,0|0|0|0|97|116|97|49,0|0|14|14|-42|127|59|-13,256|257|256|257|50950|256|0|13056,0,0,0,1,255,208
1438,0,6,3,0,3,0,0,0,151|151|150|0|80|141|69|240,255|255|255|0|255|182|80|27,-10|10|0|117|8|-24|-41|-39,0|0|-9|-64|117|17|-117|3,0|0|0|-119|69|-4|116|7,0|0|0|1|0|0|0|-1,256|257|209|59903|56092|65533|49203|49641,0,0,0,1,255,208
1439,0,6,4,0,4,0,0,0,151|151|150|150|229|253|255|9,255|255|255|255|127|233|16|229,-10|10|0|0|-128|-42|127|35,0|0|-9|9|52|-128|-42|127,0|0|0|0|-1|-95|52|-128,0|0|0|0|11|-58|-93|52,256|257|209|208|35596|49616|746|51771,0,0,0,1,255,208
1440,0,6,4,0,4,0,0,0,152|152|151|151|0|85|139|236,255|255|255|255|0|0|141|69,-12|12|0|0|69|-84|80|104,0|0|-11|-11|-1|117|8|51,0|0|-6|6|39|0|0|0,0|0|0|0|-1|-123|-64|116,256|257|209|209|17805|27348|20519|30207,0,0,0,1,255,208
1441,0,6,4,0,4,0,0,0,153|153|151|151|255|104|164|112,255|255|255|255|21|152|19|206,-12|12|0|0|-115|69|-4|-119,0|0|-11|-11|-123|16|-1|-1,0|0|-6|6|0|0|0|-128,0|0|0|0|-1|-123|-64|15,256|257|209|209|0|19523|18771|23620,0,0,0,1,255,208
1442,0,6,5,0,5,0,0,0,151|151|151|151|151|114|105|101,255|255|255|255|255|232|244|184,0|-10|10|-10|10|-42|127|-123,-11|0|0|0|0|36|4|80,0|0|0|0|0|-123|-64|116,0|7|7|-7|-7|106|0|80,209|256|257|256|257|59647|47314|65535,0,0,0,1,255,208
1443,0,6,6,0,6,0,0,0,151|151|151|151|151|154|196|85,255|255|255|255|255|255|0|255,0|-10|10|-10|10|0|0|104,-11|0|0|0|0|13|96|17,0|0|0|0|0|0|-117|85,0|7|7|-7|-7|0|-117|-14,209|256|257|256|257|208|19851|33544,0,0,0,1,255,208
1444,0,2,1,9,1,0,0,0,2|69|148|35|52|117|52|255,10|4|199|69|248|96|0|0,0|106|74|80|-1|21|116|19,5|127|94|95|-55|-62|8|0,0|-64|-21|-8|0|0|83|104,0|108|108|95|84|114|97|121,172|100|17547|1060|22099|13707|5252|32718,0,0,0,0,255,112
1445,0,2,1,0,1,0,0,0,1|240|112|214|127|255|214|104,255|128|214|127|104|120|88|206,0|104|0|0|0|-128|-24|-59,9|-1|-1|-117|53|-92|22|-50,0|-65|104|114|-50|127|104|64,0|-42|127|87|104|1|0|0,39|26838|33340|32726|26711|2|32768|55039,0,0,0,25,255,208
1446,0,2,1,0,1,0,0,0,1|115|214|127|232|201|183|255,255|131|61|40|115|214|127|1,0|72|-1|21|-12|20|-50|127,12|-92|3|0|0|-93|-96|-125,0|127|15|-124|55|-28|1|0,0|-88|3|0|0|15|-124|44,6|15616|949|0|33807|58401|1|46653,0,0,0,13,255,208
1447,0,4,1,5,1,0,0,0,4|232|74|13|0|0|139|216,255|164|106|5|232|67|13|0,0|-93|72|115|-42|127|-21|-86,7|0|0|0|0|0|83|111,0|116|119|97|114|101|92|77,0|99|114|111|115|111|102|116,582|28265|28516|29559|17244|29301|25970|29806,0,0,0,26,255,208
1448,0,3,1,0,1,0,0,0,2|85|139|236|131|236|24|83,255|51|219|87|137|93|236|137,0|-12|-24|-21|1|0|0|106,10|-24|31|-6|-1|-1|106|12,0|69|-8|-24|21|-6|-1|-1,0|11|-119|69|-16|-24|11|-6,126|11161|27330|35596|53744|59646|63997|65535,1,0,0,16,255,208
1449,0,2,1,0,1,0,0,0,1|0|128|209|255|232|150|166,255|255|133|192|117|66|255|117,0|104|64|116|-50|127|-1|117,14|-24|56|2|0|0|86|104,0|116|-50|127|-1|117|-4|-117,0|-119|125|-8|-24|37|2|0,99|26728|52852|65407|64629|61579|5608|2,0,0,0,20,255,208
1450,0,8,1,0,1,0,0,0,128|76|2|0|0|59|216|137,255|232|15|143|30|227|1|0,-7|-8|8|15|-114|28|-29|1,20|-24|104|-74|-1|-1|-125|61,0|113|-42|127|0|116|106|-117,0|-8|-117|29|24|115|-42|127,171|29048|32726|34063|58112|1|17803|14832,0,0,0,7,98,208
1451,0,3,1,0,1,0,0,0,2|15|133|229|226|1|0|57,255|32|115|214|127|15|133|217,0|1|0|59|-37|15|-123|-47,9|1|0|-57|69|-12|1|0,0|0|-24|27|-74|-1|-1|51,0|57|69|-12|116|9|57|69,59|3205|483|35584|62533|24159|51547|1218,0,0,0,1,255,208
1452,0,4,1,0,1,0,0,0,1|163|16|115|214|127|137|29,255|115|214|127|137|53|124|113,0|127|-119|61|32|115|-42|127,10|9|-125|-5|4|15|-114|-113,0|1|0|-125|37|12|115|-42,0|0|-125|61|28|115|-42|127,27|50954|7173|54899|11903|0|33536|32829,0,0,0,13,255,192
1453,0,4,2,0,2,0,0,0,1|1|0|0|133|192|15|132,255|255|1|0|233|106|255|255,0|0|0|0|0|0|83|104,10|10|108|32|73|99|111|110,-4|4|105|122|101|0|83|104,12|12|108|32|83|109|97|108,20|20|28271|21280|31337|101|0|26707,0,0,0,13,255,112
1454,0,8,1,0,1,0,0,0,5|116|114|111|108|32|80|97,255|101|108|92|68|101|115|107,0|111|112|92|87|105|110|100,11|119|77|101|116|114|105|99,0|0|85|-117|-20|81|86|-115,0|-4|87|80|-66|-12|1|0,262|29940|32718|616|0|35712|59646|42190,0,0,0,6,255,208
1455,0,10,1,0,1,0,0,0,8|0|0|0|255|117|252|139,255|232|94|164|255|255|133|255,0|-116|1|-30|1|0|57|61,11|115|-42|127|15|-123|-4|-31,0|0|51|-64|95|94|-55|-61,0|0|83|111|102|116|119|97,263|19804|25449|28530|28531|29798|22364|28265,0,0,0,6,255,208
1456,0,12,1,0,1,0,0,0,10|111|110|92|69|120|112|108,255|114|101|114|0|0|77|97,0|32|67|97|99|104|101|100,11|73|99|111|110|115|0|0,0|0|0|0|0|0|85|-117,0|-125|-20|24|51|-64|57|69,264|36133|64589|17800|20968|19853|20968|20560,0,0,0,6,255,208
1457,0,14,1,0,1,0,0,0,15|255|128|125|232|48|125|5,255|69|16|235|16|128|125|232,0|127|-11|-115|69|-24|80|-1,11|0|24|-50|127|-55|-62|12,0|83|86|87|106|0|-1|21,0|17|-50|127|-117|29|-124|16,265|63627|3178|65367|27347|22286|61579|54271,0,0,0,6,255,208
1458,0,3,1,0,1,0,0,0,1|195|85|139|236|131|236|56,255|86|106|12|51|219|94|141,0|-56|83|104|0|4|0|0,9|-119|117|-12|-24|-10|-69|-1,0|57|93|8|15|-124|3|1,0|0|57|93|12|15|-124|-6,58|35584|58437|19851|3272|26120|30089|9440,0,0,0,25,255,208
1459,0,2,1,0,1,0,0,0,4|249|26|51|200|95|131|225,255|106|67|51|193|102|199|69,0|1|0|36|-65|-119|125|-24,9|127|11|-58|-128|-28|1|-119,0|-28|-24|-90|-10|-1|-1|-123,0|117|124|-115|69|-4|80|104,59|2|26707|30448|32718|360|0|59520,0,0,0,25,255,208
1460,0,2,1,0,1,0,0,0,8|224|80|141|69|236|80|83,255|48|119|206|127|199|69|240,0|0|0|0|-1|117|-4|-24,9|-94|-1|-1|-117|-40|-115|69,0|80|-115|69|-8|80|106|0,0|0|104|64|119|-50|127|-1,60|56311|56091|59459|41685|65535|49285|3957,0,0,0,25,255,208
1461,0,2,3,0,3,0,0,0,6|5|5|133|162|255|255|133,255|255|255|102|131|125|226|1,0|-2|2|-32|1|0|-117|77,9|8|8|69|-32|12|0|-125,0|-2|2|4|102|-119|77|-32,0|0|0|-117|-63|-115|117|-32,59|279|280|33736|993|42227|35679|24259,0,0,0,25,255,208
1462,0,2,4,0,4,0,0,0,253|253|4|4|115|111|102|116,255|255|255|255|100|111|119|115,0|0|0|0|114|101|110|116,9|9|9|9|105|111|110|92,0|0|-10|10|111|114|101|114,-7|7|9|9|105|110|101|116,600|619|581|581|29812|28265|29543|0,0,0,0,25,255,208
1463,0,2,6,0,6,0,0,0,253|253|253|253|4|4|0|0,255|255|255|255|255|255|133|180,0|0|0|0|0|0|117|8,9|9|9|9|9|9|-123|-64,-6|-6|6|6|-14|14|-115|-123,-7|7|-7|7|9|9|119|-50,600|619|600|619|581|581|65535|49285,0,0,0,25,255,208
1464,0,5,1,0,1,0,0,0,2|223|1|0|141|133|180|254,98|255|80|232|136|244|255|255,0|-10|116|38|-123|-64|116|34,0|-123|-76|-2|-1|-1|80|-1,0|24|-1|117|20|104|-36|119,0|127|-1|117|28|104|-16|119,66|5631|5508|32718|63627|51083|24159|49865,1,0,0,13,255,208
1465,0,3,1,0,1,0,0,0,6|0|0|0|0|0|46|83,98|101|108|108|67|108|97|115,0|73|110|102|111|0|85|-117,0|-125|-20|40|86|-115|69|-40,0|117|24|51|-10|106|40|80,0|117|16|-1|117|12|-1|117,73|65321|65535|49285|4980|30207|36116|55365,1,0,0,13,255,208
1466,0,3,1,0,1,0,0,0,12|194|20|0|139|76|36|4,98|192|138|81|2|246|194|128,0|10|15|-73|1|-115|68|1,0|-62|4|0|102|57|1|15,0|46|-33|1|0|15|-74|-46,0|-6|31|116|-27|-21|-22|85,123|17803|21256|22358|32139|36108|32820|362,1,0,0,13,255,208
1467,0,3,2,0,2,0,0,0,10|10|255|255|139|216|133|219,98|98|141|69|12|199|69|12,0|0|0|0|80|-115|69|8,0|0|106|0|-1|-74|-44|45,-6|6|83|-1|21|56|23|-50,0|0|-24|125|-96|-1|-1|15,143|144|23899|3266|21760|60555|15747|29056,1,0,0,13,255,208
1468,0,3,3,0,3,0,0,0,10|10|10|21|4|24|206|127,98|98|98|235|255|255|131|248,0|0|0|93|-62|12|0|-1,0|-1|-1|117|12|-1|117|8,0|-12|12|0|-24|-73|101|1,0|0|0|85|-117|-20|-127|-20,73|73|73|14838|25653|54914|29823|41224,1,0,0,13,255,208
1469,0,3,8,0,8,0,0,0,250|252|252|250|251|251|251|251,255|255|255|255|255|255|255|255,0|0|0|0|0|0|0|0,7|7|7|7|7|7|7|7,-18|-6|6|18|-18|-6|6|18,-7|-7|-7|-7|7|7|7|7,767|768|769|770|786|787|788|789,0,0,0,14,255,192
1470,0,4,1,0,1,0,0,0,1|130|214|127|1|0|0|0,255|235|148|0|0|0|84|122,0|127|0|0|0|0|1|0,21|0|72|122|-50|127|0|0,0|0|1|0|0|0|64|122,0|127|60|122|-50|127|1|0,67|31280|32718|0|0|2|0|31268,-1,0,0,20,255,208
1471,0,1,1,0,1,0,0,0,4|127|1|0|0|0|24|122,255|127|0|122|206|127|1|0,0|0|-16|121|-50|127|-24|121,20|127|1|0|0|0|57|54,0|48|0|0|0|0|83|77,0|82|84|67|84|82|46|69,70|0|0|11313|12320|8236|11312|12320,-1,0,0,20,255,208
1472,0,1,1,0,1,0,0,0,8|88|80|76|79|46|69|88,255|0|82|78|65|65|80|80,0|69|88|69|0|0|72|79,20|68|79|71|52|46|69|88,0|0|55|46|48|0|81|80,0|46|69|88|69|0|80|82,219|14158|11824|22597|69|20567|18775|14158,-1,0,0,20,255,208
1473,0,1,2,0,2,0,0,0,8|8|4|64|141|4|197|44,255|255|0|80|106|64|255|21,0|0|-50|127|-117|-40|-123|-37,20|20|-36|-35|1|0|-117|6,-4|4|-117|8|-1|81|4|106,0|0|123|8|89|-57|3|-24,218|218|1091|1|0|17293|62248|35749,-1,0,0,20,255,208
1474,0,1,4,0,4,0,0,0,6|6|6|6|20|141|67|44,255|255|255|255|139|69|12|137,0|0|0|0|91|-55|-62|8,3|1|3|1|-63|-30|3|64,-8|-8|8|8|-119|77|-4|-21,0|0|0|0|-117|118|28|-117,578|578|578|578|61955|33625|6378|62280,1,0,0,20,255,208
1475,0,1,8,0,8,0,0,0,6|6|6|6|6|6|6|6,255|255|255|255|255|255|255|255,0|0|0|0|0|0|0|0,4|2|0|-2|4|2|0|-2,-8|-8|-8|-8|8|8|8|8,0|0|0|0|0|0|0|0,578|578|578|578|578|578|578|578,1,0,0,20,255,208
1476,0,2,1,9,1,0,0,0,3|1|0|0|139|240|232|103,10|255|255|232|66|2|0|0,0|-112|-128|-42|127|-123|-64|116,5|80|-24|-67|-99|-1|-1|-95,0|-126|-42|127|-123|-64|116|6,0|-24|-82|-99|-1|-1|-95|60,172|34175|29888|20486|40936|65437|35839|24262,0,0,0,0,255,112
1477,0,2,2,9,2,0,0,0,4|4|133|189|220|1|0|161,10|10|214|127|133|192|15|133,-4|4|1|0|-95|112|-126|-42,5|5|-64|15|-123|-77|-36|1,0|0|-61|-61|-24|-19|-83|-1,0|0|-68|-128|-42|127|-123|-64,172|172|65535|59472|47338|1|9603|32956,0,0,0,0,255,112
1478,0,2,4,9,4,0,0,0,5|5|5|5|0|195|161|116,10|10|10|10|192|15|133|147,0|0|-1|1|-95|0|-125|-42,5|5|5|5|-123|-83|-36|1,-4|4|-6|6|-126|-42|127|86,0|0|0|0|15|-123|-74|-36,172|172|172|172|59519|1|0|22211,0,0,0,0,255,112
1479,0,2,5,9,5,0,0,0,6|6|6|6|6|131|38|0,10|10|10|10|10|130|214|127,0|0|0|-1|1|1|0|-61,5|5|5|5|5|127|0|15,0|4|-4|-6|6|-95|120|-126,0|0|0|0|0|15|-123|83,172|172|172|172|172|49285|34063|56663,0,0,0,0,255,112
1480,0,2,7,9,7,0,0,0,7|7|7|7|7|7|7|133,10|10|10|10|10|10|10|129,0|0|0|-1|1|-2|2|1,5|5|5|5|5|5|5|-123,0|4|-4|-6|6|-8|8|127,0|0|0|0|0|0|0|31,172|172|172|172|172|172|172|20991,0,0,0,0,255,112
1481,0,2,8,9,8,0,0,0,8|8|8|8|8|8|8|8,10|10|10|10|10|10|10|10,0|0|0|-1|1|-2|2|0,6|5|5|5|5|5|5|7,0|4|-4|-6|6|-8|8|0,0|0|0|0|0|0|0|8,172|172|172|172|172|172|172|172,0,0,0,0,255,112
1482,0,4,1,0,1,0,0,0,3|94|95|194|4|0|161|52,107|214|127|133|192|15|133|165,0|1|0|-95|20|-125|-42|127,7|-64|15|-123|-86|-36|1|0,0|-1|116|36|4|-24|17|0,0|0|-125|124|36|4|0|15,601|476|27136|22529|1218|21248|13141|22253,0,0,0,26,255,208
1483,0,2,1,0,1,0,0,0,4|29|68|24|206|127|59|197,105|133|193|220|1|0|161|92,0|-42|127|59|-59|15|-123|39,7|1|0|95|94|93|91|-62,0|0|-125|61|4|-125|-42|127,0|15|-123|81|-35|1|0|-125,582|54915|127|34063|56661|1|27331|65281,0,0,0,26,255,208
1484,0,2,3,0,3,0,0,0,8|3|3|0|83|86|87|191,105|107|107|0|87|232|78|156,0|-1|1|117|8|106|1|90,7|7|7|-30|-123|-62|117|97,0|-4|4|-1|-1|-1|106|1,0|0|0|104|0|4|0|0,582|601|601|34303|30168|22086|44264|65535,0,0,0,26,255,208
1485,0,2,3,0,3,0,0,0,8|8|8|104|126|206|127|80,105|105|105|22|206|127|139|53,0|0|0|127|106|1|-1|-42,7|6|6|-115|69|-28|80|-24,0|-9|9|-1|-123|-64|15|-123,0|0|0|0|-1|117|-8|-1,582|582|582|49865|4|0|0|30017,0,0,0,26,255,208
1486,0,2,4,0,4,0,0,0,8|8|8|8|36|8|232|211,105|105|105|105|8|0|85|139,0|0|0|0|16|-119|69|-4,7|7|6|6|-1|117|12|-1,-4|4|-14|14|0|0|0|-55,0|0|0|0|86|-1|117|12,582|582|582|582|61579|63109|12404|30207,0,0,0,26,255,208
1487,0,2,4,7,4,0,0,0,251|251|251|251|21|206|127|133,255|255|255|255|222|1|0|59,0|0|0|0|86|-1|21|-12,2|2|2|2|69|8|94|93,-6|6|-6|6|-117|-20|-127|-20,-7|-7|7|7|-117|69|12|86,683|702|721|740|51589|20341|34150|29888,0,0,0,26,255,208
1488,0,3,1,0,1,0,0,0,2|255|117|8|255|21|188|19,255|127|133|192|116|43|141|133,0|-2|-1|-1|80|-1|21|100,-4|-50|127|64|80|106|64|-1,0|-8|21|-50|127|-117|-16|-123,0|116|14|-115|-123|-4|-2|-1,126|65366|15381|52758|35711|24262|49865|8,1,0,0,16,255,208
1489,0,3,2,0,2,0,0,0,2|2|0|80|255|21|100|24,255|255|133|192|116|30|51|201,0|0|57|76|36|16|15|-108,-4|-4|72|8|-117|76|36|12,0|0|3|-63|-23|2|-63|-31,0|0|72|4|94|-62|12|0,126|126|15747|29700|32726|22016|362|30046,1,0,0,16,255,208
1490,0,3,2,0,2,0,0,0,4|4|148|0|0|0|255|21,255|255|206|127|139|68|36|8,0|0|0|15|-124|-105|-35|1,-4|-4|15|-124|127|-35|1|0,0|0|-124|112|-35|1|0|72,0|0|87|-35|1|0|72|15,214|214|18432|34063|56627|1|13625|29568,1,0,0,16,255,208
1491,0,3,4,0,4,0,0,0,5|5|2|2|80|255|117|12,255|255|255|255|206|127|141|69,0|0|0|0|-52|-2|-1|-1,-4|-4|-4|-4|127|80|-1|21,0|0|-8|8|-125|-60|12|-115,0|0|0|0|-123|-52|-2|-1,214|214|126|126|51524|65535|49285|46965,1,0,0,16,255,208
1492,0,3,4,0,4,0,0,0,252|252|252|252|127|137|117|8,255|255|255|255|1|201|255|255,0|0|0|0|-1|117|12|-24,-3|-3|-3|-3|-21|-119|57|117,-6|6|-6|6|93|-4|-21|-20,-7|-7|7|7|114|116|79|114,239|240|258|259|35584|9284|15620|1,1,0,0,16,255,208
1493,0,3,8,0,8,0,0,0,252|252|252|252|252|252|252|252,255|255|255|255|255|255|255|255,-1|-1|-1|-1|1|1|1|1,-3|-3|-3|-3|-3|-3|-3|-3,-6|6|-6|6|-6|6|-6|6,-7|-7|7|7|-7|-7|7|7,239|240|258|259|239|240|258|259,1,0,0,16,255,208
1494,0,8,1,0,1,0,0,0,128|246|255|116|36|8|255|21,255|23|206|127|128|56|46|116,0|-117|-58|94|-62|8|0|64,0|56|123|15|-124|127|-7|1,0|-21|-18|85|-117|-20|81|-1,0|16|-125|101|-4|0|-1|117,57|65379|65535|49285|7284|32131|16|19853,1,0,0,7,6,208
1495,0,9,2,0,2,0,0,0,128|128|100|249|1|0|139|69,255|255|194|12|0|232|46|200,0|0|-21|-22|-117|68|36|4,-1|-1|3|15|-125|82|-7|1,9|-9|4|64|-1|52|-59|8,0|0|127|-24|3|0|0|0,57|57|29951|2084|20584|54912|59519|65325,1,0,0,7,6,208
1496,0,9,2,0,2,0,0,0,113|113|127|232|46|219|255|255,255|255|248|232|182|209|255|255,0|0|95|94|-62|4|0|0,-1|-1|0|0|0|0|85|-117,9|-9|-20|28|1|0|0|83,0|0|8|86|87|-115|67|3,76|76|35080|63613|138|32137|18672|17863,1,0,0,7,6,208
1497,0,9,2,0,2,0,0,0,114|114|208|129|214|127|137|69,255|255|0|59|199|116|27|255,0|0|80|-1|117|12|-1|21,-1|-1|-50|127|-24|-63|-41|-1,9|-9|-64|95|94|91|-55|-62,0|0|-24|-77|-41|-1|-1|87,95|95|65535|63619|3842|61828|0|65280,1,0,0,7,6,208
1498,0,9,4,0,4,0,0,0,114|114|128|128|255|21|60|22,255|255|255|255|238|0|128|251,0|0|0|0|-8|1|0|-128,-1|-1|-2|-2|113|-8|1|0,9|-9|16|-16|-124|104|-8|1,0|0|0|0|-58|65|86|-24,95|95|57|57|65252|65535|21248|21331,1,0,0,7,6,208
1499,0,9,6,0,6,0,0,0,114|114|128|128|128|128|255|80,255|255|255|255|255|255|117|240,0|0|0|0|0|0|-1|117,-1|-1|-2|-2|0|0|-66|0,9|-9|16|-16|30|-30|56|-126,0|0|0|0|0|0|0|-117,95|95|57|57|57|57|30207|22032,1,0,0,7,6,208
1500,0,3,1,0,1,0,0,0,149|139|61|244|21|206|127|139,255|133|192|15|133|198|248|1,0|86|-1|21|100|22|-50|127,6|80|106|64|-1|21|-8|21,0|127|-117|77|-12|-123|-64|-119,0|116|8|86|80|-1|21|60,241|59519|54970|65535|65366|59863|65265|65535,0,0,0,1,255,208
1501,0,4,1,0,1,0,0,0,150|24|60|4|15|132|143|248,98|0|60|5|15|134|107|248,0|0|60|7|15|-121|91|-8,6|0|-24|65|-92|1|0|-95,0|113|-42|127|-9|-40|27|-64,0|-32|6|5|4|36|0|0,241|35264|64581|13033|65535|33791|9340|4,0,0,0,1,255,208
1502,0,5,1,0,1,0,0,0,152|129|236|172|1|0|0|83,98|87|51|255|255|117|8|137,0|-4|-57|69|-8|1|0|0,6|-24|6|-20|-1|-1|104|4,0|0|0|-117|-40|-1|117|20,0|-123|84|-2|-1|-1|80|83,241|65527|20735|34189|65268|65535|65360|8213,0,0,0,1,255,208
1503,0,5,1,0,1,0,0,0,153|69|8|190|0|0|0|128,98|141|133|164|254|255|255|80,0|-123|-12|-2|-1|-1|80|86,6|69|8|80|0|0|0|-24,0|-59|-1|-1|-123|-64|117|73,0|125|8|1|-115|69|-4|80,241|65268|65535|1654|34189|65188|65535|22096,0,0,0,1,255,208
1504,0,5,2,0,2,0,0,0,152|152|12|59|198|15|132|216,98|98|0|139|77|252|137|8,0|0|16|59|-58|117|78|-117,6|6|95|94|91|-55|-62|16,-7|7|69|-4|80|104|-120|84,0|0|86|-24|64|-59|-1|-1,241|241|362|60255|32956|64189|65534|31743,0,0,0,1,255,208
1505,0,5,3,0,3,0,0,0,152|152|153|141|69|252|80|141,98|98|98|255|255|80|104|0,0|0|0|-21|-117|-119|56|-21,6|6|6|0|0|0|85|110,-9|9|0|119|110|0|85|-117,6|6|0|8|2|0|0|51,241|241|241|32726|22358|34063|63337|1,0,0,0,1,255,208
1506,0,5,1,3,1,0,0,0,2|8|0|85|139|236|131|236,255|106|0|141|69|232|104|0,0|0|0|80|-24|-2|-36|-1,8|-10|69|-23|1|15|-123|-90,0|1|0|-1|117|8|-1|21,0|23|-50|127|-55|-62|4|0,153|33260|1260|1|22016|65367|3189|31976,0,0,0,2,255,0
1507,0,5,2,3,2,0,0,0,2|2|102|11|0|131|102|19,255|255|70|2|141|70|3|80,-2|2|-33|-1|-1|-115|-123|-4,8|8|-1|104|4|1|0|0,0|0|-24|-121|-4|-1|-1|-118,0|0|-2|-1|-1|-117|61|-100,153|153|3141|17800|36104|64645|65534|20735,0,0,0,2,255,0
1508,0,4,2,3,4,0,0,0,2|2|2|2|85|8|235|232,255|255|255|255|6|25|0|138,-2|2|-1|1|69|8|102|-119,7|7|8|8|-62|8|0|85,0|0|0|0|8|1|0|0,0|0|0|0|86|106|0|83,153|153|153|153|8398|65155|29730|33569,0,0,0,2,255,0
1509,0,4,2,3,6,0,0,0,2|2|2|2|2|2|254|38,255|255|255|255|255|255|235|228,-2|2|-4|4|-1|1|60|1,7|7|5|5|8|8|60|2,0|0|0|0|0|0|2|-9,0|0|0|0|0|0|60|7,153|153|153|153|153|153|60555|21329,0,0,0,2,255,0
1510,0,4,3,3,6,0,0,0,2|2|2|2|2|2|255|255,255|255|255|255|255|255|192|117,-2|2|0|-1|1|0|-55|-62,7|7|9|7|7|9|-50|127,0|0|0|0|0|0|-23|-72,0|0|0|0|0|0|-119|8,153|153|153|153|153|153|7563|5732,0,0,0,2,255,0
1511,0,3,2,3,8,0,0,0,2|2|2|2|2|2|2|2,255|255|255|255|255|255|255|255,0|0|1|-1|2|-2|3|-3,9|9|8|8|7|7|6|6,6|-6|6|-6|6|-6|6|-6,0|0|0|0|0|0|0|0,153|153|153|153|153|153|153|153,0,0,0,2,255,0
1512,0,4,4,3,8,0,0,0,2|2|2|2|2|2|2|2,255|255|255|255|255|255|255|255,0|0|1|-1|2|-2|3|-3,9|9|8|8|7|7|6|6,6|-6|6|-6|6|-6|6|-6,0|0|0|0|0|0|0|0,153|153|153|153|153|153|153|153,0,0,0,2,255,0
1513,0,4,6,3,8,0,0,0,2|2|2|2|2|2|2|2,255|255|255|255|255|255|255|255,0|0|1|-1|2|-2|3|-3,9|9|8|8|7|7|6|6,6|-6|6|-6|6|-6|6|-6,0|0|0|0|0|0|0|0,153|153|153|153|153|153|153|153,0,0,0,2,255,0
1514,0,5,8,3,8,0,0,0,2|2|2|2|2|2|2|2,255|255|255|255|255|255|255|255,0|0|1|-1|2|-2|3|-3,9|9|8|8|7|7|6|6,6|-6|6|-6|6|-6|6|-6,0|0|0|0|0|0|0|0,153|153|153|153|153|153|153|153,0,0,0,2,255,0
1515,0,4,8,3,8,0,0,0,2|2|2|2|2|2|2|2,255|255|255|255|255|255|255|255,0|0|1|-1|2|-2|3|-3,9|9|8|8|7|7|6|6,6|-6|6|-6|6|-6|6|-6,0|0|0|0|0|0|0|0,153|153|153|153|153|153|153|153,0,0,0,2,255,0
1516,0,3,8,3,8,0,0,0,2|2|2|2|2|2|2|2,255|255|255|255|255|255|255|255,0|0|1|-1|2|-2|3|-3,9|9|8|8|7|7|6|6,6|-6|6|-6|6|-6|6|-6,0|0|0|0|0|0|0|0,153|153|153|153|153|153|153|153,0,0,0,2,255,0
1517,0,4,2,3,2,0,0,0,2|2|192|15|132|29|255|255,255|255|203|128|131|69|252|16,-6|6|8|-23|14|-1|-1|-1,2|2|103|-50|127|104|-120|113,0|0|106|14|-24|22|32|0,0|0|-106|-2|-1|-1|-128|-52,153|153|59660|65337|65535|59475|8148|0,0,0,0,2,255,0
1518,0,4,2,3,2,0,0,0,2|2|68|0|0|0|67|76,255|255|68|50|0|255|116|36,-5|5|90|-53|-1|-1|-117|76,3|3|-119|1|-9|-40|27|-64,0|0|-1|-8|127|5|14|0,0|0|-62|8|0|85|-117|-20,153|153|22358|7274|35166|63605|1512|65489,0,0,0,2,255,0
1519,0,4,2,3,4,0,0,0,2|2|2|2|132|184|244|1,255|255|255|255|81|141|77|240,-7|7|-5|5|127|81|83|104,1|1|3|3|80|-24|127|-64,0|0|0|0|15|-123|-105|-12,0|0|0|0|-127|-42|127|106,153|153|153|153|1|15747|33224|32726,0,0,0,2,255,0
1520,0,4,2,3,6,0,0,0,2|2|2|2|2|2|133|29,255|255|255|255|255|255|104|4,-7|7|-5|5|-7|7|-1|-1,1|1|3|3|-1|-1|1|0,0|0|0|0|0|0|-10|-64,0|0|0|0|0|0|44|-12,153|153|153|153|153|153|62533|26704,0,0,0,2,255,0
1521,0,4,2,3,6,0,0,0,2|2|2|2|2|2|231|1,255|255|255|255|255|255|248|94,-7|7|-5|5|-8|8|69|-16,1|1|3|3|2|2|127|-119,0|0|0|0|0|0|-41|-65,0|0|0|0|0|0|-95|-76,153|153|153|153|153|153|9160|13263,0,0,0,2,255,0
1522,0,20,1,3,1,0,0,0,187|3|11|200|137|13|180|129,255|127|141|69|248|137|117|248,0|-115|69|-4|80|-115|69|-16,2|83|104|-52|91|-50|127|-1,0|-12|-24|-118|-65|-1|-1|-123,0|117|24|-117|69|-4|-117|13,153|32726|50979|57731|49647|1248|49419|46243,0,0,0,2,255,0
1523,0,20,7,3,7,0,0,0,187|2|2|2|2|2|2|127,255|255|255|255|255|255|255|255,0|-7|7|-5|5|-8|8|-117,2|1|1|3|3|2|2|-64,0|0|0|0|0|0|0|11,0|0|0|0|0|0|0|69,153|153|153|153|153|153|153|45160,0,0,0,2,255,0
1524,0,30,1,3,1,0,0,0,187|252|139|13|180|129|214|127,255|199|128|229|254|193|224|8,0|-63|-93|-76|-127|-42|127|-115,2|-8|-119|117|-8|80|-115|69,0|80|-115|69|-16|80|83|104,0|91|-50|127|-1|117|-12|-24,153|65535|49285|6261|17803|35836|46093|54913,0,0,0,2,255,0
1525,0,30,7,3,7,0,0,0,187|2|2|2|2|2|2|141,255|255|255|255|255|255|255|83,0|-7|7|-5|5|-8|8|-12,2|1|1|3|3|2|2|117,0|0|0|0|0|0|0|-42,0|0|0|0|0|0|0|-31,153|153|153|153|153|153|153|36176,0,0,0,2,255,0
1526,0,20,7,3,7,0,0,0,187|2|2|2|2|2|2|117,255|255|255|255|255|255|255|129,0|-7|7|-5|5|-8|8|-63,-3|1|1|3|3|2|2|-42,0|0|0|0|0|0|0|80,0|0|0|0|0|0|0|80,153|153|153|153|153|153|153|49285,1,0,0,2,255,0
1527,0,15,7,3,7,0,0,0,187|2|2|2|2|2|2|214,255|255|255|255|255|255|255|255,0|-7|7|-5|5|-8|8|94,-1|1|1|3|3|2|2|104,0|0|0|0|0|0|0|101,0|0|0|0|0|0|0|97,153|153|153|153|153|153|153|26707,1,0,0,2,255,0
1528,0,5,1,3,1,0,0,0,2|101|73|99|111|110|115|0,255|0|83|104|111|119|73|110,0|111|84|105|112|0|68|111,8|116|80|114|101|116|116|121,0|97|116|104|0|0|72|105,0|101|70|105|108|101|69|120,153|26707|30575|28483|28781|28483|28524|114,0,0,0,2,255,0
1529,0,4,3,3,6,0,0,0,2|2|2|2|2|2|131|236,255|255|255|255|255|255|139|117,-2|2|0|-1|1|0|70|16,7|7|9|7|7|9|-15|1,0|0|0|0|0|0|8|-1,0|0|0|0|0|0|24|81,153|153|153|153|153|153|56197|2428,0,0,0,2,255,0
1530,0,5,8,3,8,0,0,0,2|2|2|2|2|2|2|2,255|255|255|255|255|255|255|255,0|0|1|-1|2|-2|3|-3,9|9|8|8|7|7|6|6,6|-6|6|-6|6|-6|6|-6,0|0|0|0|0|0|0|0,153|153|153|153|153|153|153|153,0,0,0,2,255,0
1531,0,3,8,3,8,0,0,0,2|2|2|2|2|2|2|2,255|255|255|255|255|255|255|255,0|0|1|-1|2|-2|3|-3,9|9|8|8|7|7|6|6,6|-6|6|-6|6|-6|6|-6,0|0|0|0|0|0|0|0,153|153|153|153|153|153|153|153,0,0,0,2,255,0
1532,0,15,1,3,1,0,0,0,187|219|124|161|255|117|8|232,255|183|0|0|233|63|255|255,0|-1|55|-1|117|32|-1|117,-1|-1|117|24|-1|117|20|-1,0|16|-1|117|12|86|-24|114,0|1|0|-117|-40|-123|-37|15,153|65535|35839|2117|15081|65535|22015|60555,1,0,0,2,255,0
1533,0,30,7,3,7,0,0,0,187|2|2|2|2|2|2|59,255|255|255|255|255|255|255|255,0|-7|7|-5|5|-8|8|117,2|1|1|3|3|2|2|-24,0|0|0|0|0|0|0|-2,0|0|0|0|0|0|0|0,153|153|153|153|153|153|153|18573,0,0,0,2,255,0
1534,0,3,1,3,1,0,0,0,2|15|133|144|240|1|0|106,255|232|214|243|255|255|133|255,0|69|28|116|3|-125|39|0,8|125|28|0|116|117|-115|69,0|80|104|-24|65|-50|127|-1,0|16|-1|117|28|104|80|-128,153|47848|0|35584|34288|4086|33420|0,0,0,0,2,255,0
1535,0,10,2,0,2,0,0,0,166|166|117|16|255|117|12|80,255|255|12|139|240|133|246|124,0|0|117|32|-1|117|28|-24,7|7|-1|-1|-123|-64|-119|3,0|0|-119|-16|1|0|-1|117,0|0|104|-59|-1|-1|-117|69,90|90|20991|34056|31990|65336|7285|21480,0,0,0,14,6,208
1536,0,3,1,0,1,0,0,0,2|255|255|59|199|137|3|15,255|212|239|1|0|139|69|24,0|-10|59|-57|116|2|-119|56,8|125|32|15|-123|-86|-17|1,0|-21|-48|-127|-2|14|0|7,0|116|-64|-66|2|0|7|-128,160|49203|20560|29951|4132|29951|4132|29951,0,0,0,5,255,96
1537,0,2,1,0,1,0,0,0,2|85|139|236|106|0|255|117,255|255|117|20|255|117|16|255,0|12|-1|117|8|106|0|-24,8|-36|-1|-1|93|-62|20|0,0|-117|-20|-127|-20|36|1|0,0|-117|77|28|86|-117|117|20,160|1792|33664|33|34135|35830|4088|51332,0,0,0,5,255,96
1538,0,4,2,0,2,0,0,0,2|2|126|4|92|15|133|174,255|255|0|15|190|202|141|121,0|0|-1|25|15|-122|-81|-17,8|8|-125|-63|-65|-125|-7|25,-8|8|-107|0|0|0|15|-66,0|0|-24|65|80|-115|-123|-36,160|160|63464|65525|4095|34231|65244|65535,0,0,0,5,255,96
1539,0,3,2,0,2,0,0,0,2|2|141|69|20|80|104|232,255|255|127|255|117|16|141|133,0|0|-1|-1|80|-1|117|8,8|8|-28|-1|-1|-117|-8|-123,-8|8|70|-1|117|32|-115|85,0|0|69|20|82|-115|85|-4,160|160|30207|65296|3189|65360|3153|63627,0,0,0,5,255,96
1540,0,4,3,0,3,0,0,0,2|2|2|2|0|0|255|117,255|255|255|232|9|196|255|255,0|0|0|80|-117|8|-1|81,8|8|8|95|94|-55|-62|28,-10|10|0|28|-115|-123|-36|-2,5|5|-5|-24|-3|-8|-1|-1,160|160|160|34063|61173|1|56299|35669,0,0,0,5,255,96
1541,0,3,3,0,3,0,0,0,2|2|2|133|219|15|132|235,255|255|255|102|139|3|139|251,0|0|0|116|24|15|-66|13,8|8|8|127|15|-73|-64|59,-10|10|0|71|71|102|-117|7,5|5|-5|117|-17|-115|-123|-12,160|160|160|65288|6256|7400|65494|36351,0,0,0,5,255,96
1542,0,4,4,0,4,0,0,0,2|2|2|2|80|141|78|111,255|255|255|255|110|116|68|111,0|0|0|0|115|116|111|114,8|8|8|8|73|110|116|101,-15|15|-8|8|73|99|111|110,5|5|-5|-5|83|101|116|116,160|160|160|160|25714|115|0|28494,0,0,0,5,255,96
1543,0,5,5,0,5,0,0,0,2|2|2|2|2|116|68|105,255|255|255|255|255|101|99|116,0|0|0|0|0|105|101|119,8|8|8|8|8|120|116|77,-20|20|-12|12|0|0|78|111,8|8|-2|-2|-6|111|110|116,160|160|160|160|160|28494|25943|19810,0,0,0,5,255,96
1544,0,5,6,0,6,0,0,0,2|2|2|2|2|2|101|76,255|255|255|255|255|255|111|0,0|0|0|0|0|0|109|109,8|8|8|8|8|8|112|115,-24|24|-18|18|-12|12|114|99,8|8|-2|-2|-6|-6|69|120,160|160|160|160|160|160|29801|121,0,0,0,5,255,96
1545,0,6,7,0,7,0,0,0,2|2|2|2|2|2|2|0,255|255|255|255|255|255|255|115,0|0|0|0|0|0|0|111,8|8|8|8|8|8|8|110,-24|24|-18|18|-12|12|0|100,8|8|-2|-2|-6|-6|-8|111,160|160|160|160|160|160|160|28494,0,0,0,5,255,96
1546,0,6,8,0,8,0,0,0,2|2|2|2|2|2|2|2,255|255|255|255|255|255|255|255,0|0|0|0|0|0|0|0,8|8|8|8|8|8|8|8,-24|24|-18|18|-12|12|-5|5,8|8|-2|-2|-6|-6|-8|-8,160|160|160|160|160|160|160|160,0,0,0,5,255,96
1547,0,2,1,0,2,0,0,0,2|2|117|116|111|82|117|110,255|255|78|111|68|114|105|118,-6|6|0|0|0|0|78|111,6|6|110|100|0|0|78|111,-6|6|115|107|116|111|112|0,0|0|78|111|83|101|116|84,159|161|29281|0|0|28494|25939|18036,0,0,0,5,255,96
1548,0,3,2,0,2,0,0,0,2|2|110|117|0|0|78|111,255|255|118|101|83|101|116|116,-6|6|103|115|0|0|78|111,6|6|111|115|101|0|78|111,-6|6|110|0|0|0|83|111,0|0|119|97|114|101|92|77,159|161|28531|29798|22364|28265|28516|29559,0,0,0,5,255,96
1549,0,3,2,0,4,0,0,0,2|2|2|2|99|105|101|115,255|255|255|255|83|139|93|8,-6|6|-7|7|12|-65|-96|34,6|6|5|5|34|-50|127|83,-6|6|-6|6|27|2|0|-123,0|0|0|0|29|2|0|-1,159|161|159|161|2|49285|33807|7498,0,0,0,5,255,96
1550,0,3,3,0,3,0,0,0,2|2|2|88|95|94|91|93,255|255|255|83|232|47|98|1,-6|6|0|83|-24|-5|78|0,6|6|-8|-1|117|16|83|-24,-6|6|0|0|-21|-37|115|104,0|0|0|51|50|46|100|108,159|161|160|26739|27749|11884|27748|108,0,0,0,5,255,96
1551,0,3,4,0,4,0,0,0,2|2|2|2|36|8|139|13,255|255|255|255|94|137|8|194,-6|6|0|0|35|-50|127|-1,6|6|-8|-8|127|-117|-16|-123,-6|6|-8|8|5|0|-128|-42,0|0|0|0|127|-21|-45|106,159|161|160|160|52771|22143|5631|5676,0,0,0,5,255,96
1552,0,4,5,0,5,0,0,0,2|2|2|2|2|51|50|46,255|255|255|255|255|0|48|35,-6|6|6|-6|0|0|-101|83,6|6|-6|-6|-8|127|48|25,-6|6|6|-6|0|127|-1|-31,0|0|0|0|0|127|-106|-39,159|161|159|161|160|28483|25927|19828,0,0,0,5,255,96
1553,0,4,6,0,6,0,0,0,2|2|2|2|2|2|194|4,255|255|255|255|255|255|69|252,-6|6|6|-6|0|0|-117|69,6|6|-6|-6|-8|-8|80|-1,-6|6|6|-6|-8|8|-1|116,0|0|0|0|0|0|-50|127,159|161|159|161|160|160|27156|22530,0,0,0,5,255,96
1554,0,4,7,0,7,0,0,0,2|2|2|2|2|2|2|81,255|255|255|255|255|255|255|255,-6|6|6|-6|0|0|0|-117,6|6|-6|-6|-8|-8|-8|4,-6|6|6|-6|-12|12|0|-1,0|0|0|0|0|0|4|0,159|161|159|161|160|160|160|65535,0,0,0,5,255,96
1555,0,5,8,0,8,0,0,0,2|2|2|2|2|2|2|2,255|255|255|255|255|255|255|255,-6|6|6|-6|0|0|0|0,6|6|-6|-6|-8|-8|-8|-8,-6|6|6|-6|-16|16|-10|10,0|0|0|0|0|0|4|4,159|161|159|161|160|160|160|160,0,0,0,5,255,96
1556,0,6,8,0,8,0,0,0,2|2|2|2|2|2|2|2,255|255|255|255|255|255|255|255,-6|6|6|-6|0|0|0|0,6|6|-6|-6|-8|-8|-8|8,-6|6|6|-6|-16|16|0|0,0|0|0|0|0|0|4|-4,159|161|159|161|160|160|160|160,0,0,0,5,255,96
1557,0,6,8,0,8,0,0,0,2|2|2|2|2|2|2|2,255|255|255|255|255|255|255|255,-6|6|6|-6|0|0|-6|6,6|6|-6|-6|-8|-8|8|8,-6|6|6|-6|-16|16|0|0,0|0|0|0|0|0|-4|-4,159|161|159|161|160|160|159|161,0,0,0,5,255,96
1558,0,3,1,0,1,0,0,0,2|239|87|15|133|217|26|2,255|232|253|83|0|0|168|1,0|-123|-33|26|2|0|104|-124,8|-42|127|104|80|-128|-42|127,0|64|85|0|0|-117|-16|-24,0|4|0|0|-117|-58|95|94,160|0|0|25924|27507|28532|23664|24910,0,0,0,5,255,96
1559,0,4,2,0,2,0,0,0,2|2|83|86|87|139|65|24,255|255|45|139|84|36|20|139,0|0|-115|52|64|-117|58|-115,8|8|-117|14|59|57|117|30,-8|8|4|59|89|4|117|22,0|0|8|59|89|8|117|14,160|160|3161|1653|24159|49755|8|33608,0,0,0,5,255,96
1560,0,4,4,0,4,0,0,0,2|2|2|2|4|94|194|4,255|255|255|255|128|214|127|15,0|0|0|0|0|-117|70|8,8|8|8|8|81|8|-115|70,-15|15|-8|8|-1|21|28|24,5|5|-5|-5|21|-12|21|-50,160|160|160|160|65284|1088|16523|49668,0,0,0,5,255,96
1561,0,5,5,0,5,0,0,0,3|3|3|3|3|8|232|4,255|255|255|255|255|20|0|85,0|0|0|0|0|2|0|0,8|8|8|8|8|51|-37|57,-20|20|-12|12|0|1|4|-128,8|8|-2|-2|-6|1|0|0,160|160|160|160|160|65360|3189|5631,0,0,0,5,255,96
1562,0,6,7,0,7,0,0,0,4|4|4|4|4|4|4|21,255|255|255|255|255|255|255|80,0|0|0|0|0|0|0|0,8|8|8|8|8|8|8|25,-24|24|-18|18|-12|12|0|59,8|8|-2|-2|-6|-6|-8|-115,160|160|160|160|160|160|160|4032,0,0,0,5,255,96
1563,0,6,8,0,8,0,0,0,6|6|6|6|6|6|6|6,255|255|255|255|255|255|255|255,0|0|0|0|0|0|0|0,8|8|8|8|8|8|8|8,-24|24|-18|18|-12|12|-5|5,8|8|-2|-2|-6|-6|-8|-8,160|160|160|160|160|160|160|160,0,0,0,5,255,96
1564,0,3,1,1,1,0,0,0,2|104|192|39|206|127|80|255,255|133|192|117|117|199|69|248,0|0|0|0|57|93|-8|116,8|-1|117|24|-115|-123|-100|-3,0|-1|-1|117|20|-1|117|16,0|-1|117|12|-24|-20|0|0,157|65528|2165|8680|65522|48895|340|32772,0,0,0,5,255,96
1565,0,2,1,0,1,0,0,0,1|132|254|254|255|255|255|117,255|141|69|164|80|255|21|60,0|-50|127|-115|69|-36|80|-1,10|8|-24|58|17|0|0|-123,0|15|-116|-35|-2|-1|-1|-115,0|-36|-119|69|12|-23|-46|-2,58|34189|65184|65535|53352|52775|20607|55039,0,0,0,25,255,208
1566,0,3,2,0,2,0,0,0,1|1|20|255|117|16|104|104,255|255|127|255|117|12|232|106,-1|1|0|-117|-8|-127|-1|17,9|9|-128|15|-124|-109|24|2,-4|4|-127|0|0|0|92|73,0|0|114|111|99|83|101|114,58|58|50|26708|25970|25697|28265|19815,0,0,0,25,255,208
1567,0,2,2,0,2,0,0,0,1|1|0|0|0|0|66|111,255|255|0|83|139|92|36|12,-1|1|-125|35|0|-95|0|112,9|9|-123|-64|15|-123|73|24,-4|4|-72|84|1|4|-128|95,0|0|-62|8|0|85|-117|-20,58|58|10376|32718|30207|59404|166|0,0,0,0,25,255,208
1568,0,3,3,0,3,0,0,0,1|1|1|8|255|208|139|240,255|255|255|89|139|53|0|22,-1|1|0|4|-1|117|12|-1,9|9|10|15|-123|88|24|2,-4|4|0|12|106|20|-1|48,0|0|0|-64|15|-123|71|24,58|58|58|65280|3184|5631|5628|32718,0,0,0,25,255,208
1569,0,2,3,0,3,0,0,0,1|1|1|255|117|16|80|255,255|255|255|240|139|69|12|80,-1|1|0|81|8|-117|-58|94,9|9|10|0|0|0|68|108,-4|4|0|116|67|108|97|115,0|0|0|106|101|99|116|0,58|58|58|1|0|0|0|192,0,0,0,25,255,208
1570,0,2,3,0,3,0,0,0,1|1|2|117|8|51|255|255,255|255|255|206|127|80|255|21,-1|1|0|127|-123|-64|117|23,9|9|10|-123|-64|15|-123|-35,-4|4|0|-72|99|60|-50|127,0|0|0|-55|-62|12|0|106,58|58|59|5631|5680|32718|61579|63109,0,0,0,25,255,208
1571,0,3,3,0,3,0,0,0,2|2|1|215|139|29|4|22,255|255|255|69|252|133|192|139,-1|1|0|-124|-70|23|2|0,9|9|10|-123|-105|23|2|0,-4|4|0|86|-1|-41|-117|-8,0|0|0|-124|-113|23|2|0,59|59|58|31720|0|65280|64629|30207,0,0,0,25,255,208
1572,0,3,3,0,3,0,0,0,2|2|2|199|235|130|232|97,255|255|255|235|245|0|115|104,-1|1|0|51|50|46|100|108,9|9|10|108|108|67|97|110,-4|4|0|111|97|100|78|111,0|0|0|-117|-20|-117|77|12,59|59|59|32718|33807|6007|2|17803,0,0,0,25,255,208
1573,0,4,5,0,5,0,0,0,2|2|2|1|1|0|0|0,255|255|255|255|255|0|192|0,-2|2|0|-1|1|70|104|-16,8|8|10|9|9|-120|20|-50,-8|8|0|-2|2|-42|127|-1,0|0|0|0|0|-61|85|-117,279|280|59|58|58|2173|49547|53643,0,0,0,25,255,208
1574,0,4,5,0,5,0,0,0,2|2|3|1|1|27|193|233,255|255|255|255|255|249|8|115,-2|2|0|-1|1|44|-50|127,8|8|10|9|9|120|44|-50,-8|8|0|-2|2|0|0|0,0|0|0|0|0|-125|-32|3,279|280|60|58|58|36132|11400|32718,0,0,0,25,255,208
1575,0,3,7,0,7,0,0,0,2|2|1|1|1|1|1|3,255|255|255|255|255|255|255|177,-2|2|0|-1|1|-1|1|-50,8|8|10|9|9|9|9|-118,-8|8|0|-1|1|-7|7|1,0|0|0|0|0|0|0|-7,279|280|58|58|58|58|58|1674,0,0,0,25,255,208
1576,0,15,1,0,1,0,0,11,112|165|255|36|149|120|44|206,255|139|68|142|228|137|68|143,0|-117|68|-114|-24|-119|68|-113,-3|-117|68|-114|-20|-119|68|-113,0|-117|68|-114|-16|-119|68|-113,0|-117|68|-114|-12|-119|68|-113,171|36420|35320|36676|35832|36420|35324|36676,0,0,0,26,98,208
1577,0,10,1,0,1,0,0,11,112|206|127|139|69|8|94|95,255|195|138|6|136|7|139|69,0|94|95|-55|-61|-118|6|-120,-3|-118|70|1|-120|71|1|-117,0|8|94|95|-55|-61|-118|6,0|7|-118|70|1|-120|71|1,171|34818|583|17803|24072|51551|36291|12660,0,0,0,26,98,208
1578,0,10,1,0,1,0,0,10,128|0|0|0|131|249|4|15,255|10|22|2|0|131|224|3,0|-56|-1|36|-123|-124|44|-50,-3|-63|-23|2|-125|-30|3|-125,0|8|114|11|-3|-13|-91|-4,0|36|-107|-64|44|-50|127|-9,171|36132|11440|32718|18058|8963|35025|839,0,0,0,26,98,208
1579,0,10,2,0,2,0,0,10,112|112|44|206|127|138|70|3,255|255|136|71|3|138|70|2,0|0|2|-120|71|2|-125|-18,-3|-3|-17|2|-125|-7|8|114,-6|6|-13|-91|-4|-1|36|-107,0|0|-50|127|-118|70|3|35,171|171|18058|34818|583|18058|49409|745,0,0,0,26,98,208
1580,0,10,2,0,2,0,0,9,128|128|255|36|149|192|44|206,255|255|68|142|24|137|68|143,0|0|68|-114|20|-119|68|-113,-3|-3|68|-114|16|-119|68|-113,-6|6|68|-114|12|-119|68|-113,0|0|68|-114|8|-119|68|-113,171|171|35076|36676|36100|36100|0|0,0,0,0,26,98,208
1581,0,10,3,0,3,0,0,9,128|128|112|70|3|136|71|3,255|255|255|136|71|2|138|70,-5|5|0|1|-117|69|8|94,0|0|-3|0|0|0|58|42,-5|5|0|42|-50|127|-122|42,0|0|-3|42|-50|127|-45|42,171|171|171|10947|32718|10939|32718|10931,0,0,0,26,98,208
1582,0,10,4,0,4,0,0,9,128|128|112|112|206|127|255|42,255|255|255|255|206|127|114|43,-5|5|-3|3|-50|127|-74|43,0|0|-3|-3|-48|127|-29|43,-5|5|-3|3|-50|127|-13|43,0|0|-3|-3|-50|127|3|44,171|171|171|171|32718|0|0|0,0,0,0,26,98,208
1583,0,9,4,0,4,0,0,8,128|128|112|112|206|127|85|139,255|255|255|255|57|69|8|86,-5|5|-3|3|20|2|0|57,0|0|-3|-3|8|15|-124|-92,-5|5|-3|3|-85|-10|-1|-1,0|0|-3|-3|-16|78|78|-24,171|171|171|171|20531|11240|0|35584,0,0,0,26,98,208
1584,0,9,6,0,6,0,0,8,128|128|112|112|112|112|117|12,255|255|255|255|255|255|131|196,-5|5|-3|3|-3|3|93|-62,0|0|-3|-3|3|3|-24|-127,-5|5|-3|3|-3|3|-46|116,0|0|-3|-3|3|3|86|-117,171|171|171|171|171|171|33630|993,0,0,0,26,98,208
1585,0,9,7,0,7,0,0,8,128|128|112|112|112|112|112|131,255|255|255|255|255|255|255|0,-5|5|-3|3|-3|3|0|127,0|0|-3|-3|3|3|-4|-57,-5|5|-3|3|-3|3|0|36,0|0|-3|-3|3|3|-4|-71,171|171|171|171|171|171|171|21563,0,0,0,26,98,208
1586,0,9,8,0,8,0,0,8,128|128|112|112|112|112|112|112,255|255|255|255|255|255|255|255,-5|5|-3|3|-3|3|0|0,0|0|-3|-3|3|3|-4|6,-5|5|-3|3|-3|3|0|0,0|0|-3|-3|3|3|-4|6,171|171|171|171|171|171|171|171,0,0,0,26,98,208
1587,0,20,1,0,1,0,0,11,128|255|255|255|255|255|0|0,255|0|0|0|0|0|3|0,0|0|-1|-1|-1|-1|-1|-1,-3|-1|0|0|0|0|0|0,0|0|4|0|0|0|-1|-1,-3|-1|-1|-1|-1|-1|0|0,19|0|0|10|0|65535|65535|65535,0,0,0,26,98,208
1588,0,20,1,0,2,0,0,11,128|128|153|35|0|0|40|49,255|255|1|0|0|128|16|0,-3|3|-124|35|0|0|-123|35,-3|-3|32|49|-50|127|1|0,-3|3|7|0|0|0|-114|35,-3|-3|-113|35|0|0|24|49,19|19|32768|2|0|9094|0|9095,0,0,0,26,98,208
1589,0,20,2,0,2,0,0,11,128|128|145|35|0|0|0|49,255|255|1|0|0|128|8|0,-3|3|-120|35|0|0|-119|35,-3|-3|-8|48|-50|127|1|0,-3|3|9|0|0|0|-118|35,-3|-3|-117|35|0|0|-16|48,19|19|32768|5|0|9100|0|9101,0,0,0,26,98,208
1590,0,20,2,0,2,0,0,10,116|116|147|35|0|0|216|48,255|255|1|0|0|128|19|0,-3|3|-108|35|0|0|-107|35,-3|-3|-48|48|-50|127|1|0,-3|3|27|0|0|0|-99|35,-3|-3|-98|35|0|0|-60|48,19|19|32768|21|0|9110|0|9111,0,0,0,26,98,208
1591,0,20,2,0,2,0,0,9,116|116|5|113|0|0|168|48,255|255|2|0|0|128|23|0,-4|4|2|113|0|0|3|113,-1|-1|-104|48|-50|127|2|0,-4|4|22|0|0|0|0|113,-1|-1|1|113|0|0|-124|48,19|19|32768|25|0|28934|0|28935,0,0,0,26,98,208
1592,0,20,2,0,2,0,0,8,116|116|9|113|0|0|96|48,255|255|2|0|0|128|26|0,-4|4|-126|35|0|0|-125|35,0|0|88|48|-50|127|1|0,-4|4|29|0|0|0|-128|35,0|0|-127|35|0|0|76|48,19|19|32768|30|0|9088|0|9089,0,0,0,26,98,208
1593,0,20,2,0,2,0,0,7,113|113|160|35|0|0|48|48,255|255|1|0|0|128|33|0,-4|4|-95|35|0|0|-94|35,2|2|62|40|-14|-65|-27|80,-4|4|-126|40|-14|-65|95|39,2|2|56|72|-14|-65|-36|36,19|19|49138|18707|49138|7352|49138|9855,0,0,0,26,98,208
1594,0,20,4,0,4,0,0,8,128|128|128|128|242|191|104|34,255|255|255|255|242|191|133|80,-4|4|-2|2|-14|-65|-72|81,-2|-2|-4|-4|-14|-65|-61|35,-4|4|-2|2|-14|-65|91|39,-2|-2|-4|-4|-14|-65|44|34,19|19|19|19|49138|5201|49138|5261,0,0,0,26,98,208
1595,0,20,4,0,4,0,0,7,116|116|128|128|242|191|147|34,255|255|255|255|242|191|0|0,-4|4|-2|2|-11|-65|88|75,-2|-2|-4|-4|-11|-65|113|85,-4|4|-2|2|-11|-65|-22|74,-2|-2|-4|-4|-11|-65|-113|85,19|19|19|19|49141|18729|49141|19120,0,0,0,26,98,208
1596,0,15,2,0,4,0,0,7,114|114|114|114|245|191|172|81,255|255|255|255|245|191|81|46,-4|4|-2|2|-11|-65|70|76,-2|-2|-4|-4|-11|-65|-63|68,-4|4|-2|2|-11|-65|-120|30,-2|-2|-4|-4|-11|-65|-91|81,19|19|19|19|49141|9515|49141|9435,0,0,0,26,98,208
1597,0,20,4,0,4,0,0,6,114|114|114|114|245|191|102|80,255|255|255|255|245|191|251|22,-4|4|-2|2|-11|-65|-92|45,-2|-2|-4|-4|-11|-65|20|26,-4|4|-2|2|-11|-65|-54|45,-2|-2|-4|-4|-11|-65|96|68,19|19|19|19|49141|7085|49141|9241,0,0,0,26,98,208
1598,0,4,2,0,2,0,0,0,1|1|226|16|245|191|120|45,255|255|248|38|245|191|54|53,-10|10|112|33|-11|-65|97|90,0|0|-58|45|-11|-65|-46|44,0|0|-65|36|-11|-65|62|82,0|0|-106|87|-11|-65|29|19,285|285|49141|9004|49141|18162|49141|22162,0,0,0,6,255,208
1599,0,4,3,0,3,0,0,0,1|1|1|17|245|191|151|17,255|255|255|36|245|191|155|21,-10|10|0|36|-11|-65|66|85,0|0|-10|81|-11|-65|-3|17,0|0|0|20|-11|-65|-53|35,0|0|0|21|-11|-65|23|82,285|285|285|11764|49141|5744|49141|9345,0,0,0,6,255,208
1600,0,5,4,0,4,0,0,0,1|1|1|1|245|191|6|30,255|255|255|255|245|191|44|28,-10|10|-10|10|-11|-65|6|71,0|0|0|0|-11|-65|-95|36,0|0|0|0|-11|-65|-29|36,3|3|-4|-4|-11|-65|-97|28,285|285|285|285|49141|9669|49141|8380,0,0,0,6,255,208
1601,0,5,4,0,4,0,0,0,1|1|1|1|245|191|86|35,255|255|255|255|245|191|189|24,-10|10|0|0|-11|-65|-4|38,0|0|-10|10|-11|-65|16|82,0|0|0|0|-11|-65|81|84,0|0|0|0|-11|-65|-28|89,285|285|285|285|49141|8336|49141|4617,0,0,0,6,255,208
1602,0,5,6,0,6,0,0,0,1|1|1|1|1|1|25|19,255|255|255|255|255|255|98|35,-10|10|-10|10|0|0|51|37,0|0|0|0|-10|10|-46|86,0|0|0|0|0|0|47|37,3|3|-4|-4|0|0|-114|48,285|285|285|285|285|285|49141|7918,0,0,0,6,255,208
1603,0,5,4,0,8,0,0,0,2|2|1|1|2|2|2|2,255|255|255|255|255|255|255|255,-10|10|0|0|-10|10|-10|10,0|0|-10|10|0|0|0|0,0|0|0|0|0|0|0|0,0|0|0|0|-8|-10|8|8,170|170|285|285|170|170|170|170,0,0,0,6,255,208
1604,0,5,5,0,5,0,0,0,2|2|2|2|1|191|140|23,255|255|255|255|255|191|63|27,-10|10|-10|10|0|-65|113|36,0|0|0|0|-10|-65|-112|25,0|0|0|0|0|-65|3|90,-8|-8|8|8|0|-65|-87|27,170|170|170|170|285|6268|49141|21893,0,0,0,6,255,208
1605,0,5,7,0,7,0,0,0,2|2|2|2|1|1|1|88,255|255|255|255|255|255|255|32,-10|10|-10|10|0|0|0|47,0|0|0|0|10|-10|-10|84,0|0|0|0|0|-3|3|123,-8|-8|8|8|0|0|0|21,170|170|170|170|285|285|285|50628,0,0,0,6,255,208
1606,0,5,8,0,8,0,0,0,2|2|2|2|1|1|1|1,255|255|255|255|255|255|255|255,-10|10|-10|10|0|0|0|0,0|0|0|0|10|10|-10|-10,0|0|0|0|-3|3|-3|3,-8|-8|8|8|0|0|0|0,170|170|170|170|285|285|285|285,0,0,0,6,255,208
1607,0,5,6,0,6,0,0,0,2|2|2|2|2|2|84|16,255|255|255|255|255|255|32|21,-10|10|-10|10|-10|10|-116|67,0|0|0|0|0|0|-5|113,0|0|0|0|0|0|27|121,-16|-16|0|0|16|16|-47|-85,170|170|170|170|170|170|49144|47486,0,0,0,6,255,208
1608,0,5,8,0,8,0,0,0,2|2|2|2|2|2|1|1,255|255|255|255|255|255|255|255,-10|10|-10|10|-10|10|0|0,0|0|0|0|0|0|-10|-10,0|0|0|0|0|0|-3|3,-16|-16|0|0|16|16|0|0,170|170|170|170|170|170|285|285,0,0,0,6,255,208
1609,0,8,1,0,1,0,0,11,128|191|185|123|247|191|183|22,255|191|35|225|248|191|32|124,0|-65|-91|112|-9|-65|80|75,10|-65|105|21|-7|-65|126|-68,0|-65|52|24|-6|-65|-23|126,3|-65|37|114|-9|-65|96|113,19|28123|49143|28191|49143|18616|49143|28225,0,0,0,26,98,208
1610,0,6,1,0,2,0,0,11,128|128|207|244|248|191|142|32,255|255|170|20|250|191|217|121,0|0|-78|121|-9|-65|90|8,10|-2|61|112|-9|-65|-43|111,0|0|-17|-60|-7|-65|-97|113,3|-3|26|119|-9|-65|55|4,19|19|49143|32533|49143|32627|49143|32011,0,0,0,26,98,208
1611,0,5,1,0,3,0,0,10,128|128|128|92|249|191|251|118,255|255|255|74|248|191|220|214,0|-3|3|118|-9|-65|-54|117,10|-1|-1|120|-9|-65|-58|10,0|3|3|23|-9|-65|10|24,3|-1|-1|26|-9|-65|-119|27,19|19|19|6683|49143|10201|49143|7863,0,0,0,26,98,208
1612,0,6,2,0,2,0,0,10,128|128|114|30|247|191|173|30,255|255|109|30|247|191|22|31,0|0|34|31|-9|-65|99|110,10|-2|-44|73|-9|-65|-72|72,0|0|9|-50|-9|-65|-70|-71,3|-3|-96|-32|-8|-65|60|106,19|19|49144|28293|49143|43823|49145|43862,0,0,0,26,98,208
1613,0,10,3,0,3,0,0,9,128|128|128|109|247|191|237|18,255|255|255|114|247|191|124|121,0|-3|3|114|-9|-65|-113|3,10|0|0|-79|-7|-65|-4|21,0|-3|3|-79|-7|-65|-24|116,3|0|0|43|-7|-65|-96|-61,19|19|19|28522|49143|29613|49143|31251,0,0,0,26,98,208
1614,0,10,3,0,3,0,0,9,128|112|112|123|247|191|147|123,255|255|255|11|250|191|54|73,0|-3|3|11|-6|-65|-28|115,10|0|0|-112|-6|-65|-123|125,0|-3|3|0|0|0|-98|26,3|0|0|23|-22|-65|-22|21,19|19|19|4982|49130|6088|49130|5047,0,0,0,26,98,208
1615,0,10,2,0,4,0,0,9,128|128|128|128|234|191|0|0,255|255|255|255|189|112|124|141,-1|1|-3|3|-67|112|66|40,10|10|0|0|-67|112|-69|-78,-4|4|-3|3|-66|112|-81|-18,3|3|0|0|-67|112|70|-17,19|19|19|19|28861|47553|28861|58522,0,0,0,26,98,208
1616,0,8,2,0,4,0,0,8,128|128|112|112|190|112|65|53,255|255|255|255|189|112|127|238,-1|1|-3|3|-66|112|20|12,12|12|0|0|-67|112|126|26,-4|4|-3|3|-65|112|-32|-114,3|3|0|0|-66|112|106|-100,19|19|19|19|28864|24364|28864|51233,0,0,0,26,98,208
1617,0,15,5,0,5,0,0,8,128|128|112|112|128|112|117|186,255|255|255|255|255|112|142|139,-1|1|-3|3|0|112|106|-63,12|12|0|0|-3|112|-4|30,-4|4|-3|3|0|112|-112|-14,3|3|0|0|-3|112|22|-67,19|19|19|19|19|1545|28862|48104,0,0,0,26,98,208
1618,0,15,6,0,6,0,0,7,128|128|112|112|128|128|225|138,255|255|255|255|255|255|158|135,-1|1|-3|3|-2|2|64|-115,12|12|0|0|-3|-3|20|28,-4|4|-3|3|-2|2|-51|-70,3|3|0|0|-3|-3|92|30,19|19|19|19|19|19|28861|43030,0,0,0,26,98,208
1619,0,15,7,0,7,0,0,7,128|128|112|112|112|128|128|0,255|255|255|255|255|255|255|204,-1|0|1|-3|3|-2|2|64,12|12|12|0|0|-3|-3|-65,-4|0|4|-3|3|-2|2|64,3|3|3|0|0|-3|-3|71,19|19|19|19|19|19|19|45464,0,0,0,26,98,208
1620,0,1,1,0,8,0,0,0,4|4|4|4|4|4|4|4,255|255|255|255|255|255|255|255,-2|1|3|-2|4|-1|-3|1,6|8|5|7|5|9|5|7,20|-10|-20|20|-30|10|30|-20,30|40|10|20|10|50|20|30,255|255|255|255|255|255|255|255,0,0,0,10,255,128
1621,0,1,1,20,1,0,0,0,99|191|64|75|183|191|237|72,20|191|114|73|185|191|200|229,0|-65|105|-28|-69|-65|-101|70,8|-65|-29|12|-72|-65|53|94,0|-65|92|-79|-73|-65|18|-98,0|-65|59|-24|-72|-65|38|23,634|58300|49082|2799|49080|44725|49079|22175,0,0,0,10,255,128
1622,0,0,8,0,8,0,0,0,4|4|4|4|2|2|2|2,8|8|8|8|8|8|8|8,2|-2|2|-2|3|-3|0|0,2|2|-2|-2|0|0|3|-3,2|-2|2|-2|3|-3|0|0,2|2|-2|-2|0|0|3|-3,20|20|20|20|20|20|20|20,0,0,0,12,1,112
1623,0,40,3,1,8,0,0,0,4|4|4|4|4|4|4|4,255|255|255|255|255|255|255|255,-2|1|3|-2|4|-1|-3|1,6|8|5|7|5|9|5|7,80|-40|-80|80|-120|40|120|-80,60|80|20|40|80|100|10|60,109|109|109|109|109|109|109|109,0,0,0,10,255,240
1624,0,40,1,0,4,0,0,0,1|1|1|1|161|255|255|255,255|255|255|255|139|236|81|139,0|0|0|0|-37|86|59|-61,8|7|9|6|69|8|-119|69,0|0|0|0|-117|117|16|-115,0|0|0|0|83|83|-1|117,304|304|304|304|35832|3141|17723|29960,0,0,0,10,255,240
1625,0,4,1,1,1,0,0,0,2|16|0|56|24|116|196|141,255|12|81|106|1|83|80|255,0|8|-24|66|-1|-1|-1|59,8|117|-31|-21|-76|80|-24|41,0|-1|-1|-21|-52|86|-117|116,0|8|-118|6|-124|-64|116|21,109|6260|65360|34837|52757|34175|30144|32774,0,0,0,5,255,240
1626,0,4,2,1,2,0,0,0,2|2|236|131|236|108|83|86,255|255|87|137|117|252|137|117,0|0|72|27|-50|127|-117|77,8|8|8|116|16|-125|-64|12,12|-12|-12|29|-50|127|114|-18,14|14|0|0|0|-117|4|-75,109|109|7309|2229|54896|33663|65528|34063,0,0,0,5,255,240
1627,0,4,3,1,3,0,0,0,2|2|2|139|61|112|22|206,255|255|255|148|104|52|27|206,1|-1|0|-41|-115|52|118|-115,8|8|8|-26|2|-1|-74|76,12|-12|0|80|-1|-41|-115|69,14|14|0|0|2|0|80|87,109|109|109|616|0|59520|65145|65535,0,0,0,5,255,240
1628,0,4,4,1,4,0,0,0,2|2|2|2|69|148|106|0,255|255|255|255|0|128|232|86,1|-1|0|0|-64|117|44|-115,8|8|8|8|-8|4|0|0,26|-26|12|-12|-16|83|80|106,14|14|14|14|27|-50|127|-1,109|109|109|109|29888|65298|2165|6632,0,0,0,5,255,240
1629,0,4,5,1,5,0,0,0,2|2|2|2|2|69|252|235,255|255|255|255|255|0|69|120,2|-2|1|-1|0|114|0|0,8|8|8|8|8|0|1|0,26|-26|12|-12|0|127|-8|33,14|14|14|14|0|0|56|27,109|109|109|109|109|6968|32718|8672,0,0,0,5,255,240
1630,0,4,6,1,6,0,0,0,2|2|2|2|2|2|196|33,255|255|255|255|255|255|56|27,3|-3|2|-2|1|-1|64|0,8|8|8|8|8|8|-88|33,40|-40|26|-26|12|-12|56|27,20|20|14|14|14|14|0|1,109|109|109|109|109|109|0|6968,0,0,0,5,255,240
1631,0,4,7,1,7,0,0,0,2|2|2|2|2|2|2|27,255|255|255|255|255|255|255|16,3|-3|2|-2|1|-1|0|33,8|8|8|8|8|8|8|27,40|-40|26|-26|12|-12|0|64,20|20|14|14|14|14|0|33,109|109|109|109|109|109|109|0,0,0,0,5,255,240
1632,0,4,6,1,6,0,0,0,2|2|2|2|2|2|0|0,255|255|255|255|255|255|244|32,2|-2|1|-1|0|0|-24|32,8|8|8|8|8|8|0|0,40|-40|26|-26|12|-12|-68|32,20|20|14|14|14|14|56|27,109|109|109|109|109|109|32718|8336,0,0,0,5,255,240
1633,0,4,7,1,7,0,0,0,2|2|2|2|2|2|2|32,255|255|255|255|255|255|255|27,2|-2|1|-1|2|-2|0|0,8|8|8|8|8|8|10|32,40|-40|26|-26|12|-12|0|27,20|20|14|14|14|14|0|0,109|109|109|109|109|109|109|6968,0,0,0,5,255,240
1634,0,4,8,1,8,0,0,0,2|2|2|2|2|2|2|2,255|255|255|255|255|255|255|255,2|-2|1|-1|2|-2|0|0,8|8|8|8|8|8|10|10,40|-40|26|-26|12|-12|-7|7,20|20|14|14|14|14|0|0,109|109|109|109|109|109|109|109,0,0,0,5,255,240
1635,0,4,8,1,8,0,0,0,2|2|2|2|2|2|2|2,255|255|255|255|255|255|255|255,-3|3|1|-1|2|-2|1|-1,8|8|8|8|8|8|10|10,40|-40|26|-26|12|-12|-7|7,20|20|14|14|14|14|0|0,109|109|109|109|109|109|109|109,0,0,0,5,255,240
1636,0,12,1,0,1,0,0,0,171|64|104|31|206|127|220|30,255|127|23|0|0|64|104|31,0|127|-52|30|-50|127|24|0,0|64|104|31|-50|127|-72|30,0|127|25|0|0|64|56|27,0|127|-88|30|-50|127|26|0,103|6968|32718|7832|32718|27|16384|6968,1,0,0,10,255,240
1637,0,10,1,0,1,0,0,0,171|127|29|0|0|64|56|27,255|127|76|30|206|127|30|0,0|64|56|27|-50|127|56|30,0|127|31|0|0|64|56|27,0|127|40|30|-50|127|32|0,0|64|56|27|-50|127|20|30,103|33|16384|6968|32718|7684|32718|34,1,0,0,10,255,240
1638,0,8,1,0,1,0,0,0,171|105|108|101|85|114|108|0,255|0|78|111|70|111|108|100,0|114|79|112|116|105|111|110,0|0|78|111|67|104|97|110,0|101|83|116|97|114|116|77,0|110|117|0|0|0|78|111,103|25710|30575|21875|25712|29793|101|28494,1,0,0,10,255,240
1639,0,8,2,0,2,0,0,0,171|171|78|111|70|111|114|103,255|255|83|111|102|116|119|97,-1|1|85|112|100|97|116|101,0|0|78|111|77|83|65|112,-6|6|111|103|111|53|67|104,0|0|110|101|108|78|111|116,103|103|0|28486|25458|17253|28783|16761,1,0,0,10,255,240
1640,0,6,2,0,2,0,0,0,171|171|115|111|108|118|101|84,255|255|99|107|0|0|78|111,-1|1|115|111|108|118|101|83,0|0|114|99|104|0|78|111,-6|6|105|116|105|110|103|67,0|0|112|111|110|101|110|116,103|103|28493|26998|26478|24898|25710|115,1,0,0,10,255,240
1641,0,6,3,0,3,0,0,0,171|171|171|110|100|115|0|0,255|255|255|111|67|108|111|115,-2|2|0|67|111|109|112|111,0|0|0|116|115|0|78|111,-6|6|0|101|116|105|110|103,-1|-1|0|112|111|110|101|110,103|103|103|28494|25665|26980|26478|28483,1,0,0,10,255,240
1642,0,5,2,0,4,0,0,0,171|171|171|171|116|115|0|0,255|255|255|255|67|104|97|110,-2|2|-1|1|87|97|108|108,0|0|0|0|114|0|78|111,-6|6|-4|4|87|97|108|108,-1|-1|0|0|114|0|65|99,103|103|103|103|28532|112|0|28494,1,0,0,10,255,240
1643,0,7,4,0,4,0,0,0,171|171|171|171|97|115|115|105,255|255|255|255|108|108|0|0,-2|2|-1|1|101|97|114|82,0|0|0|0|116|68|111|99,-6|6|-4|4|120|105|116|0,-1|-1|0|0|70|97|118|111,103|103|103|103|117|28494|25409|26996,1,0,0,10,255,240
1644,0,5,3,0,3,0,0,0,171|171|171|111|65|99|116|105,255|255|255|101|115|107|116|111,-1|1|0|111|82|101|99|101,0|0|0|111|99|115|77|101,-6|6|0|0|0|0|0|0,-1|-1|0|0|0|0|0|0,103|103|103|0|0|0|0|0,1,0,0,10,255,240
1645,0,5,4,0,4,0,0,0,171|171|171|171|0|0|0|0,255|255|255|255|0|0|0|0,-2|2|0|0|0|0|0|0,0|0|0|0|0|0|0|0,-10|10|-6|6|0|0|0|0,-4|-4|-2|-2|0|0|0|0,103|103|103|103|0|0|0|0,1,0,0,10,255,240
1646,0,5,5,0,5,0,0,0,171|171|171|171|171|0|0|0,255|255|255|255|255|0|0|0,-2|2|0|0|0|0|0|0,0|0|0|0|0|0|0|0,-10|10|-6|6|0|0|0|0,-4|-4|-2|-2|0|0|0|0,103|103|103|103|103|0|0|0,1,0,0,10,255,240
1647,0,4,1,0,1,0,0,0,1|0|0|0|0|0|0|0,255|0|0|0|0|0|0|0,0|0|0|0|0|0|0|0,12|0|0|0|0|0|0|0,0|0|0|0|0|0|0|0,0|0|0|0|0|0|0|0,228|0|0|0|0|0|0|0,0,0,0,6,255,32
1648,0,7,1,0,1,0,0,0,2|0|0|0|0|0|0|0,107|0|0|0|0|0|0|0,0|0|0|0|0|0|0|0,8|0|0|0|0|0|0|0,0|0|0|0|0|0|0|0,0|0|0|0|0|0|0|0,601|0|0|0|0|0|0|0,0,0,0,6,255,32
1649,0,6,1,0,1,0,0,0,2|0|0|0|0|0|0|0,107|0|0|0|0|0|0|0,0|0|0|0|0|0|0|0,8|0|0|0|0|0|0|0,0|0|0|0|0|0|0|0,0|0|0|0|0|0|0|0,601|0|0|0|0|0|0|0,0,0,0,6,255,32
1650,0,6,3,0,3,0,0,0,2|1|1|0|0|0|0|0,107|255|255|0|0|0|0|0,0|-10|10|0|0|0|0|0,8|0|0|0|0|0|0|0,0|0|0|0|0|0|0|0,0|0|0|0|0|0|0|0,601|228|228|0|0|0|0|0,0,0,0,6,255,32
1651,0,6,4,0,4,0,0,0,2|1|1|1|0|0|0|0,107|255|255|255|0|0|0|0,0|-9|9|0|0|0|0|0,8|2|2|-10|0|0|0|0,0|0|0|0|0|0|0|0,0|0|0|0|0|0|0|0,601|228|228|228|0|0|0|0,0,0,0,6,255,32
1652,0,6,5,0,5,0,0,0,2|1|1|1|1|0|0|0,107|255|255|255|255|0|0|0,0|-9|9|-8|8|0|0|0,8|2|2|-3|-3|0|0|0,0|0|0|0|0|0|0|0,0|0|0|0|0|0|0|0,601|228|228|228|228|0|0|0,0,0,0,6,255,32
1653,0,6,3,0,3,0,0,0,4|1|1|0|0|0|0|0,105|255|255|0|0|0|0|0,0|-10|10|0|0|0|0|0,7|0|0|0|0|0|0|0,0|0|0|0|0|0|0|0,0|0|0|0|0|0|0|0,582|228|228|0|0|0|0|0,0,0,0,6,255,32
1654,0,6,5,0,5,0,0,0,4|1|1|1|1|0|0|0,105|255|255|255|255|0|0|0,0|-9|9|-8|8|0|0|0,7|2|2|-3|-3|0|0|0,0|0|0|0|0|0|0|0,0|0|0|0|0|0|0|0,582|228|228|228|228|0|0|0,0,0,0,6,255,32
1655,0,6,6,0,6,0,0,0,4|1|1|1|1|2|0|0,105|255|255|255|255|107|0|0,0|-9|9|-8|8|0|0|0,7|2|2|-3|-3|-8|0|0,0|0|0|0|0|0|0|0,0|0|0|0|0|0|0|0,582|228|228|228|228|601|0|0,0,0,0,6,255,32
1656,0,6,5,0,5,0,0,0,4|2|2|2|2|0|0|0,105|107|107|107|107|0|0|0,0|-6|6|-8|8|0|0|0,7|6|6|-3|-3|0|0|0,0|0|0|0|0|0|0|0,0|0|0|0|0|0|0|0,582|601|601|601|601|0|0|0,0,0,0,6,255,32
1657,0,6,7,0,7,0,0,0,4|4|4|2|2|1|1|0,105|105|105|107|107|255|255|0,0|-6|6|-6|6|-10|10|0,7|6|6|-6|-6|0|0|0,0|0|0|0|0|0|0|0,0|0|0|0|0|0|0|0,582|582|582|601|601|228|228|0,0,0,0,6,255,32
1658,0,2,2,0,2,0,0,0,1|1|0|0|0|0|0|0,255|255|0|0|0|0|0|0,0|0|0|0|0|0|0|0,12|12|0|0|0|0|0|0,-6|6|0|0|0|0|0|0,4|4|0|0|0|0|0|0,108|108|0|0|0|0|0|0,0,0,0,20,255,112
1659,0,6,1,0,1,0,0,0,3|0|0|0|0|0|0|0,255|0|0|0|0|0|0|0,0|0|0|0|0|0|0|0,2|0|0|0|0|0|0|0,-10|0|0|0|0|0|0|0,0|0|0|0|0|0|0|0,88|0|0|0|0|0|0|0,0,0,20,26,255,32
1660,0,5,1,0,1,0,0,0,3|0|0|0|0|0|0|0,255|0|0|0|0|0|0|0,0|0|0|0|0|0|0|0,2|0|0|0|0|0|0|0,-30|0|0|0|0|0|0|0,0|0|0|0|0|0|0|0,88|0|0|0|0|0|0|0,0,0,30,26,255,32
1661,0,5,2,0,2,0,0,0,3|3|0|0|0|0|0|0,255|255|0|0|0|0|0|0,0|0|0|0|0|0|0|0,2|-2|0|0|0|0|0|0,-30|-30|0|0|0|0|0|0,0|0|0|0|0|0|0|0,88|88|0|0|0|0|0|0,0,0,30,26,255,32
1662,0,5,2,0,2,0,0,0,3|3|0|0|0|0|0|0,255|255|0|0|0|0|0|0,0|0|0|0|0|0|0|0,2|2|0|0|0|0|0|0,-30|-20|0|0|0|0|0|0,0|0|0|0|0|0|0|0,88|88|0|0|0|0|0|0,0,0,30,26,255,32
1663,0,5,3,0,3,0,0,0,3|3|3|0|0|0|0|0,255|255|255|0|0|0|0|0,0|0|0|0|0|0|0|0,2|2|-2|0|0|0|0|0,-30|-20|-30|0|0|0|0|0,0|0|0|0|0|0|0|0,88|88|88|0|0|0|0|0,0,0,30,26,255,32
1664,0,7,2,0,2,0,0,0,3|3|0|0|0|0|0|0,255|255|0|0|0|0|0|0,0|120|0|0|0|0|0|0,1|120|0|0|0|0|0|0,-17|-7|0|0|0|0|0|0,-35|-5|0|0|0|0|0|0,88|88|0|0|0|0|0|0,0,0,4,26,255,32
1665,0,7,2,0,2,0,0,0,3|3|0|0|0|0|0|0,255|255|0|0|0|0|0|0,0|120|0|0|0|0|0|0,1|120|0|0|0|0|0|0,-20|-10|0|0|0|0|0|0,-30|0|0|0|0|0|0|0,88|88|0|0|0|0|0|0,0,0,5,26,255,32
1666,0,6,2,0,2,0,0,0,3|3|0|0|0|0|0|0,255|255|0|0|0|0|0|0,0|120|0|0|0|0|0|0,1|120|0|0|0|0|0|0,-26|-13|0|0|0|0|0|0,-30|0|0|0|0|0|0|0,88|88|0|0|0|0|0|0,0,0,6,26,255,32
1667,0,5,2,0,2,0,0,0,3|3|0|0|0|0|0|0,255|255|0|0|0|0|0|0,0|120|0|0|0|0|0|0,1|120|0|0|0|0|0|0,-30|-20|0|0|0|0|0|0,-30|0|0|0|0|0|0|0,88|88|0|0|0|0|0|0,0,0,7,26,255,32
1668,0,6,3,0,3,0,0,0,3|3|3|0|0|0|0|0,255|255|255|0|0|0|0|0,0|120|120|0|0|0|0|0,1|120|120|0|0|0|0|0,-24|-7|-19|0|0|0|0|0,-30|0|0|0|0|0|0|0,88|88|88|0|0|0|0|0,0,0,6,26,255,32
1669,0,6,4,0,4,0,0,0,3|3|3|3|0|0|0|0,255|255|255|255|0|0|0|0,1|-1|120|120|0|0|0|0,1|1|120|120|0|0|0|0,-24|-24|-7|-19|0|0|0|0,-30|-30|0|0|0|0|0|0,88|88|88|88|0|0|0|0,0,0,6,26,255,32
1670,0,0,1,3,8,0,0,0,3|3|3|3|3|3|3|3,255|255|255|255|255|255|255|255,0|4|6|4|0|-4|-6|-4,6|4|0|-4|-6|-4|0|4,0|4|6|4|0|-4|-6|-4,-6|-4|0|4|6|4|0|-4,126|126|126|126|126|126|126|126,0,0,0,26,255,32
1671,0,2,1,0,1,0,0,0,1|0|0|0|0|0|0|0,255|0|0|0|0|0|0|0,0|0|0|0|0|0|0|0,0|0|0|0|0|0|0|0,0|0|0|0|0|0|0|0,0|0|0|0|0|0|0|0,246|0|0|0|0|0|0|0,-1,0,0,26,255,32
1672,0,8,4,0,8,0,0,0,4|2|2|1|4|2|2|1,255|255|255|255|255|255|255|255,120|120|120|120|120|120|120|120,7|7|6|6|6|6|5|5,0|0|0|0|0|0|0|0,-14|0|0|14|-14|0|0|14,97|116|116|135|101|120|120|139,1,0,0,14,255,208
1673,0,3,2,0,2,0,0,0,1|1|0|0|0|0|0|0,255|255|0|0|0|0|0|0,0|0|0|0|0|0|0|0,8|8|0|0|0|0|0|0,-16|15|0|0|0|0|0|0,0|0|0|0|0|0|0|0,58|58|0|0|0|0|0|0,0,0,0,8,255,208
1674,0,3,3,0,3,0,0,0,1|1|1|0|0|0|0|0,255|255|255|0|0|0|0|0,0|0|0|0|0|0|0|0,8|8|8|0|0|0|0|0,-16|15|0|0|0|0|0|0,0|0|-4|0|0|0|0|0,58|58|58|0|0|0|0|0,0,0,0,8,255,208
1675,0,3,4,0,4,0,0,0,1|1|1|1|0|0|0|0,255|255|255|255|0|0|0|0,0|0|0|0|0|0|0|0,8|8|8|8|0|0|0|0,-19|18|-15|14|0|0|0|0,0|0|-2|-2|0|0|0|0,58|58|58|58|0|0|0|0,0,0,0,8,255,208
1676,0,3,5,0,5,0,0,0,1|1|1|1|1|0|0|0,255|255|255|255|255|0|0|0,0|0|0|0|0|0|0|0,8|8|8|8|8|0|0|0,-19|18|-15|14|0|0|0|0,0|0|-2|-2|-4|0|0|0,58|58|58|58|58|0|0|0,0,0,0,8,255,208
1677,0,3,7,0,7,0,0,0,1|1|1|1|1|1|1|0,255|255|255|255|255|255|255|0,0|0|0|0|0|0|0|0,8|8|8|8|8|8|8|0,-19|18|-15|14|-11|10|0|0,0|0|-2|-2|-4|-4|-6|0,58|58|58|58|58|58|58|0,0,0,0,8,255,208
1678,0,3,7,0,7,0,0,0,1|1|1|1|1|1|1|0,255|255|255|255|255|255|255|0,0|0|0|0|0|0|0|0,8|8|8|8|8|8|8|0,-19|18|-15|14|-6|5|0|0,0|0|-2|-2|-4|-4|-6|0,58|58|58|58|58|58|58|0,0,0,0,8,255,208
1679,0,3,3,0,6,0,0,0,1|1|1|1|1|1|0|0,255|255|255|255|255|255|0|0,0|0|0|0|0|0|0|0,8|8|8|8|8|-8|0|0,-16|15|0|-16|15|0|0|0,0|0|-4|0|0|4|0|0,58|58|134|58|58|77|0|0,0,0,0,8,255,208
1680,0,3,4,0,8,0,0,0,1|1|1|1|1|1|1|1,255|255|255|255|255|255|255|255,0|0|0|0|0|0|0|0,8|8|8|8|-8|-8|8|8,-19|18|-15|14|-3|2|-6|5,0|0|-2|-2|4|4|-2|-2,58|58|58|58|58|58|58|58,0,0,0,8,255,208
1681,0,3,3,0,6,0,0,0,1|1|173|1|1|1|0|0,255|255|255|255|255|255|0|0,0|0|0|0|0|0|0|0,8|8|8|8|8|-8|0|0,-16|15|0|-16|15|0|0|0,0|0|-4|0|0|4|0|0,58|58|241|58|58|77|0|0,0,0,0,8,255,208
1682,0,3,2,0,8,0,0,0,173|173|1|1|1|1|1|1,255|255|255|255|255|255|255|255,0|0|0|0|0|0|0|0,8|8|8|8|8|8|8|8,-16|15|-5|4|-5|4|-5|4,0|0|0|0|0|0|0|0,241|241|58|58|58|58|58|58,0,0,0,8,255,208
1683,0,3,5,0,5,0,0,0,1|1|1|1|173|0|0|0,255|255|255|255|255|0|0|0,0|0|0|0|0|0|0|0,8|8|8|8|8|0|0|0,-19|18|-15|14|0|0|0|0,0|0|-2|-2|-4|0|0|0,58|58|58|58|241|0|0|0,0,0,0,8,255,208
1684,0,3,2,0,2,0,0,0,1|1|0|0|0|0|0|0,255|255|0|0|0|0|0|0,-6|6|0|0|0|0|0|0,6|6|0|0|0|0|0|0,-16|15|0|0|0|0|0|0,0|0|0|0|0|0|0|0,163|164|0|0|0|0|0|0,0,0,0,8,255,208
1685,0,3,3,0,3,0,0,0,1|1|1|0|0|0|0|0,255|255|255|0|0|0|0|0,-6|6|0|0|0|0|0|0,6|6|-8|0|0|0|0|0,-16|15|0|0|0|0|0|0,0|0|4|0|0|0|0|0,163|164|77|0|0|0|0|0,0,0,0,8,255,208
1686,0,3,4,0,4,0,0,0,1|1|1|1|0|0|0|0,255|255|255|255|0|0|0|0,-6|6|-7|7|0|0|0|0,6|6|4|4|0|0|0|0,-16|15|-16|15|0|0|0|0,0|0|0|0|0|0|0|0,163|164|281|282|0|0|0|0,0,0,0,8,255,208
1687,0,3,6,0,6,0,0,0,1|1|1|1|1|1|0|0,255|255|255|255|255|255|0|0,-6|6|-7|7|-8|8|0|0,6|6|3|3|0|0|0|0,-16|15|-16|15|-16|15|0|0,0|0|0|0|0|0|0|0,163|164|281|282|39|1|0|0,0,0,0,8,255,208
1688,0,3,8,0,8,0,0,0,1|1|1|1|1|1|1|1,255|255|255|255|255|255|255|255,-6|6|-7|7|-8|8|-3|3,6|6|3|3|0|0|7|7,-16|15|-16|15|-16|15|-16|15,0|0|0|0|0|0|0|0,163|164|281|282|39|1|201|202,0,0,0,8,255,208
1689,0,3,4,0,4,0,0,0,3|3|1|1|0|0|0|0,255|255|255|255|0|0|0|0,-6|6|-3|3|0|0|0|0,6|6|7|7|0|0|0|0,-16|15|-16|15|0|0|0|0,0|0|0|0|0|0|0|0,121|122|201|202|0|0|0|0,0,0,0,8,255,208
1690,0,3,6,0,6,0,0,0,3|3|1|1|1|1|0|0,255|255|255|255|255|255|0|0,-6|6|-3|3|-7|7|0|0,6|6|7|7|3|3|0|0,-16|15|-16|15|-16|15|0|0,0|0|0|0|0|0|0|0,121|122|201|202|281|282|0|0,0,0,0,8,255,208
1691,0,3,4,0,4,0,0,0,3|3|3|3|0|0|0|0,255|255|255|255|0|0|0|0,-7|7|-4|4|0|0|0|0,4|4|7|7|0|0|0|0,-16|15|-16|15|0|0|0|0,0|0|0|0|0|0|0|0,98|98|98|98|0|0|0|0,0,0,0,8,255,208
1692,0,3,6,0,6,0,0,0,3|3|3|3|3|3|0|0,255|255|255|255|255|255|0|0,-7|7|-4|4|-8|8|0|0,4|4|7|7|1|1|0|0,-16|15|-16|15|-16|15|0|0,0|0|0|0|0|0|0|0,98|98|98|98|98|98|0|0,0,0,0,8,255,208
1693,0,3,2,0,2,0,0,0,173|173|0|0|0|0|0|0,255|255|0|0|0|0|0|0,-6|6|0|0|0|0|0|0,6|6|0|0|0|0|0|0,-16|15|0|0|0|0|0|0,0|0|0|0|0|0|0|0,241|241|0|0|0|0|0|0,0,0,0,8,255,208
1694,0,3,3,0,3,0,0,0,173|173|173|0|0|0|0|0,255|255|255|0|0|0|0|0,-6|6|0|0|0|0|0|0,6|6|-7|0|0|0|0|0,-16|15|0|0|0|0|0|0,0|0|0|0|0|0|0|0,241|241|241|0|0|0|0|0,0,0,0,8,255,208
1695,0,5,1,0,2,0,0,0,174|175|0|0|0|0|0|0,255|255|0|0|0|0|0|0,-6|6|0|0|0|0|0|0,6|6|0|0|0|0|0|0,-16|15|0|0|0|0|0|0,0|0|0|0|0|0|0|0,255|255|0|0|0|0|0|0,0,0,0,8,255,208
1696,0,8,2,0,2,0,0,0,174|175|0|0|0|0|0|0,255|255|0|0|0|0|0|0,-6|6|0|0|0|0|0|0,6|6|0|0|0|0|0|0,-16|15|0|0|0|0|0|0,0|0|0|0|0|0|0|0,255|255|0|0|0|0|0|0,0,0,0,8,255,208
1697,0,8,3,0,3,0,0,0,174|175|1|0|0|0|0|0,255|255|255|0|0|0|0|0,-6|6|0|0|0|0|0|0,6|6|-8|0|0|0|0|0,-16|15|0|0|0|0|0|0,0|0|0|0|0|0|0|0,255|255|111|0|0|0|0|0,0,0,0,8,255,208
1698,0,8,4,0,4,0,0,0,174|175|1|1|0|0|0|0,255|255|255|255|0|0|0|0,-6|6|-6|6|0|0|0|0,6|6|-6|-6|0|0|0|0,-16|15|-15|14|0|0|0|0,0|0|0|0|0|0|0|0,255|255|111|111|0|0|0|0,0,0,0,8,255,208
1699,0,8,5,0,5,0,0,0,174|175|1|1|1|0|0|0,255|255|255|255|255|0|0|0,-6|6|-6|6|0|0|0|0,6|6|-6|-6|-8|0|0|0,-16|15|-15|14|0|0|0|0,0|0|0|0|0|0|0|0,255|255|111|111|111|0|0|0,0,0,0,8,255,208
1700,0,8,6,0,6,0,0,0,174|175|1|1|1|1|0|0,255|255|255|255|255|255|0|0,-6|6|-6|6|0|0|0|0,6|6|-6|-6|-8|-8|0|0,-16|15|-15|14|-4|3|0|0,0|0|0|0|0|0|0|0,255|255|111|111|111|111|0|0,0,0,0,8,255,208
1701,0,8,7,0,7,0,0,0,174|175|1|1|1|1|1|0,255|255|255|255|255|255|255|0,-6|6|-6|6|-3|3|0|0,6|6|-6|-6|-7|-7|-8|0,-16|15|-15|14|-9|8|0|0,0|0|0|0|0|0|0|0,255|255|111|111|111|111|111|0,0,0,0,8,255,208
1702,0,8,7,0,7,0,0,0,174|175|1|1|1|1|1|0,255|255|255|255|255|255|255|0,-6|6|-6|6|-3|3|0|0,6|6|-6|-6|-7|-7|8|0,-16|15|-15|14|-9|8|0|0,0|0|0|0|0|0|0|0,255|255|111|111|111|111|111|0,0,0,0,8,255,208
1703,0,8,5,0,5,0,0,0,174|175|174|175|1|0|0|0,255|255|255|255|255|0|0|0,-6|6|-6|6|0|0|0|0,6|6|6|6|-8|0|0|0,-16|15|-19|18|0|0|0|0,0|0|12|12|0|0|0|0,255|255|255|255|111|0|0|0,0,0,0,8,255,208
1704,0,8,7,0,7,0,0,0,174|175|174|175|1|1|1|0,255|255|255|255|255|255|255|0,-6|6|-6|6|0|-3|3|0,6|6|6|6|8|-7|-7|0,-16|15|-19|18|0|-9|8|0,0|0|12|12|0|0|0|0,255|255|255|255|111|111|111|0,0,0,0,8,255,208
1705,0,8,8,0,8,0,0,0,174|175|174|175|1|1|1|1,255|255|255|255|255|255|255|255,-6|6|-6|6|0|-6|6|0,6|6|6|6|8|-6|-6|-8,-16|15|-19|18|0|-9|8|0,0|0|12|12|0|0|0|0,255|255|255|255|111|111|111|111,0,0,0,8,255,208
1706,0,1,5,20,5,0,0,0,99|99|99|99|99|0|0|0,20|20|20|20|20|0|0|0,0|-1|1|-2|2|0|0|0,8|7|7|5|5|0|0|0,0|0|0|0|0|0|0|0,0|0|0|0|0|0|0|0,634|634|634|634|634|0|0|0,0,0,0,10,255,128
1707,0,11,8,1,8,0,0,0,20|20|20|20|20|20|20|20,255|255|255|255|255|255|255|255,120|120|120|120|120|120|120|120,120|120|120|120|120|120|120|120,14|0|-14|0|9|9|-9|-9,0|14|0|-14|9|-9|-9|9,227|227|227|227|227|227|227|227,0,0,0,26,255,208
1708,70,2,7,0,7,0,0,0,189|189|189|189|189|189|189|0,255|255|255|255|255|255|255|0,0|-1|1|-2|2|-3|3|0,1|0|0|0|0|-1|-1|0,0|0|0|0|0|0|0|0,0|0|0|0|0|0|0|0,238|238|238|238|238|238|238|0,1,0,0,6,255,208
1709,0,9,8,0,8,0,0,8,114|114|114|114|114|114|114|114,255|255|255|255|255|255|255|255,-5|5|-3|3|-3|3|0|0,0|0|-3|-3|3|3|-4|6,-5|5|-3|3|-3|3|0|0,0|0|-3|-3|3|3|-4|6,171|171|171|171|171|171|171|171,0,0,0,26,98,208
1710,10,0,1,3,1,0,0,0,128|0|0|0|0|0|0|0,255|0|0|0|0|0|0|0,0|0|0|0|0|0|0|0,1|0|0|0|0|0|0|0,0|0|0|0|0|0|0|0,0|0|0|0|0|0|0|0,271|0|0|0|0|0|0|0,0,0,0,8,255,208
1711,0,6,8,0,8,0,0,0,12|12|6|6|6|6|6|6,255|255|255|255|255|255|255|255,0|0|0|0|0|0|0|0,8|8|8|8|8|8|8|8,-24|24|-18|18|-12|12|-5|5,8|8|-2|-2|-6|-6|-8|-8,160|160|160|160|160|160|160|160,0,0,0,5,255,96
1712,0,3,1,0,1,0,0,0,3|0|0|0|0|0|0|0,255|0|0|0|0|0|0|0,0|0|0|0|0|0|0|0,10|0|0|0|0|0|0|0,0|0|0|0|0|0|0|0,0|0|0|0|0|0|0|0,72|0|0|0|0|0|0|0,0,0,0,13,255,208
1713,0,3,2,0,2,0,0,0,3|3|0|0|0|0|0|0,255|255|0|0|0|0|0|0,0|0|0|0|0|0|0|0,10|10|0|0|0|0|0|0,-6|6|0|0|0|0|0|0,0|0|0|0|0|0|0|0,72|72|0|0|0|0|0|0,0,0,0,13,255,208
1714,0,3,3,0,3,0,0,0,3|3|3|0|0|0|0|0,255|255|255|0|0|0|0|0,0|0|0|0|0|0|0|0,10|10|10|0|0|0|0|0,-6|6|0|0|0|0|0|0,0|0|-4|0|0|0|0|0,72|72|72|0|0|0|0|0,0,0,0,13,255,208
1715,0,3,4,0,4,0,0,0,3|3|3|3|0|0|0|0,255|255|255|255|0|0|0|0,0|0|0|0|0|0|0|0,10|10|10|10|0|0|0|0,-6|6|3|-3|0|0|0|0,0|0|-4|-4|0|0|0|0,72|72|72|72|0|0|0|0,0,0,0,13,255,208
1716,0,3,3,0,3,0,0,0,3|3|8|0|0|0|0|0,255|255|255|0|0|0|0|0,0|0|0|0|0|0|0|0,10|10|10|0|0|0|0|0,-6|6|0|0|0|0|0|0,0|0|-4|0|0|0|0|0,72|72|12|0|0|0|0|0,0,0,0,13,255,208
1717,0,3,4,0,4,0,0,0,3|3|5|5|0|0|0|0,255|255|255|255|0|0|0|0,0|0|0|0|0|0|0|0,10|10|10|10|0|0|0|0,-6|6|4|-4|0|0|0|0,0|0|-4|-4|0|0|0|0,72|72|12|12|0|0|0|0,0,0,0,13,255,208
1718,0,4,2,0,2,0,0,0,2|2|0|0|0|0|0|0,255|255|0|0|0|0|0|0,0|0|0|0|0|0|0|0,12|12|0|0|0|0|0|0,-8|10|0|0|0|0|0|0,0|0|0|0|0|0|0|0,262|262|0|0|0|0|0|0,0,0,0,5,255,208
1719,0,5,3,0,3,0,0,7,3|3|3|0|0|0|0|0,255|255|255|0|0|0|0|0,0|-4|4|0|0|0|0|0,-8|5|5|0|0|0|0|0,0|0|0|0|0|0|0|0,0|0|0|0|0|0|0|0,166|166|166|0|0|0|0|0,0,0,0,26,255,208
1720,0,10,2,0,6,0,0,0,4|4|4|4|4|4|0|0,255|255|255|255|255|255|0|0,0|0|-8|8|-10|10|0|0,10|10|8|8|0|0|0|0,-20|-20|-30|-10|-40|0|0|0,-15|-15|-10|-10|-10|-10|0|0,60022|60022|60022|60022|60022|60022|0|0,0,0,0,13,255,208
1721,0,5,8,1,8,0,0,0,5|5|4|4|4|4|4|4,255|255|255|255|255|255|255|255,0|0|0|0|0|0|0|0,22|22|22|22|22|22|22|22,0|0|0|0|0|0|0|0,0|-14|-28|-42|-56|-70|-84|-98,192|191|192|191|192|191|192|191,0,0,0,15,255,128
1722,0,5,8,0,8,0,0,0,5|5|4|4|4|4|4|4,255|255|255|255|255|255|255|255,-12|-12|-12|-12|-12|-12|-12|-12,14|14|14|14|14|14|14|14,0|-12|-24|-36|-48|-60|-72|-84,0|-14|-28|-42|-56|-70|-84|-98,194|195|194|195|194|195|194|195,0,0,0,15,255,128
1723,0,5,8,0,8,0,0,0,5|5|4|4|4|4|4|4,255|255|255|255|255|255|255|255,12|12|12|12|12|12|12|12,14|14|14|14|14|14|14|14,0|12|24|36|48|60|72|84,0|-14|-28|-42|-56|-70|-84|-98,196|197|196|197|196|197|196|197,0,0,0,15,255,128
1724,0,5,8,1,8,0,0,0,5|5|4|4|4|4|4|4,255|255|255|255|255|255|255|255,-22|-22|-22|-22|-22|-22|-22|-22,0|0|0|0|0|0|0|0,0|-12|-24|-36|-48|-60|-72|-84,0|0|0|0|0|0|0|0,198|199|198|199|198|199|198|199,0,0,0,15,255,128
1725,0,5,8,1,8,0,0,0,5|5|4|4|4|4|4|4,255|255|255|255|255|255|255|255,22|22|22|22|22|22|22|22,0|0|0|0|0|0|0|0,0|12|24|36|48|60|72|84,0|0|0|0|0|0|0|0,198|199|198|199|198|199|198|199,0,0,0,15,255,128
1726,0,5,1,1,1,0,0,0,2|0|0|0|0|0|0|0,255|0|0|0|0|0|0|0,0|0|0|0|0|0|0|0,10|0|0|0|0|0|0|0,0|0|0|0|0|0|0|0,0|0|0|0|0|0|0|0,50|0|0|0|0|0|0|0,0,0,0,26,255,208
1727,0,5,2,0,2,0,0,0,1|1|0|0|0|0|0|0,255|255|0|0|0|0|0|0,-7|7|0|0|0|0|0|0,7|7|0|0|0|0|0|0,-5|5|0|0|0|0|0|0,0|0|0|0|0|0|0|0,121|122|0|0|0|0|0|0,0,0,0,5,255,208
1728,0,4,1,0,1,0,0,0,1|0|0|0|0|0|0|0,255|0|0|0|0|0|0|0,0|0|0|0|0|0|0|0,9|0|0|0|0|0|0|0,0|0|0|0|0|0|0|0,0|0|0|0|0|0|0|0,48|0|0|0|0|0|0|0,0,0,0,13,255,208
1729,0,5,6,0,6,0,0,0,4|4|4|4|4|4|0|0,255|255|255|255|255|255|0|0,-7|7|-10|10|-7|7|0|0,7|7|0|0|-7|-7|0|0,-5|5|-5|5|-5|5|0|0,0|0|0|0|0|0|0|0,121|122|102|104|140|141|0|0,0,0,0,5,255,208
1730,0,4,2,0,8,0,0,7,2|2|2|2|2|2|2|2,255|255|255|255|255|255|255|255,-7|7|-5|5|-7|7|-9|9,7|7|9|9|7|7|5|5,-5|5|-5|5|-5|5|-5|5,0|0|0|0|0|0|0|0,247|247|247|247|247|247|247|247,0,0,0,5,255,32
1731,0,3,3,0,3,0,0,0,3|3|8|0|0|0|0|0,255|255|255|0|0|0|0|0,0|0|0|0|0|0|0|0,10|10|10|0|0|0|0|0,-8|8|0|0|0|0|0|0,10|10|-4|0|0|0|0|0,72|72|12|0|0|0|0|0,0,0,0,13,255,208
1732,0,3,5,0,5,0,0,0,3|3|3|3|5|0|0|0,255|255|255|255|255|0|0|0,0|0|0|0|0|0|0|0,10|10|10|12|10|0|0|0,-8|8|-10|10|0|0|0|0,10|10|12|12|-4|0|0|0,72|72|72|72|12|0|0|0,0,0,0,13,255,208
1733,0,3,3,0,3,0,0,0,3|3|12|0|0|0|0|0,255|255|255|0|0|0|0|0,0|0|0|0|0|0|0|0,10|10|10|0|0|0|0|0,-8|8|0|0|0|0|0|0,10|10|-4|0|0|0|0|0,72|72|11|0|0|0|0|0,0,0,0,13,255,208
1734,0,3,5,0,5,0,0,0,3|3|3|3|12|0|0|0,255|255|255|255|255|0|0|0,0|0|0|0|0|0|0|0,10|10|10|12|10|0|0|0,-8|8|-10|10|0|0|0|0,10|10|12|10|-4|0|0|0,72|72|72|72|11|0|0|0,0,0,0,13,255,208
1735,0,3,2,0,2,0,0,0,12|12|0|0|0|0|0|0,255|255|0|0|0|0|0|0,0|0|0|0|0|0|0|0,10|10|0|0|0|0|0|0,-6|6|0|0|0|0|0|0,-4|-4|0|0|0|0|0|0,11|11|0|0|0|0|0|0,0,0,0,13,255,208
1736,0,20,1,0,1,0,0,0,10|0|0|0|0|0|0|0,255|0|0|0|0|0|0|0,0|0|0|0|0|0|0|0,10|0|0|0|0|0|0|0,0|0|0|0|0|0|0|0,0|0|0|0|0|0|0|0,30|0|0|0|0|0|0|0,0,0,0,13,255,112
1737,0,30,5,0,5,0,0,7,20|2|2|2|2|0|0|0,255|255|255|255|255|0|0|0,0|-2|2|-3|3|0|0|0,2|2|2|0|0|0|0|0,0|0|0|0|0|0|0|0,0|0|0|0|0|0|0|0,28|247|247|247|247|0|0|0,0,0,0,13,255,112
1738,0,2,1,0,1,0,0,0,1|0|0|0|0|0|0|0,255|0|0|0|0|0|0|0,0|0|0|0|0|0|0|0,10|0|0|0|0|0|0|0,0|0|0|0|0|0|0|0,0|0|0|0|0|0|0|0,20|0|0|0|0|0|0|0,0,0,0,13,255,112
1739,0,2,2,0,2,0,0,0,1|1|0|0|0|0|0|0,255|255|0|0|0|0|0|0,0|0|0|0|0|0|0|0,10|10|0|0|0|0|0|0,-9|9|0|0|0|0|0|0,12|12|0|0|0|0|0|0,20|20|0|0|0|0|0|0,0,0,0,13,255,112
1740,0,3,2,0,2,0,0,0,1|1|0|0|0|0|0|0,255|255|0|0|0|0|0|0,0|0|0|0|0|0|0|0,10|10|0|0|0|0|0|0,-3|3|0|0|0|0|0|0,0|0|0|0|0|0|0|0,20|20|0|0|0|0|0|0,0,0,0,13,255,112
1741,0,3,3,0,3,0,0,0,1|1|1|0|0|0|0|0,255|255|255|0|0|0|0|0,0|0|0|0|0|0|0|0,10|10|10|0|0|0|0|0,-9|9|0|0|0|0|0|0,12|12|0|0|0|0|0|0,20|20|21|0|0|0|0|0,0,0,0,13,255,112
1742,0,3,3,0,3,0,0,0,1|1|1|0|0|0|0|0,255|255|255|0|0|0|0|0,0|0|0|0|0|0|0|0,10|10|10|0|0|0|0|0,-15|15|0|0|0|0|0|0,14|14|0|0|0|0|0|0,20|20|21|0|0|0|0|0,0,0,0,13,255,112
1743,0,3,4,0,4,0,0,0,1|1|1|1|0|0|0|0,255|255|255|255|0|0|0|0,0|0|0|0|0|0|0|0,10|10|10|10|0|0|0|0,-11|11|-4|4|0|0|0|0,14|14|0|0|0|0|0|0,20|20|21|21|0|0|0|0,0,0,0,13,255,112
1744,0,3,4,0,4,0,0,0,1|1|1|1|0|0|0|0,255|255|255|255|0|0|0|0,0|0|0|0|0|0|0|0,10|10|10|10|0|0|0|0,-17|17|-4|4|0|0|0|0,14|14|0|0|0|0|0|0,21|21|21|21|0|0|0|0,0,0,0,13,255,112
1745,0,3,3,0,3,0,0,0,1|1|1|0|0|0|0|0,255|255|255|0|0|0|0|0,0|0|0|0|0|0|0|0,10|10|10|0|0|0|0|0,-18|18|0|0|0|0|0|0,14|14|0|0|0|0|0|0,22|22|21|0|0|0|0|0,0,0,0,13,255,112
1746,0,3,4,0,4,0,0,0,1|1|1|1|0|0|0|0,255|255|255|255|0|0|0|0,0|0|0|0|0|0|0|0,10|10|10|10|0|0|0|0,-22|22|-9|9|0|0|0|0,14|14|12|12|0|0|0|0,22|22|20|20|0|0|0|0,0,0,0,13,255,112
1747,0,3,5,0,5,0,0,0,1|1|1|1|1|0|0|0,255|255|255|255|255|0|0|0,0|0|0|0|0|0|0|0,10|10|10|10|10|0|0|0,-22|22|-16|16|0|0|0|0,14|14|12|12|0|0|0|0,22|22|22|22|20|0|0|0,0,0,0,13,255,112
1748,0,3,6,0,6,0,0,0,1|1|1|1|1|1|0|0,255|255|255|255|255|255|0|0,0|0|0|0|0|0|0|0,10|10|10|10|10|10|0|0,-22|22|-16|16|-9|9|0|0,14|14|12|12|12|12|0|0,22|22|22|22|20|20|0|0,0,0,0,13,255,112
1749,0,4,1,0,1,0,0,0,3|0|0|0|0|0|0|0,255|0|0|0|0|0|0|0,120|0|0|0|0|0|0|0,120|0|0|0|0|0|0|0,-24|0|0|0|0|0|0|0,0|0|0|0|0|0|0|0,88|0|0|0|0|0|0|0,0,0,168,26,255,32
1750,0,3,2,2,6,0,0,0,1|1|1|1|1|1|0|0,255|255|101|101|101|101|0|0,0|0|10|10|-10|-10|0|0,22|22|10|10|10|10|0|0,0|0|0|-12|12|0|0|0,-8|6|0|14|14|0|0|0,191|191|196|196|194|194|0|0,0,0,0,15,255,128
1751,0,0,2,0,4,0,0,0,1|1|0|0|0|0|255|255,255|255|255|255|0|0|0|0,101|101|101|101|0|0|0|0,14|14|14|14|0|0|0|0,-9|8|-9|8|0|0|0|0,10|10|10|10|0|0|0|0,286|286|286|286|0|65535|65535|65535,0,0,0,6,255,208
1752,0,0,4,0,4,0,0,0,1|1|1|1|0|0|0|0,255|255|255|255|0|0|0|0,101|101|101|101|0|0|0|0,14|14|14|14|0|0|0|0,-14|13|-6|5|0|0|0|0,14|14|10|10|0|0|0|0,120|120|116|116|0|0|0|0,0,0,0,6,255,208
1753,0,0,2,0,2,0,0,0,1|1|0|0|0|0|0|0,255|255|0|0|0|0|0|0,0|0|0|0|0|0|0|0,10|10|0|0|0|0|0|0,-11|11|0|0|0|0|0|0,10|10|0|0|0|0|0|0,49|49|0|0|0|0|0|0,0,0,0,6,255,208
1754,0,0,1,0,1,0,0,0,251|0|0|0|0|0|0|0,255|112|0|0|0|0|0|0,101|0|0|0|0|0|0|0,14|0|0|0|0|0|0|0,-1|0|0|0|0|0|0|0,10|0|0|0|0|0|0|0,116|0|0|0|0|0|0|0,0,0,0,6,255,208
1755,0,4,2,0,6,0,0,0,112|112|112|112|112|112|0|0,255|255|255|255|255|255|0|0,0|0|0|0|0|0|0|0,0|0|0|0|0|0|0|0,-17|16|-23|22|-29|28|0|0,10|10|12|12|14|14|0|0,31|31|31|31|31|31|0|0,1,0,0,7,0,208
1756,0,3,2,0,2,0,0,0,251|251|0|0|0|0|0|0,98|98|0|0|0|0|0|0,0|0|0|0|0|0|0|0,28|28|0|0|0|0|0|0,-6|6|0|0|0|0|0|0,0|0|0|0|0|0|0|0,143|144|0|0|0|0|0|0,0,0,0,13,255,208
1757,0,2,2,0,4,0,0,0,251|251|251|251|0|0|0|0,98|98|98|98|0|0|0|0,-8|-8|8|8|0|0|0|0,28|28|28|28|0|0|0|0,-6|6|-6|6|0|0|0|0,0|0|0|0|0|0|0|0,143|144|143|144|0|0|0|0,0,0,0,13,255,208
1758,0,3,4,0,4,0,0,0,251|251|251|251|0|0|0|0,98|98|98|98|0|0|0|0,-8|-8|8|8|0|0|0|0,28|28|28|28|0|0|0|0,-6|6|-6|6|0|0|0|0,0|0|0|0|0|0|0|0,143|144|143|144|0|0|0|0,0,0,0,13,255,208
1759,0,3,4,0,4,0,0,0,251|251|251|251|0|0|0|0,98|98|98|98|0|0|0|0,0|0|0|0|0|0|0|0,28|28|28|28|0|0|0|0,-18|-6|6|18|0|0|0|0,0|0|0|0|0|0|0|0,748|749|750|751|0|0|0|0,0,0,0,13,255,208
1760,0,3,4,0,4,0,0,0,251|251|251|251|0|0|0|0,98|98|98|98|0|0|0|0,0|0|0|0|0|0|0|0,28|28|28|28|0|0|0|0,-6|6|-6|6|0|0|0|0,0|0|14|14|0|0|0|0,143|144|143|144|0|1|0|1,0,0,0,13,255,208
1761,0,2,4,0,6,0,0,0,251|251|251|251|251|251|1|0,98|98|98|98|98|98|0|0,-14|-14|14|14|0|0|0|0,28|28|28|28|28|28|0|0,-6|6|-6|6|-6|6|0|0,0|0|0|0|0|0|0|0,143|144|143|144|143|144|0|0,0,0,0,13,255,208
1762,0,3,6,0,6,0,0,0,251|251|251|251|251|251|0|0,98|98|98|98|98|98|0|0,-14|-14|14|14|0|0|0|0,28|28|28|28|28|28|0|0,-6|6|-6|6|-6|6|0|0,0|0|0|0|0|0|0|0,143|144|143|144|143|144|0|0,0,0,0,13,255,208
1763,0,3,8,0,8,0,0,0,251|251|251|251|251|251|251|251,98|98|98|98|98|98|98|98,-20|-20|20|20|8|8|-8|-8,28|28|28|28|28|28|28|28,-6|6|-6|6|-6|6|-6|6,0|0|0|0|0|0|0|0,143|144|143|144|143|144|143|144,0,0,0,13,255,208
1764,0,3,8,0,8,0,0,0,251|251|251|251|251|251|251|251,98|98|98|98|98|98|98|98,-20|-20|20|20|4|4|-4|-4,28|28|28|28|28|28|28|28,-6|6|-6|6|-6|6|-6|6,0|0|0|0|0|0|0|0,143|144|143|144|143|144|143|144,0,0,0,13,255,208
1765,0,3,8,0,8,0,0,0,251|251|251|251|251|251|251|251,98|98|98|98|98|98|98|98,-8|-8|8|8|8|8|-8|-8,28|28|28|28|0|0|0|0,-6|6|-6|6|-6|6|-6|6,0|0|0|0|0|0|0|0,143|144|143|144|143|144|143|144,1,0,0,13,255,208
1766,0,3,8,0,8,0,0,0,251|251|251|251|251|251|251|251,98|98|98|98|98|98|98|98,0|0|0|0|6|6|-6|-6,28|28|28|28|0|0|0|0,-18|-6|6|18|-6|6|-6|6,0|0|0|0|0|0|0|0,748|749|750|751|143|144|143|144,1,0,0,13,255,208
1767,0,4,1,0,1,0,0,9,2|112|1|0|0|0|32|234,255|112|240|233|190|112|1|0,0|0|-36|-23|-66|112|-44|-23,2|112|1|0|0|0|-60|-23,0|112|-68|-23|-66|112|1|0,0|0|-84|-23|-66|112|-96|-23,501|1|0|256|0|10|0|5000,1,0,0,16,255,208
1768,0,4,2,0,2,0,0,0,1|1|0|0|0|0|0|0,255|255|0|0|0|0|0|0,-1|1|0|0|0|0|0|0,2|2|0|0|0|0|0|0,0|0|0|0|0|0|0|0,0|0|0|0|0|0|0|0,501|501|0|0|0|0|0|0,1,0,0,16,255,208
1769,0,4,3,0,3,0,0,0,1|1|1|0|0|0|0|0,255|255|255|0|0|0|0|0,-2|2|0|0|0|0|0|0,2|2|2|0|0|0|0|0,0|0|0|0|0|0|0|0,0|0|0|0|0|0|0|0,501|501|501|0|0|0|0|0,1,0,0,16,255,208
1770,0,4,4,0,4,0,0,0,1|1|1|1|0|0|0|0,255|255|255|255|0|0|0|0,-4|-3|4|3|0|0|0|0,2|2|2|2|0|0|0|0,0|0|0|0|0|0|0|0,0|0|0|0|0|0|0|0,501|501|501|501|0|0|0|0,1,0,0,16,255,208
1771,0,4,4,0,4,0,0,0,1|1|1|1|0|0|0|0,255|255|255|255|0|0|0|0,-5|-2|5|2|0|0|0|0,2|2|2|2|0|0|0|0,0|0|0|0|0|0|0|0,0|0|0|0|0|0|0|0,501|501|501|501|0|0|0|0,1,0,0,16,255,208
1772,0,4,5,0,5,0,0,0,1|1|1|1|1|0|0|0,255|255|255|255|255|0|0|0,-5|-2|5|2|0|0|0|0,2|2|2|2|2|0|0|0,0|0|0|0|0|0|0|0,0|0|0|0|0|0|0|0,501|501|501|501|501|0|0|0,1,0,0,16,255,208
1773,0,4,6,0,6,0,0,0,1|1|1|1|1|1|0|0,255|255|255|255|255|255|0|0,0|-5|-2|5|2|0|0|0,2|2|2|2|2|2|0|0,0|0|0|0|0|0|0|0,-12|0|0|0|0|0|0|0,501|501|501|501|501|501|0|0,1,0,0,16,255,208
1774,0,4,3,0,3,0,0,0,1|1|2|0|0|0|0|0,255|255|255|0|0|0|0|0,-2|2|0|0|0|0|0|0,2|2|2|0|0|0|0|0,0|0|0|0|0|0|0|0,0|0|0|0|0|0|0|0,501|501|520|0|0|0|0|0,1,0,0,16,255,208
1775,0,4,2,0,2,0,0,0,2|2|0|0|0|0|0|0,255|255|0|0|0|0|0|0,-1|1|0|0|0|0|0|0,2|2|0|0|0|0|0|0,0|0|0|0|0|0|0|0,0|0|0|0|0|0|0|0,520|520|0|0|0|0|0|0,1,0,0,16,255,208
1776,0,4,4,0,4,0,0,0,2|2|1|1|0|0|0|0,255|255|255|255|0|0|0|0,-1|1|-3|3|0|0|0|0,2|2|2|2|0|0|0|0,0|0|0|0|0|0|0|0,0|0|0|0|0|0|0|0,520|520|501|501|0|0|0|0,1,0,0,16,255,208
1777,0,4,3,0,3,0,0,0,2|2|2|0|0|0|0|0,255|255|255|0|0|0|0|0,-2|2|0|0|0|0|0|0,2|2|2|0|0|0|0|0,0|0|0|0|0|0|0|0,0|0|0|0|0|0|0|0,520|520|520|0|0|0|0|0,1,0,0,16,255,208
1778,0,0,2,1,4,0,0,0,251|251|251|251|0|0|0|0,255|255|255|255|0|0|0|0,101|101|101|101|0|0|0|0,14|14|14|14|0|0|0|0,-6|6|-6|6|0|0|0|0,10|10|10|10|0|0|0|0,558|561|559|562|0|0|0|0,0,0,0,6,255,208
1779,0,3,1,18,1,0,0,0,2|0|0|0|0|0|0|0,255|0|0|0|0|0|0|0,0|0|0|0|0|0|0|0,-1|0|0|0|0|0|0|0,0|0|0|0|0|0|0|0,-8|0|0|0|0|0|0|0,598|0|0|0|0|0|0|0,1,0,0,25,255,208
1780,40,3,4,11,8,0,0,0,250|250|251|251|250|250|250|250,11|11|11|11|11|11|11|11,0|0|0|0|0|0|0|0,11|11|11|11|11|11|11|11,-6|6|-6|6|-6|6|-6|6,-7|-7|7|7|-7|-7|7|7,672|691|710|729|672|691|710|729,-1,0,0,4,255,112
1781,0,7,2,0,2,0,0,0,251|250|0|0|0|0|0|0,255|255|0|0|0|0|0|0,0|0|0|0|0|0|0|0,12|12|0|0|0|0|0|0,0|0|0|0|0|0|0|0,-7|7|0|0|0|0|0|0,185|186|0|0|0|0|0|0,0,0,0,31,255,208
1782,0,6,2,0,2,0,0,0,251|250|0|0|0|0|0|0,255|255|0|0|0|0|0|0,0|0|0|0|0|0|0|0,14|14|0|0|0|0|0|0,0|0|0|0|0|0|0|0,-7|7|0|0|0|0|0|0,189|190|0|0|0|0|0|0,0,0,0,31,255,208
1783,0,6,2,0,4,0,0,0,251|250|251|250|0|0|0|0,255|255|255|255|0|0|0|0,0|0|0|0|0|0|0|0,16|16|16|16|0|0|0|0,-5|-5|5|5|0|0|0|0,-7|7|-7|7|0|0|0|0,185|186|185|186|0|0|0|0,0,0,0,31,255,208
1784,0,8,4,0,4,0,0,0,251|250|251|250|0|0|0|0,255|255|255|255|0|0|0|0,0|0|0|0|0|0|0|0,16|16|16|16|0|0|0|0,-9|-9|9|9|0|0|0|0,-7|7|-7|7|0|0|0|0,185|186|185|186|0|0|0|0,0,0,0,31,255,208
1785,0,7,4,0,4,0,0,0,251|250|251|250|0|0|0|0,255|255|255|255|0|0|0|0,0|0|0|0|0|0|0|0,16|16|16|16|0|0|0|0,-6|-6|6|6|0|0|0|0,-7|7|-7|7|0|0|0|0,185|186|185|186|0|0|0|0,0,0,0,31,255,208
1786,0,7,4,0,8,0,0,0,251|250|251|250|251|250|251|250,255|255|255|255|255|255|255|255,0|0|0|0|0|0|0|0,16|16|16|16|16|16|16|16,-6|-6|6|6|-9|-9|9|9,-7|7|-7|7|-7|7|-7|7,185|186|185|186|185|186|185|186,0,0,0,31,255,208
1787,0,7,6,0,6,0,0,0,251|250|251|250|251|250|0|0,255|255|255|255|255|255|0|0,0|0|0|0|0|0|0|0,16|16|16|16|16|16|0|0,-9|-9|9|9|0|0|0|0,-7|7|-7|7|-3|11|0|0,185|186|185|186|185|186|0|0,0,0,0,31,255,208
1788,0,7,6,0,6,0,0,0,251|250|251|250|251|251|0|0,255|255|255|255|255|255|0|0,0|0|0|0|0|0|0|0,16|16|16|16|16|16|0|0,-9|-9|9|9|0|0|0|0,-7|7|-7|7|-3|11|0|0,185|186|185|186|189|190|0|0,0,0,0,31,255,208
1789,0,7,6,0,6,0,0,0,251|251|251|251|251|250|0|0,255|255|255|255|255|255|0|0,0|0|0|0|0|0|0|0,16|16|16|16|16|16|0|0,-9|-9|9|9|0|0|0|0,-7|7|-7|7|-3|11|0|0,189|190|189|190|185|186|0|0,0,0,0,31,255,208
1790,0,7,8,0,8,0,0,0,251|250|251|250|251|250|251|250,255|255|255|255|255|255|255|255,0|0|0|0|0|0|0|0,16|16|16|16|16|16|16|16,-11|-11|11|11|-4|-4|4|4,-7|7|-7|7|-3|11|-3|11,185|186|185|186|185|186|185|186,0,0,0,31,255,208
1791,0,7,8,0,8,0,0,0,251|251|251|251|251|250|251|250,255|255|255|255|255|255|255|255,0|0|0|0|0|0|0|0,16|16|16|16|16|16|16|16,-11|-11|11|11|-4|-4|4|4,-7|7|-7|7|-3|11|-3|11,189|190|189|190|189|190|189|190,0,0,0,31,255,208
1792,0,2,1,0,8,0,0,0,3|3|3|3|3|3|3|3,255|255|255|255|255|255|255|255,-1|1|-1|-2|2|2|0|0,0|2|1|0|0|1|1|-1,0|0|0|0|0|0|0|0,0|0|0|0|0|0|0|0,23|24|25|26|23|24|25|26,0,0,88,30,255,176
1793,80,10,4,7,4,0,0,0,251|251|251|251|0|0|0|0,255|255|255|255|0|0|0|0,0|0|0|0|0|0|0|0,4|4|4|4|0|0|0|0,-6|6|6|-6|0|0|0|0,-7|-7|7|7|0|0|0|0,752|771|778|790|0|0|0|0,0,0,48,31,255,176
1794,500,20,5,1,5,0,0,0,251|251|251|251|251|0|0|0,255|255|255|255|255|0|0|0,0|0|0|0|0|0|0|0,0|0|0|0|0|0|0|0,0|6|6|-6|-6|0|0|0,7|7|-7|7|-7|0|0|0,663|661|657|659|655|0|0|0,1,0,0,31,198,208
1795,100,5,2,0,2,0,0,0,1|1|0|0|0|0|0|0,255|255|0|0|0|0|0|0,0|0|0|0|0|0|0|0,0|0|0|0|0|0|0|0,-2|4|0|0|0|0|0|0,0|0|0|0|0|0|0|0,620|620|0|0|0|0|0|0,1,0,0,31,255,176
1796,150,5,3,0,3,0,0,0,1|1|1|0|0|0|0|0,255|255|255|0|0|0|0|0,0|0|0|0|0|0|0|0,0|0|0|0|0|0|0|0,-4|6|1|0|0|0|0|0,0|0|-2|0|0|0|0|0,620|620|620|0|0|0|0|0,1,0,0,31,255,176
1797,100,5,2,0,2,0,0,0,2|2|0|0|0|0|0|0,255|255|0|0|0|0|0|0,0|0|0|0|0|0|0|0,0|0|0|0|0|0|0|0,-5|6|0|0|0|0|0|0,0|0|0|0|0|0|0|0,621|621|0|0|0|0|0|0,1,0,0,31,255,176
1798,50,5,1,0,1,0,0,0,3|0|0|0|0|0|0|0,255|0|0|0|0|0|0|0,0|0|0|0|0|0|0|0,0|0|0|0|0|0|0|0,0|0|0|0|0|0|0|0,0|0|0|0|0|0|0|0,622|0|0|0|0|0|0|0,1,0,0,31,255,176
1799,150,5,3,0,3,0,0,0,3|1|1|0|0|0|0|0,255|255|255|0|0|0|0|0,0|-1|1|0|0|0|0|0,0|0|0|0|0|0|0|0,0|-2|4|0|0|0|0|0,0|0|0|0|0|0|0|0,622|620|620|0|0|0|0|0,1,0,0,31,255,176
1800,150,5,3,0,3,0,0,0,3|2|2|0|0|0|0|0,255|255|255|0|0|0|0|0,0|-1|1|0|0|0|0|0,0|0|0|0|0|0|0|0,0|-5|6|0|0|0|0|0,0|0|0|0|0|0|0|0,622|621|621|0|0|0|0|0,1,0,0,31,255,176
1801,100,5,2,0,2,0,0,0,3|3|0|0|0|0|0|0,255|255|0|0|0|0|0|0,0|0|0|0|0|0|0|0,0|0|0|0|0|0|0|0,-5|5|0|0|0|0|0|0,0|0|0|0|0|0|0|0,627|627|0|0|0|0|0|0,1,0,0,31,255,176
1802,200,5,4,0,4,0,0,0,3|3|1|1|0|0|0|0,255|255|255|255|0|0|0|0,0|0|-1|1|0|0|0|0,0|0|0|0|0|0|0|0,-5|5|-6|8|0|0|0|0,0|0|0|0|0|0|0|0,627|627|621|621|0|0|0|0,1,0,0,31,255,176
1803,200,5,4,0,4,0,0,0,3|3|2|2|0|0|200|36,255|255|255|255|243|127|120|119,0|0|0|0|-13|127|104|119,0|0|-1|-1|-13|127|72|119,-5|5|-13|13|-13|127|48|41,0|0|0|0|0|0|0|0,627|627|622|622|111|99|97|108,1,0,0,31,255,176
1804,300,5,6,0,6,0,0,0,3|3|2|2|1|1|65|0,255|255|255|255|255|255|68|0,0|0|0|0|0|0|-56|-53,0|0|-1|-1|-1|-1|0|0,-5|5|-13|13|-16|18|0|0,0|0|0|0|0|0|0|0,627|627|622|622|621|621|0|0,1,0,0,31,255,176
1805,400,5,8,0,8,0,0,0,3|3|2|2|1|1|1|1,255|255|255|255|255|255|255|255,0|0|0|0|0|0|0|0,0|0|-1|-1|-1|-1|-2|-2,-5|5|-13|13|-16|18|-20|22,0|0|0|0|0|0|0|0,627|627|622|622|621|621|621|621,1,0,0,31,255,176
1806,80,7,1,0,1,0,0,0,2|0|0|0|0|0|0|0,255|0|0|0|0|0|200|203,0|127|0|0|0|0|0|0,0|0|0|0|0|0|0|0,0|0|0|0|0|0|0|0,0|0|0|0|0|0|0|0,522|0|0|0|0|0|0|0,0,0,0,31,255,128
1807,0,0,0,0,0,0,0,0,3|3|0|0|0|0|0|0,255|255|0|0|0|0|0|0,-4|4|0|0|0|0|0|0,6|6|0|0|0|0|0|0,0|0|0|0|0|0|0|0,0|0|0|0|0|0|0|0,521|523|0|0|0|0|0|0,0,0,0,0,255,240
1808,0,0,0,0,0,0,0,0,3|3|3|0|0|0|200|203,255|255|255|0|0|0|0|0,-4|4|0|0|0|0|0|0,6|6|7|0|0|0|0|0,0|0|0|0|0|0|0|0,0|0|0|0|0|0|0|0,521|523|522|0|0|0|0|0,0,0,0,0,255,240
1809,0,0,0,0,0,0,0,0,3|3|5|0|0|0|0|0,255|255|255|0|0|0|0|0,-4|4|0|0|0|0|0|0,6|6|7|0|0|0|0|0,0|0|0|0|0|0|0|0,0|0|0|0|0|0|0|0,521|523|541|0|0|0|0|0,0,0,0,0,255,240
1810,0,0,0,0,0,0,0,0,5|5|3|0|0|0|0|0,255|255|255|0|0|0|0|0,-4|4|0|0|0|0|0|0,6|6|7|0|0|0|0|0,0|0|0|0|0|0|0|0,0|0|0|0|0|0|0|0,540|542|522|0|0|0|0|0,0,0,0,0,255,240
1811,0,0,0,0,0,0,0,0,5|5|5|0|0|0|0|0,255|255|255|0|0|0|0|0,-4|4|0|0|0|0|0|0,6|6|7|0|0|0|0|0,0|0|0|0|0|0|0|0,0|0|0|0|0|0|0|0,540|542|541|0|0|0|0|0,0,0,0,0,255,240
1812,0,0,0,0,0,0,0,0,5|5|5|3|3|127|0|0,255|255|255|255|255|0|0|0,-3|3|0|-5|5|0|0|0,6|6|7|5|5|0|0|0,0|0|0|0|0|0|0|0,0|0|0|0|0|0|0|0,540|542|541|521|523|9792|32766|58032,0,0,0,0,255,240
1813,0,0,0,0,0,0,0,0,5|5|5|5|5|0|0|0,255|255|255|255|255|0|16|0,-3|3|-5|5|0|0|0|0,6|6|5|5|7|0|32|0,0|0|0|0|0|0|0|0,0|0|0|0|0|0|0|0,540|542|540|542|541|57560|32756|16181,0,0,0,0,255,240
1814,0,0,0,0,0,0,0,0,5|5|251|251|0|0|0|0,255|255|255|255|0|0|8|37,-4|4|0|0|-2|127|0|0,6|6|7|7|0|0|0|0,0|0|0|0|0|0|0|0,0|0|-6|8|0|0|0|0,540|542|527|546|32756|16222|32760|0,0,0,0,0,255,240
1815,0,0,0,0,0,0,0,0,5|5|251|251|3|3|0|0,255|255|255|255|255|255|0|0,-4|4|0|0|-5|5|0|0,6|6|7|7|5|5|0|0,0|0|0|0|0|0|0|0,0|0|-6|8|0|0|0|0,540|542|527|546|521|523|0|0,0,0,0,0,255,240
1816,0,0,0,0,0,0,0,0,5|5|251|251|5|5|3|3,255|255|255|255|255|255|255|255,-3|3|0|0|-5|5|-7|7,6|6|7|7|5|5|4|4,0|0|0|0|0|0|0|0,0|0|-6|8|0|0|0|0,540|542|527|546|540|542|521|523,0,0,0,0,255,240
1817,0,0,0,0,0,0,0,0,8|0|0|0|0|0|0|0,255|0|0|0|0|0|0|0,0|0|0|0|0|0|0|0,0|0|0|0|0|0|0|0,0|0|0|0|0|0|0|0,0|0|0|0|0|0|1|0,502|257|3|0|0|0|0|0,0,0,0,0,255,240
1818,0,0,0,0,0,0,0,0,0|0|0|0|0|0|255|120,246|127|111|226|244|127|86|226,-12|127|45|-30|-12|127|4|-30,-12|127|-37|-31|-12|127|-62|-31,-12|127|-77|-31|-12|127|25|65,-13|127|-87|-31|-12|127|-107|-31,32756|0|0|0|0|0|0|0,0,0,0,0,255,240
