id,drain,shotRepeat,multi,weaponAnimation,max,tx,ty,aim,attack,del,sx,sy,bx,by,sg,acceleration,accelerationX,circleSize,sound,trail,shipBlastFilter
0,0,0,0,0,0,0,0,0,80|196|126|22|38|139|5|45,12|0|80|106|17|154|79|18,7|2|-60|126|26|38|-117|5,45|17|0|80|-60|126|22|38,-117|5|64|64|80|106|18|-102,79|18|7|2|-60|126|26|38,1419|4869|20480|32452|9750|1419|16448|27216,0,0,0,0,255,240
1,10,5,1,0,1,0,0,0,1|126|22|38|139|5|5|16,255|80|106|20|154|79|18|7,0|-60|126|26|38|-117|5|45,12|0|80|-60|126|22|38|-117,0|5|16|0|80|106|21|-102,0|18|7|2|-60|126|26|38,67|1797|20480|32452|9750|1419|4101|20480,0,0,0,28,255,208
2,10,4,1,0,1,0,0,0,3|154|22|17|7|2|154|192,255|7|2|138|70|255|201|202,0|0|85|-119|-27|-118|70|6,4|-28|-117|-8|-58|-123|27|-92,0|-118|70|6|48|-28|-117|-8,0|-67|51|-92|11|115|34|-118,146|58416|63627|48512|41939|30464|32775|28222,0,0,0,1,255,208
3,10,4,1,0,1,0,0,0,3|129|6|198|163|232|3|131,255|200|163|0|201|202|2|0,-3|8|0|0|-118|70|6|48,3|107|-64|37|-60|62|66|-31,0|-8|-119|126|-4|-116|70|-2,0|-118|69|34|60|1|117|95,147|13828|32128|270|10869|106|2922|14079,0,0,0,1,255,208
4,10,4,1,0,1,0,0,0,3|38|255|117|35|139|126|4,255|138|69|14|80|154|204|29,-3|2|-21|40|106|0|106|11,3|54|66|108|-1|54|68|108,0|54|8|-30|-1|54|10|-30,0|126|-4|38|-1|117|35|-117,145|35382|3653|39504|7628|519|10473|15363,0,0,0,1,255,208
5,20,5,1,0,1,0,0,0,2|48|228|139|248|128|189|173,255|0|117|85|160|129|109|48,0|-117|-8|-63|-25|5|-127|-57,12|81|30|7|-119|126|-8|-116,0|-6|-95|94|108|38|59|5,0|6|38|-1|77|4|-21|15,245|50284|63614|15142|32005|9732|17919|41220,0,0,0,28,255,208
6,10,4,1,0,1,0,0,0,1|161|96|108|196|126|248|38,255|69|2|125|4|38|255|69,0|-128|62|-127|109|60|117|-110,8|-84|2|60|3|117|18|-58,0|106|89|50|-58|6|24|-92,0|-58|6|-3|23|21|-23|-106,146|29700|59651|159|1734|28033|60161|65028,0,0,0,1,255,208
7,10,4,1,0,1,0,0,0,1|160|129|109|48|228|139|248,255|231|7|128|189|19|24|0,-6|104|-96|-127|109|48|-28|-117,6|-63|-25|7|-125|-67|-3|23,0|116|87|-96|-127|109|48|-28,0|-8|-63|-25|7|-127|-57|-92,147|35079|63614|18060|41466|27742|15142|325,0,0,0,1,255,208
8,10,4,1,0,1,0,0,0,1|1|125|4|38|254|77|5,255|96|108|196|126|248|38|59,-6|3|126|6|38|-2|69|6,6|16|-95|96|108|-60|126|-8,0|59|69|3|125|4|38|-2,0|6|-128|62|-127|109|100|116,145|65387|61673|15361|29701|15391|29702|15387,0,0,0,1,255,208
9,30,4,1,0,1,0,0,0,3|116|7|60|16|116|3|233,255|1|131|62|108|89|0|117,0|-58|6|110|89|1|-60|126,6|38|-117|69|35|-93|-76|109,0|6|-74|109|0|-58|6|112,0|0|38|-118|69|34|60|5,60|1734|28081|50695|45574|621|1735|22892,0,0,0,28,255,208
10,120,3,4,0,4,0,0,0,3|3|3|3|52|164|48|228,255|255|255|255|200|0|163|108,-3|3|-3|3|60|7|117|42,3|3|-3|-3|3|-58|6|-78,0|0|0|0|-92|48|-28|107,0|0|0|0|0|-93|108|89,302|0|0|0|25764|1734|6141|59669,0,0,0,1,255,208
11,30,2,1,0,1,0,0,0,2|52|164|48|228|5|10|0,255|108|89|233|151|0|60|9,0|30|-58|6|-79|109|-99|-58,20|-78|109|8|-96|52|-92|48,0|-47|-32|5|8|0|-93|108,0|-58|6|-74|109|1|-21|117,148|8053|1734|28081|50845|45574|2157|13472,-1,0,0,28,255,208
12,0,0,1,9,1,0,0,0,2|235|82|60|11|117|40|198,8|177|109|157|198|6|178|109,0|-96|52|-92|48|-28|107|-64,-1|5|10|0|-93|108|89|-96,0|-92|48|-28|107|-64|10|5,0|0|-94|107|89|-21|38|60,21|50722|45318|40301|1734|28082|40968|28034,0,0,0,9,1,112
13,0,0,8,9,8,0,0,0,1|1|2|1|2|1|1|1,8|8|8|8|8|8|8|8,0|0|3|5|-3|-5|-6|6,2|-2|0|0|0|0|0|0,0|0|0|4|0|-4|-4|4,0|0|0|0|0|0|0|0,21|21|21|20|21|20|20|20,0,0,0,12,1,112
14,0,0,8,9,8,0,0,0,1|1|1|1|2|2|2|2,8|8|8|8|8|8|8|8,6|-6|6|-6|0|8|-8|0,6|6|-6|-6|8|0|0|-8,6|-6|6|-6|0|8|-8|0,6|6|-6|-6|8|0|0|-8,21|21|21|21|20|20|20|20,0,0,0,12,1,112
15,0,8,5,0,5,1,0,0,114|114|114|114|114|254|14|24,255|255|255|255|255|228|139|248,0|0|0|0|0|-127|109|-128,0|-1|-1|-4|-4|3|-23|-22,0|-4|4|-7|7|0|116|3,0|0|0|0|0|108|89|0,34|34|34|34|34|49259|50213|16958,1,0,0,7,6,208
16,0,0,8,9,8,0,0,0,1|1|1|1|1|1|1|1,8|8|8|8|8|8|8|8,2|-2|2|-2|3|-3|0|0,2|2|-2|-2|0|0|3|-3,2|-2|2|-2|3|-3|0|0,2|2|-2|-2|0|0|3|-3,21|21|21|21|20|20|20|20,0,0,0,12,1,112
17,0,5,2,0,2,1,0,0,10|10|0|235|60|128|62|130,255|255|117|20|196|126|6|38,-2|2|-104|-47|-24|-94|-126|109,-2|-2|109|38|-120|5|-21|33,0|0|-126|109|100|-96|-126|109,0|0|-60|126|10|38|59|5,68|68|12397|9956|1321|1515|1734|28032,1,0,0,7,6,208
18,0,5,4,0,4,1,0,0,6|6|6|6|228|139|248|198,255|255|255|255|154|223|19|7,-1|1|-3|3|7|2|-102|-64,-2|-2|-3|-3|126|14|1|117,0|0|0|0|-93|0|118|95,0|0|0|0|0|118|19|-128,72|72|72|72|57876|29696|50693|44038,1,0,0,7,6,208
19,0,10,2,0,2,0,0,0,120|120|19|226|0|117|14|128,255|255|226|0|117|7|198|6,1|-1|0|-21|34|-128|62|24,7|7|117|27|-128|62|-84|81,0|0|20|-125|62|108|89|0,0|0|-58|6|-84|81|1|-96,142|142|55784|33018|27454|89|1142|3838,0,0,0,7,6,208
20,0,0,4,0,4,0,0,0,121|121|121|121|109|157|116|110,255|255|255|255|157|117|12|128,4|-4|4|-4|117|5|-58|6,4|4|-4|-4|62|107|-92|0,0|0|0|0|109|-94|102|-92,0|0|0|0|7|117|5|-58,100|100|100|100|27137|39426|5676|567,0,0,0,6,255,208
21,0,0,8,0,8,0,0,0,1|1|1|1|1|1|1|1,255|255|255|255|255|255|255|255,3|-3|3|-3|5|-5|0|0,3|3|-3|-3|0|0|5|-5,0|0|0|0|0|0|0|0,0|0|0|0|0|0|0|0,99|99|99|99|99|99|99|99,0,0,0,6,255,208
22,0,50,4,0,4,0,0,0,136|136|136|136|108|255|54|96,255|255|255|255|226|255|54|10,0|-6|6|0|109|-118|70|14,6|0|0|-6|7|2|-21|43,0|0|0|0|104|24|1|-102,0|0|0|0|80|104|-76|0,75|56|18|94|57864|14079|57866|14079,0,0,0,11,1,208
23,160,8,8,0,8,0,0,0,3|3|3|3|3|3|3|3,255|255|255|255|255|255|255|255,1|-1|2|-2|3|-3|4|-4,3|3|2|2|1|1|0|0,0|0|0|0|0|0|0|0,0|0|0|0|0|0|0|0,73|73|73|73|73|73|73|73,1,0,0,13,255,192
24,0,8,1,0,1,0,0,0,4|62|110|89|0|116|53|198,255|110|89|0|128|62|182|109,0|116|7|-58|6|24|-92|15,6|5|-58|6|24|-92|-56|49,0|-93|108|89|-96|102|-92|58,0|-79|109|117|15|-58|6|102,91|1734|42088|50845|27398|164|16000|22890,0,0,0,11,255,208
25,40,3,1,0,1,0,0,0,8|41|208|139|208|184|25|0,255|194|162|129|109|160|129|109,0|-28|-117|-48|-95|94|108|5,13|0|43|-62|80|106|0|-96,0|109|48|-28|-117|-48|-95|94,0|5|7|0|3|-62|80|104,73|12186|14109|40962|28033|58416|53387|24225,0,0,0,13,255,192
26,30,2,1,0,5,0,0,0,112|112|112|112|112|5|7|0,255|255|255|255|255|104|184|0,0|-2|2|1|-1|-2|14|106,-3|-3|-3|-3|-3|-28|-103|-71,0|0|0|0|0|9|-64|117,0|0|0|0|0|1|-55|-54,52|52|52|52|52|886|63977|27397,1,0,0,7,6,208
27,0,0,1,9,1,0,0,0,4|8|0|119|3|233|224|5,8|126|8|208|2|118|3|233,0|5|107|70|8|80|-60|62,-1|-31|3|-8|-119|126|-8|-116,0|-6|-60|126|-4|38|-117|69,0|49|-46|-117|-56|-117|-38|-95,21|15257|32723|32012|59651|1452|49467|883,0,0,0,9,1,112
28,0,0,8,9,8,0,0,0,1|1|1|1|0|0|0|0,8|8|8|8|4|4|4|4,3|-3|3|-3|0|4|-4|0,3|3|-3|-3|4|0|0|-4,3|-3|3|-3|0|4|-4|0,3|3|-3|-3|4|0|0|-4,21|21|21|21|20|20|20|20,0,0,0,12,1,112
29,10,20,1,3,1,0,0,0,128|3|233|67|5|41|202|137,255|137|14|164|109|131|62|164,0|0|127|3|-23|20|5|-117,1|-92|109|-63|-25|6|-127|-57,0|89|30|7|-119|126|-14|-116,0|-12|-118|70|18|48|-28|-117,271|7045|50340|63614|14886|1605|3700|18058,0,0,0,8,255,208
30,40,1,2,2,4,0,0,0,2|2|2|2|133|27|164|1,255|255|255|255|18|48|228|139,116|124|116|124|-92|-118|70|6,12|12|12|12|-120|69|35|49,-4|4|-4|4|28|-60|126|-8,0|0|0|0|0|-80|0|116,206|206|207|207|50188|63614|32806|19581,0,0,0,8,255,208
31,30,3,3,0,3,0,0,0,1|1|1|192|38|137|69|17,255|255|255|137|69|19|49|192,0|0|0|21|49|-64|38|-119,12|13|14|-107|0|-60|126|-8,0|0|0|76|-94|-126|109|-128,0|0|0|19|118|74|-96|-126,135|116|97|63232|37625|33698|41069|28035,0,0,0,8,255,144
32,40,4,4,0,4,0,0,0,1|1|1|1|160|130|109|48,255|255|255|255|0|247|249|162,-1|-1|1|1|109|48|-28|38,13|14|13|14|-126|109|48|-28,0|0|0|0|69|17|-21|43,0|0|0|0|-28|-60|126|-14,135|97|135|97|9956|17801|40983|28034,0,0,0,8,255,144
33,50,5,5,0,5,0,0,0,1|1|1|1|1|242|38|199,255|255|255|255|255|199|69|19,0|0|0|0|0|38|-118|69,12|13|14|15|16|-120|69|25,0|0|0|0|0|-117|-8|-118,0|0|0|0|0|-60|126|-8,135|116|116|116|97|4678|58416|63627,0,0,0,8,255,144
34,60,3,3,0,3,0,0,0,2|2|2|0|196|126|242|38,255|255|255|38|198|69|32|1,0|0|0|70|18|48|-28|-117,14|12|13|27|-92|48|-28|-60,0|0|0|-8|38|-118|69|9,0|0|0|38|-120|69|32|38,101|139|120|9976|17802|50255|62078|34854,0,0,0,8,255,144
35,80,4,4,0,4,0,0,0,2|2|2|2|38|138|69|49,255|255|255|255|138|70|18|48,-1|-1|1|1|-123|27|-92|48,13|14|13|14|3|-8|38|-118,0|0|0|0|-117|-56|-117|-38,0|0|0|0|-46|3|-63|19,139|101|139|101|28006|35737|35784|35802,0,0,0,8,255,144
36,0,50,6,0,6,0,0,0,116|116|116|116|116|116|196|126,255|255|255|255|255|255|126|248,-6|6|5|-5|5|-5|126|-14,0|0|5|5|-5|-5|18|48,-8|8|5|-5|5|-5|-92|48,0|0|5|5|-5|-5|38|-118,102|104|122|121|141|140|12306|35812,0,0,0,11,1,208
37,0,7,2,0,2,0,0,0,1|1|109|128|62|130|109|121,255|255|196|126|242|38|198|69,0|0|-58|6|-126|109|-1|-118,6|6|48|-28|-117|-8|-118|-123,0|0|48|-28|-47|-32|-60|126,4|-4|-8|38|-117|69|56|-60,227|227|6725|33574|6781|29952|35595|42046,0,0,0,26,255,208
38,0,7,2,0,2,0,0,0,1|1|107|128|62|130|109|100,255|255|128|62|130|109|120|115,0|0|-126|109|48|-28|45|100,-6|-6|-60|126|-14|38|-119|69,0|0|15|-60|126|-8|38|-117,4|-4|64|-60|126|-14|38|-119,227|227|28034|29795|32775|33342|25197|11637,0,0,0,26,255,208
39,0,0,0,0,0,0,0,0,199|6|102|109|251|255|131|62,102|109|5|126|6|199|6|102,109|5|0|-95|102|109|-60|126,-14|38|1|69|4|-128|62|-126,109|99|116|7|-128|62|-126|109,100|117|82|-118|70|18|48|-28,63627|34186|42011|58416|32452|1016|9976|17802,0,0,0,1,255,208
40,60,4,1,0,2,0,0,0,8|8|211|163|102|109|131|62,255|255|252|125|6|199|6|102,4|-4|-1|-125|62|102|109|4,10|10|-57|6|102|109|4|0,0|0|109|-60|126|-14|38|-119,0|0|-23|-118|0|-118|70|18,68|69|34186|42011|58416|32452|1016|9976,0,0,0,1,255,208
41,120,2,2,0,2,0,0,0,8|8|10|255|255|235|96|138,255|255|48|228|139|248|138|133,5|-5|48|-28|-60|126|-8|3,11|11|-128|125|33|100|126|39,0|0|18|48|-28|-117|-8|-118,0|0|-92|48|-28|-60|126|-8,68|69|8517|50328|62078|35110|1605|27809,0,0,0,1,255,208
42,120,0,2,0,2,0,0,0,8|8|48|228|196|126|248|3,255|255|138|69|33|152|247|216,5|-5|-14|38|-119|69|6|-118,11|11|48|-28|-117|-8|-118|-123,0|0|48|-28|-60|126|-8|3,0|0|-128|125|25|100|126|50,68|69|35812|35576|7045|12452|50404|63614,0,0,0,1,255,208
43,130,4,1,0,1,0,0,0,10|38|41|5|38|131|125|4,255|117|7|161|108|108|38|41,0|2|-60|126|-8|38|-128|125,7|5|119|3|-23|-92|0|-57,0|-108|109|-24|-3|-58|6|-125,0|0|-57|6|-98|109|1|0,74|1791|28062|16011|28062|48512|18979|29697,0,0,0,1,255,208
44,160,6,1,0,1,0,0,0,15|158|109|193|231|7|139|133,255|23|196|126|242|38|43|69,0|-103|49|-48|41|-48|-117|-56,8|62|-98|109|-63|-25|7|-117,0|-91|23|-60|126|-14|38|43,0|-103|49|-48|41|-48|3|-63,75|41325|28064|1595|28052|3187|41121|41837,0,0,0,1,255,208
45,30,1,1,0,1,0,0,0,4|109|196|126|242|38|136|69,255|38|198|69|37|5|196|126,0|38|-118|69|9|48|-28|45,11|0|-60|126|-14|38|-120|69,0|-21|8|-60|126|-14|38|-58,0|36|0|-60|126|-8|38|-118,64|18058|12306|35812|35064|3989|41380|28048,0,0,0,1,255,112
46,40,1,1,0,1,0,0,0,6|110|101|116|119|111|114|107,255|109|111|100|101|109|32|99,0|110|110|101|99|116|105|111,10|32|104|97|115|32|116|105,0|101|100|32|111|117|116|46,0|89|111|117|32|115|104|111,7|8292|26723|25445|8299|28537|29301|27936,0,0,0,1,255,112
47,50,1,1,0,1,0,0,0,8|105|110|103|115|32|97|110,255|32|112|104|121|115|105|99,0|108|32|99|111|110|110|101,10|116|105|111|110|115|46|74,0|77|97|107|101|32|115|117,0|101|32|98|111|116|104|32,65|28781|29813|29285|8307|29281|8293|29557,0,0,0,1,255,144
48,30,3,1,0,1,0,0,0,7|32|114|97|116|101|32|97,255|100|32|116|104|101|32|99,0|114|100|32|104|97|115|110,16|116|13|32|102|97|108|108,0|110|32|111|117|116|46|41,0|80|114|101|115|115|32|69,208|21061|29728|8303|25970|30068|28274|29728,0,0,0,1,255,208
49,0,4,2,0,2,0,0,0,1|1|32|112|108|97|121|101,255|255|101|120|105|116|101|100,-10|10|104|101|32|103|97|109,0|0|25|89|111|117|32|104,0|0|101|32|101|120|105|116,0|0|32|116|104|101|32|103,39|1|17675|18776|19796|18259|16942|20041,0,0,0,8,255,208
50,0,6,4,0,4,0,0,0,1|1|1|1|137|229|198|6,255|255|255|255|126|6|9|116,-9|9|9|-9|55|2|-128|62,2|2|-2|-2|3|-23|-98|0,-2|2|2|-2|117|3|-23|-107,0|0|0|0|5|117|3|-23,281|282|301|300|9174|22286|106|3482,0,0,0,8,255,208
51,0,6,8,0,8,0,0,0,1|1|1|1|1|1|1|1,255|255|255|255|255|255|255|255,-6|6|6|-6|-9|9|0|0,6|6|-6|-6|0|0|9|-9,0|0|0|0|0|0|0|0,0|0|0|0|0|0|0|0,163|164|183|182|39|1|58|77,0,0,0,8,255,208
52,0,6,4,0,4,0,0,0,2|2|2|2|162|36|14|87,255|255|255|255|10|103|2|154,-9|9|9|-9|-65|34|-5|30,2|2|-2|-2|103|2|-128|62,-2|2|2|-2|59|-128|62|87,0|0|0|0|-65|-58|36|14,277|278|297|296|32874|11162|10028|39426,0,0,0,8,255,208
53,0,6,2,0,2,0,0,0,3|3|224|0|116|233|191|228,255|255|87|154|41|54|39|2,-10|10|-102|-95|36|39|2|106,0|0|-95|36|39|2|106|3,0|0|36|39|2|106|7|-102,0|0|39|2|106|4|-102|-95,102|104|47680|1547|47682|4212|14079|47682,0,0,0,8,255,208
54,0,6,4,0,4,0,0,0,3|3|3|3|15|255|54|72,255|255|255|255|225|106|247|154,-6|6|6|-6|-95|-44|22|11,6|6|-6|-6|16|-1|54|-42,0|0|0|0|22|104|-47|-35,0|0|0|0|2|-95|-40|22,121|122|141|140|5850|14079|5848|7528,0,0,0,8,255,208
55,40,1,1,0,1,0,0,0,6|222|22|255|54|220|22|104,255|255|154|88|3|103|2|161,0|-31|11|6|48|-31|116|16,10|54|48|-31|-1|54|46|-31,0|80|-31|-102|88|3|103|2,0|58|-31|11|6|60|-31|116,45|15414|65505|14902|26849|1634|22682|26371,0,0,0,1,255,112
56,20,1,1,0,1,0,0,0,2|225|104|208|12|154|88|3,255|2|161|62|226|11|6|64,-6|116|16|-1|54|64|-30|-1,6|62|-30|104|-116|0|-102|88,0|103|2|-95|124|113|11|6,0|113|116|16|-1|54|126|113,121|29052|104|39463|856|615|7329|2944,0,0,0,1,255,208
57,20,1,1,0,1,0,0,0,2|88|3|103|2|161|48|134,255|6|50|134|116|16|255|54,6|-122|-1|54|48|-122|104|38,6|-102|88|3|103|2|-95|-94,0|11|6|-92|-110|116|16|-1,0|-92|-110|-1|54|-94|-110|104,122|22682|26371|41218|64218|1547|64220|3956,0,0,0,1,255,208
58,20,7,1,0,1,4,3,0,8|225|11|6|52|225|116|16,255|54|52|225|255|54|50|225,0|3|1|-102|88|3|103|2,0|62|-31|11|6|64|-31|116,0|-1|54|64|-31|-1|54|62,0|104|-105|1|-102|88|3|103,4|57666|1547|57668|4212|14079|57668|14079,0,0,0,1,255,208
59,10,1,1,2,1,0,0,2,3|116|17|191|224|107|30|87,255|24|108|49|210|82|80|154,0|14|7|2|-95|-28|107|11,0|-26|107|116|17|-65|-28|107,0|87|-95|26|108|49|-46|82,0|-102|-16|14|7|2|-95|-24,112|59910|29803|48913|27624|22302|6817|12652,0,0,0,1,255,208
60,60,2,2,0,2,0,0,0,4|4|100|110|30|87|161|104,255|255|210|82|80|154|240|14,0|0|-95|-56|107|11|6|-54,10|10|17|-65|-56|107|30|87,-5|5|108|49|-46|82|80|-102,0|0|7|2|-95|-52|107|11,64|64|48913|27596|22302|3745|12652|21202,0,0,0,1,255,208
61,100,2,2,0,2,0,0,0,6|6|30|87|161|16|108|49,255|255|80|154|240|14|7|2,0|0|107|11|6|-42|107|116,10|10|-44|107|30|87|-95|18,-5|5|-46|82|80|-102|-16|14,0|0|-95|-40|107|11|6|-38,76|76|27608|22302|5281|12652|21202|39504,0,0,0,1,255,208
62,10,1,1,2,1,0,0,2,2|87|161|22|108|49|210|82,255|154|240|14|7|2|160|67,0|80|-102|8|14|55|2|-128,0|6|9|116|43|-65|-2|36,0|87|-102|127|2|55|2|106,0|106|22|-102|64|34|55|2,112|9993|27138|27137|39449|8768|567|46746,0,0,0,1,255,208
63,10,1,1,2,1,0,0,3,2|117|10|191|10|37|14|87,255|168|26|55|2|128|126|6,0|117|4|-58|70|6|0|-118,0|6|48|-28|-102|113|2|103,0|-55|-54|2|0|85|-119|-27,0|70|6|48|-28|-117|-8|-118,168|12452|35812|35576|62613|35334|1606|58416,0,0,0,1,255,208
64,40,4,1,0,1,0,0,0,10|0|116|66|199|6|130|108,255|0|199|6|132|108|126|0,0|62|-29|-93|0|117|5|49,1|-93|-126|108|-128|62|-28|-93,-20|117|5|49|-64|-93|-124|108,10|-29|-93|48|-28|-93|-122|108,207|12451|41956|27784|17057|41836|28040|17569,0,0,8,1,255,208
65,20,2,1,0,1,0,0,0,5|0|160|215|163|48|228|163,255|108|160|216|163|48|228|163,0|108|-125|62|-122|108|0|117,2|49|-64|-93|-126|108|-125|62,-20|108|0|117|5|49|-64|-93,10|108|-95|94|108|-93|-120|109,207|41836|28042|34977|11629|8|42147|12652,0,0,8,1,255,208
66,0,0,8,0,8,0,0,0,128|121|187|187|187|187|187|187,255|255|255|255|255|255|255|255,0|0|0|-1|1|0|1|-1,1|1|1|1|1|1|0|0,0|0|0|-12|12|0|20|-20,0|0|0|20|20|-20|-10|-10,171|171|100|171|171|171|171|171,0,0,0,6,255,208
67,0,0,4,0,4,0,0,0,2|2|2|2|176|0|117|1,255|255|255|255|107|6|136|108,3|-3|3|-3|-31|3|-8|38,3|3|-3|-3|-80|0|117|1,0|0|0|0|107|6|-122|108,0|0|0|0|-31|3|-8|38,99|99|99|99|27782|50262|14910|993,0,0,0,6,255,208
68,20,1,2,2,2,0,0,0,2|2|6|134|108|86|196|62,255|255|3|248|38|138|69|38,1|-1|-68|108|-95|-68|108|-9,2|2|-66|108|107|6|-120|108,8|-8|62|58|-31|3|-8|38,0|0|84|-94|-57|108|107|6,112|112|14910|993|9976|17802|38950|47267,0,0,0,1,255,208
69,0,0,2,0,2,0,0,0,4|4|3|248|38|138|69|38,255|255|192|108|161|192|108|247,0|0|-62|108|-125|62|-108|108,3|3|14|-95|-108|108|-103|-71,-6|6|-9|-7|-94|-118|108|-21,0|0|6|-118|108|2|-128|62,260|260|65028|35334|47212|105|1579|27796,0,0,0,6,255,208
70,10,1,1,2,1,0,0,3,2|126|14|161|150|108|153|185,255|0|247|249|162|139|108|235,0|-58|6|-117|108|2|-128|62,0|108|0|117|4|-2|6|-117,0|-72|105|0|43|6|-106|108,-2|-32|2|-93|-110|108|-95|-110,112|27790|16033|15290|61958|30202|33600|33342,0,0,0,1,255,208
71,0,0,8,3,8,0,0,0,1|1|1|1|1|1|1|1,8|8|8|8|8|8|8|8,2|-2|2|-2|3|-3|0|0,2|2|-2|-2|0|0|3|-3,2|-2|2|-2|3|-3|0|0,2|2|-2|-2|0|0|3|-3,214|214|214|214|214|214|214|214,0,0,0,12,12,112
72,60,3,3,0,3,0,0,0,4|3|3|104|28|1|255|54,255|255|255|56|1|161|132|108,0|-3|3|80|106|0|-102|-16,4|3|3|-95|62|-70|-93|-112,0|0|0|-122|108|86|-60|62,0|0|0|-8|38|-128|125|85,94|140|141|34310|22124|16068|57658|63491,0,0,0,13,255,192
73,0,2,8,9,8,0,0,0,2|2|2|2|2|2|2|2,10|10|10|10|10|10|10|10,-9|9|-9|9|-10|10|-10|10,6|-6|-6|6|-3|3|3|-3,0|0|0|0|0|0|0|0,0|0|0|0|0|0|0|0,172|172|172|172|172|172|172|172,0,0,0,0,255,112
74,0,3,2,0,2,0,0,0,1|175|108|5|13|0|80|160,255|255|48|228|80|106|112|255,-7|6|108|106|2|106|2|-102,1|6|55|2|-21|31|104|28,2|0|-126|108|5|13|0|80,0|0|108|48|-28|80|106|112,246|255|618|618|52890|14085|33538|33854,0,0,0,8,255,208
75,0,3,2,0,2,0,0,0,174|1|108|5|13|0|80|160,255|255|48|228|80|106|112|255,-6|7|108|106|2|106|2|-102,6|1|55|2|-21|31|104|28,0|-2|-124|108|5|13|0|80,0|0|108|48|-28|80|106|112,255|246|618|618|52890|14085|33538|37950,0,0,0,8,255,208
76,40,4,4,0,4,0,0,0,4|4|4|4|108|255|255|199,255|255|255|255|0|199|6|154,-5|-5|5|5|6|-96|108|20,0|0|0|0|108|20|0|49,0|0|0|0|49|-64|-93|-98,0|14|0|14|-119|-27|-55|-53,105|124|106|125|34503|65378|150|1259,0,0,0,6,255,208
77,30,4,3,0,3,0,0,0,1|1|1|138|133|255|6|139,255|255|255|50|133|199|109|139,0|-10|10|-120|-125|99|-1|-125,-10|0|0|1|118|27|-117|-122,0|0|0|-117|-8|-118|-123|-57,0|0|0|98|-1|50|-125|99,77|39|1|25475|33791|25278|511|45173,0,0,0,6,255,208
78,30,4,3,0,3,0,0,0,1|1|1|98|255|138|131|99,255|255|255|97|255|129|190|98,0|-2|2|117|-24|-96|94|110,8|7|7|-1|116|4|-58|70,0|0|0|-122|97|-1|0|-57,0|0|0|1|0|-21|4|-1,58|201|202|35583|25475|10495|24966|33279,0,0,0,6,255,208
79,30,4,3,0,3,0,0,0,1|1|1|0|198|134|97|255,255|255|255|98|255|1|0|235,0|-6|6|98|-1|-117|-66|98,8|6|6|99|-1|48|-28|-117,0|0|0|97|-1|48|-28|-9,0|0|0|-122|97|-1|-127|-66,58|163|164|24736|14958|24966|29951|50692,0,0,0,6,255,208
80,40,3,4,0,4,0,0,0,1|1|1|1|138|134|97|255,255|255|255|255|50|131|99|255,0|-7|7|0|-127|-66|98|-1,10|7|7|-10|-96|97|110|58,0|0|0|0|4|-58|70|-1,0|0|0|0|0|117|8|-72,58|163|164|77|25790|5887|48983|28104,0,0,0,6,255,208
81,70,2,7,0,7,0,0,0,1|1|1|1|1|1|1|200,255|255|255|255|255|255|255|87,-10|10|-7|7|0|-7|7|110,0|0|7|7|-10|-7|-7|-23,0|0|0|0|0|0|0|-65,0|0|0|0|0|0|0|103,77|58|182|163|1|183|164|1425,0,0,0,6,255,208
82,30,4,3,0,3,0,0,0,1|1|1|0|131|218|0|163,255|255|255|54|104|110|154|62,0|-10|10|-93|100|110|-119|22,10|0|0|62|100|110|-116|-64,0|0|0|-60|62|100|110|-119,0|0|0|110|-115|126|-128|22,58|39|1|65367|26678|12654|20672|39504,0,0,0,6,255,208
83,80,3,8,0,8,0,0,0,184|184|184|184|184|184|184|184,255|255|255|255|255|255|255|255,120|120|120|120|120|120|120|120,6|6|6|6|6|6|6|6,-70|-50|-30|-10|10|30|50|70,0|0|0|0|0|0|0|0,98|98|98|98|98|98|98|98,0,0,0,6,1,208
84,20,2,2,0,2,0,0,0,2|184|200|10|0|0|139|126,255|255|139|133|252|254|137|70,0|0|-1|-95|112|113|-119|70,8|6|1|0|59|70|-10|118,0|0|-112|0|-119|70|-8|-21,0|0|70|-8|-117|70|-4|-119,98|98|1150|51073|63802|22294|16794|26377,0,0,0,6,1,208
85,80,3,8,0,8,0,0,0,1|2|1|2|1|2|1|2,255|255|255|255|255|255|255|255,120|120|120|120|120|120|120|120,8|8|8|8|8|8|8|8,0|0|-12|-12|12|12|-24|-24,0|14|0|14|0|14|0|14,157|159|157|159|157|159|157|159,0,0,0,6,255,208
86,10,2,1,0,1,0,0,0,189|144|129|199|64|1|43|126,255|139|70|248|59|70|246|116,0|-23|117|-1|-55|-62|2|0,0|-58|6|0|-116|-45|-114|-61,0|-37|-4|-115|-66|0|-1|-59,0|8|-84|-86|-111|48|-19|-13,238|36315|15038|5882|36183|190|5887|39511,1,0,0,6,255,208
87,0,8,1,0,1,0,0,0,30|154|145|5|103|2|141|190,4|250|22|87|141|190|186|254,120|87|106|70|49|-64|80|80,120|58|12|103|2|-102|-111|5,-40|2|-128|-66|-70|-2|10|116,-30|-23|79|1|-128|-66|-69|-2,60034|59651|325|48768|65213|29704|59651|315,0,0,0,1,255,208
88,30,3,3,0,3,0,0,0,20|20|20|250|22|87|154|78,255|255|255|154|145|5|103|2,120|120|120|-125|-38|0|82|80,10|10|10|103|2|-102|-111|5,-32|-32|-32|-66|58|-6|22|87,-24|0|28|30|87|104|0|3,60023|60024|60025|26380|39426|1425|615|28351,0,0,0,6,255,208
89,20,2,2,3,2,0,0,0,189|1|87|154|2|0|39|2,255|255|128|62|118|113|0|117,0|0|-64|-110|30|87|-102|2,-1|-1|2|-21|5|-58|6|118,0|0|-65|110|110|30|87|-65,-1|-1|30|87|104|0|3|-102,107|107|48781|64058|22294|53402|26379|39426,-1,0,0,6,255,208
90,70,2,7,0,7,0,0,0,1|1|1|1|1|1|1|58,255|255|255|255|255|255|255|22,-10|10|-7|7|0|-7|7|103,0|0|7|7|-10|-7|-7|-66,0|0|0|0|0|0|0|103,0|0|0|0|0|0|0|6,39|1|163|164|77|182|183|39511,0,0,0,6,255,208
91,40,4,4,0,4,0,0,0,3|1|1|3|113|128|117|221,255|255|255|255|64|43|134|190,0|-2|2|0|-117|-122|-60|-2,10|7|7|10|-2|-93|112|113,0|0|0|0|-93|114|113|85,6|0|0|-6|-66|58|-7|22,60|201|202|60|26373|51458|1738|21760,0,0,0,6,255,208
92,0,10,2,0,2,0,0,0,192|1|219|252|141|190|0|255,255|255|8|172|170|145|48|237,0|0|-114|-37|-128|-66|0|-1,8|8|3|-23|44|1|-58|-122,0|0|1|-58|-122|-2|-2|0,0|0|-4|-2|0|-118|-122|-2,65|65|34440|65279|34442|65277|34440|65278,0,0,0,27,255,208
93,0,10,2,0,2,0,0,0,193|2|1|138|70|6|48|228,255|255|138|134|255|254|48|228,0|0|-118|-122|-3|-2|48|-28,8|8|59|-63|125|11|-118|-122,0|0|48|-28|64|-120|-122|-2,0|0|-122|-3|-2|48|-28|-117,64|64|8447|1908|48768|65276|29696|35505,0,0,0,27,255,208
94,0,10,1,0,1,0,0,0,195|254|48|228|43|194|59|193,255|7|128|190|252|254|0|116,0|-1|118|14|-1|118|12|-115,0|-4|-3|22|87|-115|-66|0,0|22|87|-118|-122|-1|-2|48,0|80|-118|-122|-1|-2|48|-28,71|34442|65278|58416|49707|39504|3781|615,1,0,0,7,6,208
95,0,10,4,0,4,0,0,0,196|197|4|4|48|228|1|70,255|255|121|121|254|0|117|3,-12|12|-6|6|-122|-2|-2|58,0|0|0|0|51|-1|118|14,0|0|0|0|-66|-4|-3|22,0|0|0|0|-1|22|87|-118,45|7|45|7|255|50586|26382|40962,0,0,0,27,1,208
96,0,10,2,0,2,0,0,0,196|4|121|113|12|198|6|123,255|121|201|202|10|0|85|137,-12|-6|118|12|-1|118|10|-118,0|0|48|-28|-63|-32|8|-60,0|0|113|3|-8|-127|-57|0,0|0|87|-118|70|6|80|-102,45|45|51913|8|21514|21081|16713|11854,0,0,0,27,1,208
97,0,10,2,0,2,0,0,0,197|4|241|22|55|2|141|126,255|121|87|154|42|12|39|2,12|6|127|-1|1|-21|4|-2,0|0|-1|-115|126|-128|22|87,0|0|127|-1|48|-28|-63|-32,0|0|62|124|113|3|-8|-127,7|7|39511|3038|551|48768|65407|29991,0,0,0,27,1,208
98,20,0,1,0,8,0,0,0,2|2|2|2|2|2|2|2,255|255|255|255|255|255|255|255,0|0|0|0|0|0|0|0,14|14|14|14|14|14|14|14,-8|-4|0|4|8|4|0|-4,0|0|0|0|0|0|0|0,70|70|70|70|70|70|70|70,0,0,0,1,255,208
99,20,0,1,0,8,0,0,0,2|2|2|2|2|2|2|2,255|255|255|255|255|255|255|255,-2|-1|0|1|2|1|0|-1,14|14|14|14|14|14|14|14,-8|-4|0|4|8|4|0|-4,0|0|0|0|0|0|0|0,70|70|70|70|70|70|70|70,0,0,0,1,255,208
100,40,0,2,0,6,0,0,0,2|2|2|2|2|2|11|39,255|255|255|255|255|255|117|220,-2|2|-1|1|0|0|42|12,14|14|14|14|14|14|87|-102,-8|8|-4|4|-2|2|127|-1,0|0|0|0|0|0|-1|-115,70|70|70|70|70|70|33042|10951,0,0,0,1,255,208
101,10,6,1,0,1,0,0,0,2|128|22|87|154|42|12|39,255|141|126|128|22|87|154|42,0|39|2|-58|-122|127|-1|1,12|4|-2|-122|127|-1|-115|126,0|22|87|-118|-122|127|-1|48,0|107|-8|21|-127|-57|27|126,252|56986|9995|32770|32702|2047|56437|32397,0,0,0,28,255,208
102,10,10,1,0,1,0,0,0,10|2|198|134|127|255|1|235,255|254|134|127|255|141|126|128,0|87|-118|-122|127|-1|48|-28,10|-8|31|-127|-57|-91|126|30,0|-102|-34|11|39|2|-128|-66,0|-1|7|117|-36|-115|126|-128,253|10906|9996|36098|32894|22294|10906|9996,0,0,0,27,255,208
103,10,16,1,0,1,0,0,0,30|138|134|127|255|48|228|107,255|21|129|199|137|127|30|87,0|-34|11|39|2|-128|-66|127,8|6|117|-36|-115|126|-128|22,0|-102|42|12|39|2|-115|126,0|22|87|-102|42|12|39|2,254|65407|60161|65028|32646|36351|32894|22294,0,0,0,26,255,208
104,0,0,1,0,1,0,0,0,90|190|255|6|87|154|222|11,250|2|128|190|127|255|33|117,120|-115|126|-128|22|87|-102|42,120|39|2|-115|126|-128|22|87,-24|42|12|39|2|-58|-122|127,24|1|-21|4|-2|-122|127|-1,98|5760|35415|32646|12543|27620|4856|51073,0,0,8,1,255,208
105,20,0,1,0,4,0,0,0,2|2|2|2|87|154|42|12,255|255|255|255|128|22|87|154,-2|0|2|0|-58|-122|127|-1,14|14|14|14|-122|127|-1|-115,-4|0|4|0|-118|-122|127|-1,0|0|0|0|18|-127|-57|18,70|70|70|70|48768|65407|29961|36316,0,0,0,1,255,208
106,20,0,1,0,8,0,0,0,2|2|2|2|2|2|2|2,255|255|255|255|255|255|255|255,-4|-2|0|2|4|2|0|-2,14|14|14|14|14|14|14|14,-8|-4|0|4|8|4|0|-4,0|0|0|0|0|0|0|0,70|70|70|70|70|70|70|70,0,0,0,1,255,208
107,20,0,1,0,8,0,0,0,2|2|2|2|2|2|2|2,255|255|255|255|255|255|255|255,-4|-2|0|2|4|2|0|-2,14|14|14|14|14|14|14|14,-8|-4|0|4|8|4|0|-4,0|0|0|0|0|0|0|0,70|70|70|70|70|70|70|70,0,0,0,1,255,208
108,40,0,2,0,6,0,0,0,2|2|2|2|2|2|190|127,255|255|255|255|255|255|128|22,-4|4|-2|2|-1|1|-115|126,14|14|14|14|14|14|39|2,-8|8|-4|4|-2|2|4|-2,0|0|0|0|0|0|22|87,70|70|70|70|70|70|7808|39511,0,0,0,1,255,208
109,80,3,8,0,8,0,0,0,1|1|1|1|1|1|1|1,255|255|255|255|255|255|255|255,0|0|0|0|0|0|0|0,12|13|14|15|16|17|18|19,0|0|0|0|0|0|0|0,0|0|0|0|0|0|0|0,135|116|116|116|116|116|116|97,0,0,0,8,255,144
110,30,3,1,0,1,0,0,4,3|255|0|235|4|254|134|127,255|141|126|128|22|87|138|134,0|-1|48|-28|107|-8|21|-127,0|-24|-127|30|87|-102|-34|11,0|2|-128|-66|127|-1|5|117,0|-115|126|-128|22|87|-102|42,214|36098|32894|22294|10906|9996|50690|32646,0,0,0,1,255,208
111,20,3,2,0,2,0,0,0,2|2|228|107|248|26|129|199,255|255|30|87|154|222|11|39,-4|-4|-66|127|-1|4|117|-36,5|-5|-128|22|87|-102|42|12,5|5|-115|126|-128|22|87|-102,0|0|39|2|-58|-122|127|-1,169|169|32646|36351|32894|22294|34442|65407,0,-1,0,1,255,208
112,10,4,1,0,1,0,0,0,1|190|127|255|6|117|220|141,255|128|22|87|154|42|12|39,0|-115|126|-128|22|87|-102|42,8|39|2|-58|-122|127|-1|1,-5|4|-2|-122|127|-1|-115|126,0|22|87|-118|-122|127|-1|48,58|3576|51073|33499|22302|56986|9995|32770,0,0,0,1,255,208
113,10,4,1,0,1,0,0,0,1|126|128|22|87|154|42|12,255|2|198|134|127|255|1|235,0|-2|-122|127|-1|-115|126|-128,8|87|-118|-122|127|-1|48|-28,6|-8|21|-127|-57|-5|-126|30,0|-102|-34|11|39|2|-128|-66,58|29956|36316|32894|22294|10906|9996|36098,0,0,0,1,255,208
114,40,0,1,0,1,0,0,0,2|134|127|255|141|126|128|22,255|138|134|127|255|48|228|107,0|18|-127|-57|8|-112|30|87,14|-34|11|39|2|-128|-66|127,0|4|117|-36|-115|126|-128|22,0|-102|42|12|39|2|-115|126,142|39511|3114|551|34502|65407|60160|65028,0,0,0,1,255,144
115,10,1,1,2,1,0,0,3,2|129|199|100|131|30|87|154,255|11|39|2|128|190|127|255,0|117|-36|-115|126|-128|22|87,0|42|12|39|2|-115|126|-128,-8|87|-102|42|12|39|2|-58,-2|127|-1|1|-21|4|-2|-122,112|32397|5760|35415|32646|12543|27620|4856,0,0,0,1,255,208
116,10,1,1,2,1,0,0,3,2|220|141|126|128|22|87|154,255|12|39|2|141|126|128|22,0|-102|42|12|39|2|-58|-122,0|-1|1|-21|4|-2|-122|127,8|-115|126|-128|22|87|-118|-122,-2|-1|48|-28|107|-8|18|-127,112|7825|39511|3038|551|48768|65407|29959,0,0,0,1,255,208
117,30,1,1,0,1,0,0,4,5|42|12|39|2|198|134|127,255|1|235|4|254|134|127|255,0|126|-128|22|87|-118|-122|127,0|48|-28|107|-8|21|-127|-57,0|-124|30|87|-102|-34|11|39,0|-128|-66|127|-1|5|117|-36,285|5760|39511|3114|551|32397|5760|39511,0,0,0,1,255,208
118,40,3,2,0,2,0,0,0,3|3|22|87|138|134|127|255,255|255|107|248|31|129|199|160,0|0|87|-102|-34|11|39|2,14|14|127|-1|9|117|-36|-115,-6|6|22|87|-102|42|12|39,0|0|126|-128|22|87|-102|42,143|144|32646|511|1259|34558|65407|32397,0,0,0,13,255,192
119,80,3,1,3,1,0,0,0,10|87|154|222|11|39|2|128,255|127|255|9|117|220|141|126,0|22|87|-102|42|12|39|2,10|126|-128|22|87|-102|42|12,0|2|-58|-122|127|-1|1|-21,0|-2|-122|127|-1|-115|126|-128,34|34442|65407|58416|49259|50198|12350|902,0,0,0,1,255,144
120,80,4,1,3,1,0,0,0,12|117|214|141|126|128|22|87,255|42|12|39|2|141|126|128,0|87|-102|42|12|39|2|-58,8|127|-1|1|-21|4|-2|-122,0|-1|-115|126|-128|22|87|-118,0|127|-1|48|-28|107|-8|17,30|34339|22302|56986|9995|32770|32702|4607,0,0,0,1,255,112
121,10,0,1,9,8,0,0,0,2|2|2|2|2|2|2|2,8|8|8|8|8|8|8|8,-2|-1|0|1|2|1|0|-1,5|6|7|6|5|6|7|6,-4|-2|0|2|4|2|0|-2,0|0|0|0|0|0|0|0,21|20|21|21|20|21|20|21,1,0,0,4,255,112
122,30,3,3,0,3,0,0,0,2|1|1|1|104|0|39|154,255|255|255|2|163|124|113|137,0|0|0|104|-126|8|-102|62,12|12|12|-93|28|-128|-119|22,0|-6|5|38|2|-102|62|3,0|4|4|48|-122|-119|22|50,107|108|108|35584|1150|50230|64637|63625,0,0,0,1,255,112
123,320,1,4,0,4,0,0,0,10|10|10|10|242|250|139|118,255|255|255|255|187|200|0|186,0|0|0|0|36|-64|60|-64,24|24|24|24|-118|12|70|-128,-6|6|-6|6|-118|4|70|102,-6|-6|6|6|117|-28|-21|10,239|240|258|259|55413|30027|8146|49865,0,0,0,1,255,208
124,80,1,1,0,1,0,0,0,2|141|190|124|255|22|87|191,255|60|14|87|154|241|22|55,0|-115|-66|124|-1|22|87|-118,12|8|48|-28|-117|-8|-63|-25,0|-1|-75|108|-110|-1|-75|106,0|-102|-94|12|103|2|-102|-111,108|26626|63000|16026|26371|35074|64582|22153,0,0,0,1,255,208
125,10,4,1,0,1,0,0,0,1|139|248|193|231|2|139|141,255|146|139|157|108|146|138|70,0|48|-28|64|-117|-8|-63|-25,6|-117|-123|106|-110|-117|-107|108,-8|43|-63|27|-45|80|49|-64,0|80|-102|58|12|103|2|-102,58|615|48781|65404|22294|53402|26379|39426,0,0,0,1,255,208
126,10,4,1,0,1,0,0,0,1|154|88|3|103|2|138|70,255|48|228|139|248|138|133|53,0|48|-28|105|-64|0|3|-60,6|-94|-110|3|-8|-127|-57|0,8|6|87|-65|-64|-107|30|87,0|0|3|-102|90|13|103|2,58|6|2676|49343|7829|39511|2|551,0,0,0,1,255,208
127,50,5,5,2,5,0,0,0,3|3|3|3|3|126|255|22,255|255|255|255|255|87|154|241,0|-1|1|-2|2|126|-1|22,3|2|2|1|1|87|106|2,0|0|0|0|0|58|12|103,0|0|0|0|0|2|-57|70,112|112|112|112|112|65406|22294|32395,0,0,0,6,255,208
128,30,4,1,3,1,0,0,0,4|58|12|103|2|154|145|5,255|2|131|126|254|12|117|213,0|-66|126|-1|22|87|-102|78,7|103|2|-102|-111|5|103|2,0|-98|-110|-119|22|-96|-110|-115,0|126|-1|22|87|-102|-48|11,185|37274|26373|51458|21955|58761|28904|51711,0,0,3,13,11,128
129,30,4,1,3,1,0,0,0,1|84|200|160|1|0|49|192,255|166|146|141|190|96|254|22,0|-65|-54|-6|30|87|-102|-121,0|103|2|-65|-64|61|14|87,-8|6|15|103|2|-115|-66|96,0|22|87|106|30|-102|-95|14,107|32397|5760|36183|24766|5887|39511|2836,0,0,5,13,12,128
130,50,0,5,10,5,0,0,0,3|2|2|1|1|126|128|22,10|9|9|6|6|2|154|145,0|2|-2|3|-3|117|42|-1,13|11|11|10|10|-128|22|87,0|0|0|0|0|3|-60|62,106|105|105|104|104|-57|0|-3,153|154|154|157|157|37274|26373|60162,-1,0,0,1,255,144
131,10,4,1,0,1,0,0,0,2|203|85|137|229|138|70|6,255|228|105|192|0|3|196|62,0|-110|3|-8|-127|-57|0|-3,6|87|-102|2|0|39|2|-55,0|2|0|85|-119|-27|104|0,0|-102|62|3|103|2|-93|-94,61|42006|39570|15820|519|52169|1224|0,0,0,0,1,255,208
132,10,4,1,0,1,0,0,0,2|203|85|137|229|154|166|62,255|2|163|190|146|131|62|190,0|-1|-80|0|117|1|64|-94,6|-110|-55|-53|85|-119|-27|-55,0|-56|-124|0|0|-115|-66|126,0|22|87|-65|-22|-31|30|87,162|14102|36098|32446|5887|48983|57848|22302,0,0,0,1,255,208
133,10,4,1,1,1,0,0,0,4|248|225|137|134|124|255|184,255|0|59|134|124|255|119|51,0|70|-2|-21|3|-1|70|-2,6|-66|126|-1|22|87|-117|126,0|-63|-25|2|-127|-57|106|-31,0|87|106|4|49|-64|80|80,168|26380|39426|1425|615|18059|15358|31878,0,0,0,1,255,208
134,60,4,3,0,3,0,0,0,2|1|1|139|200|139|218|161,255|255|255|139|248|193|231|2,0|5|-5|-31|-119|-99|108|-31,10|8|8|-1|22|87|-102|-48,0|0|0|-102|-111|5|103|2,0|0|0|-119|-27|-55|-53|85,244|227|227|51685|21963|58761|52169|35328,0,0,0,1,255,208
135,60,4,3,0,3,0,0,0,2|1|1|4|180|2|41|17,255|255|255|49|0|0|38|58,0|5|-5|81|0|0|36|88,-10|-8|-8|105|0|0|118|110,0|0|0|118|0|0|117|-74,0|0|0|-71|0|0|92|-70,244|227|227|53962|0|61118|0|62442,0,0,0,1,255,208
136,120,3,2,2,2,0,0,0,3|3|129|53|1|0|12|83,255|255|191|88|1|0|47|110,0|0|97|127|1|0|-25|-109,6|6|-32|-99|1|0|-25|-88,0|0|-122|-75|1|0|125|-50,0|14|109|-10|1|0|-109|-9,117|136|2|6921|2|7435|2|2872,0,0,0,0,255,192
137,80,3,4,0,8,0,0,0,3|3|1|1|3|3|1|1,255|255|255|255|255|255|255|255,-10|-10|-8|-8|10|10|8|8,0|0|4|-4|0|0|4|-4,0|-12|0|0|0|12|0|0,0|0|0|0|0|0|0|0,244|244|244|244|244|244|244|244,0,0,0,1,255,208
138,120,4,6,0,6,0,0,0,3|3|2|2|1|1|228|107,255|255|255|255|255|255|104|97,0|0|3|-3|6|-6|97|112,-10|-10|-9|-9|-8|-8|-128|22,0|0|0|0|0|0|-115|126,0|12|0|0|0|0|0|0,244|244|245|245|244|244|25460|8296,0,0,0,1,255,208
139,20,2,1,0,7,0,0,0,3|3|3|3|3|3|3|255,255|255|255|255|255|255|255|87,-9|-6|-3|0|3|6|9|97,3|5|7|9|7|5|3|111,0|0|0|0|0|0|0|-122,0|0|0|0|0|0|0|-118,244|244|244|244|244|244|244|154,0,0,0,1,255,208
140,20,2,1,0,7,0,0,0,3|3|3|3|3|3|3|82,255|255|255|255|255|255|255|97,-9|-6|-3|0|3|6|9|127,-3|-5|-7|-9|-7|-5|-3|117,0|0|0|0|0|0|0|117,0|0|0|0|0|0|0|97,185|185|185|185|185|185|185|21582,1,0,0,1,11,128
141,10,1,1,2,1,0,0,4,1|1|235|4|254|134|127|255,255|126|128|22|87|138|13|80,0|85|80|32|97|110|100|32,0|71|68|78|-102|0|0|0,0|-128|-66|127|13|67|104|97,0|103|101|32|119|101|97|112,226|32397|5760|39511|0|17162|20037|17748,0,0,0,1,255,208
142,30,3,3,0,3,0,0,0,1|1|1|97|110|103|101|32,255|255|255|105|99|108|101|0,0|-1|1|-1|5|117|10|85,0|0|0|114|32|68|79|87,0|0|0|-128|22|87|-102|0,0|0|0|-58|15|67|104|97,304|304|304|28524|26979|31092|32646|12543,1,0,0,0,255,208
143,10,0,1,9,2,1,1,7,1|1|255|5|117|220|141|126,8|8|104|97|110|103|101|32,0|0|103|108|101|-102|0|0,0|0|-58|-122|127|-1|18|66,-1|1|75|83|80|65|67|69,0|0|101|115|116|97|114|116,21|20|199|0|7488|0|0|48768,0,0,0,1,255,112
144,50,0,5,0,5,0,0,0,1|1|1|1|1|0|0|0,255|255|255|255|255|1|235|4,0|-1|1|-2|2|126|-128|22,-1|-3|-3|-4|-4|48|-28|107,0|0|0|0|0|0|30|87,0|0|0|0|0|-128|-66|127,304|304|304|304|304|0|0|32397,1,0,0,1,255,208
145,10,1,1,2,1,0,0,3,2|127|255|141|126|128|22|87,255|134|127|255|48|228|107|248,0|-127|-57|0|0|30|87|-102,0|0|0|0|-128|-66|127|-1,0|117|-36|-115|126|-128|22|87,-10|0|0|0|0|-115|126|-128,112|154|0|50688|32646|511|1259|34558,0,0,0,1,255,208
146,10,1,1,2,1,0,0,4,2|199|0|0|30|87|154|0,255|0|0|128|190|127|255|4,0|-36|-115|126|-128|22|87|-102,0|0|0|0|-115|126|-128|22,0|-102|0|0|0|0|-58|-122,0|-1|1|-21|4|-2|-122|127,112|32894|22294|34442|65407|58416|63595|33042,0,0,0,1,255,208
147,30,7,1,2,1,0,0,0,1|141|126|128|22|87|154|0,1|0|0|141|126|128|22|87,0|0|0|0|0|-58|-122|127,0|0|-21|4|-2|-122|127|-1,0|126|-128|22|87|-118|-122|127,0|48|-28|107|-8|21|-127|-57,228|22302|154|0|32768|32702|2815|56437,0,0,0,0,255,128
148,40,1,1,2,1,0,0,0,0|0|0|0|198|134|127|255,1|235|4|254|134|127|255|141,0|-128|22|87|-118|-122|127|-1,0|-28|107|-8|18|-127|-57|0,0|30|87|-102|0|0|0|0,0|-66|127|-1|6|117|-36|-115,247|22294|154|0|36096|32894|22294|154,0,0,0,0,255,128
149,40,9,1,8,1,0,0,0,4|22|87|138|134|127|255|48,255|107|248|18|129|199|0|0,0|87|-102|0|0|0|0|-128,3|127|-1|7|117|-36|-115|126,0|22|87|-102|0|0|0|0,0|126|-128|22|87|-102|0|0,191|34502|65407|60161|65028|32646|36351|32894,0,0,0,1,255,128
150,120,9,3,6,3,0,0,0,4|4|4|0|0|0|128|190,255|255|255|117|220|141|126|128,0|1|-1|0|0|0|0|-115,3|2|2|87|-102|0|-64|14,0|0|0|127|-1|0|-21|4,0|0|0|-1|-115|126|-128|22,191|191|191|27620|8184|51073|0|22302,0,0,0,1,255,128
151,0,6,1,0,2,0,0,0,4|4|0|0|0|0|141|126,255|255|87|154|0|0|0|0,0|0|127|-1|1|-21|4|-2,5|5|-1|-115|126|-128|22|87,-4|4|127|-1|48|-28|107|-8,0|0|-57|0|0|30|87|-102,72|72|48768|65407|29961|36316|32894|22294,1,0,0,1,255,208
152,0,6,1,0,1,0,0,0,4|127|255|1|235|4|254|134,255|255|141|126|128|22|87|138,0|127|-1|48|-28|107|-64|22,5|62|0|0|3|-8|-127|-57,-1|-1|6|87|-102|0|0|0,-4|-128|-66|127|-1|25|117|-42,72|5760|39511|0|0|32397|5760|39511,1,0,0,1,255,208
153,0,2,2,3,8,2,10,0,6|8|6|6|6|6|6|6,255|255|255|255|255|255|255|255,8|-8|10|-10|10|-10|13|-13,-12|-12|-13|-13|-10|-10|-6|-6,0|0|0|0|0|0|0|0,24|24|24|24|24|24|24|24,214|214|214|214|214|214|214|214,0,0,0,1,255,208
154,120,3,2,2,2,0,0,0,3|3|154|0|0|0|0|128,255|255|255|5|117|220|141|126,0|0|87|-102|0|0|0|0,6|6|85|-119|-27|-58|6|0,0|0|-58|6|0|0|12|-58,-14|0|0|1|-58|6|0|0,117|136|154|0|41728|0|5769|0,0,0,0,0,255,192
155,0,3,1,0,1,0,0,0,2|2|154|0|0|0|0|163,255|0|137|22|0|0|201|203,0|0|0|0|0|0|0|48,10|0|0|0|-29|0|11|-112,0|0|1|0|-24|0|11|-112,0|0|2|0|-20|0|11|-112,59|3|240|12312|120|0|244|36875,0,0,0,8,255,208
156,0,4,1,0,1,0,0,0,3|0|1|0|55|1|11|144,255|0|2|0|59|1|11|144,0|0|3|0|63|1|24|48,10|0|0|0|67|1|11|-112,0|0|1|0|73|1|11|-112,0|0|3|0|78|1|11|-112,60|4|19|12299|8|0|34|20491,0,0,0,8,255,208
157,0,4,1,0,1,0,0,0,4|0|0|0|36|0|11|144,255|0|4|0|67|0|47|48,0|0|0|0|78|0|47|48,10|0|0|0|95|0|47|48,0|0|0|0|105|0|11|-112,0|0|-8|-1|-118|0|47|48,165|0|143|12335|48|0|160|12335,0,0,0,8,255,208
158,0,4,2,0,2,0,0,0,2|2|0|0|206|0|47|48,255|255|0|0|223|0|47|48,0|0|0|0|-23|0|11|-112,10|10|15|12|8|1|47|48,-6|6|0|0|13|1|47|48,0|0|0|0|30|1|47|48,59|59|296|36875|0|3776|1168|12335,0,0,0,8,255,208
159,0,5,3,0,3,0,0,0,3|1|1|0|103|1|11|144,255|255|255|12|134|1|47|48,0|0|0|0|-117|1|47|48,10|10|10|0|-100|1|47|48,0|-8|8|0|-90|1|11|-112,0|4|4|13|-59|1|47|48,60|58|58|12335|48|0|475|12335,0,0,0,8,255,208
160,0,5,3,0,3,0,0,0,4|1|1|0|9|2|47|48,255|255|255|0|26|2|47|48,0|0|0|0|36|2|11|-112,10|10|10|14|67|2|47|48,0|-9|9|0|78|2|47|48,0|4|4|0|95|2|47|48,165|58|58|36875|0|5844|648|12335,0,0,0,8,255,208
161,0,5,3,0,3,0,0,0,2|2|2|0|168|2|11|144,255|255|255|23|199|2|47|48,0|0|0|0|-52|2|47|48,10|10|10|0|-35|2|47|48,0|-10|10|0|-25|2|11|-112,0|4|4|24|6|3|47|48,59|59|59|12335|48|0|796|12335,0,0,0,8,255,208
162,0,5,3,0,3,0,0,0,3|2|2|0|74|3|47|48,255|255|255|0|91|3|47|48,0|0|0|0|101|3|11|-112,10|10|10|15|-124|3|47|48,0|-10|10|0|-119|3|47|48,0|4|4|0|-102|3|47|48,60|59|59|36875|0|3943|963|12335,0,0,0,8,255,208
163,0,5,5,0,5,0,0,0,3|2|2|1|1|3|11|144,255|255|255|255|255|4|47|48,0|0|0|0|0|4|47|48,10|10|10|10|10|4|47|48,0|-10|10|-18|18|4|11|-112,0|4|4|8|8|4|47|48,60|59|59|58|58|0|1111|12335,0,0,0,8,255,208
164,0,5,5,0,5,0,0,0,3|2|2|2|2|4|47|48,255|255|255|255|255|4|47|48,0|0|0|0|0|4|11|-112,10|10|10|10|10|4|47|48,0|-10|10|-20|20|4|47|48,0|4|4|8|8|4|47|48,60|59|59|59|59|4451|1278|12335,0,0,0,8,255,208
165,0,5,5,0,5,0,0,0,5|2|2|2|2|5|11|144,255|255|255|255|255|5|47|48,0|0|0|0|0|5|47|48,10|10|10|10|10|5|47|48,0|-10|10|-24|24|5|11|-112,0|4|4|8|8|5|47|48,62|59|59|59|59|0|1426|12335,0,0,0,8,255,208
166,0,3,1,0,1,0,0,0,2|0|0|0|192|5|47|48,255|0|0|0|209|5|47|48,0|0|0|0|-37|5|11|-112,10|0|86|31|-6|5|47|48,0|0|0|0|-1|5|47|48,0|0|0|0|16|6|47|48,59|0|1562|36875|0|8220|1593|12335,0,0,0,8,255,208
167,0,3,2,0,2,0,0,0,1|1|0|0|89|6|11|144,255|255|169|18|120|6|47|48,-3|3|0|0|125|6|47|48,9|9|0|0|-114|6|47|48,-4|4|0|0|-104|6|11|-112,0|0|40|19|-73|6|47|48,201|202|1724|12335|48|0|1741|12335,0,0,0,8,255,208
168,0,4,3,0,3,0,0,0,1|1|1|0|251|6|47|48,255|255|255|0|12|7|47|48,-3|3|0|0|22|7|11|-112,9|9|10|20|53|7|47|48,-4|4|0|0|64|7|47|48,0|0|0|0|81|7|47|48,201|202|58|36875|0|5291|1914|12335,0,0,0,8,255,208
169,0,4,3,0,3,0,0,0,1|1|2|0|154|7|11|144,255|255|255|21|185|7|47|48,-7|7|0|0|-66|7|0|48,7|7|10|0|-49|7|11|-112,-5|5|0|0|5|0|11|-112,0|0|0|0|10|0|11|-112,163|164|59|36875|0|3|20|12288,0,0,0,8,255,208
170,0,5,5,0,5,0,0,0,1|1|1|1|1|0|0|48,255|255|255|255|255|0|11|144,-7|7|0|-3|3|0|11|-112,7|7|10|9|9|0|0|48,-5|5|0|-4|4|0|11|-112,0|0|0|0|0|0|11|-112,163|164|58|201|202|32397|5760|3776,0,0,0,8,255,208
171,0,5,5,0,5,0,0,0,1|1|2|1|1|108|89|50,255|255|255|255|255|128|89|89,-7|7|0|-3|3|115|100|70,7|7|10|9|9|38|38|34,-5|5|0|-4|4|-2|-1|3,0|0|0|0|0|30|72|99,163|164|59|201|202|3071|9762|22333,0,0,0,8,255,208
172,0,5,3,0,3,0,0,0,3|3|1|10|38|100|128|140,255|255|255|51|255|11|58|159,-7|7|0|-128|100|58|-2|-3,7|7|10|126|56|-1|10|44,-5|5|0|-116|-128|-128|-128|92,0|0|0|44|-128|-116|-110|-116,121|122|58|9725|12844|65317|9481|42890,0,0,0,8,255,208
173,0,5,3,0,3,0,0,0,3|3|2|16|100|138|126|100,255|255|255|70|70|44|255|12,-7|7|0|-1|17|38|17|38,7|7|10|0|0|0|-115|126,-5|5|0|-60|62|0|0|6,0|0|0|6|49|-64|80|80,121|122|59|0|0|32397|5760|50263,0,0,0,8,255,208
174,0,5,5,0,5,0,0,0,3|3|1|1|1|0|141|126,255|255|255|255|255|0|0|6,-7|7|0|-3|3|80|80|-102,7|7|10|9|9|0|0|0,-5|5|0|-4|4|87|-102|0,0|0|0|0|0|0|0|0,121|122|58|201|202|19502|19542|17159,0,0,0,8,255,208
175,0,5,5,0,5,0,0,0,3|3|2|1|1|0|138|70,255|255|255|255|255|117|3|233,-7|7|0|-3|3|-94|0|0,7|7|10|9|9|87|-65|0,-5|5|0|-4|4|0|0|0,0|0|0|0|0|87|-96|0,121|122|59|201|202|0|154|0,0,0,0,8,255,208
176,0,5,5,0,5,0,0,0,3|3|2|2|2|0|0|141,255|255|255|255|255|191|0|0,-7|7|0|-3|3|0|0|-115,7|7|10|9|9|-96|0|0,-5|5|0|-4|4|80|-102|0,0|0|0|0|0|0|0|0,121|122|59|279|280|191|7680|27223,0,0,0,8,255,208
177,0,10,1,0,1,0,0,0,192|154|0|0|0|0|141|190,255|255|22|87|160|0|0|48,0|49|-46|82|80|-102|0|0,2|0|-102|0|0|0|0|-65,0|0|14|87|-102|0|0|0,0|-65|0|0|30|87|106|12,65|0|39424|0|0|154|0|51456,1,0,0,10,255,208
178,0,10,1,0,2,0,0,0,192|192|0|198|70|255|1|235,255|255|70|255|141|190|254|254,-1|1|-65|0|0|30|87|-102,2|2|0|0|-65|0|0|14,2|2|0|0|0|0|-115|-66,0|0|22|87|-118|70|-1|48,65|65|39504|0|0|154|0|48896,1,0,0,10,255,208
179,0,10,1,0,1,0,0,0,193|70|255|48|228|139|248|136,255|0|0|128|126|255|3|117,0|-55|-61|-56|4|0|0|-58,4|0|0|0|-58|70|-2|0,0|0|0|48|-28|64|-120|70,0|-128|126|-2|0|117|38|-128,64|30211|50697|64838|50689|6|256|18058,1,0,0,10,255,208
180,0,10,2,0,2,0,0,0,192|192|253|235|212|254|78|253,255|255|254|0|116|9|138|70,-1|1|-102|0|0|0|0|-118,2|2|-120|70|-1|-118|70|-1,-5|5|85|-119|-27|-58|6|0,0|0|-24|0|0|-55|-53|0,65|65|0|36910|0|124|10|12324,1,0,0,10,255,208
181,0,10,2,0,2,0,0,0,192|192|254|255|33|0|46|144,255|255|252|255|37|0|12|48,-2|2|0|0|40|0|12|48,2|2|0|0|45|0|12|48,-10|10|0|0|67|0|12|48,0|0|0|0|72|0|23|-112,65|65|83|12300|664|0|95|12300,1,0,0,10,255,208
182,0,10,1,0,1,0,0,0,20|2|0|0|123|0|76|16,255|0|255|30|38|44|44|87,0|51|-1|29|56|114|122|-128,3|-118|89|-1|28|70|-116|-110,0|-105|-110|100|58|-3|-3|17,0|100|70|38|-1|21|-107|-66,74|32413|10566|22525|32908|35466|12900|5375,1,0,0,10,255,208
183,0,10,2,0,2,0,0,0,193|193|44|44|41|38|255|9,255|255|115|115|56|37|253|38,-1|1|-128|89|89|87|38|-1,4|4|-118|115|89|51|-1|11,-2|2|38|-2|-3|89|115|100,0|0|50|-1|7|58|-105|-87,64|64|65021|9766|8738|2303|40762|29209,1,0,0,10,255,208
184,0,10,3,0,3,0,0,0,20|192|192|0|49|1|12|48,255|255|255|0|54|1|23|144,0|-1|1|0|41|0|23|-112,3|2|2|0|52|0|23|80,0|-5|5|0|61|0|12|48,0|8|8|0|66|0|23|-112,74|65|65|12345|48|0|86|12300,1,0,0,10,255,208
185,0,10,3,0,3,0,0,0,193|193|193|0|101|0|46|144,255|255|255|0|106|0|12|48,0|-1|1|0|113|0|23|80,2|2|2|0|124|0|12|48,0|-5|5|0|-127|0|23|-112,0|8|8|0|-116|0|57|48,64|64|64|12300|120|0|154|20503,1,0,0,10,255,208
186,0,10,5,0,5,0,0,0,20|192|192|192|192|0|12|48,255|255|255|255|255|0|23|80,0|-1|1|-2|2|0|12|48,3|2|2|2|2|0|23|-112,0|-5|5|-10|10|0|57|48,0|8|8|10|10|0|12|48,74|65|65|65|65|20|222|12300,1,0,0,10,255,208
187,0,10,5,0,5,0,0,0,24|192|192|192|192|2|44|44,255|255|255|255|255|253|33|254,0|-1|1|-3|3|78|78|78,3|2|2|2|2|36|42|-3,0|-5|5|-10|10|93|-119|-104,0|8|8|10|10|127|64|44,75|65|65|65|65|40838|47537|50618,1,0,0,10,255,208
188,0,0,1,0,3,0,0,0,1|0|0|207|207|207|221|214,255|255|255|142|127|74|44|42,101|101|101|42|44|-2|-3|44,14|14|14|-42|-41|-39|-39|-33,0|0|0|-84|-84|-107|64|44,4|4|4|42|44|44|44|33,289|293|293|57311|56799|57311|47572|39074,0,0,0,6,255,208
189,0,0,1,0,3,0,0,0,1|1|0|223|223|223|223|207,255|255|255|127|64|54|44|44,101|101|101|66|93|93|49|-3,14|14|14|-33|-33|-33|-33|-33,0|0|0|-55|-71|-88|-112|112,4|4|4|44|66|74|107|107,289|289|293|57309|57311|57311|57311|55775,0,0,0,6,255,208
190,0,0,1,0,1,0,0,0,1|209|223|223|223|223|223|223,255|221|217|209|201|197|162|152,101|74|74|74|93|107|-127|-123,14|-124|121|58|-84|-44|-33|-33,0|-33|-33|-33|-33|-39|-49|-59,4|-94|-114|-122|107|74|74|86,286|33921|31611|14955|55714|57311|57311|57311,0,0,0,6,255,208
191,0,0,1,0,4,0,0,0,1|2|1|0|162|217|221|223,255|255|255|255|223|221|209|197,101|101|101|101|107|107|113|122,14|14|14|14|93|93|93|51,0|0|0|0|-33|-33|-33|-33,4|4|4|4|-71|-94|-114|127,286|287|286|288|23885|13139|38397|56785,0,0,0,6,255,208
192,0,0,1,0,2,0,0,0,1|2|77|77|93|93|66|36,255|255|178|209|212|221|221|221,101|101|-44|-49|-75|-88|-122|113,14|14|77|77|66|77|77|83,0|0|44|-3|-3|-3|113|-78,4|4|-49|-44|-44|-55|-70|-78,286|287|19789|19766|18486|23891|14925|65022,0,0,0,6,255,208
193,0,0,2,0,8,0,0,0,2|2|1|1|0|0|1|1,255|255|255|255|255|255|255|255,101|101|101|101|101|101|101|101,14|14|14|14|14|14|14|14,-6|6|-6|6|-6|6|-6|6,4|4|4|4|4|4|4|4,287|287|286|286|288|288|286|286,0,0,0,6,255,208
194,0,0,1,0,4,0,0,0,2|4|2|0|33|254|0|8,255|255|255|255|77|65|80|89,101|101|101|101|6|84|89|82,14|14|14|14|0|0|0|0,0|0|0|0|73|78|77|65,4|4|4|4|0|0|8|66,290|291|290|292|0|2048|16717|20041,0,0,0,6,255,208
195,0,0,3,0,6,0,0,0,1|1|1|2|0|0|84|21,255|255|255|255|255|255|44|42,101|101|101|101|101|101|36|54,14|14|14|14|14|14|64|44,0|-10|10|0|-10|10|-2|-1,4|4|4|4|4|4|-94|-107,286|289|289|287|293|293|1023|34358,0,0,0,6,255,208
196,0,0,3,0,6,0,0,0,0|2|2|1|1|1|162|180,255|255|255|255|255|255|186|162,101|101|101|101|101|101|42|42,14|14|14|14|14|14|-94|-49,0|-10|10|0|-10|10|-44|-47,4|4|4|4|4|4|42|42,293|287|287|289|286|286|57311|57311,0,0,0,6,255,208
197,0,0,3,0,6,0,0,0,2|1|1|4|0|0|223|223,255|255|255|255|255|255|178|149,101|101|101|101|101|101|44|44,14|14|14|14|14|14|-122|-70,0|-10|10|0|-10|10|-33|-35,4|4|4|4|4|4|54|44,290|289|289|291|293|293|57307|57311,0,0,0,6,255,208
198,0,0,3,0,6,0,0,0,2|2|2|4|1|1|162|207,255|255|255|255|255|255|223|223,101|101|101|101|101|101|113|99,14|14|14|14|14|14|-124|54,0|-10|10|0|-10|10|-33|-33,4|4|4|4|4|4|-71|-94,290|287|287|291|286|286|9260|56761,0,0,0,6,255,208
199,0,9,3,0,3,0,0,0,4|2|1|133|129|123|107|93,255|255|255|221|223|223|223|223,120|120|120|-39|-47|-59|-70|-84,8|8|8|-127|-127|-127|-127|121,0|0|0|77|44|36|93|-49,-14|0|14|-33|-33|-33|-35|-44,97|116|135|27519|27499|23910|23901|19795,1,0,0,14,255,208
200,0,8,4,0,4,0,0,0,4|2|2|1|83|83|77|74,255|255|255|255|49|33|253|51,120|120|120|120|-35|-35|-39|-44,9|9|8|8|127|107|74|66,0|0|0|0|93|93|93|77,-14|0|0|14|113|-84|-75|-55,97|116|116|135|17003|16950|21325|23891,1,0,0,14,255,208
201,0,8,5,0,5,0,0,0,4|2|2|2|1|66|81|93,255|255|255|255|255|67|254|255,120|120|120|120|120|-104|-107|-112,9|9|8|7|7|77|83|93,0|0|0|0|0|38|-2|-1,-14|0|0|0|14|-122|113|113,97|116|116|116|135|65534|11271|23877,1,0,0,14,255,208
202,0,7,6,0,6,0,0,0,4|2|2|2|2|1|44|38,255|255|255|255|255|255|0|0,120|120|120|120|120|120|77|65,9|9|8|7|6|6|7|84,0|0|0|0|0|0|0|0,-14|0|0|0|0|14|73|78,97|116|116|116|116|135|21057|12865,1,0,0,14,255,208
203,0,7,8,0,8,0,0,0,4|2|2|2|2|2|2|1,255|255|255|255|255|255|255|255,120|120|120|120|120|120|120|120,9|9|8|7|6|5|4|4,0|0|0|0|0|0|0|0,-14|0|0|0|0|0|0|14,97|116|116|116|116|116|116|135,1,0,0,14,255,208
204,0,7,8,0,8,0,0,0,4|2|2|1|4|2|2|1,255|255|255|255|255|255|255|255,-1|-1|-1|-1|1|1|1|1,14|14|13|13|14|14|13|13,0|0|0|0|0|0|0|0,-14|0|0|14|-14|0|0|14,97|116|116|135|97|116|116|135,1,0,0,14,255,208
205,0,7,8,0,8,0,0,0,4|2|1|4|2|1|4|2,255|255|255|255|255|255|255|255,-3|-3|-3|3|3|3|0|0,14|14|14|14|14|14|14|14,0|0|0|0|0|0|0|0,-14|0|14|-14|0|14|-18|-4,97|116|135|97|116|135|97|135,1,0,0,14,255,208
206,0,6,8,0,8,0,0,0,4|2|1|4|2|1|12|4,255|255|255|255|255|255|255|255,-3|-3|-3|3|3|3|0|0,14|14|14|14|14|14|14|14,0|0|0|0|0|0|0|0,-14|0|14|-14|0|14|-18|-4,97|116|135|97|116|135|101|139,1,0,0,14,255,208
207,0,6,8,0,8,0,0,0,4|2|4|2|12|4|4|2,255|255|255|255|255|255|255|255,-3|-3|3|3|0|0|0|0,14|14|14|14|14|14|13|13,0|0|0|0|0|0|0|0,0|14|0|14|-18|-4|-4|10,97|135|101|139|101|120|120|139,1,0,0,14,255,208
208,0,7,8,0,8,0,0,0,12|4|4|4|4|4|4|2,255|255|255|255|255|255|255|255,120|120|120|120|120|120|120|120,9|9|8|7|6|5|4|4,0|0|0|0|0|0|0|0,-14|0|0|0|0|0|0|14,101|120|120|120|120|120|120|139,1,0,0,14,255,208
209,0,7,8,0,8,0,0,0,12|4|4|2|12|4|4|2,255|255|255|255|255|255|255|255,-1|-1|-1|-1|1|1|1|1,14|14|13|13|14|14|13|13,0|0|0|0|0|0|0|0,-14|0|0|14|-14|0|0|14,101|120|120|139|101|120|120|139,1,0,0,14,255,208
210,0,4,1,0,1,0,0,0,3|254|255|9|38|44|44|44,255|49|49|44|36|38|33|254,0|0|85|-119|-27|-1|118|14,10|118|12|-1|118|10|-1|118,0|-1|118|6|-102|0|0|0,0|-117|70|14|5|12|0|80,227|35596|2630|20544|30463|65288|1654|154,1,0,0,5,255,208
211,0,5,1,0,1,0,0,0,5|19|0|80|255|118|8|255,255|6|154|0|0|0|92|26,0|2|36|44|44|54|44|42,11|42|33|33|-2|-1|5|44,0|112|113|113|121|78|64|44,0|42|42|36|36|33|33|-2,214|38227|44198|41634|31640|13910|10794|9258,1,0,0,5,255,208
212,0,4,1,0,1,0,0,0,3|66|42|42|42|36|36|42,98|42|36|38|254|253|36|152,0|-44|-39|-35|-44|-49|-59|-85,10|-119|87|54|42|36|36|36,0|36|36|42|36|39|-2|-3,0|-55|-44|-35|-35|-33|-35|-47,227|38312|16511|10794|9252|9252|10788|10794,1,0,0,5,255,208
213,0,4,1,0,1,0,0,0,5|44|42|36|36|36|36|42,98|42|42|42|254|127|201|217,0|-33|-33|-33|-33|-35|-49|-59,11|-94|-122|83|54|42|36|36,0|42|42|42|42|44|42|42,0|-107|-49|-33|-33|-33|-33|-33,214|53204|42681|21385|10818|9252|10788|10794,1,0,0,5,255,208
214,0,5,2,0,2,0,0,0,3|3|137|127|78|42|42|36,98|98|42|42|44|44|54|54,0|0|-44|-33|-33|-33|-33|-33,10|10|-35|-39|-55|-84|-107|-122,-6|6|42|36|42|42|42|42,0|0|54|64|49|-94|-49|-33,227|227|57311|56799|51668|41650|27541|10796,1,0,0,5,255,208
215,0,4,2,0,2,0,0,0,5|3|223|223|221|217|203|185,98|98|58|42|42|42|42|42,0|0|54|73|44|-84|-44|-35,11|10|-33|-33|-33|-33|-33|-33,-2|-2|-53|-75|-102|-119|83|42,0|0|42|44|44|44|44|54,214|227|57311|57311|57311|57311|53716|41653,1,0,4,5,255,208
216,0,4,2,0,2,0,0,0,5|5|221|221|221|221|217|212,98|98|162|149|133|99|83|44,0|0|44|44|44|44|44|44,11|9|49|-104|-70|-49|-47|-44,-2|-2|-55|-59|-78|-88|-107|-123,0|0|77|44|44|44|44|44,214|214|65021|19197|44194|50617|47561|45753,1,0,4,5,255,208
217,0,4,3,0,3,0,0,0,5|5|3|67|142|162|172|185,98|98|98|162|152|134|127|93,0|0|0|44|44|44|54|54,9|7|5|-1|4|36|107|-104,-2|-2|-2|-94|-104|-119|-123|111,0|0|0|77|54|54|54|54,214|214|227|39046|38296|34182|21361|21331,1,0,5,5,255,208
218,0,4,4,0,4,0,0,0,5|3|3|3|54|49|36|254,98|98|98|98|44|44|49|44,0|0|-4|4|36|-2|-60|-55,8|6|8|8|2|0|0|-118,-2|-2|-2|-2|-2|-80|1|58,0|0|0|0|-120|70|-1|-21,214|227|227|227|65350|58416|57553|53387,1,0,4,5,255,208
219,0,4,4,0,4,0,0,0,5|3|5|5|139|208|139|70,98|98|98|98|138|70|255|48,0|0|-4|4|52|2|39|44,8|6|8|8|42|42|33|-2,-2|-2|-2|-2|-122|121|121|112,0|0|0|0|44|42|42|36,214|227|214|214|41644|35234|21371|11318,1,0,1,5,255,208
220,0,4,4,0,4,0,0,0,5|3|5|5|66|54|42|42,98|98|98|98|42|42|254|253,0|0|-4|4|-47|-49|-49|-55,1|-1|0|0|93|54|42|42,-2|-2|-2|-2|42|42|42|-2,0|0|0|0|-39|-44|-42|-44,214|227|214|214|10794|10794|10794|10794,1,0,4,5,255,208
221,0,1,1,0,2,0,0,0,1|1|44|42|42|36|42|42,98|98|42|42|42|33|253|127,0|0|-37|-33|-33|-33|-33|-39,20|20|-88|-97|-124|64|44|42,-4|4|42|42|42|42|42|42,0|0|-3|-104|-47|-47|-33|-33,67|67|53201|40881|20105|10806|10794|11306,-1,0,0,20,255,208
222,0,1,1,0,4,0,0,0,1|1|1|1|137|66|54|44,98|98|98|98|44|42|42|44,-1|0|1|0|-44|-33|-33|-33,20|20|20|20|-39|-49|-71|-97,-6|0|6|0|44|44|42|44,0|0|0|0|66|66|44|-94,67|67|67|67|55773|41673|16507|13888,-1,0,0,20,255,208
223,0,1,1,0,4,0,0,0,1|1|1|1|223|221|207|162,98|98|98|98|42|42|44|42,-2|0|2|0|66|74|67|-94,20|20|20|20|-33|-33|-33|-33,-6|0|6|0|121|64|44|42,0|0|0|0|44|77|93|74,67|67|67|67|57311|57311|56799|41681,-1,0,0,20,255,208
224,0,1,1,0,6,0,0,0,1|1|1|1|1|1|223|221,98|98|98|98|98|98|42|44,-1|0|0|1|0|0|44|54,20|20|20|20|20|20|-71|-55,-6|-2|2|6|2|-2|-80|-114,0|0|0|0|0|0|44|44,67|67|67|67|67|67|53193|53204,-1,0,0,20,255,208
225,0,1,1,0,8,0,0,0,1|1|1|1|1|1|1|1,98|98|98|98|98|98|98|98,-2|-1|0|1|2|1|0|-1,20|20|20|20|20|20|20|20,-8|-4|0|4|8|4|0|-4,0|0|0|0|0|0|0|0,67|67|67|67|67|67|67|67,-1,0,0,20,255,208
226,0,1,1,0,8,0,0,0,1|1|1|1|1|1|1|1,98|98|98|98|98|98|98|98,-2|-1|0|1|2|1|0|-1,20|20|20|20|20|20|20|20,-8|-4|0|4|8|4|0|-4,0|0|0|0|0|0|0|0,67|67|67|67|67|67|67|67,-1,0,0,20,255,208
227,0,2,1,0,4,0,0,0,2|2|2|2|59|70|254|117,98|98|98|98|49|210|247|118,-1|0|1|0|10|-125|100|31,20|20|20|20|74|64|44|42,-6|0|6|0|-2|-1|5|44,0|0|0|0|121|78|54|54,70|70|70|70|1279|34397|41624|38554,-1,0,0,20,255,208
228,0,2,1,0,6,0,0,0,2|2|2|2|2|2|159|137,98|98|98|98|98|98|42|42,-1|0|0|1|0|0|-94|-71,20|20|20|20|20|20|-97|-119,-6|-2|2|6|2|-2|42|42,0|0|0|0|0|0|-84|-71,70|70|70|70|70|70|11318|10794,-1,0,0,20,255,208
229,0,2,1,0,8,0,0,0,2|2|2|2|2|2|2|2,98|98|98|98|98|98|98|98,-2|-1|0|1|2|1|0|-1,20|20|20|20|20|20|20|20,-8|-4|0|4|8|4|0|-4,0|0|0|0|0|0|0|0,70|70|70|70|70|70|70|70,-1,0,0,20,255,208
230,0,1,1,0,8,0,0,0,2|2|2|2|2|2|2|2,98|98|98|98|98|98|98|98,-2|-1|0|1|2|1|0|-1,20|20|20|20|20|20|20|20,-8|-4|0|4|8|4|0|-4,0|0|0|0|0|0|0|0,70|70|70|70|70|70|70|70,-1,0,0,20,255,208
231,0,0,1,0,8,0,0,0,2|2|2|2|2|2|2|2,98|98|98|98|98|98|98|98,-2|-1|0|1|2|1|0|-1,20|20|20|20|20|20|20|20,-8|-4|0|4|8|4|0|-4,0|0|0|0|0|0|0|0,70|70|70|70|70|70|70|70,-1,0,0,20,255,208
232,0,5,3,2,3,0,0,0,1|1|1|134|197|217|221|221,255|255|255|185|172|154|134|107,0|0|0|66|86|66|66|66,22|22|22|77|64|36|-3|49,0|0|0|-44|-44|-49|-71|-84,-22|-8|6|78|64|44|44|54,191|191|191|13878|64812|65021|45163|51653,0,0,0,15,255,128
233,0,5,4,2,4,0,0,0,1|1|1|1|254|255|3|83,255|255|255|255|162|144|134|112,0|0|0|0|44|44|44|44,22|22|22|22|44|-2|-1|4,0|0|0|0|-94|-122|107|107,-22|-8|6|20|44|44|44|44,191|191|191|191|36438|34456|28784|16462,0,0,0,15,255,128
234,0,5,6,2,6,0,0,0,1|1|1|1|1|2|64|54,255|255|255|255|255|255|44|44,0|0|0|0|0|0|36|38,22|22|22|22|22|-12|-50|-2,0|0|0|0|0|0|-1|13,-22|-8|6|20|34|0|-74|0,191|191|191|191|191|191|12545|35264,0,0,0,15,255,128
235,0,5,7,2,7,0,0,0,1|1|1|1|1|2|2|254,255|255|255|255|255|255|255|139,0|0|0|0|0|0|0|-48,22|22|22|22|22|-12|-12|-3,0|0|0|0|0|0|0|-64,-22|-8|6|20|34|0|-14|27,191|191|191|191|191|191|191|8180,0,0,0,15,255,128
236,0,5,6,2,6,0,0,0,1|1|1|1|2|2|37|128,255|255|255|255|101|101|16|33,0|0|0|0|-10|10|16|-3,22|22|22|22|10|10|21|-51,0|0|0|0|0|0|-51|27,-22|-8|6|20|0|0|51|-3,191|191|191|191|194|196|6694|52685,0,0,0,15,255,128
237,0,5,8,2,8,0,0,0,1|1|1|1|2|2|2|2,255|255|255|255|101|101|101|101,0|0|0|0|-10|10|-10|10,22|22|22|22|10|10|10|10,0|0|0|0|0|0|12|-12,-22|-8|6|20|0|0|14|14,191|191|191|191|194|196|194|196,0,0,0,15,255,128
238,0,5,6,2,6,0,0,0,3|1|1|1|2|2|38|255,103|103|103|103|101|101|141|126,0|0|0|0|-10|10|-4|22,22|22|22|22|10|10|-102|0,0|0|0|0|0|0|-3|22,-22|-8|6|20|0|0|0|0,210|229|248|267|194|196|154|0,0,0,0,15,255,128
239,0,5,8,2,8,0,0,0,3|1|1|1|2|2|2|2,103|103|103|103|101|101|101|101,0|0|0|0|-10|10|-10|10,22|22|22|22|10|10|10|10,0|0|0|0|0|0|12|-12,-22|-8|6|20|0|0|14|14,210|229|248|267|194|196|194|196,0,0,0,15,255,128
240,0,5,8,2,8,0,0,0,3|1|1|1|2|2|2|2,103|103|103|103|101|101|101|101,0|0|0|0|-7|7|-7|7,22|22|22|22|10|10|10|10,0|0|0|0|0|0|12|-12,-22|-8|6|20|0|0|14|14,210|229|248|267|194|196|194|196,0,0,0,15,255,128
241,0,2,4,2,8,0,0,0,3|1|1|1|3|1|1|1,103|103|103|103|103|103|103|103,0|0|0|0|0|0|0|0,22|22|22|22|22|22|22|22,-8|-8|-8|-8|8|8|8|8,-22|-8|6|20|-22|-8|6|20,210|229|248|267|210|229|248|267,0,0,0,15,255,128
242,0,1,8,2,8,0,0,0,1|1|1|1|1|1|1|1,103|103|103|103|103|103|103|103,0|0|0|0|0|0|0|0,22|22|22|22|22|22|22|22,-8|-8|-8|-8|8|8|8|8,-22|-8|6|20|-22|-8|6|20,210|229|248|267|210|229|248|267,0,0,0,15,255,128
243,0,2,1,9,6,0,0,0,2|2|2|2|2|2|6|203,10|10|10|10|10|10|15|0,-10|10|-10|10|-12|12|0|80,4|-4|-4|4|0|0|80|-24,0|0|0|0|0|0|-115|0,0|0|0|0|0|0|-123|0,172|172|172|172|172|172|51|50080,0,0,0,0,255,112
244,0,2,1,9,8,0,0,0,2|2|2|2|2|2|2|2,10|10|10|10|10|10|10|10,-9|9|-9|9|-10|10|-10|10,6|-6|-6|6|-3|3|3|-3,0|0|0|0|0|0|0|0,0|0|0|0|0|0|0|0,172|172|172|172|172|172|172|172,0,0,0,0,255,112
245,0,1,1,9,6,0,0,0,2|2|2|2|2|2|255|0,10|10|10|10|10|10|116|5,-10|10|-10|10|-12|12|-64|-96,4|-4|-4|4|0|0|90|89,0|0|0|0|0|0|-128|62,0|0|0|0|0|0|81|82,172|172|172|172|172|172|23385|49163,0,0,0,0,255,112
246,0,1,1,9,8,0,0,0,2|2|2|2|2|2|2|2,10|10|10|10|10|10|10|10,-9|9|-9|9|-10|10|-10|10,6|-6|-6|6|-3|3|3|-3,0|0|0|0|0|0|0|0,0|0|0|0|0|0|0|0,172|172|172|172|172|172|172|172,0,0,0,0,255,112
247,0,2,2,9,6,0,0,0,2|2|2|2|2|2|176|145,10|10|10|10|10|10|176|68,-10|10|-10|10|-12|12|-80|0,4|-4|-4|4|0|0|-116|-37,0|0|0|0|0|0|76|-51,0|0|0|0|0|0|65|-2,172|172|172|172|172|172|2048|20480,0,0,0,0,255,112
248,0,2,2,9,8,0,0,0,2|2|2|2|2|2|2|2,10|10|10|10|10|10|10|10,-9|9|-9|9|-10|10|-10|10,6|-6|-6|6|-3|3|3|-3,0|0|0|0|0|0|0|0,0|0|0|0|0|0|0|0,172|172|172|172|172|172|172|172,0,0,0,0,255,112
249,0,1,2,9,6,0,0,0,2|2|2|2|2|2|68|72,10|10|10|10|10|10|132|42,-10|10|-10|10|-12|12|-124|41,4|-4|-4|4|0|0|-124|40,0|0|0|0|0|0|-76|96,0|0|0|0|0|0|56|-75,172|172|172|172|172|172|5746|5700,0,0,0,0,255,112
250,0,1,2,9,8,0,0,0,2|2|2|2|2|2|2|2,10|10|10|10|10|10|10|10,-9|9|-9|9|-10|10|-10|10,6|-6|-6|6|-3|3|3|-3,0|0|0|0|0|0|0|0,0|0|0|0|0|0|0|0,172|172|172|172|172|172|172|172,0,0,0,0,255,112
251,0,2,4,9,8,0,0,0,2|2|2|2|2|2|2|2,10|10|10|10|10|10|10|10,-9|9|-9|9|-10|10|-10|10,6|-6|-6|6|-3|3|3|-3,0|0|0|0|0|0|0|0,0|0|0|0|0|0|0|0,172|172|172|172|172|172|172|172,0,0,0,0,255,112
252,0,3,6,9,6,0,0,0,2|2|2|2|2|2|132|41,10|10|10|10|10|10|132|40,-10|10|-10|10|-12|12|-76|112,4|-4|-4|4|0|0|51|-75,0|0|0|0|0|0|114|4,0|0|0|0|0|0|68|0,172|172|172|172|172|172|8325|8324,0,0,0,0,255,112
253,0,2,8,9,8,0,0,0,2|2|2|2|2|2|2|2,10|10|10|10|10|10|10|10,-9|9|-9|9|-10|10|-10|10,6|-6|-6|6|-3|3|3|-3,0|0|0|0|0|0|0|0,0|0|0|0|0|0|0|0,172|172|172|172|172|172|172|172,0,0,0,0,255,112
254,0,4,1,0,2,0,0,0,1|1|230|246|3|44|188|0,255|255|0|109|0|0|0|8,-10|10|3|110|-68|0|0|0,0|0|1|0|0|16|-26|26,0|0|-68|0|0|0|0|-125,0|0|0|32|-26|105|2|110,39|1|31744|1|32768|54246|42500|188,0,0,0,8,255,208
255,0,6,2,0,2,0,0,0,1|1|0|0|0|0|230|6,255|255|188|0|224|6|0|131,-10|10|0|-64|-26|6|11|0,0|0|-32|6|0|-125|0|0,0|0|108|98|90|84|80|75,0|0|66|64|61|59|57|56,39|1|12080|11309|10795|10281|9767|9253,0,0,0,8,255,208
256,0,6,2,0,2,0,0,0,2|2|24|23|23|22|22|21,255|255|20|20|19|19|18|18,-10|10|17|16|16|15|15|15,0|0|14|13|13|13|12|12,0|0|11|11|10|10|10|9,0|0|9|8|8|8|7|7,40|2|1542|1285|1029|1028|1028|771,0,0,0,8,255,208
257,0,6,5,0,5,0,0,0,1|1|1|1|1|99|99|99,255|255|255|255|255|41|40|39,-9|9|9|-9|0|33|32|31,2|2|-2|-2|-10|27|26|25,-2|2|2|-2|0|22|21|21,0|0|0|0|0|18|18|17,281|282|301|300|77|3598|3341|3085,0,0,0,8,255,208
258,0,6,2,0,2,0,0,0,3|3|8|8|8|8|7|7,255|255|6|6|6|6|6|5,-10|10|5|5|4|4|4|4,0|0|3|3|3|3|2|2,0|0|2|2|1|1|1|1,0|0|1|0|0|0|0|0,41|3|11823|11309|10795|10538|10024|9510,0,0,0,8,255,208
259,0,6,3,0,3,0,0,0,3|3|1|24|23|22|22|21,255|255|255|19|19|19|18|18,-10|10|0|16|16|15|15|15,0|0|-10|13|13|13|12|12,0|0|0|11|11|10|10|10,0|0|0|9|9|9|8|8,41|3|77|1799|1542|1542|1542|1285,0,0,0,8,255,208
260,0,6,4,0,4,0,0,0,2|2|2|2|2|2|2|1,255|255|255|255|0|0|0|0,-9|9|9|-9|92|-34|61|102,2|2|-2|-2|30|-124|26|51,-2|2|2|-2|18|-33|16|119,0|0|0|0|13|96|12|-102,277|278|297|296|55049|28680|4616|48136,0,0,0,8,255,208
261,0,6,6,0,6,0,0,0,2|2|2|2|1|1|4|164,255|255|255|255|255|255|4|222,-9|9|9|-9|-10|10|3|80,2|2|-2|-2|0|0|2|-26,-2|2|2|-2|0|0|2|82,0|0|0|0|0|0|2|-17,277|278|297|296|39|1|32513|29441,0,0,0,8,255,208
262,0,6,6,0,6,0,0,0,2|2|2|2|3|3|0|212,255|255|255|255|255|255|0|186,-9|9|9|-9|-10|10|0|-108,2|2|-2|-2|0|0|0|124,-2|2|2|-2|0|0|0|106,0|0|0|0|0|0|0|93,277|278|297|296|41|3|16640|15872,0,0,0,8,255,208
263,0,6,6,0,6,0,0,0,2|2|2|2|4|4|0|37,255|255|255|255|255|255|0|31,-9|9|9|-9|-10|10|0|27,2|2|-2|-2|0|0|0|23,-2|2|2|-2|0|0|0|0,0|0|0|0|0|0|0|0,277|278|297|296|203|222|0|0,0,0,0,8,255,208
264,0,6,6,0,6,0,0,0,2|2|2|2|5|5|0|0,255|255|255|255|255|255|0|127,-9|9|9|-9|-10|10|0|0,2|2|-2|-2|0|0|0|0,-2|2|2|-2|0|0|0|0,0|0|0|0|0|0|0|0,277|278|297|296|43|5|0|0,0,0,0,8,255,208
265,0,3,1,0,4,0,0,0,1|1|1|1|60|11|6|242,255|255|255|255|6|244|52|242,-9|9|9|-9|52|51|-1|-66,2|2|-2|-2|-128|-58|68|-1,-2|2|2|-2|18|-58|68|-3,0|0|0|0|127|-58|68|2,281|282|301|300|50949|1860|512|17545,0,0,0,8,255,208
266,0,4,2,0,4,0,0,0,1|1|1|1|255|87|80|232,255|255|255|255|30|71|131|255,-9|9|9|-9|-64|94|95|-61,2|2|-2|-2|-100|88|-119|70,-2|2|2|-2|116|1|-6|-118,0|0|0|0|112|-63|-24|7,281|282|301|300|5771|13264|49793|2050,0,0,0,8,255,208
267,0,6,4,0,4,0,0,0,1|1|1|1|12|3|209|239,255|255|255|255|116|1|251|201,-9|9|9|-9|-56|4|0|0,2|2|-2|-2|-4|-87|0|2,-2|2|2|-2|102|5|37|0,0|0|0|0|-118|78|4|-125,281|282|301|300|49793|2050|35567|1366,0,0,0,8,255,208
268,0,6,5,0,5,0,0,0,1|1|1|1|1|253|2|116,255|255|255|255|255|201|194|2,-6|6|6|-6|0|0|-100|88,6|6|-6|-6|-10|2|116|1,-4|4|4|-4|0|0|112|-63,0|0|0|0|0|-125|-31|31,163|164|183|182|77|35823|1094|22154,0,0,0,8,255,208
269,0,6,4,0,4,0,0,0,2|2|1|1|6|66|66|239,255|255|255|255|116|1|251|201,-9|9|6|-6|-56|6|0|0,2|2|-6|-6|-6|-87|0|2,-2|2|4|-4|102|5|37|0,0|0|0|0|-118|78|4|-125,277|278|183|182|49793|2050|35567|1366,0,0,0,8,255,208
270,0,6,5,0,5,0,0,0,2|2|1|1|1|254|0|0,255|255|255|255|255|43|201|9,-9|9|6|-6|0|2|116|1,2|2|-6|-6|-10|86|-2|-55,-2|2|4|-4|0|30|0|0,0|0|0|0|0|-87|0|2,277|278|183|182|77|22153|35318|61510,0,0,0,8,255,208
271,0,6,5,0,5,0,0,0,2|2|2|2|1|3|161|206,255|255|255|255|255|3|233|251,-9|9|6|-6|0|-117|-121|-102,2|2|-6|-6|-10|-1|-1|116,-2|2|4|-4|0|112|-117|70,0|0|0|0|0|-24|68|-1,277|278|295|294|77|65534|5748|18048,0,0,0,8,255,208
272,0,6,7,0,7,0,0,0,2|2|2|2|1|1|1|128,255|255|255|255|255|255|255|196,-9|9|6|-6|0|-10|10|-125,2|2|-6|-6|-10|0|0|86,-2|2|4|-4|0|0|0|5,0|0|0|0|0|0|0|-16,277|278|295|294|77|39|1|3068,0,0,0,8,255,208
273,0,6,7,0,7,0,0,0,2|2|2|2|1|2|2|70,255|255|255|255|255|255|255|254,-9|9|6|-6|0|-2|2|-22,2|2|-6|-6|-10|-9|-9|-24,-2|2|4|-4|0|-4|4|-119,0|0|0|0|0|0|0|-23,277|278|295|294|77|298|299|20848,0,0,0,8,255,208
274,0,6,8,0,8,0,0,0,2|2|2|2|2|2|1|1,255|255|255|255|255|255|255|255,-9|9|6|-6|-2|2|-10|10,2|2|-6|-6|-9|-9|0|0,-2|2|4|-4|-4|4|0|0,0|0|0|0|0|0|0|0,277|278|295|294|298|299|39|1,0,0,0,8,255,208
275,0,6,8,0,8,0,0,0,2|2|2|2|2|2|2|2,255|255|255|255|255|255|255|255,-9|9|6|-6|-2|2|-10|10,2|2|-6|-6|-9|-9|0|0,-2|2|4|-4|-4|4|0|0,0|0|0|0|0|0|0|0,277|278|295|294|298|299|40|2,0,0,0,8,255,208
276,0,6,2,0,2,0,0,0,1|1|4|0|85|139|236|87,100|100|118|8|131|254|59|115,-13|13|-58|11|-58|45|3|0,0|0|72|116|42|-117|70|4,-2|2|10|63|3|-34|3|-37,0|0|2|59|-21|36|-117|-34,6|44|2686|35710|1094|22155|262|64129,0,0,0,13,255,208
277,0,6,3,0,3,0,0,0,1|1|1|95|201|194|8|0,100|100|98|0|87|86|139|118,-13|13|0|-63|-29|2|-127|-61,0|0|13|94|-44|-117|71|2,-2|2|0|5|51|-64|-23|-57,0|0|0|-119|70|-16|-119|70,6|44|63|35586|54398|15812|50214|829,0,0,0,13,255,208
278,0,6,4,0,4,0,0,0,1|1|1|1|193|3|193|137,100|100|98|98|220|199|70|230,-13|13|-2|2|-14|-119|70|-40,0|0|13|13|31|38|-60|95,-2|2|-4|4|38|-117|71|2,0|0|0|0|-117|15|-119|78,6|44|224|223|49515|35075|57926|24203,0,0,0,13,255,208
279,0,6,3,0,3,0,0,0,2|2|1|38|139|127|1|61,100|100|98|14|255|118|6|87,-13|13|0|11|-64|117|3|-23,0|0|13|-2|44|117|11|-1,-2|2|0|-24|-60|-2|11|-64,0|0|0|94|-14|-63|-29|2,16|54|63|13814|18175|35826|33742|59006,0,0,0,13,255,208
280,0,6,4,0,4,0,0,0,2|2|1|1|31|38|196|95,100|100|98|98|139|71|2|137,-13|13|-2|2|15|-119|78|-20,0|0|13|13|-23|-81|1|107,-2|2|-4|4|-6|58|-119|70,0|0|0|0|-63|-119|70|-24,16|54|224|223|35816|54398|15812|50214,0,0,0,13,255,208
281,0,6,6,0,6,0,0,0,2|2|2|2|1|1|103|1,100|100|100|100|98|98|5|244,-13|13|-13|13|-2|2|3|-119,-1|-1|1|1|13|13|31|38,-2|2|-2|2|-4|4|38|-118,4|4|-4|-4|0|0|-16|38,16|54|16|54|224|223|13822|18292,0,0,0,13,255,208
282,0,6,6,0,6,0,0,0,3|3|3|3|1|1|117|14,100|100|100|100|98|98|253|11,-13|13|-13|13|-2|2|-117|94,0|0|0|0|13|13|55|-119,-2|2|-2|2|-4|4|70|-4,-7|-7|7|7|0|0|-8|57,105|106|124|125|224|223|486|35584,0,0,0,13,255,208
283,0,6,6,0,6,0,0,0,3|3|3|3|2|1|46|106,100|100|100|100|98|98|253|255,-13|13|-13|13|0|0|-1|118,0|0|0|0|13|-13|-2|0,-2|2|-2|2|0|0|26|-66,-7|-7|7|7|0|0|118|-16,105|106|124|125|73|82|1222|30031,0,0,0,13,255,208
284,0,6,7,0,7,0,0,0,3|3|3|3|2|1|1|112,100|100|100|100|98|98|98|255,-13|13|-13|13|0|-2|2|-60,0|0|0|0|13|-13|-13|112,-2|2|-2|2|0|-4|4|-3,-7|-7|7|7|0|0|0|-44,105|106|124|125|73|243|242|17384,0,0,0,13,255,208
285,0,6,7,0,7,0,0,0,3|3|3|3|2|2|2|232,100|100|100|100|98|98|98|116,-13|13|-13|13|0|-9|9|80,0|0|0|0|13|-9|-9|126,-2|2|-2|2|0|-9|9|116,-7|-7|7|7|0|0|0|-125,105|106|124|125|73|130|131|18059,0,0,0,13,255,208
286,0,6,8,0,8,0,0,0,3|3|3|3|2|2|2|2,100|100|100|100|98|98|98|98,-13|13|-13|13|-9|9|-9|9,0|0|0|0|-9|-9|9|9,-2|2|-2|2|-9|9|-9|9,-7|-7|7|7|0|0|0|0,105|106|124|125|130|131|149|150,0,0,0,13,255,208
287,0,6,1,0,1,0,0,0,2|139|236|86|51|246|57|118,98|124|13|139|70|4|185|176,0|-103|-9|-7|-117|-16|-21|27,0|118|4|125|22|-72|-81|4,0|70|4|-71|-80|4|43|-46,0|-15|43|-16|105|-64|-80|4,73|33540|510|894|446|35584|1094|45241,1,0,0,13,255,208
288,0,6,3,0,3,0,0,0,2|1|1|4|232|243|251|141,98|98|98|225|12|11|193|94,0|-1|1|0|-56|42|0|0,0|-1|-1|70|8|37|15|0,0|-4|4|-127|-58|26|57|-1,0|0|0|52|-1|118|6|-1,73|63|63|58438|49163|1653|440|59648,1,0,0,13,255,208
289,0,6,4,0,4,0,0,0,1|1|1|1|0|232|44|250,98|98|98|98|59|247|124|237,-1|1|-2|2|0|11|-1|127,0|0|-1|-1|-57|70|-26|-6,-4|4|-8|8|42|-28|-118|71,0|0|0|0|-119|70|-38|-116,63|63|63|63|18057|35544|2150|49194,1,0,0,13,255,208
290,0,6,5,0,5,0,0,0,1|1|1|1|1|54|137|70,98|98|98|98|98|199|128|204,-1|1|-2|2|0|-24|-128|-8,-1|-1|-2|-2|0|60|9|117,-4|4|-8|8|0|117|5|-57,0|0|0|0|0|124|76|127,63|63|63|63|63|19580|32125|35618,1,0,0,13,255,208
291,0,6,4,0,4,0,0,0,2|2|1|1|24|5|64|0,98|98|98|98|247|249|137|68,-1|1|-3|3|43|68|124|3,0|0|-1|-1|0|107|-64|100,-4|4|-8|8|68|112|-119|70,0|0|0|0|1|117|9|-71,73|73|63|63|17547|35152|63558|18119,1,0,0,13,255,208
292,0,6,4,0,4,0,0,0,3|3|1|1|86|1|68|78,98|98|98|98|78|0|0|139,0|0|-2|2|0|-9|108|88,1|1|-1|-1|25|86|-6|-125,-6|6|-8|8|8|43|-64|-119,0|0|0|0|-8|-125|126|-6,143|144|63|63|65535|18119|250|35584,1,0,0,13,255,208
293,0,6,4,0,4,0,0,0,3|3|2|2|137|68|80|139,98|98|98|98|45|46|0|131,0|0|-2|2|-24|-119|86|-22,1|1|-1|-1|116|89|-117|68,-6|6|-8|8|-119|70|-16|-119,0|0|0|0|12|-117|84|14,143|144|73|73|35308|61014|17547|35588,1,0,0,13,255,208
294,0,6,6,0,6,0,0,0,3|3|1|1|1|1|43|192,98|98|98|98|98|98|235|70,0|0|-1|1|-2|2|5|4,1|1|0|0|-1|-1|-2|-119,-6|6|-4|4|-8|8|47|-117,0|0|0|0|0|0|18|-119,143|144|63|63|63|63|210|18057,1,0,0,13,255,208
295,0,6,6,0,6,0,0,0,3|3|2|2|1|1|139|70,98|98|98|98|98|98|112|253,0|0|-1|1|-3|3|-119|71,1|1|0|0|-1|-1|18|-117,-6|6|-4|4|-8|8|94|-30,0|0|0|0|0|0|71|3,143|144|73|73|63|63|17547|35090,1,0,0,13,255,208
296,0,6,6,0,6,0,0,0,3|3|3|3|3|3|22|139,98|98|98|98|98|98|131|210,0|0|-3|-3|3|3|119|-117,1|1|-2|-2|-2|-2|92|102,-6|6|-12|0|0|12|6|42,0|0|0|0|0|0|0|43,143|144|143|144|143|144|1016|18057,1,0,0,13,255,208
297,0,6,8,0,8,0,0,0,3|3|3|3|3|3|3|3,98|98|98|98|98|98|98|98,-1|-1|1|1|-3|-3|3|3,0|0|0|0|-2|-2|-2|-2,-12|0|0|12|-24|-12|12|24,0|0|0|0|0|0|0|0,143|144|143|144|143|144|143|144,1,0,0,13,255,208
298,80,20,8,3,8,0,0,0,128|128|128|128|128|128|128|128,255|255|255|255|255|255|255|255,0|0|1|-1|1|-1|1|-1,1|-1|1|1|-1|-1|0|0,0|0|0|0|0|0|0|0,0|0|0|0|0|0|0|0,271|271|271|271|271|271|271|271,0,0,0,8,255,208
299,0,90,1,3,1,0,0,0,99|245|139|199|128|204|116|80,255|100|66|42|192|11|68|64,120|-24|-76|-11|-117|-57|-128|-52,2|80|-1|118|-12|-24|-88|-11,-20|-57|-128|-52|24|80|-118|100,20|42|-64|11|70|-10|80|-24,263|51083|52352|20566|29951|59442|62858|51083,0,0,160,0,255,208
300,0,7,2,0,2,0,0,0,1|1|22|42|192|11|68|30,255|255|108|245|139|70|216|3,-10|10|-103|-119|70|-8|-119|86,0|0|-46|124|17|127|5|61,0|0|118|10|-57|70|-8|127,0|0|70|-6|0|0|-117|-57,227|227|26250|11000|3008|7236|59472|62776,0,0,0,26,255,208
301,0,7,2,0,2,0,0,0,2|2|139|199|128|204|88|80,105|105|20|42|192|11|68|56,-10|10|20|-11|-117|-57|-128|-52,0|0|-24|-9|-11|42|-28|-119,0|0|-119|86|-6|-117|94|-30,0|0|3|3|68|40|-119|70,185|185|1398|18119|65526|35584|32967|4300,0,0,0,26,255,208
302,0,7,4,0,4,0,0,0,1|1|1|1|71|5|185|63,255|255|255|255|3|201|3|193,-9|9|9|-9|-119|86|-6|11,2|-2|2|-2|5|61|-1|0,0|0|0|0|-8|-1|0|-57,0|0|0|0|-125|126|-6|0,227|227|227|227|63558|51083|52352|20576,0,0,0,26,255,208
303,0,7,4,0,4,0,0,0,2|1|2|1|226|42|228|138,105|255|105|255|38|137|70|246,-9|9|9|-9|5|-57|70|-10,2|-2|2|-2|-128|-52|112|80,0|0|0|0|-64|-117|-48|-117,0|0|0|0|-18|82|81|-24,185|227|185|227|17547|39194|57537|35596,0,0,0,26,255,208
304,0,7,6,0,6,0,0,0,2|1|2|1|1|1|192|11,105|255|105|255|255|255|139|94,-9|9|9|-9|-10|10|-125|70,2|-2|2|-2|0|0|70|-4,0|0|0|0|0|0|110|-5,0|0|0|0|0|0|6|0,185|227|185|227|227|227|3008|1606,0,0,0,26,255,208
305,0,7,7,0,7,0,0,0,2|1|2|1|2|2|1|233,105|255|105|255|105|105|255|57,-9|9|9|-9|-10|10|0|107,2|-2|2|-2|0|0|-10|0,0|0|0|0|0|0|0|-1,0|0|0|0|0|0|0|-117,185|227|185|227|185|185|227|35664,0,0,0,26,255,208
306,0,7,7,0,7,0,0,0,2|2|2|2|2|2|1|137,105|105|105|105|105|105|255|199,-9|9|9|-9|-10|10|0|-1,2|-2|2|-2|0|0|-10|18,0|0|0|0|0|0|0|70,0|0|0|0|0|0|0|1,185|185|185|185|185|185|227|51154,0,0,0,26,255,208
307,0,7,6,0,6,0,0,0,2|1|2|1|4|4|218|243,105|255|105|255|103|103|198|20,-9|9|9|-9|-6|6|3|-23,2|-2|2|-2|0|0|-55|-62,0|0|0|0|0|0|126|4,0|0|0|0|0|0|-1|118,185|227|185|227|204|204|1654|30463,0,0,0,26,255,208
308,0,7,6,0,6,0,0,0,2|2|2|2|4|4|57|255,105|105|105|105|103|103|132|44,-9|9|9|-9|-6|6|46|57,2|-2|2|-2|0|0|0|-112,0|0|0|0|0|0|4|-72,0|0|0|0|0|0|0|43,185|185|185|185|204|204|13113|24256,0,0,0,26,255,208
309,0,7,8,0,8,0,0,0,2|1|2|1|1|1|4|4,105|255|105|255|255|255|103|103,-9|9|9|-9|-3|3|-6|6,2|-2|2|-2|-7|-7|0|0,0|0|0|0|0|0|0|0,0|0|0|0|0|0|0|0,185|227|185|227|227|227|204|204,0,0,0,26,255,208
310,0,7,8,0,8,0,0,0,2|2|2|2|1|1|4|4,105|105|105|105|255|255|103|103,-9|9|9|-9|-3|3|-6|6,2|-2|2|-2|-7|-7|0|0,0|0|0|0|0|0|0|0,0|0|0|0|0|0|0|0,185|185|185|185|227|227|204|204,0,0,0,26,255,208
311,0,11,1,0,1,0,0,0,1|126|250|47|115|35|185|255,90|139|94|248|43|200|138|159,120|57|42|-1|46|-118|-121|-85,120|42|-28|-9|-31|-71|127|0,-13|-46|-9|-15|1|70|-2|-21,14|-57|70|-2|-1|0|-117|-57,227|20504|59472|61980|49194|17931|20734|51176,0,0,6,26,255,208
312,0,21,1,5,1,0,0,0,2|95|201|194|4|0|85|139,90|86|139|118|6|138|70|4,120|-34|30|-120|-121|32|57|86,120|-121|33|57|42|-28|80|-24,-18|-1|94|-55|-62|4|0|-112,20|-117|-20|87|86|-125|126|4,185|35411|1606|3877|27392|7896|65331|34758,0,0,7,26,255,208
313,0,16,1,5,1,0,0,0,2|139|200|128|60|255|117|34,90|249|255|0|116|28|37|15,120|57|70|6|117|20|-57|4,120|-1|-117|-57|-128|-52|84|80,-24|68|8|-128|-52|-128|80|-24,24|-15|-125|-58|20|71|59|62,185|51314|2539|24171|7686|34758|14620|13057,0,0,8,26,255,208
314,0,8,1,5,1,0,0,0,2|139|70|4|43|210|247|241,90|70|4|107|94|6|30|137,120|-4|-119|-121|34|57|51|-1,120|62|-50|51|116|85|-57|70,-24|-102|54|-117|118|-2|42|-28,24|68|1|-117|-40|-127|-5|-1,185|33589|4067|24121|29958|35629|64630|24203,0,0,8,26,255,208
315,0,16,2,5,2,0,0,0,2|2|0|193|230|8|139|199,90|90|56|80|80|232|4|241,120|120|11|-58|80|-24|-80|-16,120|120|-2|20|71|59|62|-50,-30|-18|-80|51|-64|94|95|-55,24|24|0|-112|85|-117|-20|-117,185|185|50974|12423|57|50689|12935|57,0,0,8,26,255,208
316,0,8,2,5,2,0,0,0,2|2|236|139|94|6|107|219,45|45|135|48|57|0|1|198,120|120|57|0|-118|102|4|42,120|120|-121|50|57|51|-64|-55,-40|-8|0|-112|-56|2|0|0,24|24|6|30|-117|-121|48|57,185|185|11527|256|7028|14571|49027|14642,0,0,8,26,255,208
317,0,16,3,5,3,0,0,0,2|2|2|235|34|131|62|238,45|45|90|24|131|167|54|57,120|120|120|4|-63|-32|7|9,120|120|120|-1|118|6|-1|22,-40|-8|-24|3|-72|1|0|-55,24|24|4|-112|-56|2|0|0,185|185|185|14640|45|29697|11527|256,0,0,8,26,255,208
318,0,8,1,3,1,0,0,0,4|70|4|9|135|38|57|51,90|235|31|131|62|238|52|0,120|21|-128|-89|54|57|-128|-117,120|4|9|-121|54|57|-1|118,-24|-1|22|-18|52|-21|3|-72,24|0|-55|-62|4|0|85|-117,204|30347|33542|4070|56939|50718|7559|4665,0,0,8,26,255,208
319,0,16,2,3,2,0,0,0,4|4|57|100|199|135|34|57,90|90|198|135|28|57|0|199,120|120|57|0|0|-57|-121|38,120|120|2|51|-64|-119|-121|50,-30|-18|-121|52|57|-119|-121|44,24|24|-121|46|57|-1|-1|57,204|204|22022|65360|61974|13108|24256|49865,0,0,8,26,255,208
320,0,8,2,3,2,0,0,0,4|4|254|154|54|139|94|254,45|45|131|126|4|0|116|6,120|120|60|-1|116|35|-63|-18,120|120|-2|-1|0|116|26|-117,-40|-8|15|0|57|70|8|117,24|24|-57|-57|7|-1|-1|-128,204|204|32895|65512|33774|65094|18196|15931,0,0,8,26,255,208
321,0,16,3,3,3,0,0,0,4|4|4|123|0|117|3|233,45|45|90|100|10|192|116|102,120|120|120|110|44|5|116|118,120|120|120|126|44|3|117|3,-50|8|-24|-2|-56|117|3|-23,24|24|4|27|117|3|-23|-115,204|204|204|146|6956|885|38633|11264,0,0,8,26,255,208
322,0,4,2,0,2,0,0,0,1|1|170|0|254|200|117|3,255|255|0|254|200|117|3|233,0|0|44|19|117|3|-23|-63,12|12|-56|117|3|-23|-60|0,-5|5|0|-23|-42|0|-1|118,0|0|118|4|-24|105|-5|-23,225|225|65288|1142|15848|59901|188|30463,0,0,0,26,255,208
323,0,5,3,0,3,0,0,0,1|1|1|233|164|0|255|118,255|255|255|4|232|169|251|233,0|-2|2|118|8|-1|118|4,12|11|11|-23|-116|0|-1|118,0|0|0|4|-24|37|-2|-23,0|0|0|118|8|-1|118|4,225|225|225|2166|30463|59396|64306|27371,0,0,0,26,255,208
324,0,5,4,0,4,0,0,0,1|1|1|1|8|255|118|4,255|255|255|255|235|78|131|62,-2|2|-4|4|3|-23|104|-1,11|11|12|12|118|4|-1|22,0|0|0|0|-1|118|8|-1,0|0|0|0|-3|-21|43|-1,225|225|225|225|8427|30463|65288|1142,0,0,0,26,255,208
325,0,6,5,0,5,0,0,0,1|1|1|1|1|106|1|232,255|255|255|255|255|194|6|0,0|-3|3|-6|6|86|-117|94,12|11|11|9|9|0|-125|-29,0|0|0|0|0|118|-16|-125,0|0|0|0|0|8|-117|-124,225|225|225|225|225|14634|33929|14618,0,0,0,26,255,208
326,0,6,6,0,6,0,0,0,1|1|1|1|1|1|11|5,255|255|255|255|255|255|0|196,-3|3|-6|6|0|0|127|1,11|11|9|9|12|12|51|-10,0|0|0|0|-4|4|-60|31,0|0|0|0|0|0|-128|117,225|225|225|225|225|225|60998|17979,0,0,0,26,255,208
327,0,6,4,0,4,0,0,0,1|1|2|2|70|252|139|94,255|255|255|255|137|135|42|57,-6|6|0|0|-121|26|57|-1,9|9|11|11|38|-60|31|-125,0|0|8|-8|120|1|-1|117,0|0|0|0|-125|-57|4|65,225|225|244|244|32387|242|885|40425,0,0,0,26,255,208
328,0,6,5,0,5,0,0,0,1|1|2|2|2|52|139|68,255|255|255|255|255|51|255|196,-5|5|3|-3|0|-128|127|1,9|9|11|11|12|-10|-60|28,0|0|0|0|0|87|2|64,0|0|0|0|0|-2|-119|126,225|225|244|244|244|36596|65094|35366,0,0,0,26,255,208
329,0,6,6,0,6,0,0,0,1|1|3|3|2|2|38|128,255|255|255|255|255|255|248|139,-6|6|3|-3|0|0|-125|-7,9|9|11|11|12|12|0|116,0|0|0|0|-8|8|-21|-119,0|0|0|0|0|0|-117|70,225|225|244|244|244|244|0|18059,0,0,0,26,255,208
330,0,6,6,0,6,0,0,0,2|2|3|2|2|2|70|4,255|255|255|255|255|255|241|139,-6|6|3|-3|0|0|30|-119,9|9|11|11|12|12|34|57,0|0|0|0|-8|8|-55|-62,0|0|0|0|0|0|87|86,244|244|244|244|244|244|35591|35528,0,0,0,26,255,208
331,0,6,7,0,7,0,0,0,2|2|3|2|2|2|3|10,255|255|255|255|255|255|255|139,-8|8|6|-6|3|-3|0|42,9|9|10|10|11|11|12|121,0|0|0|0|0|0|0|97,0|0|0|0|0|0|0|51,244|244|244|244|244|244|244|63883,0,0,0,26,255,208
332,0,6,8,0,8,0,0,0,5|2|2|2|2|2|2|2,255|255|255|255|255|255|255|255,0|-4|4|-6|6|0|-3|3,12|12|12|9|9|12|11|11,0|-4|4|0|0|0|0|0,0|-6|-6|0|0|9|0|0,244|244|244|244|244|226|226|226,0,0,0,26,255,208
333,0,8,1,0,1,0,0,0,2|93|104|9|52|107|222|14,255|255|183|59|5|139|251|232,0|-21|104|12|52|46|-1|-75,-6|5|-24|11|-21|104|3|54,0|-1|-75|63|5|-24|0|-21,0|9|20|46|-1|-75|67|5,126|16821|59397|60298|2664|11796|46591|1351,1,0,0,16,255,208
334,0,8,2,0,2,0,0,0,2|2|235|104|14|20|106|0,255|255|232|101|235|51|192|94,-1|1|-62|2|0|-112|-56|10,-7|-7|87|86|-117|126|4|-125,-5|5|114|5|-72|1|0|-21,0|0|70|-8|0|36|-57|70,126|126|64582|13312|18119|254|13110|27638,1,0,0,16,255,208
335,0,8,3,0,3,0,0,0,2|2|2|141|78|248|3|217,255|255|255|54|11|7|80|139,-2|2|0|-34|3|-37|46|-1,-7|-7|-5|-24|106|-22|70|-125,-5|5|0|-47|51|-64|94|95,0|0|0|0|-56|8|0|0,126|126|126|50944|63558|823|18059|35320,1,0,0,16,255,208
336,0,8,2,0,2,0,0,0,3|3|139|78|6|46|128|60,255|255|26|46|128|60|255|116,-1|1|-118|4|-104|-114|70|8,-8|-8|3|-33|42|-10|38|-118,-5|5|-48|117|7|70|71|57,0|0|119|-39|-119|118|-2|-117,214|214|65343|3956|18051|5368|18175|33786,1,0,0,16,255,208
337,0,8,3,0,3,0,0,0,3|3|3|3|196|118|6|38,255|255|255|237|81|139|216|46,-2|2|0|3|-21|3|-72|1,-8|-8|-5|-55|-62|8|0|-112,-5|5|0|-112|51|-64|-61|16,0|0|0|-2|20|-120|-76|127,214|214|214|28292|10779|7556|10783|41861,1,0,0,16,255,208
338,0,8,5,0,5,0,0,0,2|2|2|2|3|52|114|159,255|255|255|255|255|41|133|28,-2|2|-4|4|0|36|114|-92,-7|-7|-7|-7|-5|41|-123|69,-5|5|-8|8|0|84|114|59,0|0|0|0|0|40|-123|14,126|126|126|126|214|47492|10302|14981,1,0,0,16,255,208
339,0,8,4,0,4,0,0,0,3|3|2|2|62|195|69|0,255|255|255|255|0|4|165|31,-2|2|-4|4|20|-121|2|-68,-7|-7|-7|-7|62|123|12|26,-5|5|-8|8|62|-9|-122|-64,0|0|0|0|62|-128|-46|-67,214|214|126|126|830|51468|7742|51715,1,0,0,16,255,208
340,0,8,6,0,6,0,0,0,3|3|2|2|2|2|211|194,255|255|255|255|255|255|2|203,-2|2|-4|4|-1|1|3|-58,-7|-7|-7|-7|-6|-6|50|-55,-5|5|-8|8|-3|3|-125|66,0|0|0|0|0|0|51|0,214|214|126|126|126|126|12295|65281,1,0,0,16,255,208
341,0,8,4,0,4,0,0,0,3|3|3|3|31|48|7|255,255|255|255|255|39|48|9|255,-2|2|-4|4|47|48|11|-1,-7|-7|-8|-8|55|48|13|-1,-5|5|-8|8|63|48|15|-1,0|0|0|0|71|48|1|-1,214|214|214|214|12371|65284|12375|65285,1,0,0,16,255,208
342,0,8,4,0,4,0,0,0,2|2|5|5|111|48|11|255,255|255|255|255|119|48|13|255,-1|1|-1|1|127|48|15|-1,-8|-8|-7|-7|-121|48|1|-1,-4|5|-5|5|-113|48|3|-1,0|0|0|0|-105|48|5|-1,126|126|263|263|12451|65288|12455|65289,1,0,0,16,255,208
343,0,8,6,0,6,0,0,0,2|2|5|5|2|2|15|255,255|255|255|255|255|255|1|255,-1|1|-1|1|-3|3|3|-1,-8|-8|-7|-7|-7|-7|5|-1,-4|5|-5|5|-5|5|7|-1,0|0|0|0|0|0|9|-1,126|126|263|263|126|126|12535|65293,1,0,0,16,255,208
344,0,8,1,0,1,0,0,0,2|70|4|163|208|51|61|0,255|114|11|232|32|0|11|192,0|4|51|-64|-21|19|-128|6,6|51|4|-24|16|0|11|-64,0|-16|-119|54|-48|51|-72|1,0|94|-55|-62|2|0|104|0,126|59344|65341|29951|26696|5149|50664|15847,-1,0,0,16,255,208
345,0,8,2,0,2,0,0,0,2|2|232|175|231|61|255|255,255|255|104|0|120|232|164|231,-1|1|60|12|117|27|104|29,7|7|-104|-25|36|88|60|88,-5|5|104|30|20|-24|-116|-25,0|0|60|3|117|3|51|-64,126|126|37059|1736|0|11094|35264|65094,-1,0,0,16,255,208
346,0,8,3,0,3,0,0,0,2|2|2|231|59|198|116|23,255|255|255|139|86|254|131|70,-2|2|0|86|-2|0|11|-46,7|7|5|-1|-1|114|-33|94,-5|5|0|0|86|51|-10|-117,0|0|0|84|80|104|-128|0,126|126|126|26316|27216|59392|59098|50827,-1,0,0,16,255,208
347,0,8,2,0,2,0,0,0,3|3|232|195|230|139|198|128,255|255|80|104|0|255|232|183,-1|1|-58|-128|-52|40|80|106,8|8|-84|-26|-117|-58|-128|-52,-5|5|106|0|-24|-95|-26|-117,0|0|-52|72|80|106|24|-24,214|214|52352|20568|6250|35816|35814|32966,-1,0,0,16,255,208
348,0,8,3,0,3,0,0,0,3|3|3|139|198|128|204|86,255|255|255|232|106|230|139|198,-2|2|0|80|106|0|-24|95,8|8|5|-128|-52|68|80|106,-5|5|0|-26|-117|-58|-128|-52,0|0|0|0|-24|73|-26|70,214|214|214|65359|50014|27222|59394|65286,-1,0,0,16,255,208
349,0,8,5,0,5,0,0,0,2|2|2|2|3|106|0|106,255|255|255|255|255|198|128|204,-2|2|-4|4|0|0|-24|-87,7|7|7|7|5|112|80|106,-5|5|-8|8|0|-26|86|106,0|0|0|0|0|-26|-117|-58,126|126|126|126|214|35814|32966|1228,-1,0,0,16,255,208
350,0,8,4,0,4,0,0,0,3|3|2|2|230|139|198|128,255|255|255|255|0|106|0|232,-2|2|-4|4|-128|-52|84|80,7|7|7|7|-70|-27|70|-125,-5|5|-8|8|-23|123|-1|94,0|0|0|0|104|20|20|106,214|214|126|126|59392|58780|5736|27156,-1,0,0,16,255,208
351,0,8,6,0,6,0,0,0,3|3|2|2|2|2|139|223,255|255|255|255|255|255|81|32,-2|2|-4|4|-1|1|32|114,7|7|7|7|6|6|-52|38,-5|5|-8|8|-3|3|46|-1,0|0|0|0|0|0|70|-125,214|214|126|126|126|126|57227|839,-1,0,0,16,255,208
352,0,8,4,0,4,0,0,0,3|3|3|3|204|54|80|139,255|255|255|255|46|255|183|81,-2|2|-4|4|70|-125|-2|32,7|7|8|8|4|-24|-26|-3,-5|5|-8|8|-117|-58|-128|-52,0|0|0|0|71|3|-37|-117,214|214|214|214|49179|37|11904|34571,-1,0,0,16,255,208
353,0,8,4,0,4,0,0,0,2|2|5|5|139|223|71|3,255|255|255|255|1|0|61|1,-1|1|-1|1|37|0|-128|46,8|8|7|7|80|-24|-56|-28,-4|5|-5|5|114|-40|51|-10,0|0|0|0|52|80|-117|-33,126|126|263|263|317|62720|49179|37,-1,0,0,16,255,208
354,0,8,6,0,6,0,0,0,2|2|5|5|2|2|54|80,255|255|255|255|255|255|198|37,-1|1|-1|1|-3|3|27|-64,8|8|7|7|7|7|81|32,-4|5|-5|5|-5|5|-2|32,0|0|0|0|0|0|-128|-52,126|126|263|263|126|126|29204|13293,-1,0,0,16,255,208
355,0,2,1,0,2,0,0,0,1|1|0|61|1|0|245|27,255|255|0|128|46|11|135|81,-6|6|-24|51|-28|70|-125|-2,21|21|-40|51|-10|-117|-58|-128,-2|2|80|-117|-33|71|3|-37,20|20|37|1|0|61|1|0,132|133|32768|2862|20871|20511|2536|18148,-1,0,0,20,255,208
356,0,2,1,0,4,0,0,0,1|1|1|1|37|1|0|61,255|255|255|255|192|37|0|128,-6|6|-7|7|31|80|-24|-33,21|21|21|21|32|114|-40|51,-2|2|-4|4|-52|54|80|-117,20|20|20|20|-117|-58|37|1,132|133|132|133|32768|2862|20871|20511,-1,0,0,20,255,208
357,0,3,2,0,4,0,0,0,1|1|1|1|10|20|106|0,255|255|255|255|52|228|104|13,-6|6|-7|7|0|-128|-24|41,21|21|21|21|106|0|106|0,-2|2|-4|4|-10|-117|-2|-117,20|20|20|20|80|-117|-33|71,132|133|132|133|58222|33606|8446|59250,-1,0,0,20,255,208
358,0,3,2,0,6,0,0,0,1|1|1|1|1|1|131|254,255|255|255|255|255|255|198|128,-6|6|-7|7|-5|5|3|-37,21|21|21|21|21|21|56|-29,-2|2|-4|4|-1|1|51|-10,20|20|20|20|20|20|-117|-33,132|133|132|133|132|133|65155|29216,-1,0,0,20,255,208
359,0,2,2,0,6,0,0,0,1|1|1|1|1|1|106|224,255|255|255|255|255|255|104|255,-6|6|-7|7|-5|5|104|30,21|21|21|21|21|21|-126|-29,-2|2|-4|4|-1|1|-24|121,20|20|20|20|20|20|0|106,132|133|132|133|132|133|26850|24607,-1,0,0,20,255,208
360,0,2,2,0,8,0,0,0,1|1|1|1|1|1|1|1,255|255|255|255|255|255|255|255,-6|6|-7|7|-8|8|-5|5,21|21|21|21|21|21|21|21,-2|2|-4|4|-6|6|-1|1,20|20|20|20|20|20|20|20,132|133|132|133|132|133|132|133,-1,0,0,20,255,208
361,0,1,2,0,8,0,0,0,1|1|1|1|1|1|1|1,255|255|255|255|255|255|255|255,-6|6|-7|7|-8|8|-5|5,21|21|21|21|21|21|21|21,-2|2|-4|4|-6|6|-1|1,20|20|20|20|20|20|20|20,132|133|132|133|132|133|132|133,-1,0,0,20,255,208
362,0,2,3,0,8,0,0,0,1|1|1|1|1|1|1|1,255|255|255|255|255|255|255|255,-6|6|-7|7|-8|8|-5|5,21|21|21|21|21|21|21|21,-2|2|-4|4|-6|6|-1|1,20|20|20|20|20|20|20|20,132|133|132|133|132|133|132|133,-1,0,0,20,255,208
363,0,2,2,0,6,0,0,0,2|2|2|2|2|2|232|89,255|255|255|255|255|255|0|232,-6|6|-7|7|-5|5|116|11,21|21|21|21|21|21|104|0,-2|2|-4|4|-1|1|-52|4,20|20|20|20|20|20|-24|49,151|152|151|152|151|152|106|8680,-1,0,0,20,255,208
364,0,2,2,0,8,0,0,0,2|2|2|2|2|2|2|2,255|255|255|255|255|255|255|255,-6|6|-7|7|-8|8|-5|5,21|21|21|21|21|21|21|21,-2|2|-4|4|-6|6|-1|1,20|20|20|20|20|20|20|20,151|152|151|152|151|152|151|152,-1,0,0,20,255,208
365,0,1,2,0,8,0,0,0,2|2|2|2|2|2|2|2,255|255|255|255|255|255|255|255,-6|6|-7|7|-8|8|-5|5,21|21|21|21|21|21|21|21,-2|2|-4|4|-6|6|-1|1,20|20|20|20|20|20|20|20,151|152|151|152|151|152|151|152,-1,0,0,20,255,208
366,0,3,1,4,2,0,0,0,1|1|32|225|104|26|20|232,255|255|61|255|255|117|54|104,0|0|-1|118|-2|-1|118|-4,6|6|-31|104|26|20|-24|3,-4|4|26|20|-24|-3|-32|61,0|0|117|25|104|26|20|-24,233|233|29970|26638|5146|59368|15840|4660,0,0,0,13,255,208
367,0,8,1,0,1,0,0,0,112|163|210|51|137|22|212|51,255|246|139|198|128|204|4|80,0|0|106|0|-24|11|-31|-117,0|-128|-52|84|80|104|127|-128,0|101|-32|70|-125|-2|30|114,0|94|-55|-61|-112|-112|87|104,31|40936|15840|12|27253|7528|27156|59481,1,0,0,7,6,208
368,0,9,2,0,2,0,0,0,112|112|232|63|249|232|242|249,255|255|250|131|62|206|51|30,1|-1|-24|15|-3|-24|-6|-3,-1|-1|20|106|4|-24|24|-32,0|0|20|-24|94|-32|-88|64,0|0|-117|14|-50|51|11|-55,31|31|35638|51153|65287|51199|3655|0,1,0,0,7,6,208
369,0,10,3,0,3,0,0,0,112|112|112|171|51|192|95|195,255|255|255|192|187|244|52|185,1|-1|0|-5|30|7|-13|-85,-1|-1|0|-21|12|-117|-58|-128,0|0|0|104|127|-128|-24|-65,0|0|0|78|11|-64|117|-19,31|31|31|39912|13308|24256|50015|49203,1,0,0,7,6,208
370,0,11,4,0,4,0,0,0,112|112|112|112|23|159|20|143,255|255|255|255|15|71|14|66,1|-1|0|0|11|-21|10|80,-2|-2|0|0|9|-41|8|112,0|0|-3|3|7|109|7|35,0|0|0|0|6|102|6|48,31|31|31|31|57861|41988|27396|14340,1,0,0,7,6,208
371,0,12,1,0,1,0,0,0,116|254|2|230|2|187|2|148,255|113|2|82|2|54|2|28,0|4|2|-17|1|-37|1|-55,-2|-72|1|-88|1|-102|1|-116,0|127|1|115|1|93|1|74,0|57|1|41|1|27|1|14,32|63233|60928|58368|56320|54272|52480|50688,1,0,0,7,6,208
372,0,12,2,0,4,0,0,0,112|116|112|116|0|119|0|114,255|255|255|255|0|102|0|99,-1|0|1|0|0|87|0|82,-3|-2|-3|-2|0|71|0|67,0|0|0|0|0|59|0|57,0|0|0|0|0|51|0|49,31|32|31|32|9984|9472|8960|8704,1,0,0,7,6,208
373,0,12,3,0,3,0,0,0,112|116|112|23|0|0|0|102,255|255|255|119|15|154|11|72,-1|0|1|-95|6|-51|5|40,-3|-2|-3|56|4|-34|3|-110,0|0|0|24|3|-26|2|-69,0|0|0|113|2|82|2|54,31|32|31|56065|51457|47105|43009|39425,1,0,0,7,6,208
374,0,12,3,0,3,0,0,0,112|113|112|2|1|247|0|238,255|255|255|220|0|212|0|205,-1|0|1|-64|0|-70|0|-81,-4|-3|-4|-100|0|-108|0|-115,0|0|0|-127|0|124|0|119,0|0|0|110|0|106|0|102,31|32|31|22272|20992|19968|18944|18176,1,0,0,7,6,208
375,0,12,2,0,2,0,0,0,113|113|0|48|0|46|0|44,255|255|0|39|0|37|0|35,0|0|0|32|0|31|0|30,-4|-4|0|27|0|27|0|26,-6|6|0|24|0|23|0|22,0|0|0|20|0|19|0|18,32|32|3840|3840|3584|3584|3328|3328,1,0,0,7,6,208
376,0,12,4,0,4,0,0,0,113|113|112|112|0|8|0|7,255|255|255|255|0|7|0|6,0|0|1|-1|0|21|22|23,-4|-4|-1|-1|28|29|30|33,-6|6|0|0|38|4|5|6,0|0|0|0|10|11|15|16,32|32|31|31|10279|13879|50|513,1,0,0,7,6,208
377,0,12,3,0,3,0,0,0,114|112|112|52|222|45|199|6,255|255|255|51|199|6|242|52,0|1|-1|44|-127|-71|16|0,-4|-1|-1|-125|-61|96|-30|-8,0|0|0|-112|85|-117|-20|-117,0|0|0|86|8|-9|126|4,33|31|31|35820|1606|22155|63240|1134,1,0,0,7,6,208
378,0,11,1,0,2,0,0,0,3|3|57|63|114|11|67|67,255|255|249|128|0|124|242|235,2|-2|-63|-21|3|-72|127|0,-1|-1|-62|2|0|-112|85|-117,0|0|-117|126|4|51|-55|-69,0|0|46|57|63|114|11|67,99|99|128|62076|1259|49547|1003|32696,1,0,0,25,0,208
379,0,11,2,0,2,0,0,0,3|3|127|0|235|10|11|219,255|255|51|192|235|2|139|195,2|-2|2|0|85|-117|-20|-117,-1|-1|45|5|0|61|33|0,0|0|3|-64|-109|46|-1|-89,0|0|-63|44|-63|44|-63|44,99|99|11497|11497|11448|11497|11510|11448,1,0,0,25,0,208
380,0,11,4,0,4,0,0,0,3|3|2|2|46|45|54|45,255|255|255|255|76|45|184|44,3|-3|4|-4|46|45|-72|44,-1|-1|-1|-1|76|45|-117|70,0|0|0|0|-23|-60|0|-125,0|0|0|0|15|127|6|-125,99|99|99|99|59801|175|32387|65288,1,0,0,25,0,208
381,0,11,6,0,6,0,0,0,3|3|2|2|2|2|192|19,255|255|255|255|255|255|8|255,3|-3|4|-4|5|-5|-2|-21,-1|-1|-2|-2|-3|-3|6|-1,0|0|0|0|0|0|70|6,0|0|0|0|0|0|-24|3,99|99|99|99|99|99|32768|55543,1,0,0,25,0,208
382,0,11,1,0,2,0,0,0,4|4|106|92|232|141|254|45,255|255|247|216|80|232|246|254,2|-2|-1|118|8|-1|118|6,-1|-1|4|-24|-122|-2|-119|70,0|0|86|8|80|-24|-74|-2,0|0|-1|-1|118|8|-1|118,100|100|65134|20562|19306|22504|60414|65485,1,0,0,25,0,208
383,0,11,2,0,2,0,0,0,4|4|236|87|86|139|118|8,255|255|59|115|65|139|198|11,2|-2|3|0|118|20|72|116,-1|-1|70|4|107|94|10|63,0|0|3|-37|-119|-121|2|59,0|0|-117|-34|-63|-29|2|107,100|100|1094|22155|262|64129|4410|64657,1,0,0,25,0,208
384,0,11,3,0,4,0,0,0,4|2|4|2|200|10|0|0,255|255|255|255|4|139|199|37,2|3|-2|-3|96|-127|-58|44,-1|-4|-1|-4|-128|116|59|51,0|0|0|0|-117|-7|-128|60,0|0|0|0|-57|4|-118|70,100|99|100|99|20708|35664|324|45,1,0,0,25,0,208
385,0,11,4,0,4,0,0,0,4|2|4|2|32|114|207|233,255|255|255|255|250|107|223|30,2|3|-2|-3|-73|52|57|-117,-1|-4|-1|-4|116|6|-72|1,0|0|0|0|-119|118|-4|-117,0|0|0|0|-125|-7|59|115,100|99|100|99|35736|35824|13959|35129,1,0,0,25,0,208
386,0,11,2,0,2,0,0,0,8|8|56|12|116|9|131|198,255|255|131|255|32|114|238|137,2|-2|-125|-1|32|116|-73|-119,-2|-2|-128|60|59|117|22|-120,0|0|70|-8|-119|68|1|-115,0|0|61|32|0|115|12|-58,98|98|35590|63558|17545|33025|63598|8192,1,0,0,25,0,208
387,0,11,4,0,4,0,0,0,8|8|4|4|46|249|46|115,255|255|255|255|48|166|48|207,2|-2|4|-4|49|-49|50|-66,-2|-2|-4|-4|50|-49|50|-49,0|0|0|0|50|-49|50|-49,0|0|0|0|50|121|50|-117,98|98|100|100|55784|21244|26704|1200,1,0,0,25,0,208
388,0,11,6,0,6,0,0,0,8|8|4|4|2|2|154|54,255|255|255|255|255|255|42|228,2|-2|4|-4|6|-6|116|52,-2|-2|-4|-4|-6|-6|117|44,0|0|0|0|0|0|12|-125,0|0|0|0|0|0|86|-4,98|98|100|100|99|99|64582|0,1,0,0,25,0,208
389,0,11,1,0,2,0,0,0,3|3|206|51|114|181|233|92,255|255|118|252|139|70|248|153,2|-2|106|4|-24|-35|-4|-117,-1|-1|-117|-8|-117|-121|34|57,0|0|36|57|3|-8|-63|-25,0|0|70|-2|0|0|-125|62,99|99|59651|813|18119|39676|35638|65142,1,0,4,25,0,208
390,0,11,2,0,2,0,0,0,3|3|15|57|78|4|117|22,255|255|0|255|139|198|128|204,2|-2|80|-24|-114|-39|42|-28,-1|-1|87|-24|58|-39|-125|70,0|0|70|59|54|-50|51|114,0|0|-23|2|-1|118|-4|-117,99|99|27216|59396|64618|57482|49194|63627,1,0,4,25,0,208
391,0,11,4,0,4,0,0,0,3|3|2|2|228|138|71|1,255|255|255|255|255|0|116|30,3|-3|4|-4|78|4|117|22,-1|-1|-1|-1|-117|-58|-128|-52,0|0|0|0|46|-39|42|-28,0|0|0|0|-38|-40|-125|70,99|99|99|99|59847|649|30463|35836,1,0,4,25,0,208
392,0,11,6,0,6,0,0,0,3|3|2|2|2|2|117|3,255|255|255|255|255|255|154|54,3|-3|4|-4|5|-5|71|1,-1|-1|-2|-2|-3|-3|116|30,0|0|0|0|0|0|117|22,0|0|0|0|0|0|-128|-52,99|99|99|99|99|99|55418|18051,1,0,4,25,0,208
393,0,11,1,0,2,0,0,0,4|4|153|82|80|106|4|232,255|255|138|224|42|192|139|248,2|-2|57|54|-50|51|117|3,-1|-1|2|-57|70|-4|-102|54,0|0|-4|42|-28|-118|71|1,0|0|-127|-7|-1|0|116|30,100|100|1102|5749|59265|65280|50827|52352,1,0,5,25,0,208
394,0,11,2,0,2,0,0,0,4|4|70|59|54|206|51|114,255|255|201|1|255|118|252|139,2|-2|-103|82|80|106|4|-24,-1|-1|-117|-8|51|-10|57|54,0|0|117|3|-23|-82|1|-57,0|0|-102|54|-117|94|-4|42,100|100|51339|63873|255|7796|57731|14607,1,0,5,25,0,208
395,0,11,3,0,4,0,0,0,4|2|4|2|11|248|87|232,255|255|255|255|252|20|70|59,2|3|-2|-3|-57|-23|109|1,-1|-4|-1|-4|70|-8|-103|82,0|0|0|0|-18|-6|-117|-8,0|0|0|0|-50|51|117|3,100|99|100|99|24203|11004|35556|327,1,0,5,25,0,208
396,0,11,4,0,4,0,0,0,4|2|4|2|139|198|128|204,255|255|255|255|182|215|42|192,2|3|-2|-3|98|-41|-125|70,-1|-4|-1|-4|54|-50|51|114,0|0|0|0|-1|118|-4|-117,0|0|0|0|80|106|4|-24,100|99|100|99|63027|13881|13262|885,1,0,5,25,0,208
397,0,11,2,0,2,0,0,0,8|8|129|249|255|0|116|30,255|255|15|57|78|4|117|22,2|-2|0|-1|-117|-58|-128|-52,-2|-2|80|-24|86|-41|42|-28,0|0|87|-24|2|-41|-125|70,0|0|70|59|54|-50|51|114,98|98|30463|35836|63558|21145|27216|59396,1,0,6,25,0,208
398,0,11,4,0,4,0,0,0,8|8|4|4|139|94|252|42,255|255|255|255|139|200|129|249,2|-2|4|-4|-125|-31|15|57,-2|-2|-4|-4|-127|-25|-1|0,0|0|0|0|72|80|80|-24,0|0|0|0|11|-8|87|-24,98|98|100|100|52790|29235|60359|65366,1,0,6,25,0,208
399,0,11,6,0,6,0,0,0,8|8|4|4|2|2|62|199,255|255|255|255|255|255|252|42,2|-2|4|-4|6|-6|-127|-7,-2|-2|-4|-4|-6|-6|15|57,0|0|0|0|0|0|-1|0,0|0|0|0|0|0|80|-24,98|98|100|100|99|99|5372|15174,1,0,6,25,0,208
400,0,3,1,3,1,0,0,0,149|0|87|139|126|4|139|199,255|196|10|196|117|9|107|94,0|96|-58|-121|44|-127|59|-117,6|-118|-60|60|127|117|84|-125,0|127|-125|-1|59|115|76|46,0|-123|111|43|-104|-117|-8|107,35|1376|33068|18119|250|50976|64582|0,0,0,0,10,255,208
401,0,2,1,3,1,0,0,0,149|116|11|131|195|3|65|131,255|32|114|236|235|6|139|71,0|-119|70|-6|-117|70|-6|107,6|6|30|-119|-121|54|57|51,0|-21|3|-72|1|0|95|-55,0|4|0|-112|85|-117|-20|86,35|35590|9670|15|55403|50974|12423|57,0,0,0,10,255,208
402,0,4,1,3,1,0,0,0,150|11|193|137|135|52|57|80,98|83|255|94|201|194|4|0,0|-117|-20|86|-117|118|6|-117,6|37|15|0|107|-40|30|-57,0|48|57|0|2|80|-118|-121,0|57|42|-28|-119|-121|52|57,35|10756|3017|35265|13447|20537|8168|24319,0,0,0,10,255,208
403,0,3,1,3,1,0,0,0,150|0|52|18|30|0|32|6,98|0|4|0|0|0|0|0,0|0|0|0|0|0|0|0,6|0|0|0|0|0|0|0,0|0|0|0|0|0|0|0,0|0|0|0|0|0|0|0,35|0|0|0|0|0|0|0,0,0,0,10,255,208
404,0,2,1,3,1,0,0,0,150|0|0|0|0|0|0|0,98|0|0|0|0|0|0|0,0|0|0|0|0|0|0|0,6|0|0|0|0|0|0|0,0|0|0|0|0|0|0|0,0|0|0|0|0|0|0|0,35|0|0|0|0|0|0|0,0,0,0,10,255,208
405,0,5,1,3,1,0,0,0,151|0|0|0|0|0|0|0,98|0|0|0|0|0|0|0,0|0|0|0|0|0|0|0,6|0|0|0|0|0|0|0,0|0|0|0|0|0|0|0,0|0|0|0|0|0|0|0,35|0|0|0|0|0|0|0,0,0,0,10,255,208
406,0,5,1,3,1,0,0,0,152|0|0|0|0|0|0|0,98|0|0|0|0|0|0|0,120|0|0|0|0|0|0|0,6|0|0|0|0|0|0|0,0|0|0|0|0|0|0|0,0|0|0|0|0|0|0|0,35|0|0|0|0|0|0|0,0,0,0,10,255,208
407,0,5,1,3,1,0,0,0,153|0|0|0|0|0|0|0,98|0|0|0|0|0|0|0,120|0|0|0|0|0|0|0,6|0|0|0|0|0|0|0,0|0|0|0|0|0|0|0,0|0|0|0|0|0|0|0,35|0|0|0|0|0|0|0,0,0,0,10,255,208
408,0,5,1,3,1,0,0,0,154|0|0|0|0|0|0|0,98|0|0|0|0|0|0|0,120|0|0|0|0|0|0|0,6|0|0|0|0|0|0|0,0|0|0|0|0|0|0|0,0|0|0|0|0|0|0|0,35|0|0|0|0|0|0|0,0,0,0,10,255,208
409,0,5,2,3,2,0,0,0,152|152|0|0|0|0|0|0,98|98|0|0|0|0|0|0,120|120|0|0|0|0|0|0,6|6|0|0|0|0|0|0,-7|7|0|0|0|0|0|0,0|0|0|0|0|0|0|0,35|35|0|0|0|0|0|0,0,0,0,10,255,208
410,0,5,3,3,3,0,0,0,152|152|153|0|0|0|0|0,98|98|98|0|0|0|0|0,120|120|120|0|0|0|0|0,6|6|6|0|0|0|0|0,-9|9|0|0|0|0|0|0,6|6|0|0|0|0|0|0,35|35|35|0|0|0|0|0,0,0,0,10,255,208
411,0,8,1,0,1,0,0,0,128|0|0|0|0|0|0|0,255|0|0|0|0|0|0|0,0|0|0|0|0|0|0|0,0|0|0|0|0|0|0|0,0|0|0|0|0|0|0|0,0|0|0|0|0|0|0|0,57|0|0|0|0|0|0|0,1,0,0,7,6,208
412,0,6,1,0,1,0,0,0,128|0|0|0|0|0|0|0,255|0|0|0|0|0|0|0,0|0|0|0|0|0|0|0,0|0|0|0|0|0|0|0,0|0|0|0|0|0|0|0,0|0|0|0|0|0|0|0,57|0|0|0|0|0|0|0,1,0,0,7,6,208
413,0,4,1,0,1,0,0,0,128|0|0|0|0|0|0|0,255|0|0|0|0|0|0|0,0|0|0|0|0|0|0|0,0|0|0|0|0|0|0|0,0|0|0|0|0|0|0|0,0|0|0|0|0|0|0|0,57|0|0|0|0|0|0|0,1,0,0,7,6,208
414,0,10,2,0,2,0,0,0,128|128|0|0|0|0|0|0,255|255|0|0|0|0|0|0,0|0|0|0|0|0|0|0,-1|-1|0|0|0|0|0|0,9|-9|0|0|0|0|0|0,0|0|0|0|0|0|0|0,57|57|0|0|0|0|0|0,1,0,0,7,6,208
415,0,8,2,0,2,0,0,0,128|128|0|0|0|0|0|0,255|255|0|0|0|0|0|0,0|0|0|0|0|0|0|0,0|0|0|0|0|0|0|0,9|-9|0|0|0|0|0|0,0|0|0|0|0|0|0|0,57|57|0|0|0|0|0|0,1,0,0,7,6,208
416,0,6,1,0,1,0,0,0,113|0|0|0|0|0|0|0,255|0|0|0|0|0|0|0,0|0|0|0|0|0|0|0,-1|0|0|0|0|0|0|0,0|0|0|0|0|0|0|0,4|0|0|0|0|0|0|0,76|0|0|0|0|0|0|0,1,0,0,7,6,208
417,0,4,1,0,1,0,0,0,113|0|0|0|0|0|0|0,255|0|0|0|0|0|0|0,0|0|0|0|0|0|0|0,-1|0|0|0|0|0|0|0,0|0|0|0|0|0|0|0,4|0|0|0|0|0|0|0,76|0|0|0|0|0|0|0,1,0,0,7,6,208
418,0,5,1,0,1,0,0,0,114|0|0|0|0|0|0|0,255|0|0|0|0|0|0|0,0|0|0|0|0|0|0|0,-1|0|0|0|0|0|0|0,0|0|0|0|0|0|0|0,4|0|0|0|0|0|0|0,95|0|0|0|0|0|0|0,1,0,0,7,6,208
419,0,6,2,0,2,0,0,0,113|113|0|0|0|0|0|0,255|255|0|0|0|0|0|0,0|0|0|0|0|0|0|0,-1|-1|0|0|0|0|0|0,9|-9|0|0|0|0|0|0,0|0|0|0|0|0|0|0,76|76|0|0|0|0|0|0,1,0,0,7,6,208
420,0,7,2,0,2,0,0,0,114|114|0|0|0|0|0|0,255|255|0|0|0|0|0|0,0|0|0|0|0|0|0|0,-1|-1|0|0|0|0|0|0,9|-9|0|0|0|0|0|0,0|0|0|0|0|0|0|0,95|95|0|0|0|0|0|0,1,0,0,7,6,208
421,0,9,4,0,4,0,0,0,114|114|128|128|0|0|0|0,255|255|255|255|0|0|0|0,0|0|0|0|0|0|0|0,-1|-1|-2|-2|0|0|0|0,9|-9|16|-16|0|0|0|0,0|0|0|0|0|0|0|0,95|95|57|57|0|0|0|0,1,0,0,7,6,208
422,0,8,1,0,2,0,0,0,128|128|0|0|0|0|0|0,255|255|0|0|0|0|0|0,-6|6|0|0|0|0|0|0,6|6|0|0|0|0|0|0,0|0|0|0|0|0|0|0,0|0|0|0|0|0|0|0,13|14|0|0|0|0|0|0,0,0,0,7,98,208
423,0,6,1,0,2,0,0,0,128|128|0|0|0|0|0|0,255|255|0|0|0|0|0|0,-6|6|0|0|0|0|0|0,6|6|0|0|0|0|0|0,0|0|0|0|0|0|0|0,0|0|0|0|0|0|0|0,13|14|0|0|0|0|0|0,0,0,0,7,98,208
424,0,8,2,0,2,0,0,0,128|128|0|0|0|0|0|0,255|255|0|0|0|0|0|0,-6|6|0|0|0|0|0|0,6|6|0|0|0|0|0|0,0|0|0|0|0|0|0|0,0|0|0|0|0|0|0|0,13|14|0|0|0|0|0|0,0,0,0,7,98,208
425,0,7,2,0,4,0,0,0,128|128|128|128|0|0|0|0,255|255|255|255|0|0|0|0,-5|5|-7|7|0|0|0|0,7|7|5|5|0|0|0|0,0|0|0|0|0|0|0|0,0|0|0|0|0|0|0|0,13|14|13|14|0|0|0|0,0,0,0,7,98,208
426,0,8,4,0,4,0,0,0,128|128|128|128|0|0|0|0,255|255|255|255|0|0|0|0,-5|5|-7|7|0|0|0|0,7|7|5|5|0|0|0|0,0|0|0|0|0|0|0|0,0|0|0|0|0|0|0|0,13|14|13|14|0|0|0|0,0,0,0,7,98,208
427,0,6,4,0,6,0,0,0,128|128|128|128|128|128|0|0,255|255|255|255|255|255|0|0,-5|5|-7|7|-6|6|0|0,7|7|5|5|6|6|0|0,0|0|0|0|0|0|0|0,0|0|0|0|0|0|0|0,13|14|13|14|13|14|0|0,0,0,0,7,98,208
428,0,7,6,0,6,0,0,0,128|128|128|128|128|128|0|0,255|255|255|255|255|255|0|0,-5|5|-7|7|-6|6|0|0,7|7|5|5|6|6|0|0,0|0|0|0|0|0|0|0,0|0|0|0|0|0|0|0,13|14|13|14|13|14|0|0,0,0,0,7,98,208
429,0,6,4,0,6,0,0,0,128|128|128|128|113|113|0|0,255|255|255|255|255|255|0|0,-5|5|-7|7|-6|6|0|0,7|7|5|5|6|6|0|0,0|0|0|0|0|0|0|0,0|0|0|0|0|0|0|0,13|14|13|14|96|115|0|0,0,0,0,7,98,208
430,0,5,4,0,4,0,0,0,113|113|113|113|0|0|0|0,255|255|255|255|0|0|0|0,-6|6|-7|7|0|0|0|0,6|6|5|5|0|0|0|0,0|0|0|0|0|0|0|0,0|0|0|0|0|0|0|0,96|115|96|115|0|0|0|0,0,0,0,7,98,208
431,0,6,2,0,2,0,0,0,114|114|0|0|0|0|0|0,255|255|0|0|0|0|0|0,-7|7|0|0|0|0|0|0,7|7|0|0|0|0|0|0,0|0|0|0|0|0|0|0,0|0|0|0|0|0|0|0,15|53|0|0|0|0|0|0,0,0,0,7,98,208
432,0,5,2,0,8,0,0,0,114|114|114|114|114|114|114|114,255|255|255|255|255|255|255|255,-7|7|-9|9|-8|8|-6|6,7|7|5|5|6|6|8|8,0|0|0|0|0|0|0|0,0|0|0|0|0|0|0|0,15|53|15|53|15|53|15|53,0,0,0,7,98,208
433,0,2,1,0,2,0,0,0,149|149|8|0|7|0|10|0,255|255|11|0|9|0|13|0,-9|9|15|0|11|0|17|0,0|0|18|0|13|0|19|0,0|0|20|0|15|0|21|0,0|0|22|0|17|0|24|0,256|257|19|27|20|29|21|31,0,0,0,10,255,208
434,0,3,2,0,2,0,0,0,149|149|38|0|27|0|40|0,255|255|41|0|29|0|42|0,-9|9|44|0|31|0|45|0,0|0|46|0|33|0|47|0,0|0|48|0|35|0|49|0,0|0|50|0|37|0|51|0,256|257|39|53|40|55|41|56,0,0,0,10,255,208
435,0,4,2,0,2,0,0,0,150|150|61|0|47|0|62|0,255|255|63|0|49|0|64|0,-9|9|65|0|51|0|66|0,0|0|68|0|53|0|70|0,0|0|72|0|55|0|73|0,0|0|74|0|57|0|75|0,256|257|59|77|60|78|61|79,0,0,0,10,255,208
436,0,5,3,0,3,0,0,0,150|150|150|0|67|0|86|0,255|255|255|0|69|0|88|0,-9|9|0|0|71|0|90|0,0|0|-9|0|73|0|93|0,0|0|0|0|75|0|96|0,0|0|0|0|77|0|100|0,256|257|209|102|80|103|81|105,0,0,0,10,255,208
437,0,6,4,0,4,0,0,0,150|150|150|150|87|0|117|0,255|255|255|255|89|0|120|0,-9|9|-9|9|91|0|123|0,0|0|0|0|93|0|127|0,0|0|0|0|95|0|-125|0,0|0|14|14|97|0|-122|0,256|257|256|257|100|140|101|142,0,0,0,10,255,208
438,0,6,3,0,3,0,0,0,151|151|150|0|107|0|152|0,255|255|255|0|109|0|155|0,-10|10|0|0|111|0|-98|0,0|0|-9|0|113|0|-95|0,0|0|0|0|115|0|-92|0,0|0|0|0|117|0|-89|0,256|257|209|170|120|171|121|172,0,0,0,10,255,208
439,0,6,4,0,4,0,0,0,151|151|150|150|127|0|179|0,255|255|255|255|128|255|181|0,-10|10|0|0|4|0|6|0,0|0|-9|9|12|0|14|0,0|0|0|0|20|0|22|0,0|0|0|0|28|0|30|0,256|257|209|208|40|42|44|46,0,0,0,10,255,208
440,0,6,4,0,4,0,0,0,152|152|151|151|72|0|74|0,255|255|255|255|80|0|82|0,-12|12|0|0|88|0|90|0,0|0|-11|-11|96|0|98|0,0|0|-6|6|103|0|105|0,0|0|0|0|111|0|113|0,256|257|209|209|123|125|127|130,0,0,0,10,255,208
441,0,6,4,0,4,0,0,0,153|153|151|151|152|0|158|0,255|255|255|255|170|0|172|0,-12|12|0|0|-78|0|-76|0,0|0|-11|-11|-61|0|-56|0,0|0|-6|6|-41|0|-36|0,0|0|0|0|-22|0|-19|0,256|257|209|209|247|249|254|259,0,0,0,10,255,208
442,0,6,5,0,5,0,0,0,151|151|151|151|151|1|30|1,255|255|255|255|255|1|39|1,0|-10|10|-10|10|1|48|1,-11|0|0|0|0|1|56|1,0|0|0|0|0|1|64|1,0|7|7|-7|-7|1|74|1,209|256|257|256|257|344|346|348,0,0,0,10,255,208
443,0,6,6,0,6,0,0,0,151|151|151|151|151|154|118|1,255|255|255|255|255|255|132|1,0|-10|10|-10|10|0|-115|1,-11|0|0|0|0|13|-100|1,0|0|0|0|0|0|-84|1,0|7|7|-7|-7|0|-69|1,209|256|257|256|257|208|27440|10496,0,0,0,10,255,208
444,0,2,1,9,1,0,0,0,2|41|3|0|48|100|0|41,10|0|48|96|0|41|5|0,0|96|0|41|6|0|48|110,5|41|7|0|48|85|0|41,0|0|48|112|0|41|-110|0,0|107|0|41|9|0|48|119,172|10|30512|10496|11|30768|10496|12,0,0,0,0,255,112
445,0,2,1,0,1,0,0,0,1|0|48|116|0|41|16|0,255|127|0|41|17|0|48|118,0|41|18|0|48|127|0|41,9|0|48|103|0|41|20|0,0|98|0|41|21|0|48|98,0|41|22|0|48|115|0|41,39|26160|10496|24|20016|10496|25|23088,0,0,0,8,255,208
446,0,2,1,0,1,0,0,0,1|106|0|41|29|0|48|95,255|41|30|0|48|95|0|6,0|0|24|92|0|51|12|0,12|2|0|41|33|0|48|113,0|41|31|0|48|92|0|41,0|0|48|92|0|41|33|0,6|10496|34|27952|10496|35|29232|10496,0,0,0,13,255,208
447,0,4,1,3,1,0,0,0,4|41|39|0|48|100|0|41,255|0|48|100|0|41|41|0,0|117|0|41|42|0|48|124,7|41|43|0|48|127|0|41,0|0|48|106|0|41|45|0,0|46|0|48|122|0|41|47,204|108|12329|12288|100|12585|12288|116,0,0,0,26,255,208
448,0,3,1,0,1,0,0,0,2|0|41|53|0|48|121|0,255|54|0|48|116|0|41|55,0|48|116|0|41|56|0|48,10|0|41|57|0|48|127|0,0|58|0|48|119|0|41|59,0|48|110|0|51|0|0|41,126|29488|10496|61|27696|10496|62|30000,1,0,0,16,255,208
449,0,2,1,0,1,0,0,0,1|127|0|41|66|0|48|127,255|41|67|0|48|117|0|41,0|0|48|117|0|41|69|0,14|127|0|41|70|0|48|127,0|41|71|0|48|120|0|5,0|0|21|-102|126|22|120|0,99|10496|72|32560|1280|1|39445|5758,0,0,0,20,255,208
450,0,8,1,0,1,0,0,0,128|21|154|126|22|120|0|41,255|0|48|127|0|41|76|0,-7|111|0|41|77|0|48|111,20|41|78|0|48|127|0|41,0|0|48|127|0|41|80|0,0|127|0|5|1|0|21|-102,171|120|20777|12288|121|261|5376|32410,0,0,0,7,98,208
451,0,3,1,0,1,0,0,0,2|0|41|83|0|48|123|0,255|1|0|21|154|126|22|120,0|41|84|0|48|121|0|5,9|0|21|-102|126|22|120|0,0|85|0|48|124|0|5|1,0|21|-102|126|22|120|0|41,59|31792|1280|1|39445|5758|120|22313,0,0,0,8,255,208
452,0,4,1,0,1,0,0,0,2|115|0|5|1|0|21|154,255|22|120|0|41|89|0|48,0|0|8|-70|0|41|90|0,11|127|0|9|8|0|5|1,0|21|-102|126|22|120|0|41,0|0|48|95|0|9|8|0,260|12288|120|23849|12288|108|24105|12288,0,0,0,6,255,208
453,0,6,1,0,1,0,0,0,3|48|103|0|41|98|0|48,255|0|5|1|0|21|126|126,0|108|0|41|99|0|48|120,11|5|1|0|21|126|126|22,0|0|41|100|0|48|103|0,0|101|0|48|103|0|41|102,261|119|26409|12288|111|26665|12288|127,0,0,0,6,255,208
454,0,8,1,0,1,0,0,0,5|0|15|127|0|41|107|0,255|109|0|41|108|0|48|90,0|51|-1|-1|52|24|0|41,11|0|48|116|0|41|110|0,0|116|0|41|111|0|48|123,0|41|112|0|48|123|0|41,262|32560|10496|114|30512|2048|236|29481,0,0,0,6,255,208
455,0,10,1,0,1,0,0,0,10|102|0|41|118|0|48|102,255|41|119|0|48|103|0|41,0|0|48|103|0|41|121|0,11|95|0|41|122|0|48|95,0|41|123|0|48|95|0|41,0|0|48|95|0|41|125|0,263|10496|126|24368|10496|127|23088|10496,0,0,0,6,255,208
456,0,12,1,0,1,0,0,0,20|48|108|0|51|1|0|41,255|0|48|108|0|51|1|0,0|-124|0|48|102|0|8|-50,11|41|-123|0|48|102|0|41,0|0|48|122|0|41|-121|0,0|122|0|41|-120|0|48|127,264|137|32560|10496|138|23344|10496|139,0,0,0,6,255,208
457,0,14,1,0,1,0,0,0,40|0|41|142|0|48|99|0,255|143|0|48|99|0|41|144,0|48|119|0|41|-111|0|48,11|0|41|-110|0|48|119|0,0|-109|0|48|119|0|41|-108,0|48|119|0|41|-107|0|48,265|2057|10496|150|32304|10496|151|32560,0,0,0,6,255,208
458,0,3,1,0,1,0,0,0,1|244|125|22|124|0|41|154,255|48|125|0|5|1|0|21,0|125|22|124|0|41|-101|0,9|119|0|41|-100|0|48|119,0|48|42|0|41|-99|0|48,0|0|41|-98|0|48|111|0,58|12288|119|41001|12288|127|312|13056,0,0,0,8,255,208
459,0,2,1,0,1,0,0,0,4|41|162|0|48|122|0|56,255|0|51|234|255|41|163|0,0|113|0|56|1|0|51|-9,9|41|-92|0|48|119|0|56,0|0|51|-24|-1|41|-91|0,0|119|0|56|1|0|51|-24,59|166|32304|14336|1|62515|10751|167,0,0,0,8,255,208
460,0,2,1,0,1,0,0,0,8|0|56|1|0|51|246|255,255|169|0|48|127|0|56|1,0|41|-86|0|48|126|0|56,9|0|41|-85|0|48|113|0,0|1|0|51|-6|-1|41|-84,0|48|113|0|56|1|0|51,60|44329|12288|104|312|13056|65512|44585,0,0,0,8,255,208
461,0,2,3,0,3,0,0,0,6|5|5|56|1|0|41|176,255|255|255|0|41|177|0|0,0|-2|2|0|18|0|25|0,9|8|8|0|49|0|53|0,0|-2|2|0|62|0|64|0,0|0|0|0|73|0|77|0,59|279|280|91|93|96|99|102,0,0,0,8,255,208
462,0,2,3,0,3,0,0,0,8|10|10|0|142|0|147|0,255|255|255|0|157|0|160|0,0|-6|6|0|-85|0|-79|0,9|6|6|0|-68|0|-64|0,0|-2|2|0|-52|0|-46|0,0|0|0|0|-31|0|-24|0,60|121|122|248|251|260|265|270,0,0,0,8,255,208
463,0,2,7,0,7,0,0,0,10|10|10|6|6|8|8|1,255|255|255|255|255|255|255|1,0|-6|6|-2|2|-8|8|1,9|6|6|8|8|0|0|1,0|-2|2|-2|2|-4|4|1,0|0|0|0|0|0|0|1,60|121|122|279|280|102|104|428,0,0,0,8,255,208
464,0,5,1,0,1,0,0,0,2|1|202|1|205|1|211|1,98|1|217|1|220|1|223|1,0|1|-27|1|-24|1|-21|1,0|1|-14|1|-8|1|-5|1,0|1|1|2|4|2|6|2,0|2|12|2|15|2|18|2,66|537|540|543|546|549|552|555,1,0,0,13,255,208
465,0,3,1,0,1,0,0,0,6|2|75|2|77|2|84|2,98|2|91|2|93|2|96|2,0|2|102|2|105|2|108|2,0|2|113|2|116|2|119|2,0|2|125|2|-128|2|-123|2,0|2|-115|2|-112|2|-107|2,73|671|740|0|7|10|13|17,1,0,0,13,255,208
466,0,3,1,0,1,0,0,0,12|0|58|0|61|0|64|0,98|0|70|0|82|0|85|0,0|0|91|0|94|0|97|0,0|0|108|0|111|0|114|0,0|0|120|0|123|0|126|0,0|0|-124|0|-116|0|-113|0,123|149|152|155|158|161|164|172,1,0,0,13,255,208
467,0,3,2,0,2,0,0,0,10|10|217|0|220|0|223|0,98|98|236|0|239|0|244|0,0|0|-1|0|5|1|8|1,0|0|16|1|19|1|28|1,-6|6|34|1|39|1|42|1,0|0|56|1|59|1|62|1,143|144|336|340|343|358|362|366,1,0,0,13,255,208
468,0,3,3,0,3,0,0,0,10|10|10|1|155|1|158|1,98|98|98|1|171|1|178|1,0|0|0|1|-62|1|-57|1,0|-1|-1|1|-37|1|-32|1,0|-12|12|1|-14|1|-11|1,0|0|0|2|5|2|8|2,73|73|73|543|551|554|557|560,1,0,0,13,255,208
469,0,3,3,0,3,0,0,0,12|12|12|2|94|2|101|2,98|98|98|2|114|2|120|2,0|0|0|2|-120|2|-117|2,0|-1|-1|2|-108|2|-98|2,0|-12|12|2|-89|2|-78|2,0|0|0|2|-64|2|-61|2,123|123|123|726|733|736|739|744,1,0,0,13,255,208
470,0,4,1,0,1,0,0,0,1|3|9|3|12|3|15|3,98|3|23|3|28|3|31|3,0|3|38|3|45|3|48|3,20|3|58|3|65|3|68|3,0|3|81|3|84|3|87|3,0|3|99|3|102|3|105|3,67|886|892|895|903|906|910|913,-1,0,0,20,255,208
471,0,1,1,0,1,0,0,0,4|3|187|3|197|3|200|3,98|3|206|3|216|3|219|3,0|3|-31|3|-28|3|-25|3,20|3|-13|3|-7|3|-2|3,0|4|8|4|13|4|16|4,0|4|28|4|31|4|34|4,70|1069|1073|1076|1085|1088|1091|1094,-1,0,0,20,255,208
472,0,1,1,0,1,0,0,0,8|4|111|4|114|4|117|4,98|4|123|4|126|4|129|4,0|4|-117|4|-114|4|-111|4,20|4|-101|4|-98|4|-95|4,0|4|-89|4|-83|4|-80|4,0|4|-68|4|-65|4|-62|4,219|1233|1236|1242|1245|1248|1255|1258,-1,0,0,20,255,208
473,0,1,2,0,2,0,0,0,8|8|19|5|23|5|26|5,98|98|37|5|40|5|43|5,0|0|49|5|52|5|55|5,20|20|71|5|74|5|77|5,-4|4|83|5|94|5|97|5,0|0|103|5|115|5|118|5,218|218|1414|1417|1420|1431|1434|1437,-1,0,0,20,255,208
474,0,1,3,0,3,0,0,0,10|6|6|5|218|5|224|5,98|98|98|5|233|5|236|5,0|0|0|5|-11|5|-8|5,20|20|20|6|5|6|8|6,0|-8|8|6|17|6|20|6,0|0|0|6|32|6|35|6,218|70|70|1583|1586|1589|1595|1598,-1,0,0,20,255,208
475,0,1,3,0,3,0,0,0,12|10|10|6|103|6|107|6,98|98|98|6|121|6|126|6,0|0|0|6|-116|6|-111|6,20|20|20|6|-98|6|-95|6,0|-8|8|6|-81|6|-78|6,0|0|0|6|-66|6|-61|6,219|218|218|1752|1755|1761|1764|1767,-1,0,0,20,255,208
476,0,2,1,9,1,0,0,0,3|7|16|7|19|7|22|7,10|7|31|7|34|7|39|7,0|7|45|7|51|7|56|7,5|7|65|7|70|7|73|7,0|7|86|7|89|7|99|7,0|7|105|7|113|7|116|7,172|1917|1922|1925|1941|1944|1947|1952,0,0,0,0,255,112
477,0,2,2,9,2,0,0,0,4|4|208|7|211|7|224|7,10|10|230|7|242|7|245|7,-4|4|8|8|11|8|14|8,5|5|20|8|23|8|30|8,0|0|36|8|46|8|49|8,0|0|59|8|62|8|65|8,172|172|2129|2143|2146|2149|2159|2162,0,0,0,0,255,112
478,0,2,4,9,4,0,0,0,5|5|5|5|176|8|179|8,10|10|10|10|197|8|201|8,0|0|-1|1|-44|8|-41|8,5|5|5|5|-20|8|-6|8,-4|4|-6|6|15|9|18|9,0|0|0|0|35|9|38|9,172|172|172|172|2379|2393|2397|2400,0,0,0,0,255,112
479,0,2,5,9,5,0,0,0,6|6|6|6|6|9|150|9,10|10|10|10|10|9|167|9,0|0|0|-1|1|9|-62|9,5|5|5|5|5|9|-39|9,0|4|-4|-6|6|9|-17|9,0|0|0|0|0|10|16|10,172|172|172|172|172|2604|2607|2611,0,0,0,0,255,112
480,0,2,7,9,7,0,0,0,7|7|7|7|7|7|7|10,10|10|10|10|10|10|10|10,0|0|0|-1|1|-2|2|10,5|5|5|5|5|5|5|10,0|4|-4|-6|6|-8|8|10,0|0|0|0|0|0|0|10,172|172|172|172|172|172|172|2762,0,0,0,0,255,112
481,0,2,8,9,8,0,0,0,8|8|8|8|8|8|8|8,10|10|10|10|10|10|10|10,0|0|0|-1|1|-2|2|0,6|5|5|5|5|5|5|7,0|4|-4|-6|6|-8|8|0,0|0|0|0|0|0|0|8,172|172|172|172|172|172|172|172,0,0,0,0,255,112
482,0,4,1,0,1,0,0,0,3|11|195|11|208|11|211|11,105|11|226|11|229|11|232|11,0|11|-14|11|-10|11|-7|11,7|11|0|12|6|12|10|12,0|12|17|12|21|12|23|12,0|12|36|12|42|12|49|12,185|3135|3143|3149|3155|3162|3168|3175,0,0,0,26,255,208
483,0,2,1,0,1,0,0,0,4|12|185|12|193|12|202|12,103|12|216|12|224|12|232|12,0|12|-8|12|0|13|9|13,7|13|26|13|34|13|42|13,0|13|58|13|65|13|72|13,0|13|86|13|94|13|102|13,204|3444|3451|3458|3468|3478|3486|3494,0,0,0,26,255,208
484,0,2,3,0,3,0,0,0,8|3|3|13|0|14|7|14,103|105|105|14|32|14|42|14,0|-1|1|54|1|0|35|118,7|7|7|49|38|41|0|39,0|-4|4|-73|0|43|0|50,0|0|0|53|0|0|43|51,204|185|185|11008|16954|45576|14080|7696,0,0,0,26,255,208
485,0,2,3,0,3,0,0,0,8|8|8|194|34|53|4|0,103|103|103|55|75|41|53|5,0|0|0|91|55|62|43|53,7|6|6|92|127|55|-116|43,0|-9|9|8|-2|0|11|2,0|0|0|0|27|127|0|28,204|204|204|6|310|8960|630|14372,0,0,0,26,255,208
486,0,2,4,0,4,0,0,0,8|8|8|8|51|57|55|156,103|103|103|103|43|58|66|55,0|0|0|0|0|43|67|76,7|7|6|6|2|0|43|77,-4|4|-14|14|53|4|0|43,0|0|0|0|41|53|5|0,204|204|204|204|11008|32604|35895|13611,0,0,0,26,255,208
487,0,2,4,0,4,0,0,0,8|8|8|8|54|1|0|35,103|103|103|103|49|38|41|0,0|0|0|0|-73|0|43|0,7|7|6|6|53|0|0|43,-4|4|-14|14|31|53|1|0,0|0|0|0|16|30|53|3,204|204|204|204|2|21291|14174|10571,0,0,0,26,255,208
488,0,3,1,0,1,0,0,0,2|0|34|127|0|35|118|2,255|56|49|38|41|0|39|0,0|40|-73|0|43|0|50|55,-4|29|53|0|0|43|51|57,0|-108|31|53|1|0|43|58,0|55|9|30|53|3|0|43,126|25143|13600|2|19755|14161|8890|1077,1,0,0,16,255,208
489,0,3,2,0,2,0,0,0,2|2|0|43|92|127|55|132,255|255|7|0|54|1|0|17,0|0|34|127|0|35|118|2,-4|-4|49|38|41|0|39|0,0|0|-73|0|43|0|50|55,0|0|53|0|0|43|51|57,126|126|1|14891|14148|7703|821|11008,1,0,0,16,255,208
490,0,3,2,0,2,0,0,0,4|4|82|88|55|82|41|53,255|255|43|89|91|55|68|43,0|0|0|43|92|127|55|-110,-4|-4|7|0|15|98|0|8,0|0|54|1|0|34|127|0,0|0|0|36|32|3|37|64,214|214|43|14128|6479|8228|9475|64,1,0,0,16,255,208
491,0,3,4,0,4,0,0,0,5|5|2|2|80|55|79|25,255|255|255|255|138|0|43|81,0|0|0|0|53|8|0|43,-4|-4|-4|-4|0|9|15|0,0|0|-8|8|7|0|15|107,0|0|0|0|55|-109|29|35,214|214|126|126|43|14140|7571|38197,1,0,0,16,255,208
492,0,3,6,0,6,0,0,0,10|10|5|5|2|2|11|114,255|255|255|255|255|255|0|54,0|0|0|0|0|0|-32|46,-3|-3|-4|-4|-5|-5|55|-21,-6|6|-3|3|-8|8|127|55,0|0|0|0|0|0|-2|0,214|214|214|214|126|126|43|13928,1,0,0,16,255,208
493,0,3,8,0,8,0,0,0,12|12|8|8|8|8|6|6,255|255|255|255|255|255|255|255,0|0|0|0|0|0|0|0,-3|-3|-4|-4|-5|-5|-6|-6,-6|6|-3|3|-10|10|-12|12,0|0|0|0|0|0|0|0,214|214|214|214|214|214|126|126,1,0,0,16,255,208
494,0,8,1,0,1,0,0,0,128|94|55|99|28|53|123|0,255|174|0|54|1|0|35|20,0|36|-68|22|38|33|0|43,0|106|55|-27|32|53|-126|0,0|107|127|55|-116|43|53|7,0|11|62|0|27|120|0|28,57|18973|2048|50|17190|8960|240|63012,1,0,0,7,6,208
495,0,9,2,0,2,0,0,0,128|128|20|53|146|0|8|178,255|255|1|0|35|20|0|36,0|0|38|18|0|43|0|109,-1|-1|34|53|-111|0|43|110,9|-9|-116|43|53|7|0|9,0|0|11|62|0|27|120|0,57|57|74|310|8704|113|61475|9216,1,0,0,7,6,208
496,0,9,2,0,2,0,0,0,113|113|61|98|55|197|29|53,255|255|43|99|127|55|140|43,0|0|0|8|-54|0|9|11,-1|-1|126|0|30|12|0|54,9|-9|33|-55|127|34|127|0,0|0|0|36|64|6|38|37,76|76|43|14140|6421|19490|13568|131,1,0,0,7,6,208
497,0,9,2,0,2,0,0,0,114|114|53|7|0|15|64|0,255|255|0|11|126|0|13|22,0|0|-122|0|26|127|0|27,-1|-1|28|45|0|29|74|0,9|-9|0|54|1|0|34|127,0|0|20|0|36|-32|46|38,95|95|14174|7276|48164|13590|123|43,1,0,0,7,6,208
498,0,9,4,0,4,0,0,0,114|114|128|128|7|0|15|64,255|255|255|255|26|127|0|27,0|0|0|0|0|54|1|0,-1|-1|-2|-2|100|0|36|-128,9|-9|16|-16|38|29|0|43,0|0|0|0|36|53|125|0,95|95|57|57|8960|20|34852|9737,1,0,0,7,6,208
499,0,9,6,0,6,0,0,0,114|114|128|128|128|128|0|54,255|255|255|255|255|255|48|2,0|0|0|0|0|0|55|98,-1|-1|-2|-2|0|0|0|35,9|-9|16|-16|30|-30|24|0,0|0|0|0|0|0|53|68,95|95|57|57|57|57|13824|1,1,0,0,7,6,208
500,0,3,1,0,1,0,0,0,149|86|55|15|25|53|134|0,255|87|127|55|140|43|53|7,0|8|-78|0|54|1|0|34,6|0|35|-76|0|36|-60|34,0|127|0|38|77|0|43|0,0|55|111|34|35|126|4|36,241|33589|11008|32623|35895|13611|7|30728,0,0,0,10,255,208
501,0,4,1,0,1,0,0,0,150|127|0|38|77|0|43|0,98|2|255|255|3|255|255|55,0|35|53|-124|0|43|76|121,6|-1|-1|3|-1|-1|55|-14,0|53|-123|0|43|122|127|55,0|43|53|7|0|15|107|0,241|2816|126|774|6144|88|6173|13824,0,0,0,10,255,208
502,0,5,1,0,1,0,0,0,152|43|0|75|2|255|255|3,98|255|55|175|35|53|132|0,0|76|121|55|-16|38|53|-123,6|43|122|127|55|-116|43|53,0|0|10|16|0|13|22|0,0|123|0|22|52|0|9|9,241|70|9238|13824|1|32549|8960|1150,0,0,0,10,255,208
503,0,5,1,0,1,0,0,0,153|127|55|140|43|53|7|0,98|254|0|13|252|255|22|2,0|54|1|0|34|31|0|35,6|0|36|20|0|37|127|0,0|49|0|43|0|110|55|116,0|34|31|0|53|-125|0|43,241|35895|13611|7|51720|2304|2|65035,0,0,0,10,255,208
504,0,5,2,0,2,0,0,0,152|152|0|36|20|0|37|127,98|98|49|0|43|0|60|55,0|0|53|24|0|43|61|87,6|6|25|53|24|0|43|88,-7|7|15|0|34|49|0|55,0|0|53|7|0|2|-1|-1,241|241|1|24866|8960|20|5156|9472,0,0,0,10,255,208
505,0,5,3,0,3,0,0,0,152|152|153|29|53|131|0|43,98|98|98|140|43|53|7|0,0|0|0|34|27|0|35|20,6|6|6|0|37|127|0|38,-9|9|0|0|110|55|116|34,6|6|0|43|111|127|55|-116,241|241|241|5632|174|310|8960|20,0,0,0,10,255,208
506,0,5,1,3,1,0,0,0,2|0|43|56|66|55|165|31,255|88|0|43|67|111|55|25,0|53|89|0|43|112|127|55,8|43|53|7|0|13|18|0,0|-110|0|54|1|0|35|20,0|36|20|0|37|127|0|38,153|43|625|65535|65283|14335|9167|11829,0,0,0,2,255,0
507,0,5,2,3,2,0,0,0,2|2|0|35|20|0|36|20,255|255|127|0|38|93|0|43,-2|2|2|-1|-1|3|-1|-1,8|8|29|53|87|0|43|60,0|0|-1|-1|3|-1|-1|55,0|0|53|89|0|43|112|127,153|153|7|310|8704|21|5155|9216,0,0,0,2,255,0
508,0,4,2,3,4,0,0,0,2|2|2|2|55|140|43|53,255|255|255|255|0|21|91|127,-2|2|-1|1|-1|-1|24|8,7|7|8|8|54|1|0|35,0|0|0|0|46|38|93|0,0|0|0|0|42|27|53|80,153|153|153|153|81|20011|14177|7568,0,0,0,2,255,0
509,0,4,2,3,6,0,0,0,2|2|2|2|2|2|255|255,255|255|255|255|255|255|54|1,-2|2|-4|4|-1|1|28|38,7|7|5|5|8|8|-71|28,0|0|0|0|0|0|55|-112,0|0|0|0|0|0|127|55,153|153|153|153|153|153|32603|65037,0,0,0,2,255,0
510,0,4,3,3,6,0,0,0,2|2|2|2|2|2|43|0,255|255|255|255|255|255|0|43,-2|2|0|-1|1|0|7|0,7|7|9|7|7|9|13|-2,0|0|0|0|0|0|2|36,0|0|0|0|0|0|93|0,153|153|153|153|153|153|35895|13611,0,0,0,2,255,0
511,0,3,2,3,8,0,0,0,2|2|2|2|2|2|2|2,255|255|255|255|255|255|255|255,0|0|1|-1|2|-2|3|-3,9|9|8|8|7|7|6|6,6|-6|6|-6|6|-6|6|-6,0|0|0|0|0|0|0|0,153|153|153|153|153|153|153|153,0,0,0,2,255,0
512,0,4,4,3,8,0,0,0,2|2|2|2|2|2|2|2,255|255|255|255|255|255|255|255,0|0|1|-1|2|-2|3|-3,9|9|8|8|7|7|6|6,6|-6|6|-6|6|-6|6|-6,0|0|0|0|0|0|0|0,153|153|153|153|153|153|153|153,0,0,0,2,255,0
513,0,4,6,3,8,0,0,0,2|2|2|2|2|2|2|2,255|255|255|255|255|255|255|255,0|0|1|-1|2|-2|3|-3,9|9|8|8|7|7|6|6,6|-6|6|-6|6|-6|6|-6,0|0|0|0|0|0|0|0,153|153|153|153|153|153|153|153,0,0,0,2,255,0
514,0,5,8,3,8,0,0,0,2|2|2|2|2|2|2|2,255|255|255|255|255|255|255|255,0|0|1|-1|2|-2|3|-3,9|9|8|8|7|7|6|6,6|-6|6|-6|6|-6|6|-6,0|0|0|0|0|0|0|0,153|153|153|153|153|153|153|153,0,0,0,2,255,0
515,0,4,8,3,8,0,0,0,2|2|2|2|2|2|2|2,255|255|255|255|255|255|255|255,0|0|1|-1|2|-2|3|-3,9|9|8|8|7|7|6|6,6|-6|6|-6|6|-6|6|-6,0|0|0|0|0|0|0|0,153|153|153|153|153|153|153|153,0,0,0,2,255,0
516,0,3,8,3,8,0,0,0,2|2|2|2|2|2|2|2,255|255|255|255|255|255|255|255,0|0|1|-1|2|-2|3|-3,9|9|8|8|7|7|6|6,6|-6|6|-6|6|-6|6|-6,0|0|0|0|0|0|0|0,153|153|153|153|153|153|153|153,0,0,0,2,255,0
517,0,4,2,3,2,0,0,0,2|2|61|0|54|1|0|35,255|255|36|0|125|37|2|0,-6|6|0|43|0|72|2|-1,2|2|-1|-1|55|-110|19|53,0|0|43|73|110|54|1|0,0|0|0|55|-21|31|11|72,153|153|28459|14207|11148|1845|2048|150,0,0,0,2,255,0
518,0,4,2,3,2,0,0,0,2|2|38|84|0|43|0|88,255|255|26|53|65|0|43|89,-5|5|1|0|55|-85|34|53,3|3|43|111|127|55|-116|43,0|0|0|8|20|0|11|114,0|0|127|0|28|77|0|54,153|153|9216|32000|549|9728|78|43,0,0,0,2,255,0
519,0,4,2,3,4,0,0,0,2|2|2|2|140|43|53|7,255|255|255|255|55|162|31|53,-7|7|-5|5|127|55|-116|43,1|1|3|3|-94|0|11|114,0|0|0|0|28|51|0|54,0|0|0|0|0|36|0|125,153|153|153|153|14161|5965|16181|11008,0,0,0,2,255,0
520,0,4,2,3,6,0,0,0,2|2|2|2|2|2|0|11,255|255|255|255|255|255|61|0,-7|7|-5|5|-7|7|36|0,1|1|3|3|-1|-1|0|43,0|0|0|0|0|0|67|0,0|0|0|0|0|0|53|69,153|153|153|153|153|153|1280|2,0,0,0,2,255,0
521,0,4,2,3,6,0,0,0,2|2|2|2|2|2|49|0,255|255|255|255|255|255|53|55,-7|7|-5|5|-8|8|35|53,1|1|3|3|2|2|-27|36,0|0|0|0|0|0|55|48,0|0|0|0|0|0|123|55,153|153|153|153|153|153|7|517,0,0,0,2,255,0
522,0,20,1,3,1,0,0,0,187|212|38|37|127|0|38|49,255|43|0|65|2|255|255|3,0|-1|55|-34|33|34|47|0,2|55|0|43|66|69|2|-1,0|3|-1|-1|55|25|35|53,0|0|43|70|73|2|-1|-1,153|14335|9445|14645|11008|19786|65282|1023,0,0,0,2,255,0
523,0,20,7,3,7,0,0,0,187|2|2|2|2|2|2|43,255|255|255|255|255|255|255|0,0|-7|7|-5|5|-8|8|120,2|1|1|3|3|2|2|35,0|0|0|0|0|0|0|0,0|0|0|0|0|0|0|-112,153|153|153|153|153|153|153|32618,0,0,0,2,255,0
524,0,30,1,3,1,0,0,0,187|0|35|20|0|36|20|0,255|127|0|38|49|0|43|0,0|55|-32|24|53|54|0|43,2|105|34|82|0|55|-86|32,0|53|0|43|106|127|55|-116,0|53|7|0|5|2|0|13,153|39445|5758|254|310|8960|20|5156,0,0,0,2,255,0
525,0,30,7,3,7,0,0,0,187|2|2|2|2|2|2|49,255|255|255|255|255|255|255|53,0|-7|7|-5|5|-8|8|43,2|1|1|3|3|2|2|-2,0|0|0|0|0|0|0|52,0|0|0|0|0|0|0|0,153|153|153|153|153|153|153|11008,0,0,0,2,255,0
526,0,20,7,3,7,0,0,0,187|2|2|2|2|2|2|55,255|255|255|255|255|255|255|127,0|-7|7|-5|5|-8|8|14,-3|1|1|3|3|2|2|36,0|0|0|0|0|0|0|47,0|0|0|0|0|0|0|112,153|153|153|153|153|153|153|13105,1,0,0,2,255,0
527,0,15,7,3,7,0,0,0,187|2|2|2|2|2|2|0,255|255|255|255|255|255|255|112,0|-7|7|-5|5|-8|8|53,-1|1|1|3|3|2|2|43,0|0|0|0|0|0|0|1,0|0|0|0|0|0|0|37,153|153|153|153|153|153|153|12341,1,0,0,2,255,0
528,0,5,1,3,1,0,0,0,2|50|0|43|116|127|55|140,255|53|7|0|8|248|0|54,0|0|34|21|0|35|20|0,8|20|0|37|127|0|38|26,0|43|0|59|55|-53|28|53,0|0|43|60|72|55|46|34,153|11008|29513|37943|13604|50|29739|14207,0,0,0,2,255,0
529,0,4,3,3,6,0,0,0,2|2|2|2|2|2|0|43,255|255|255|255|255|255|51|0,-2|2|0|-1|1|0|53|7,7|7|9|7|7|9|0|30,0|0|0|0|0|0|39|0,0|0|0|0|0|0|37|127,153|153|153|153|153|153|11008|32628,0,0,0,2,255,0
530,0,5,8,3,8,0,0,0,2|2|2|2|2|2|2|2,255|255|255|255|255|255|255|255,0|0|1|-1|2|-2|3|-3,9|9|8|8|7|7|6|6,6|-6|6|-6|6|-6|6|-6,0|0|0|0|0|0|0|0,153|153|153|153|153|153|153|153,0,0,0,2,255,0
531,0,3,8,3,8,0,0,0,2|2|2|2|2|2|2|2,255|255|255|255|255|255|255|255,0|0|1|-1|2|-2|3|-3,9|9|8|8|7|7|6|6,6|-6|6|-6|6|-6|6|-6,0|0|0|0|0|0|0|0,153|153|153|153|153|153|153|153,0,0,0,2,255,0
532,0,15,1,3,1,0,0,0,187|53|7|0|54|1|0|35,255|0|36|222|28|37|102|0,0|54|0|43|0|101|55|-8,-1|53|-109|0|43|102|127|55,0|43|53|7|0|54|1|0,0|127|0|35|20|0|36|20,153|122|8998|11008|27392|19767|13601|143,1,0,0,2,255,0
533,0,30,7,3,7,0,0,0,187|2|2|2|2|2|2|119,255|255|255|255|255|255|255|120,0|-7|7|-5|5|-8|8|54,2|1|1|3|3|2|2|0,0|0|0|0|0|0|0|-32,0|0|0|0|0|0|0|43,153|153|153|153|153|153|153|7477,0,0,0,2,255,0
534,0,3,1,3,1,0,0,0,2|31|0|43|80|125|55|64,255|53|32|0|43|126|127|55,0|43|53|7|0|8|30|0,8|126|0|26|127|0|28|5,0|29|64|0|30|6|0|54,0|0|55|95|27|34|127|0,153|9216|12000|31781|9728|54|43|14132,0,0,0,2,255,0
535,0,10,2,0,2,0,0,0,166|166|211|32|53|36|0|43,255|255|55|24|35|53|37|0,0|0|127|55|-116|43|53|7,7|7|122|0|28|4|0|5,0|0|21|-102|126|22|120|0,0|0|0|34|127|0|35|20,90|90|30757|9728|56|43|14166|6462,0,0,0,14,6,208
536,0,3,1,0,1,0,0,0,2|43|53|7|0|54|1|0,255|30|0|11|122|0|26|127,0|28|4|0|29|64|0|30,8|0|34|127|0|35|20|0,0|-32|46|37|120|0|38|56,0|43|0|65|55|76|30|53,160|16939|14192|9040|10293|11008|32625|35895,0,0,0,5,255,96
537,0,2,1,0,1,0,0,0,2|4|0|34|125|0|35|20,255|36|224|46|37|108|0|38,0|0|43|0|111|55|25|35,8|22|0|43|112|127|55|-116,0|53|7|0|5|1|0|21,0|126|22|120|0|54|1|0,160|7168|4|32546|8960|20|57380|9518,0,0,0,5,255,96
538,0,4,2,0,2,0,0,0,2|2|237|36|53|28|0|43,255|255|55|140|43|53|7|0,0|0|127|5|1|0|21|-88,8|8|114|0|54|1|0|11,-8|8|28|4|0|34|127|0,0|0|0|36|-32|46|37|120,160|160|43|14151|7726|6965|11008|29768,0,0,0,5,255,96
539,0,3,2,0,2,0,0,0,2|2|9|5|0|11|126|0,255|255|0|28|4|0|30|8,0|0|1|0|34|127|0|35,8|8|37|120|0|36|-32|46,-8|8|0|43|0|109|55|-4,0|0|-128|0|43|110|127|55,160|160|2048|62|265|2816|126|310,0,0,0,5,255,96
540,0,4,3,0,3,0,0,0,2|2|2|36|224|46|37|127,255|255|255|0|43|0|108|55,0|0|0|-128|0|43|109|127,8|8|8|53|7|0|54|1,-10|10|0|0|35|20|0|36,5|5|-5|116|0|38|93|0,160|160|160|2869|11008|14905|5431|13597,0,0,0,5,255,96
541,0,3,3,0,3,0,0,0,2|2|2|0|43|73|76|55,255|255|255|15|0|43|77|86,0|0|0|53|16|0|43|87,8|8|8|36|53|17|0|43,-10|10|0|-116|43|53|7|0,5|5|-5|55|-104|27|34|127,160|160|160|9472|121|23846|11008|13568,0,0,0,5,255,96
542,0,4,4,0,4,0,0,0,2|2|2|2|29|53|13|0,255|255|255|255|235|31|53|14,0|0|0|0|55|-45|32|53,8|8|8|8|81|55|-112|35,-15|15|-8|8|82|115|55|-101,5|5|-5|-5|43|116|127|55,160|160|160|160|32546|8960|20|5156,0,0,0,5,255,96
543,0,5,5,0,5,0,0,0,2|2|2|2|2|29|53|12,255|255|255|255|255|171|29|53,0|0|0|0|0|55|-21|31,8|8|8|8|8|68|55|-45,-20|20|-12|12|0|69|74|55,8|8|-2|-2|-6|43|75|115,160|160|160|160|160|11148|1845|13824,0,0,0,5,255,96
544,0,5,6,0,6,0,0,0,2|2|2|2|2|2|29|53,255|255|255|255|255|255|171|29,0|0|0|0|0|0|55|-21,8|8|8|8|8|8|64|55,-24|24|-18|18|-12|12|65|68,8|8|-2|-2|-6|-6|43|69,160|160|160|160|160|160|13611|7,0,0,0,5,255,96
545,0,6,7,0,7,0,0,0,2|2|2|2|2|2|2|255,255|255|255|255|255|255|255|64,0|0|0|0|0|0|0|55,8|8|8|8|8|8|8|109,-24|24|-18|18|-12|12|0|64,8|8|-2|-2|-6|-6|-8|55,160|160|160|160|160|160|160|23846,0,0,0,5,255,96
546,0,6,8,0,8,0,0,0,2|2|2|2|2|2|2|2,255|255|255|255|255|255|255|255,0|0|0|0|0|0|0|0,8|8|8|8|8|8|8|8,-24|24|-18|18|-12|12|-5|5,8|8|-2|-2|-6|-6|-8|-8,160|160|160|160|160|160|160|160,0,0,0,5,255,96
547,0,2,1,0,2,0,0,0,2|2|93|0|43|0|69|2,255|255|3|255|255|55|232|28,-6|6|0|43|70|101|2|-1,6|6|-1|-1|55|15|31|53,-6|6|43|102|127|55|-116|43,0|0|0|54|1|0|35|20,159|161|29733|9728|93|43|14191|8928,0,0,0,5,255,96
548,0,3,2,0,2,0,0,0,2|2|35|20|0|36|74|46,255|255|0|38|93|0|43|0,-6|6|-3|-1|3|-3|-1|55,6|6|53|41|0|43|114|127,-6|6|43|53|7|0|54|1,0|0|74|0|35|-96|0|36,159|161|9728|93|43|14191|8928|6197,0,0,0,5,255,96
549,0,3,2,0,4,0,0,0,2|2|2|2|122|0|38|93,255|255|255|255|55|165|31|53,-6|6|-7|7|127|55|-116|43,6|6|5|5|1|0|21|-102,-6|6|-6|6|54|1|0|55,0|0|0|0|0|35|20|0,159|161|159|161|11008|28928|64770|1023,0,0,0,5,255,96
550,0,3,3,0,3,0,0,0,2|2|2|0|34|127|0|35,255|255|255|44|41|37|122|0,-6|6|0|43|0|103|55|-91,6|6|-8|0|43|104|127|55,-6|6|0|7|0|54|1|0,0|0|0|35|20|0|36|-34,159|161|160|11008|28928|64770|1023|65533,0,0,0,5,255,96
551,0,3,4,0,4,0,0,0,2|2|2|2|8|37|127|0,255|255|255|255|0|91|55|50,-6|6|0|0|43|92|127|55,6|6|-8|-8|0|54|1|0,-6|6|-8|8|20|0|36|44,0|0|0|0|38|93|0|43,159|161|160|160|26667|14207|11148|1845,0,0,0,5,255,96
552,0,4,5,0,5,0,0,0,2|2|2|2|2|31|53|43,255|255|255|255|255|140|43|53,-6|6|6|-6|0|34|73|0,6|6|-6|-6|-8|0|37|125,-6|6|6|-6|0|0|107|55,0|0|0|0|0|43|108|127,159|161|159|161|160|20|5156|9472,0,0,0,5,255,96
553,0,4,6,0,6,0,0,0,2|2|2|2|2|2|0|54,255|255|255|255|255|255|20|0,-6|6|6|-6|0|0|38|93,6|6|-6|-6|-8|-8|-1|3,-6|6|6|-6|-8|8|-127|0,0|0|0|0|0|0|53|7,159|161|159|161|160|160|9472|124,0,0,0,5,255,96
554,0,4,7,0,7,0,0,0,2|2|2|2|2|2|2|43,255|255|255|255|255|255|255|6,-6|6|6|-6|0|0|0|34,6|6|-6|-6|-8|-8|-8|0,-6|6|6|-6|-12|12|0|1,0|0|0|0|0|0|4|53,159|161|159|161|160|160|160|1545,0,0,0,5,255,96
555,0,5,8,0,8,0,0,0,2|2|2|2|2|2|2|2,255|255|255|255|255|255|255|255,-6|6|6|-6|0|0|0|0,6|6|-6|-6|-8|-8|-8|-8,-6|6|6|-6|-16|16|-10|10,0|0|0|0|0|0|4|4,159|161|159|161|160|160|160|160,0,0,0,5,255,96
556,0,6,8,0,8,0,0,0,2|2|2|2|2|2|2|2,255|255|255|255|255|255|255|255,-6|6|6|-6|0|0|0|0,6|6|-6|-6|-8|-8|-8|8,-6|6|6|-6|-16|16|0|0,0|0|0|0|0|0|4|-4,159|161|159|161|160|160|160|160,0,0,0,5,255,96
557,0,6,8,0,8,0,0,0,2|2|2|2|2|2|2|2,255|255|255|255|255|255|255|255,-6|6|6|-6|0|0|-6|6,6|6|-6|-6|-8|-8|8|8,-6|6|6|-6|-16|16|0|0,0|0|0|0|0|0|-4|-4,159|161|159|161|160|160|159|161,0,0,0,5,255,96
558,0,3,1,0,1,0,0,0,2|103|127|55|140|43|53|7,255|15|127|0|5|5|0|22,0|0|54|1|0|34|100|0,8|20|0|36|44|41|37|124,0|38|93|0|43|0|103|55,0|31|53|43|0|43|104|127,160|13611|7|32527|2304|2|65285|5887,0,0,0,5,255,96
559,0,4,2,0,2,0,0,0,2|2|124|0|38|93|0|43,255|255|55|67|38|53|142|0,0|0|127|55|-116|43|53|7,8|8|1|0|8|4|0|9,-8|8|11|126|0|28|21|0,0|0|0|30|3|0|34|100,160|160|32292|9506|124|23846|3840|111,0,0,0,5,255,96
560,0,4,4,0,4,0,0,0,2|2|2|2|0|9|15|0,255|255|255|255|19|0|29|37,0|0|0|0|54|1|0|35,8|8|8|8|0|37|124|0,-15|15|-8|8|127|0|43|0,5|5|-5|-5|53|-121|0|43,160|160|160|160|22799|2048|20|777,0,0,0,5,255,96
561,0,5,5,0,5,0,0,0,3|3|3|3|3|0|34|127,255|255|255|255|255|20|0|37,0|0|0|0|0|15|127|0,8|8|8|8|8|17|53|66,-20|20|-12|12|0|-3|33|53,8|8|-2|-2|-6|55|-116|43,160|160|160|160|160|135|26411|14207,0,0,0,5,255,96
562,0,6,7,0,7,0,0,0,4|4|4|4|4|4|4|38,255|255|255|255|255|255|255|36,0|0|0|0|0|0|0|-116,8|8|8|8|8|8|8|9,-24|24|-18|18|-12|12|0|0,8|8|-2|-2|-6|-6|-8|1,160|160|160|160|160|160|160|8171,0,0,0,5,255,96
563,0,6,8,0,8,0,0,0,6|6|6|6|6|6|6|6,255|255|255|255|255|255|255|255,0|0|0|0|0|0|0|0,8|8|8|8|8|8|8|8,-24|24|-18|18|-12|12|-5|5,8|8|-2|-2|-6|-6|-8|-8,160|160|160|160|160|160|160|160,0,0,0,5,255,96
564,0,3,1,1,1,0,0,0,2|7|0|8|238|0|9|8,255|7|255|255|11|180|255|25,0|125|26|10|0|28|35|0,8|5|0|15|123|0|54|1,0|35|20|0|36|20|0|37,0|0|38|35|0|43|0|102,157|13599|135|26411|14207|11148|1845|2304,0,0,0,5,255,96
565,0,2,1,0,1,0,0,0,1|35|20|0|36|20|0|37,255|0|38|22|0|43|0|98,0|-60|29|53|-120|0|43|99,10|55|-116|43|53|7|0|9,0|0|5|2|0|22|-40|0,0|123|0|54|1|0|34|125,58|20|5156|9472|124|5670|11008|30464,0,0,0,8,255,208
566,0,3,2,0,2,0,0,0,1|1|8|108|0|54|1|0,255|255|124|29|127|0|34|97,-1|1|56|4|36|-100|49|38,9|9|43|0|97|55|-116|29,-4|4|0|43|98|127|55|-116,0|0|7|0|15|123|0|8,58|58|6400|32755|32283|7168|9|22562,0,0,0,8,255,208
567,0,2,2,0,2,0,0,0,1|1|29|53|137|0|43|99,255|255|140|43|53|7|0|15,-1|1|8|56|0|9|6|0,9|9|0|28|7|0|30|3,-4|4|1|0|34|89|0|35,0|0|36|-100|49|38|17|0,58|58|6368|13877|11008|24918|35895|13597,0,0,0,8,255,208
568,0,3,3,0,3,0,0,0,1|1|1|0|11|94|0|28,255|255|255|3|0|54|1|0,-1|1|0|35|80|0|36|-128,9|9|10|0|38|17|0|43,-4|4|0|-32|24|36|30|20,0|0|0|43|65|76|55|-32,58|58|58|11008|21837|57399|9240|5150,0,0,0,8,255,208
569,0,2,3,0,3,0,0,0,1|1|1|7|0|8|116|0,255|255|255|10|6|0|11|126,-1|1|0|0|5|1|0|27,9|9|10|21|0|30|10|0,-4|4|0|34|34|0|35|20,0|0|0|125|37|117|0|38,58|58|58|8704|32821|11008|32622|35895,0,0,0,8,255,208
570,0,2,3,0,3,0,0,0,1|1|2|5|1|0|28|21,255|255|255|0|54|1|0|34,-1|1|0|20|0|36|0|125,9|9|10|38|26|0|43|0,-4|4|0|34|53|-128|0|43,0|0|0|-116|43|53|7|0,58|58|59|2057|2816|126|16153|6783,0,0,0,8,255,208
571,0,3,3,0,3,0,0,0,2|2|1|0|36|180|45|37,255|255|255|15|0|43|0|108,-1|1|0|53|-128|0|43|109,9|9|10|43|53|7|0|8,-4|4|0|0|0|11|70|0,0|0|0|30|8|0|54|1,59|59|58|9216|16000|37|9728|14,0,0,0,8,255,208
572,0,3,3,0,3,0,0,0,2|2|2|1|0|51|224|255,255|255|255|7|122|0|26|127,-1|1|0|0|30|3|0|54,9|9|10|51|0|35|20|0,-4|4|0|37|0|0|38|13,0|0|0|127|55|56|32|53,59|59|59|6|16907|6656|44|8988,0,0,0,8,255,208
573,0,4,5,0,5,0,0,0,2|2|2|1|1|60|37|116,255|255|255|255|255|0|112|51,-2|2|0|-1|1|53|-128|0,8|8|10|9|9|43|53|7,-8|8|0|-2|2|5|0|11,0|0|0|0|0|28|35|0,279|280|59|58|58|1|3618|8960,0,0,0,8,255,208
574,0,4,5,0,5,0,0,0,2|2|3|1|1|128|0|43,255|255|255|255|255|53|7|0,-2|2|0|-1|1|0|35|80,8|8|10|9|9|20|0|43,-8|8|0|-2|2|53|123|0,0|0|0|0|0|43|53|7,279|280|60|58|58|48164|9750|16,0,0,0,8,255,208
575,0,3,7,0,7,0,0,0,2|2|1|1|1|1|1|0,255|255|255|255|255|255|255|23,-2|2|0|-1|1|-1|1|35,8|8|10|9|9|9|9|0,-8|8|0|-1|1|-7|7|-71,0|0|0|0|0|0|0|55,279|280|58|58|58|58|58|774,0,0,0,8,255,208
576,0,15,1,0,1,0,0,11,112|128|32|37|116|0|38|18,255|43|0|115|55|180|36|53,0|0|43|116|127|55|-116|43,-3|7|0|22|-2|0|5|7,0|15|119|0|54|1|0|34,0|0|35|20|0|36|-14|18,171|11008|27392|21559|13601|143|27691|14207,0,0,0,26,98,208
577,0,10,1,0,1,0,0,11,112|35|20|0|36|242|18|38,255|0|43|0|115|55|180|36,0|51|0|43|116|127|55|-116,-3|53|7|0|8|8|0|9,0|0|11|108|0|26|1|0,0|127|0|28|29|0|30|6,171|119|310|8704|4|5155|9216|20,0,0,0,26,98,208
578,0,10,1,0,1,0,0,10,128|127|55|140|43|53|7|0,255|8|0|9|7|0|11|102,0|26|1|0|27|124|0|28,-3|0|30|6|0|15|119|0,0|1|0|34|4|0|35|20,0|36|20|0|37|127|0|38,171|43|14187|8532|36661|11008|32620|35895,0,0,0,26,98,208
579,0,10,2,0,2,0,0,10,112|112|0|30|8|0|15|119,255|255|1|0|34|116|0|35,0|0|36|20|0|37|127|0,-3|-3|0|43|0|119|55|67,-6|6|-114|0|43|120|127|55,0|0|53|7|0|8|8|0,171|171|114|773|5632|254|3354|7168,0,0,0,26,98,208
580,0,10,2,0,2,0,0,9,128|128|48|27|38|21|0|43,255|255|55|84|33|53|143|0,0|0|127|55|-116|43|53|7,-3|-3|72|0|9|2|0|11,-6|6|5|2|0|22|126|0,0|0|0|30|11|0|15|119,171|171|20002|8960|160|56868|9756|18,0,0,0,26,98,208
581,0,10,3,0,3,0,0,9,128|128|112|39|0|30|7|0,255|255|255|54|1|0|34|78,-5|5|0|0|36|20|0|37,0|0|-3|18|0|43|0|109,-5|5|0|53|-128|0|43|110,0|0|-3|43|53|7|0|54,171|171|171|18000|6694|11008|27648|56887,0,0,0,26,98,208
582,0,10,4,0,4,0,0,9,128|128|112|112|136|9|38|48,255|255|255|255|55|76|30|53,-5|5|-3|3|107|55|83|33,0|0|-3|-3|108|127|55|-116,-5|5|-3|3|8|-46|0|35,0|0|-3|-3|0|37|127|0,171|171|171|171|13602|113|28715|14207,0,0,0,26,98,208
583,0,9,4,0,4,0,0,8,128|128|112|112|38|43|0|43,255|255|255|255|30|53|71|0,-5|5|-3|3|83|33|53|72,0|0|-3|-3|55|-116|43|53,-5|5|-3|3|0|35|-96|0,0|0|-3|-3|37|0|43|0,171|171|171|171|32620|35895|13611|7,0,0,0,26,98,208
584,0,9,6,0,6,0,0,8,128|128|112|112|112|112|99|127,255|255|255|255|255|255|35|20,-5|5|-3|3|-3|3|0|38,0|0|-3|-3|3|3|111|38,-5|5|-3|3|-3|3|55|-116,0|0|-3|-3|3|3|0|34,171|171|171|171|171|171|49|43,0,0,0,26,98,208
585,0,9,7,0,7,0,0,8,128|128|112|112|112|112|112|1,255|255|255|255|255|255|255|43,-5|5|-3|3|-3|3|0|0,0|0|-3|-3|3|3|-4|20,-5|5|-3|3|-3|3|0|38,0|0|-3|-3|3|3|-4|-1,171|171|171|171|171|171|171|9216,0,0,0,26,98,208
586,0,9,8,0,8,0,0,8,128|128|112|112|112|112|112|112,255|255|255|255|255|255|255|255,-5|5|-3|3|-3|3|0|0,0|0|-3|-3|3|3|-4|6,-5|5|-3|3|-3|3|0|0,0|0|-3|-3|3|3|-4|6,171|171|171|171|171|171|171|171,0,0,0,26,98,208
587,0,20,1,0,1,0,0,11,128|0|54|1|0|35|20|0,255|214|6|37|74|0|38|26,0|43|0|76|54|1|0|55,-3|32|53|-118|0|43|77|110,0|1|0|55|-67|34|53|-117,-3|43|111|127|55|-116|43|53,19|47415|9001|20|41508|9731|41|29237,0,0,0,26,98,208
588,0,20,1,0,2,0,0,11,128|128|0|43|117|127|55|140,255|255|7|0|54|1|0|35,-3|3|36|-40|4|38|41|0,-3|-3|86|55|23|25|53|127,-3|3|87|127|55|-116|43|53,-3|-3|54|1|0|35|-6|0,19|19|26|43|14189|8768|27957|11008,0,0,0,26,98,208
589,0,20,2,0,2,0,0,11,128|128|58|0|43|0|124|55,255|255|53|113|0|43|125|127,-3|3|43|53|7|0|54|1,-3|-3|20|0|36|56|4|38,-3|3|43|0|117|55|53|37,-3|-3|0|43|118|127|55|-116,19|19|310|8960|20|38436|9733|35,0,0,0,26,98,208
590,0,20,2,0,2,0,0,10,116|116|43|0|104|55|33|32,255|255|0|43|105|127|55|140,-3|3|7|0|7|55|0|28,-3|-3|29|16|0|30|3|0,-3|3|0|35|80|0|36|-40,-3|-3|52|0|43|0|103|55,19|19|11008|32616|35895|13611|7|16135,0,0,0,26,98,208
591,0,20,2,0,2,0,0,9,116|116|0|43|0|111|55|224,255|255|127|0|43|112|127|55,-4|4|53|7|0|54|1|0,-1|-1|0|35|20|0|36|34,-4|4|127|0|43|0|112|55,-1|-1|53|115|0|43|113|127,19|19|7|3849|8960|20|5156|9472,0,0,0,26,98,208
592,0,20,2,0,2,0,0,8,116|116|140|43|53|7|0|35,255|255|36|208|17|38|52|0,-4|4|91|55|50|27|53|42,0|0|92|127|55|-116|43|53,-4|4|8|8|0|9|4|0,0|0|0|26|3|0|27|125,19|19|1566|13824|1|1314|8960|1780,0,0,0,26,98,208
593,0,20,2,0,2,0,0,7,113|113|43|110|127|55|140|43,255|255|0|43|0|120|8|32,-4|4|46|0|28|8|0|30,2|2|54|1|0|55|-103|38,-4|4|0|35|20|0|36|48,2|2|17|0|53|-116|0|43,19|19|13611|7|32555|2431|13|64005,0,0,0,26,98,208
594,0,20,4,0,4,0,0,8,128|128|128|128|1|0|55|236,255|255|255|255|35|20|0|36,-4|4|-2|2|0|53|127|0,-2|-2|-4|-4|13|0|5|30,-4|4|-2|2|21|119|127|22,-2|-2|-4|-4|0|30|5|0,19|19|19|19|8723|121|5155|9216,0,0,0,26,98,208
595,0,20,4,0,4,0,0,7,116|116|128|128|9|13|0|5,255|255|255|255|255|21|18|124,-4|4|-2|2|32|0|28|61,-2|-2|-4|-4|54|1|0|55,-4|4|-2|2|0|35|-46|0,-2|-2|-4|-4|10|0|38|35,19|19|19|19|13|49157|2047|65472,0,0,0,26,98,208
596,0,15,2,0,4,0,0,7,114|114|114|114|13|34|127|0,255|255|255|255|128|87|37|10,-4|4|-2|2|53|127|0|9,-2|-2|-4|-4|0|34|127|0,-4|4|-2|2|20|0|37|127,-2|-2|-4|-4|43|0|107|2,19|19|19|19|36149|11008|32620|35895,0,0,0,26,98,208
597,0,20,4,0,4,0,0,6,114|114|114|114|127|0|38|54,255|255|255|255|2|226|255|3,-4|4|-2|2|0|9|9|0,-2|-2|-4|-4|119|33|34|127,-4|4|-2|2|36|20|0|37,-2|-2|-4|-4|0|53|-115|0,19|19|19|19|2048|16|9|1280,0,0,0,26,98,208
598,0,4,2,0,2,0,0,0,1|1|20|0|36|160|30|37,255|255|38|41|0|43|0|59,-10|10|33|53|-116|0|43|60,0|0|33|33|53|-116|0|43,0|0|55|-116|43|53|7|0,0|0|-1|5|5|0|55|-105,285|285|310|8704|5|5155|9216|20,0,0,0,6,255,208
599,0,4,3,0,3,0,0,0,1|1|1|112|127|55|140|43,255|255|255|43|0|124|55|13,-10|10|0|0|53|117|0|43,0|0|-10|-116|43|53|7|0,0|0|0|35|20|0|36|20,0|0|0|0|38|41|0|17,285|285|285|9265|9233|13568|93|29483,0,0,0,6,255,208
600,0,5,4,0,4,0,0,0,1|1|1|1|118|127|17|100,255|255|255|255|53|7|0|34,-10|10|-10|10|0|43|27|27,0|0|0|0|-77|17|36|100,0|0|0|0|53|90|0|43,3|3|-4|-4|0|54|1|0,285|285|285|285|13568|140|7211|12316,0,0,0,6,255,208
601,0,5,4,0,4,0,0,0,1|1|1|1|55|116|22|36,255|255|255|255|0|38|41|0,-10|10|0|0|30|30|48|112,0|0|-10|10|36|20|0|37,0|0|0|0|0|53|-108|0,0|0|0|0|122|0|55|100,285|285|285|285|69|28469|11008|8224,0,0,0,6,255,208
602,0,5,6,0,6,0,0,0,1|1|1|1|1|1|33|33,255|255|255|255|255|255|36|40,-10|10|-10|10|0|0|0|43,0|0|0|0|-10|10|28|20,0|0|0|0|0|0|53|94,3|3|-4|-4|0|0|0|54,285|285|285|285|285|285|139|9003,0,0,0,6,255,208
603,0,5,4,0,8,0,0,0,2|2|1|1|2|2|2|2,255|255|255|255|255|255|255|255,-10|10|0|0|-10|10|-10|10,0|0|-10|10|0|0|0|0,0|0|0|0|0|0|0|0,0|0|0|0|-8|-10|8|8,170|170|285|285|170|170|170|170,0,0,0,6,255,208
604,0,5,5,0,5,0,0,0,2|2|2|2|1|115|0|54,255|255|255|255|255|17|36|0,-10|10|-10|10|0|0|53|117,0|0|0|0|-10|112|0|55,0|0|0|0|0|38|37|0,-8|-8|8|8|0|40|48|112,170|170|170|170|285|13862|13568|95,0,0,0,6,255,208
605,0,5,7,0,7,0,0,0,2|2|2|2|1|1|1|0,255|255|255|255|255|255|255|1,-10|10|-10|10|0|0|0|17,0|0|0|0|10|-10|-10|0,0|0|0|0|0|-3|3|54,-8|-8|8|8|0|0|0|48,170|170|170|170|285|285|285|10276,0,0,0,6,255,208
606,0,5,8,0,8,0,0,0,2|2|2|2|1|1|1|1,255|255|255|255|255|255|255|255,-10|10|-10|10|0|0|0|0,0|0|0|0|10|10|-10|-10,0|0|0|0|-3|3|-3|3,-8|-8|8|8|0|0|0|0,170|170|170|170|285|285|285|285,0,0,0,6,255,208
607,0,5,6,0,6,0,0,0,2|2|2|2|2|2|0|55,255|255|255|255|255|255|26|0,-10|10|-10|10|-10|10|48|118,0|0|0|0|0|0|24|36,0|0|0|0|0|0|95|0,-16|-16|0|0|16|16|54|1,170|170|170|170|170|170|13568|115,0,0,0,6,255,208
608,0,5,8,0,8,0,0,0,2|2|2|2|2|2|1|1,255|255|255|255|255|255|255|255,-10|10|-10|10|-10|10|0|0,0|0|0|0|0|0|-10|-10,0|0|0|0|0|0|-3|3,-16|-16|0|0|16|16|0|0,170|170|170|170|170|170|285|285,0,0,0,6,255,208
609,0,8,1,0,1,0,0,11,128|54|54|48|120|0|54|1,255|55|53|27|17|82|0|35,0|0|36|-48|7|38|12|0,10|97|0|43|55|55|48|115,0|54|1|0|55|53|25|17,3|0|35|20|0|36|40|10,19|13568|115|14379|12344|100|11831|4380,0,0,0,26,98,208
610,0,6,1,0,2,0,0,11,128|128|127|0|54|1|0|55,255|255|17|36|0|36|40|10,0|0|0|53|115|0|43|58,10|-2|127|0|54|1|0|55,0|0|17|9|0|36|40|10,3|-3|0|53|99|0|43|59,19|19|310|14080|6582|6929|9216|2770,0,0,0,26,98,208
611,0,5,1,0,3,0,0,10,128|128|128|120|0|36|232|3,255|255|255|53|100|0|43|61,0|-3|3|0|55|38|30|17,10|-1|-1|-24|3|38|54|0,0|3|3|43|62|62|48|127,3|-1|-1|31|17|27|0|36,19|19|19|102|16171|12351|127|25143,0,0,0,26,98,208
612,0,6,2,0,2,0,0,10,128|128|0|55|87|32|17|9,255|255|162|3|38|56|0|53,0|0|43|65|65|48|127|0,10|-2|0|55|-110|34|17|91,0|0|-106|5|38|40|0|53,3|-3|43|66|66|48|127|0,19|19|9450|25617|9216|1430|10278|13568,0,0,0,26,98,208
613,0,10,3,0,3,0,0,9,128|128|128|0|53|114|0|43,255|255|255|127|0|55|90|35,0|-3|3|36|92|3|38|49,10|0|0|0|43|69|69|48,0|-3|3|66|33|17|18|0,3|0|0|38|56|0|53|105,19|19|19|14080|8273|4625|9216|1600,0,0,0,26,98,208
614,0,10,3,0,3,0,0,9,128|112|112|216|33|17|91|0,255|255|255|36|20|0|38|127,0|-3|3|0|43|72|72|48,10|0|0|2|0|54|1|0,0|-3|3|17|91|0|35|38,3|0|0|0|38|127|0|53,19|19|19|103|825|14080|9025|25617,0,0,0,26,98,208
615,0,10,2,0,4,0,0,9,128|128|128|128|6|40|17|109,255|255|255|255|38|56|0|53,-1|1|-3|3|75|48|121|0,10|10|0|0|100|0|36|32,-4|4|-3|3|53|116|0|43,3|3|0|0|0|55|-51|40,19|19|19|19|13568|113|19755|12365,0,0,0,26,98,208
616,0,8,2,0,4,0,0,8,128|128|112|112|48|107|0|57,255|255|255|255|33|17|36|0,-1|1|-3|3|69|0|53|120,12|12|0|0|48|118|0|57,-4|4|-3|3|40|17|36|0,3|3|0|0|78|0|53|120,19|19|19|19|5|310|14080|8832,0,0,0,26,98,208
617,0,15,5,0,5,0,0,8,128|128|112|112|128|54|1|0,255|255|255|255|255|0|36|214,-1|1|-3|3|0|126|0|43,12|12|0|0|-3|55|42|37,-4|4|-3|3|0|3|38|72,3|3|0|0|-3|83|83|48,19|19|19|19|19|8704|42|5155,0,0,0,26,98,208
618,0,15,6,0,6,0,0,7,128|128|112|112|128|128|17|109,255|255|255|255|255|255|0|36,-1|1|-3|3|-2|2|119|0,12|12|0|0|-3|-3|54|1,-4|4|-3|3|-2|2|0|36,3|3|0|0|-3|-3|91|0,19|19|19|19|19|19|36900|9729,0,0,0,26,98,208
619,0,15,7,0,7,0,0,7,128|128|112|112|112|128|128|38,255|255|255|255|255|255|255|86,-1|0|1|-3|3|-2|2|-78,12|12|12|0|0|-3|-3|38,-4|0|4|-3|3|-2|2|87,3|3|3|0|0|-3|-3|1,19|19|19|19|19|19|19|95,0,0,0,26,98,208
620,0,1,1,0,8,0,0,0,4|4|4|4|4|4|4|4,255|255|255|255|255|255|255|255,-2|1|3|-2|4|-1|-3|1,6|8|5|7|5|9|5|7,20|-10|-20|20|-30|10|30|-20,30|40|10|20|10|50|20|30,255|255|255|255|255|255|255|255,0,0,0,10,255,128
621,0,1,1,0,1,0,0,0,99|0|111|110|1|0|235|109,255|0|104|110|1|0|157|110,0|0|-98|-122|1|0|105|-122,8|0|-104|-122|1|0|-52|-122,0|0|59|-104|1|0|-1|-106,0|0|52|-105|1|0|105|-104,266|44415|1|41979|1|44409|1|44461,0,0,0,10,11,128
622,0,0,8,9,8,0,0,0,4|4|4|4|2|2|2|2,8|8|8|8|8|8|8|8,2|-2|2|-2|3|-3|0|0,2|2|-2|-2|0|0|3|-3,2|-2|2|-2|3|-3|0|0,2|2|-2|-2|0|0|3|-3,21|21|21|21|20|20|20|20,0,0,0,12,1,112
623,0,40,3,1,8,0,0,0,4|4|4|4|4|4|4|4,255|255|255|255|255|255|255|255,-2|1|3|-2|4|-1|-3|1,6|8|5|7|5|9|5|7,80|-40|-80|80|-120|40|120|-80,60|80|20|40|80|100|10|60,109|109|109|109|109|109|109|109,0,0,0,10,255,240
624,0,40,1,0,4,0,0,0,1|1|1|1|1|0|161|236,255|255|255|255|1|0|255|236,0|0|0|0|1|0|-67|-16,8|7|9|6|1|0|18|-15,0|0|0|0|1|0|-39|-10,0|0|0|0|1|0|67|-9,304|304|304|304|1|64777|1|64829,0,0,0,10,255,240
625,0,4,1,1,1,0,0,0,2|0|36|7|2|0|225|6,255|0|30|7|2|0|82|7,0|0|-10|9|2|0|-90|9,8|0|-16|9|2|0|36|10,0|0|-32|12|2|0|110|12,0|0|-38|12|2|0|14|13,109|8941|2|8874|2|8935|2|8987,0,0,0,5,255,240
626,0,4,2,1,2,0,0,0,2|2|120|63|2|0|82|63,255|255|114|63|2|0|166|63,0|0|26|70|2|0|-29|69,8|8|20|70|2|0|72|70,12|-12|32|76|2|0|-11|75,14|14|26|76|2|0|78|76,109|109|2|21135|2|21190|2|21242,0,0,0,5,255,240
627,0,4,3,1,3,0,0,0,2|2|2|94|2|0|128|94,255|255|255|94|2|0|17|95,1|-1|0|100|2|0|11|100,8|8|8|100|2|0|116|100,12|-12|0|104|2|0|-91|104,14|14|0|104|2|0|2|105,109|109|109|28385|2|28444|2|28496,0,0,0,5,255,240
628,0,4,4,1,4,0,0,0,2|2|2|2|2|0|180|124,255|255|255|255|2|0|35|125,1|-1|0|0|2|0|106|-128,8|8|8|8|2|0|-41|-128,26|-26|12|-12|2|0|-21|-123,14|14|14|14|2|0|84|-122,109|109|109|109|2|39696|2|39747,0,0,0,5,255,240
629,0,4,5,1,5,0,0,0,2|2|2|2|2|0|19|189,255|255|255|255|255|0|108|189,2|-2|1|-1|0|0|82|-60,8|8|8|8|8|0|26|-59,26|-26|12|-12|0|0|-84|-56,14|14|14|14|0|0|21|-55,109|109|109|109|109|53328|2|53380,0,0,0,5,255,240
630,0,4,6,1,6,0,0,0,2|2|2|2|2|2|100|2,255|255|255|255|255|255|2|23,3|-3|2|-2|1|-1|27|35,8|8|8|8|8|8|22|65,40|-40|26|-26|12|-12|13|70,20|20|14|14|14|14|50|104,109|109|109|109|109|109|3|27919,0,0,0,5,255,240
631,0,4,7,1,7,0,0,0,2|2|2|2|2|2|2|117,255|255|255|255|255|255|255|118,3|-3|2|-2|1|-1|0|124,8|8|8|8|8|8|8|125,40|-40|26|-26|12|-12|0|-125,20|20|14|14|14|14|0|-124,109|109|109|109|109|109|109|35019,0,0,0,5,255,240
632,0,4,6,1,6,0,0,0,2|2|2|2|2|2|75|147,255|255|255|255|255|255|186|147,2|-2|1|-1|0|0|-80|-103,8|8|8|8|8|8|-1|-103,40|-40|26|-26|12|-12|126|-97,20|20|14|14|14|14|43|-96,109|109|109|109|109|109|3|41953,0,0,0,5,255,240
633,0,4,7,1,7,0,0,0,2|2|2|2|2|2|2|180,255|255|255|255|255|255|255|181,2|-2|1|-1|2|-2|0|-66,8|8|8|8|8|8|10|-65,40|-40|26|-26|12|-12|0|-65,20|20|14|14|14|14|0|-63,109|109|109|109|109|109|109|49670,0,0,0,5,255,240
634,0,4,8,1,8,0,0,0,2|2|2|2|2|2|2|2,255|255|255|255|255|255|255|255,2|-2|1|-1|2|-2|0|0,8|8|8|8|8|8|10|10,40|-40|26|-26|12|-12|-7|7,20|20|14|14|14|14|0|0,109|109|109|109|109|109|109|109,0,0,0,5,255,240
635,0,4,8,1,8,0,0,0,2|2|2|2|2|2|2|2,255|255|255|255|255|255|255|255,-3|3|1|-1|2|-2|1|-1,8|8|8|8|8|8|10|10,40|-40|26|-26|12|-12|-7|7,20|20|14|14|14|14|0|0,109|109|109|109|109|109|109|109,0,0,0,5,255,240
636,0,12,1,0,1,0,0,0,171|0|69|79|4|0|254|78,255|0|63|79|4|0|115|79,0|0|103|94|4|0|1|94,0|0|97|94|4|0|-107|94,0|0|-35|114|4|0|-103|114,0|0|-41|114|4|0|11|115,103|29569|4|29459|4|29563|4|29615,1,0,0,10,255,240
637,0,10,1,0,1,0,0,0,171|0|222|127|4|0|135|127,255|0|216|127|4|0|12|128,0|0|-93|-123|4|0|103|-123,0|0|-99|-123|4|0|-47|-123,0|0|-74|-116|4|0|9|-116,0|0|-80|-116|4|0|-28|-116,103|37116|4|37046|4|37110|4|37162,1,0,0,10,255,240
638,0,8,1,0,1,0,0,0,171|0|28|151|4|0|250|150,255|0|23|151|4|0|74|151,0|0|-19|-104|4|0|80|-105,0|0|-24|-104|4|0|27|-103,0|0|68|-74|4|0|-111|-79,0|0|62|-74|4|0|114|-74,103|48308|4|46712|4|48303|4|48354,1,0,0,10,255,240
639,0,8,2,0,2,0,0,0,171|171|218|214|4|0|41|210,255|255|213|214|4|0|8|215,-1|1|11|-13|4|0|123|-21,0|0|5|-13|4|0|57|-13,-6|6|-75|-7|4|0|63|-13,0|0|-80|-7|4|0|-29|-7,103|103|5|591|5|2018|5|2084,1,0,0,10,255,240
640,0,6,2,0,2,0,0,0,171|171|68|18|5|0|57|15,255|255|62|18|5|0|114|18,-1|1|-11|30|5|0|120|18,0|0|-16|30|5|0|35|31,-6|6|-58|41|5|0|41|31,0|0|-63|41|5|0|-12|41,103|103|5|10746|5|13657|5|13708,1,0,0,10,255,240
641,0,6,3,0,3,0,0,0,171|171|171|81|5|0|210|65,255|255|255|81|5|0|175|81,-2|2|0|92|5|0|-75|81,0|0|0|92|5|0|83|92,-6|6|0|105|5|0|89|92,-1|-1|0|105|5|0|54|105,103|103|103|28054|5|28605|5|28666,1,0,0,10,255,240
642,0,5,2,0,4,0,0,0,171|171|171|171|5|0|167|133,255|255|255|255|5|0|34|134,-2|2|-1|1|5|0|40|-122,0|0|0|0|5|0|27|-111,-6|6|-4|4|5|0|33|-111,-1|-1|0|0|5|0|-70|-110,103|103|103|103|5|45255|5|45306,1,0,0,10,255,240
643,0,7,4,0,4,0,0,0,171|171|171|171|5|0|185|181,255|255|255|255|5|0|83|199,-2|2|-1|1|5|0|-86|-26,0|0|0|0|5|0|94|-4,-6|6|-4|4|6|0|100|-4,-1|-1|0|0|6|0|121|3,103|103|103|103|6|9043|6|9095,1,0,0,10,255,240
644,0,5,3,0,3,0,0,0,171|171|171|97|6|0|87|83,255|255|255|97|6|0|87|97,-1|1|0|103|6|0|93|97,0|0|0|103|6|0|-33|103,-6|6|0|107|6|0|-27|103,-1|-1|0|107|6|0|-32|107,103|103|103|27622|6|28590|6|28641,1,0,0,10,255,240
645,0,5,4,0,4,0,0,0,171|171|171|171|6|0|34|115,255|255|255|255|6|0|31|133,-2|2|0|0|6|0|50|-120,0|0|0|0|6|0|125|-120,-10|10|-6|6|6|0|-52|-119,-4|-4|-2|-2|6|0|-65|-112,103|103|103|103|6|37188|6|37240,1,0,0,10,255,240
646,0,5,5,0,5,0,0,0,171|171|171|171|171|0|153|208,255|255|255|255|255|0|2|209,-2|2|0|0|0|0|-34|-29,0|0|0|0|0|0|88|-26,-10|10|-6|6|0|0|-100|-26,-4|-4|-2|-2|0|0|17|-25,103|103|103|103|103|61821|6|61873,1,0,0,10,255,240
647,0,4,1,0,1,0,0,0,1|0|229|253|6|0|158|253,255|0|223|253|6|0|19|254,0|0|88|-2|6|0|33|-2,12|0|82|-2|6|0|-122|-2,0|0|17|-1|6|0|-54|-2,0|0|11|-1|6|0|63|-1,228|65482|6|65411|6|65476|6|65528,0,0,0,6,255,32
648,0,7,1,0,1,0,0,0,2|0|197|0|7|0|121|0,105|0|191|0|7|0|243|0,0|0|88|33|7|0|-7|0,8|0|82|33|7|0|-122|33,0|0|-74|39|7|0|-116|33,0|0|-80|39|7|0|-28|39,185|18970|7|10549|7|18965|7|19016,0,0,0,6,255,32
649,0,6,1,0,1,0,0,0,2|0|39|125|7|0|9|110,105|0|34|125|7|0|85|125,0|0|44|126|7|0|91|125,8|0|38|126|7|0|90|126,0|0|-94|126|7|0|96|126,0|0|-100|126|7|0|-48|126,185|35522|7|35462|7|35516|7|35568,0,0,0,6,255,32
650,0,6,3,0,3,0,0,0,2|1|1|154|7|0|23|153,105|255|255|154|7|0|90|154,0|-10|10|-56|7|0|29|-79,8|0|0|-56|7|0|69|-56,0|0|0|-4|7|0|103|-27,0|0|0|-4|7|0|120|86,185|228|228|0|0|0|0|0,0,0,0,6,255,32
651,0,6,4,0,4,0,0,0,2|1|1|1|0|0|0|0,105|255|255|255|0|0|0|0,0|-9|9|0|0|0|0|0,8|2|2|-10|0|0|0|0,0|0|0|0|0|0|0|0,0|0|0|0|0|0|0|0,185|228|228|228|0|0|0|0,0,0,0,6,255,32
652,0,6,5,0,5,0,0,0,2|1|1|1|1|0|0|0,105|255|255|255|255|0|0|0,0|-9|9|-8|8|0|0|0,8|2|2|-3|-3|0|0|0,0|0|0|0|0|0|0|0,0|0|0|0|0|0|0|0,185|228|228|228|228|0|0|0,0,0,0,6,255,32
653,0,6,3,0,3,0,0,0,4|1|1|0|0|0|0|0,103|255|255|0|0|0|0|0,0|-10|10|0|0|0|0|0,7|0|0|0|0|0|0|0,0|0|0|0|0|0|0|0,0|0|0|0|0|0|0|0,204|228|228|0|0|0|0|0,0,0,0,6,255,32
654,0,6,5,0,5,0,0,0,4|1|1|1|1|0|0|0,103|255|255|255|255|0|0|0,0|-9|9|-8|8|0|0|0,7|2|2|-3|-3|0|0|0,0|0|0|0|0|0|0|0,0|0|0|0|0|0|0|0,204|228|228|228|228|0|0|0,0,0,0,6,255,32
655,0,6,6,0,6,0,0,0,4|1|1|1|1|2|0|0,103|255|255|255|255|105|0|0,0|-9|9|-8|8|0|0|0,7|2|2|-3|-3|-8|0|0,0|0|0|0|0|0|0|0,0|0|0|0|0|0|0|0,204|228|228|228|228|185|0|0,0,0,0,6,255,32
656,0,6,5,0,5,0,0,0,4|2|2|2|2|0|0|0,103|105|105|105|105|0|0|0,0|-6|6|-8|8|0|0|0,7|6|6|-3|-3|0|0|0,0|0|0|0|0|0|0|0,0|0|0|0|0|0|0|0,204|185|185|185|185|0|0|0,0,0,0,6,255,32
657,0,6,7,0,7,0,0,0,4|4|4|2|2|1|1|0,103|103|103|105|105|255|255|0,0|-6|6|-6|6|-10|10|0,7|6|6|-6|-6|0|0|0,0|0|0|0|0|0|0|0,0|0|0|0|0|0|0|0,204|204|204|185|185|228|228|0,0,0,0,6,255,32
658,0,2,2,0,2,0,0,0,1|1|0|0|0|0|0|0,255|255|0|0|0|0|0|0,0|0|0|0|0|0|0|0,12|12|0|0|0|0|0|0,-6|6|0|0|0|0|0|0,4|4|0|0|0|0|0|0,108|108|0|0|0|0|0|0,0,0,0,20,255,112
659,0,6,1,0,1,0,0,0,3|0|0|0|0|0|0|0,255|0|0|0|0|0|0|0,0|0|0|0|0|0|0|0,2|0|0|0|0|0|0|0,-10|0|0|0|0|0|0|0,0|0|0|0|0|0|0|0,88|0|0|0|0|0|0|0,0,0,20,26,255,32
660,0,5,1,0,1,0,0,0,3|0|0|0|0|0|0|0,255|0|0|0|0|0|0|0,0|0|0|0|0|0|0|0,2|0|0|0|0|0|0|0,-30|0|0|0|0|0|0|0,0|0|0|0|0|0|0|0,88|0|0|0|0|0|0|0,0,0,30,26,255,32
661,0,5,2,0,2,0,0,0,3|3|0|0|0|0|0|0,255|255|0|0|0|0|0|0,0|0|0|0|0|0|0|0,2|-2|0|0|0|0|0|0,-30|-30|0|0|0|0|0|0,0|0|0|0|0|0|0|0,88|88|0|0|0|0|0|0,0,0,30,26,255,32
662,0,5,2,0,2,0,0,0,3|3|0|0|0|0|0|0,255|255|0|0|0|0|0|0,0|0|0|0|0|0|0|0,2|2|0|0|0|0|0|0,-30|-20|0|0|0|0|0|0,0|0|0|0|0|0|0|0,88|88|0|0|0|0|0|0,0,0,30,26,255,32
663,0,5,3,0,3,0,0,0,3|3|3|0|0|0|0|0,255|255|255|0|0|0|0|0,0|0|0|0|0|0|0|0,2|2|-2|0|0|0|0|0,-30|-20|-30|0|0|0|0|0,0|0|0|0|0|0|0|0,88|88|88|0|0|0|0|0,0,0,30,26,255,32
664,0,7,2,0,2,0,0,0,3|3|0|0|0|0|0|0,255|255|0|0|0|0|0|0,0|120|0|0|0|0|0|0,1|120|0|0|0|0|0|0,-17|-7|0|0|0|0|0|0,-35|-5|0|0|0|0|0|0,88|88|0|0|0|0|0|0,0,0,4,26,255,32
665,0,7,2,0,2,0,0,0,3|3|0|0|0|0|0|0,255|255|0|0|0|0|0|0,0|120|0|0|0|0|0|0,1|120|0|0|0|0|0|0,-20|-10|0|0|0|0|0|0,-30|0|0|0|0|0|0|0,88|88|0|0|0|0|0|0,0,0,5,26,255,32
666,0,6,2,0,2,0,0,0,3|3|0|0|0|0|0|0,255|255|0|0|0|0|0|0,0|120|0|0|0|0|0|0,1|120|0|0|0|0|0|0,-26|-13|0|0|0|0|0|0,-30|0|0|0|0|0|0|0,88|88|0|0|0|0|0|0,0,0,6,26,255,32
667,0,5,2,0,2,0,0,0,3|3|0|0|0|0|0|0,255|255|0|0|0|0|0|0,0|120|0|0|0|0|0|0,1|120|0|0|0|0|0|0,-30|-20|0|0|0|0|0|0,-30|0|0|0|0|0|0|0,88|88|0|0|0|0|0|0,0,0,7,26,255,32
668,0,6,3,0,3,0,0,0,3|3|3|0|0|0|0|0,255|255|255|0|0|0|0|0,0|120|120|0|0|0|0|0,1|120|120|0|0|0|0|0,-24|-7|-19|0|0|0|0|0,-30|0|0|0|0|0|0|0,88|88|88|0|0|0|0|0,0,0,6,26,255,32
669,0,6,4,0,4,0,0,0,3|3|3|3|0|0|0|0,255|255|255|255|0|0|0|0,1|-1|120|120|0|0|0|0,1|1|120|120|0|0|0|0,-24|-24|-7|-19|0|0|0|0,-30|-30|0|0|0|0|0|0,88|88|88|88|0|0|0|0,0,0,6,26,255,32
670,0,0,1,3,8,0,0,0,3|3|3|3|3|3|3|3,255|255|255|255|255|255|255|255,0|4|6|4|0|-4|-6|-4,6|4|0|-4|-6|-4|0|4,0|4|6|4|0|-4|-6|-4,-6|-4|0|4|6|4|0|-4,126|126|126|126|126|126|126|126,0,0,0,26,255,32
671,0,2,1,0,1,0,0,0,1|0|90|2|55|2|37|48,255|2|0|0|64|2|73|48,0|0|0|0|69|2|108|-112,0|0|103|2|74|2|73|-112,0|0|-128|85|80|2|108|-112,0|0|103|2|86|2|73|48,246|0|602|12361|80|0|607|12361,-1,0,0,26,255,32
672,0,8,4,0,8,0,0,0,4|2|2|1|4|2|2|1,255|255|255|255|255|255|255|255,120|120|120|120|120|120|120|120,7|7|6|6|6|6|5|5,0|0|0|0|0|0|0|0,-14|0|0|14|-14|0|0|14,97|116|116|135|101|120|120|139,1,0,0,14,255,208
673,0,3,2,0,2,0,0,0,1|1|0|0|157|2|142|144,255|255|14|0|163|2|37|48,0|0|0|0|-86|2|73|-112,8|8|-114|85|-81|2|0|-112,-16|15|11|0|-74|2|73|-112,0|0|-114|85|-69|2|0|-112,58|58|709|36864|0|100|716|36912,0,0,0,8,255,208
674,0,3,3,0,3,0,0,0,1|1|1|0|224|2|37|48,255|255|255|0|231|2|154|48,0|0|0|0|-20|2|-114|-112,8|8|8|0|-14|2|-114|-112,-16|15|0|0|-8|2|37|48,0|0|-4|0|-1|2|73|-112,58|58|58|36864|0|71|778|36864,0,0,0,8,255,208
675,0,3,4,0,4,0,0,0,1|1|1|1|31|3|0|144,255|255|255|255|38|3|0|144,0|0|0|0|45|3|0|-112,8|8|8|8|52|3|0|-112,-19|18|-15|14|59|3|48|-112,0|0|-2|-2|66|3|108|-112,58|58|58|58|0|540|846|36972,0,0,0,8,255,208
676,0,3,5,0,5,0,0,0,1|1|1|1|1|3|0|144,255|255|255|255|255|3|108|144,0|0|0|0|0|3|0|-112,8|8|8|8|8|3|0|-112,-19|18|-15|14|0|3|0|-112,0|0|-2|-2|-4|3|108|-112,58|58|58|58|58|705|911|36864,0,0,0,8,255,208
677,0,3,7,0,7,0,0,0,1|1|1|1|1|1|1|144,255|255|255|255|255|255|255|144,0|0|0|0|0|0|0|-112,8|8|8|8|8|8|8|-112,-19|18|-15|14|-11|10|0|-112,0|0|-2|-2|-4|-4|-6|-112,58|58|58|58|58|58|58|36937,0,0,0,8,255,208
678,0,3,7,0,7,0,0,0,1|1|1|1|1|1|1|181,255|255|255|255|255|255|255|233,0|0|0|0|0|0|0|87,8|8|8|8|8|8|8|-32,-19|18|-15|14|-6|5|0|11,0|0|-2|-2|-4|-4|-6|-64,58|58|58|58|58|58|58|62115,0,0,0,8,255,208
679,0,3,3,0,6,0,0,0,1|1|1|1|1|1|184|96,255|255|255|255|255|255|42|77,0|0|0|0|0|0|119|102,8|8|8|8|8|-8|64|7,-16|15|0|-16|15|0|42|11,0|0|-4|0|0|4|51|0,58|58|134|58|58|77|8031|23134,0,0,0,8,255,208
680,0,3,4,0,8,0,0,0,1|1|1|1|1|1|1|1,255|255|255|255|255|255|255|255,0|0|0|0|0|0|0|0,8|8|8|8|-8|-8|8|8,-19|18|-15|14|-3|2|-6|5,0|0|-2|-2|4|4|-2|-2,58|58|58|58|58|58|58|58,0,0,0,8,255,208
681,0,3,3,0,6,0,0,0,1|1|173|1|1|1|141|0,255|255|255|255|255|255|133|0,0|0|0|0|0|0|2|114,8|8|8|8|8|-8|-96|-61,-16|15|0|-16|15|0|-60|51,0|0|-4|0|0|4|51|37,58|58|241|58|58|77|13250|60385,0,0,0,8,255,208
682,0,3,2,0,8,0,0,0,173|173|1|1|1|1|1|1,255|255|255|255|255|255|255|255,0|0|0|0|0|0|0|0,8|8|8|8|8|8|8|8,-16|15|-5|4|-5|4|-5|4,0|0|0|0|0|0|0|0,241|241|58|58|58|58|58|58,0,0,0,8,255,208
683,0,3,5,0,5,0,0,0,1|1|1|1|173|219|128|62,255|255|255|255|255|83|81|82,0|0|0|0|0|-111|38|7,8|8|8|8|8|91|11|-64,-19|18|-15|14|0|51|-30|51,0|0|-2|-2|-4|-53|-116|-37,58|58|58|58|241|65223|14256|56204,0,0,0,8,255,208
684,0,3,2,0,2,0,0,0,1|1|175|254|176|100|140|219,255|255|167|254|176|177|140|219,-6|6|-97|-2|-80|7|-116|-37,6|6|-105|-2|-80|100|-116|-37,-16|15|-113|-2|-71|30|0|-70,0|0|-20|-88|8|117|-5|-20,163|164|61922|37296|56204|59406|65141|17584,0,0,0,8,255,208
685,0,3,3,0,3,0,0,0,1|1|1|255|184|1|76|205,255|255|255|192|195|240|65|254,-6|6|0|1|48|-2|-2|-9,6|6|-8|0|0|8|0|80,-16|15|0|-2|66|18|64|1,0|0|4|-9|-1|0|0|0,163|164|77|20660|20644|46485|14980|46392,0,0,0,8,255,208
686,0,3,4,0,4,0,0,0,1|1|1|1|165|42|132|42,255|255|255|255|133|41|132|41,-6|6|-7|7|-123|40|-124|40,6|6|4|4|-123|-120|-76|88,-16|15|-16|15|-124|58|56|-75,0|0|0|0|114|36|114|36,163|164|281|282|16453|16548|10917|10884,0,0,0,8,255,208
687,0,3,6,0,6,0,0,0,1|1|1|1|1|1|180|96,255|255|255|255|255|255|56|181,-6|6|-7|7|-8|8|114|36,6|6|3|3|0|0|68|22,-16|15|-16|15|-16|15|-124|44,0|0|0|0|0|0|-124|43,163|164|281|282|39|1|34949|28852,0,0,0,8,255,208
688,0,3,8,0,8,0,0,0,1|1|1|1|1|1|1|1,255|255|255|255|255|255|255|255,-6|6|-7|7|-8|8|-3|3,6|6|3|3|0|0|7|7,-16|15|-16|15|-16|15|-16|15,0|0|0|0|0|0|0|0,163|164|281|282|39|1|201|202,0,0,0,8,255,208
689,0,3,4,0,4,0,0,0,3|3|1|1|133|40|132|40,255|255|255|255|133|255|180|112,-6|6|-3|3|-124|58|56|-75,6|6|7|7|114|52|114|52,-16|15|-16|15|114|72|68|72,0|0|0|0|-91|42|-124|42,121|122|201|202|10629|10628|10373|10372,0,0,0,8,255,208
690,0,3,6,0,6,0,0,0,3|3|1|1|1|1|114|4,255|255|255|255|255|255|68|0,-6|6|-3|3|-7|7|-124|32,6|6|7|7|3|3|-124|32,-16|15|-16|15|-16|15|-124|32,0|0|0|0|0|0|-76|-112,121|122|201|202|281|282|1138|1138,0,0,0,8,255,208
691,0,3,4,0,4,0,0,0,3|3|3|3|133|32|132|32,255|255|255|255|133|32|132|32,-7|7|-4|4|-123|3|5|127,4|4|7|7|23|31|39|47,-16|15|-16|15|67|9|11|17,0|0|0|0|35|41|43|49,98|98|98|98|0|27904|0|2048,0,0,0,8,255,208
692,0,3,6,0,6,0,0,0,3|3|3|3|3|3|0|131,255|255|255|255|255|255|2|110,-7|7|-4|4|-8|8|1|0,4|4|7|7|1|1|-68|0,-16|15|-16|15|-16|15|0|-32,0|0|0|0|0|0|0|0,98|98|98|98|98|98|1760|33536,0,0,0,8,255,208
693,0,3,2,0,2,0,0,0,173|173|108|98|90|84|80|75,255|255|66|64|61|59|57|56,-6|6|51|49|48|47|45|44,6|6|41|40|39|38|37|36,-16|15|34|33|33|32|31|30,0|0|29|28|27|27|26|26,241|241|5655|5398|5397|5140|4883|4626,0,0,0,8,255,208
694,0,3,3,0,3,0,0,0,173|173|173|11|10|10|10|9,255|255|255|8|8|8|7|7,-6|6|0|6|6|6|5|5,6|6|-7|4|4|4|3|3,-16|15|0|2|2|2|1|1,0|0|0|0|0|0|0|0,241|241|241|25443|25443|25443|10539|10024,0,0,0,8,255,208
695,0,5,1,0,2,0,0,0,174|175|23|23|22|22|21|21,255|255|19|19|19|18|18|17,-6|6|16|16|16|15|15|15,6|6|14|14|13|13|13|12,-16|15|12|12|11|11|11|11,0|0|10|10|9|9|9|9,255|255|2056|1799|1799|1542|1542|1286,0,0,0,8,255,208
696,0,8,2,0,2,0,0,0,174|175|2|2|1|1|1|1,255|255|1|0|0|0|0|0,-6|6|49|48|47|46|45|44,6|6|42|41|40|39|38|37,-16|15|35|34|33|33|32|31,0|0|29|28|28|27|26|26,255|255|5655|5398|5141|4884|4883|4626,0,0,0,8,255,208
697,0,8,3,0,3,0,0,0,174|175|1|11|11|10|10|10,255|255|255|9|9|9|8|8,-6|6|0|7|7|7|7|7,6|6|-8|6|6|6|5|5,-16|15|0|5|5|4|4|4,0|0|0|3|3|3|3|3,255|255|111|258|257|257|0|0,0,0,0,8,255,208
698,0,8,4,0,4,0,0,0,174|175|1|1|18|223|16|119,255|255|255|255|13|96|12|154,-6|6|-6|6|10|-59|9|72,6|6|-6|-6|8|18|8|-68,-16|15|-15|14|7|-32|6|-95,0|0|0|0|6|-3|5|-51,255|255|111|111|27396|14340|2308|56836,0,0,0,8,255,208
699,0,8,5,0,5,0,0,0,174|175|1|1|1|113|2|82,255|255|255|255|255|4|2|239,-6|6|-6|6|0|-72|1|-88,6|6|-6|-6|-8|127|1|115,-16|15|-15|14|0|57|1|41,0|0|0|0|0|2|1|-9,255|255|111|111|111|50688|49152|47616,0,0,0,8,255,208
700,0,8,6,0,6,0,0,0,174|175|1|1|1|1|0|106,255|255|255|255|255|255|0|93,-6|6|-6|6|0|0|0|74,6|6|-6|-6|-8|-8|0|62,-16|15|-15|14|-4|3|0|53,0|0|0|0|0|0|0|46,255|255|111|111|111|111|8192|7936,0,0,0,8,255,208
701,0,8,7,0,7,0,0,0,174|175|1|1|1|1|1|0,255|255|255|255|255|255|255|0,-6|6|-6|6|-3|3|0|0,6|6|-6|-6|-7|-7|-8|0,-16|15|-15|14|-9|8|0|0,0|0|0|0|0|0|0|0,255|255|111|111|111|111|111|32512,0,0,0,8,255,208
702,0,8,7,0,7,0,0,0,174|175|1|1|1|1|1|0,255|255|255|255|255|255|255|0,-6|6|-6|6|-3|3|0|0,6|6|-6|-6|-7|-7|8|0,-16|15|-15|14|-9|8|0|0,0|0|0|0|0|0|0|-112,255|255|111|111|111|111|111|62004,0,0,0,8,255,208
703,0,8,5,0,5,0,0,0,174|175|174|175|1|198|68|253,255|255|255|255|255|198|68|2,-6|6|-6|6|0|3|-119|68,6|6|6|6|-8|2|-119|68,-16|15|-19|18|0|68|17|-119,0|0|12|12|0|-119|68|13,255|255|255|255|111|50819|18206|65411,0,0,0,8,255,208
704,0,8,7,0,7,0,0,0,174|175|174|175|1|1|1|138,255|255|255|255|255|255|255|7,-6|6|-6|6|0|-3|3|-63,6|6|6|6|8|-7|-7|8,-16|15|-19|18|0|-9|8|-125,0|0|12|12|0|0|0|110,255|255|255|255|111|111|111|51707,0,0,0,8,255,208
705,0,8,8,0,8,0,0,0,174|175|174|175|1|1|1|1,255|255|255|255|255|255|255|255,-6|6|-6|6|0|-6|6|0,6|6|6|6|8|-6|-6|-8,-16|15|-19|18|0|-9|8|0,0|0|12|12|0|0|0|0,255|255|255|255|111|111|111|111,0,0,0,8,255,208
706,0,1,5,0,5,0,0,0,99|99|99|99|99|0|112|193,255|255|255|255|255|131|225|31,0|-1|1|-2|2|51|-127|-62,8|7|7|5|5|4|-118|86,0|0|0|0|0|22|-48|51,0|0|0|0|0|0|12|3,266|266|266|266|266|767|372|51707,0,0,0,10,11,128
707,0,11,8,1,8,0,0,0,20|20|20|20|20|20|20|20,255|255|255|255|255|255|255|255,120|120|120|120|120|120|120|120,120|120|120|120|120|120|120|120,14|0|-14|0|9|9|-9|-9,0|14|0|-14|9|-9|-9|9,227|227|227|227|227|227|227|227,0,0,0,26,255,208
708,70,2,7,0,7,0,0,0,189|189|189|189|189|189|189|0,255|255|255|255|255|255|255|2,0|-1|1|-2|2|-3|3|-119,1|0|0|0|0|-1|-1|-16,0|0|0|0|0|0|0|-119,0|0|0|0|0|0|0|-23,238|238|238|238|238|238|238|64489,1,0,0,6,255,208
709,0,9,8,0,8,0,0,8,114|114|114|114|114|114|114|114,255|255|255|255|255|255|255|255,-5|5|-3|3|-3|3|0|0,0|0|-3|-3|3|3|-4|6,-5|5|-3|3|-3|3|0|0,0|0|-3|-3|3|3|-4|6,171|171|171|171|171|171|171|171,0,0,0,26,98,208
710,10,0,1,3,1,0,0,0,128|57|86|242|119|32|114|5,255|70|240|119|25|139|70|240,0|86|-14|-119|70|-12|-119|86,1|-117|78|-6|-119|78|-4|11,0|117|3|-23|-120|0|-125|126,0|-1|116|10|-127|126|-2|0,271|59651|65372|18059|33018|1228|59472|65220,0,0,0,8,255,208
711,0,6,8,0,8,0,0,0,12|12|6|6|6|6|6|6,255|255|255|255|255|255|255|255,0|0|0|0|0|0|0|0,8|8|8|8|8|8|8|8,-24|24|-18|18|-12|12|-5|5,8|8|-2|-2|-6|-6|-8|-8,160|160|160|160|160|160|160|160,0,0,0,5,255,96
712,0,3,1,0,1,0,0,0,3|248|3|115|9|139|70|248,255|70|250|233|232|254|138|102,0|42|-64|11|70|6|107|94,10|20|-119|-121|-102|54|-117|70,0|-128|-52|84|80|104|127|-128,0|77|-3|-10|70|-29|2|116,64|18059|51708|1730|36864|35669|35820|1606,0,0,0,13,255,208
713,0,3,2,0,2,0,0,0,2|2|8|247|110|4|201|194,255|255|85|139|236|87|139|126,0|0|78|6|-117|-57|-118|-60,10|10|-117|-40|-117|-57|42|-28,-6|6|119|9|59|-39|114|5,0|0|0|-21|2|51|-64|95,64|64|35669|22508|35670|2166|65155|29499,0,0,0,13,255,208
714,0,3,3,0,3,0,0,0,1|1|1|63|3|222|3|219,255|255|255|59|235|36|139|222,0|-1|1|107|126|10|126|-117,9|8|8|86|6|1|-127|-6,0|0|0|-4|58|-21|11|-117,0|0|0|94|10|126|1|-121,226|226|226|8|11464|0|22103|30347,0,0,0,6,255,32
715,0,3,5,0,5,0,0,0,1|1|1|1|1|192|233|199,255|255|255|255|255|240|137|70,0|-1|1|-2|2|-29|2|-117,9|8|8|6|6|-60|61|3,0|0|0|0|0|-119|70|-42,0|0|0|0|0|-56|114|3,226|226|226|226|226|20105|51164|58950,0,0,0,6,255,32
716,0,3,7,0,7,0,0,0,1|1|1|1|1|1|1|2,255|255|255|255|255|255|255|78,0|-1|1|-2|2|-3|3|2,9|8|8|6|6|4|4|94,0|0|0|0|0|0|0|-117,0|0|0|0|0|0|0|3,226|226|226|226|226|226|226|22278,0,0,0,6,255,32
717,0,6,1,0,1,0,0,0,2|4|87|232|196|254|11|192,98|25|139|94|242|193|227|2,0|-73|-12|53|-119|-65|-10|53,12|70|-14|-117|-50|-125|126|-26,0|116|3|-23|-16|1|-125|-7,0|116|3|-23|-42|1|3|-1,73|50388|9759|24516|780|9951|18315|35074,0,0,0,13,255,208
718,0,6,3,0,3,0,0,0,2|2|2|5|250|58|137|70,98|98|98|3|193|137|70|232,0|-12|12|-119|70|-22|-117|94,12|0|12|-44|-60|61|38|-60,0|0|0|-5|38|-117|69|2,0|0|0|38|-117|13|-119|78,73|16|54|359|18059|49650|736|62469,0,0,0,13,255,208
719,0,6,4,0,4,0,0,0,2|2|2|2|126|252|38|138,98|98|98|98|223|139|240|38,0|0|-12|12|41|0|117|3,12|12|0|12|-2|53|116|71,6|-6|0|0|14|-1|118|6,0|0|0|0|11|-64|117|3,143|144|16|54|30463|22276|60392|3069,0,0,0,13,255,208
720,0,8,1,0,1,0,0,0,10|2|255|70|242|131|70|252,4|139|70|246|255|70|248|57,120|-8|114|-106|-23|-24|0|-119,120|-12|-57|70|-26|1|0|-117,-40|-18|30|-117|-8|-66|43|8,-30|7|14|31|-71|63|0|-13,60022|30463|27376|27182|65280|1654|50664|65533,0,0,0,1,255,208
