id,drain,shotRepeat,multi,weaponAnimation,max,tx,ty,aim,attack,del,sx,sy,bx,by,sg,acceleration,accelerationX,circleSize,sound,trail,shipBlastFilter
0,0,0,0,0,0,0,0,0,2|97|115|116|80|89|83|104,255|116|77|111|118|101|0|48,0|24|0|0|0|42|1|-3,10|-46|40|81|3|80|88|66,0|50|84|24|0|0|0|42,0|-3|0|25|22|81|3|80,59|13312|6228|0|10752|64769|59648|20773,0,0,0,0,255,240
1,10,5,1,0,1,0,0,0,1|253|0|200|20|81|7|76,255|115|116|80|89|66|0|56,0|24|0|0|0|42|1|-3,12|-43|42|81|8|76|97|115,0|80|88|50|66|0|58|84,0|0|0|0|42|1|-3|0,67|2129|24908|29811|22864|16946|15360|6228,0,0,0,28,255,208
2,10,4,1,0,1,0,0,0,3|103|101|66|0|62|84|24,255|0|0|42|1|253|0|40,0|81|9|80|89|67|104|97,4|103|101|66|0|64|84|24,0|0|0|42|1|-3|0|-70,0|81|9|76|97|115|116|84,146|17006|16896|6228|0|10752|64769|16640,0,0,0,1,255,208
3,10,4,1,0,1,0,0,0,3|2|0|0|42|1|253|0,255|255|81|14|116|101|109|112,-3|0|115|116|116|117|114|110,3|10|0|70|84|24|0|0,0|6|1|-3|0|23|40|81,0|0|116|111|112|119|97|105,147|59|21576|24|0|278|253|10290,0,0,0,1,255,208
4,10,4,1,0,1,0,0,0,3|1|1|22|1|253|0|22,255|255|255|77|111|117|115|101,-3|0|0|74|84|24|0|0,3|10|10|-3|0|-109|26|81,0|-8|8|117|115|101|89|66,0|4|4|24|0|0|0|62,145|58|58|20482|88|21582|24|0,0,0,0,1,255,208
5,20,5,1,0,1,0,0,0,2|1|1|253|0|36|41|81,255|255|255|115|116|80|88|0,0|0|0|0|0|0|42|1,12|10|10|42|81|6|76|97,0|-9|9|89|0|84|84|24,0|4|4|42|1|-3|0|46,245|58|58|20596|12888|22016|6228|0,0,0,0,28,255,208
6,10,4,1,0,1,0,0,0,1|2|2|24|0|0|0|42,255|255|255|158|27|81|8|80,0|0|0|97|110|103|101|0,8|10|10|0|0|0|42|1,0|-10|10|43|81|8|80|89,0|4|4|110|103|101|0|92,146|59|59|64769|31488|20775|19464|29537,0,0,0,1,255,208
7,10,4,1,0,1,0,0,0,1|2|2|9|76|97|115|116,255|255|255|110|50|0|96|84,-6|0|0|0|42|1|-3|0,6|10|10|13|116|101|109|112,0|-10|10|116|116|117|114|110,0|4|4|84|24|0|0|0,147|59|59|2385|29779|28783|24951|29801,0,0,0,1,255,208
8,10,4,1,0,1,0,0,0,1|2|2|1|1|97|105|116,255|255|255|255|255|0|0|0,-6|0|0|0|0|30|81|6,6|10|10|10|10|116|0|102,0|-10|10|-18|18|125|45|-22,0|4|4|8|8|80|89|72,145|59|59|58|58|32000|59949|3072,0,0,0,1,255,208
9,30,4,1,0,1,0,0,0,3|2|2|2|2|6|0|0,255|255|255|255|255|253|0|105,0|0|0|0|0|81|11|79,6|10|10|10|10|49|68|114,0|-10|10|-20|20|24|0|0,0|4|4|8|8|104|40|81,60|59|59|59|59|30561|29696|6228,0,0,0,28,255,208
10,120,3,4,0,4,0,0,0,3|3|3|3|2|109|0|118,255|255|255|255|255|62|1|253,-3|3|-3|3|0|79|112|116,3|3|-3|-3|10|116|101|109,0|0|0|0|24|0|0|62,0|0|0|0|8|81|14|79,302|0|0|0|59|24909|120|21626,0,0,0,1,255,208
11,30,2,1,0,1,0,0,0,2|110|50|65|109|109|111|77,255|120|0|123|84|24|0|0,0|22|1|-3|0|97|39|81,20|79|112|116|105|111|110|49,0|109|109|111|82|101|99|104,0|114|103|101|87|97|105|116,148|6228|0|15872|64769|5120|20773|20247,-1,0,0,28,255,208
12,0,0,1,9,1,0,0,0,2|1|87|97|105|116|0|126,8|255|0|0|0|62|1|253,0|3|44|81|26|79|112|116,-1|9|110|49|65|109|109|111,0|4|99|104|97|114|103|101,0|0|105|116|77|97|120|0,21|202|0|318|253|11348|6737|28751,0,0,0,9,1,112
13,0,0,8,9,8,0,0,0,1|1|2|1|2|1|1|1,8|8|8|8|8|8|8|8,0|0|3|5|-3|-5|-6|6,2|-2|0|0|0|0|0|0,0|0|0|4|0|-4|-4|4,0|0|0|0|0|0|0|0,21|21|21|20|21|20|20|20,0,0,0,12,1,112
14,0,0,8,9,8,0,0,0,1|1|1|1|2|2|2|2,8|8|8|8|8|8|8|8,6|-6|6|-6|0|8|-8|0,6|6|-6|-6|8|0|0|-8,6|-6|6|-6|0|8|-8|0,6|6|-6|-6|8|0|0|-8,21|21|21|21|20|20|20|20,0,0,0,12,1,112
15,0,8,5,0,5,1,0,0,114|114|114|114|114|50|0|142,255|255|255|255|255|42|1|253,0|0|0|0|0|79|112|116,0|-1|-1|-4|-4|97|114|103,0|-4|4|-7|7|116|0|-112,0|0|0|0|0|42|1|-3,34|34|34|34|34|17262|24936|26482,1,0,0,7,6,208
16,0,0,8,9,8,0,0,0,1|1|1|1|1|1|1|1,8|8|8|8|8|8|8|8,2|-2|2|-2|3|-3|0|0,2|2|-2|-2|0|0|3|-3,2|-2|2|-2|3|-3|0|0,2|2|-2|-2|0|0|3|-3,21|21|21|21|20|20|20|20,0,0,0,12,1,112
17,0,5,2,0,2,1,0,0,10|10|1|110|49|76|97|115,255|255|255|154|84|24|0|0,-2|2|0|-3|0|-35|47|81,-2|-2|10|116|105|111|110|50,0|0|0|84|24|0|0|0,0|0|0|0|-12|47|81|12,68|68|58|19506|29537|22644|40448|6228,1,0,0,7,6,208
18,0,5,4,0,4,1,0,0,6|6|6|6|160|84|24|0,255|255|255|255|253|0|245|45,-1|1|-3|3|116|105|111|110,-2|-2|-3|-3|116|89|0|-94,0|0|0|0|0|42|1|-3,0|0|0|0|11|79|112|116,72|72|72|72|41984|6228|0|10752,1,0,0,7,6,208
19,0,10,2,0,2,0,0,0,120|120|1|1|1|24|0|0,255|255|255|255|255|44|36|81,1|-1|0|-3|3|111|110|50,7|7|10|9|9|-88|84|24,0|0|0|-4|4|-3|0|83,0|0|0|0|0|116|105|111,142|142|58|201|202|0|10752|64769,0,0,0,7,6,208
20,0,0,4,0,4,0,0,0,121|121|121|121|1|0|0|42,255|255|255|255|255|81|11|79,4|-4|4|-4|3|49|77|105,4|4|-4|-4|9|24|0|0,0|0|0|0|4|59|41|81,0|0|0|0|0|111|110|50,100|100|100|100|202|10752|64769|29440,0,0,0,6,255,208
21,0,0,8,0,8,0,0,0,1|1|1|1|1|1|1|1,255|255|255|255|255|255|255|255,3|-3|3|-3|5|-5|0|0,3|3|-3|-3|0|0|5|-5,0|0|0|0|0|0|0|0,0|0|0|0|0|0|0|0,99|99|99|99|99|99|99|99,0,0,0,6,255,208
22,0,50,4,0,4,0,0,0,136|136|136|136|0|114|1|253,255|255|255|255|11|79|112|116,0|-6|6|0|83|116|111|112,6|0|0|-6|0|0|0|114,0|0|0|0|41|81|10|67,0|0|0|0|101|87|97|105,75|56|18|94|278|253|11940|2897,0,0,0,11,1,208
23,160,8,8,0,8,0,0,0,3|3|3|3|3|3|3|3,255|255|255|255|255|255|255|255,1|-1|2|-2|3|-3|4|-4,3|3|2|2|1|1|0|0,0|0|0|0|0|0|0|0,0|0|0|0|0|0|0|0,73|73|73|73|73|73|73|73,1,0,0,13,255,192
24,0,8,1,0,1,0,0,0,4|4|81|4|110|101|97|116,255|190|84|24|0|0|0|62,0|-3|0|-93|41|81|8|82,6|88|65|118|97|105|108|0,0|84|24|0|0|0|104|26,0|0|120|26|81|6|82|69,91|29793|54272|6228|0|56064|59954|3072,0,0,0,11,255,208
25,40,3,1,0,1,0,0,0,8|192|0|2|0|6|0|0,255|255|0|137|50|147|50|6,0|1|50|0|0|-109|50|-55,13|2|0|81|5|100|101|108,0|5|8|0|0|125|50|-89,0|0|1|-3|0|0|0|81,73|65|1|12925|12984|318|253|0,0,0,0,13,255,192
26,30,2,1,0,5,0,0,0,112|112|112|112|112|103|8|5,255|255|255|255|255|114|1|253,0|-2|2|1|-1|0|0|0,-3|-3|-3|-3|-3|105|50|-22,0|0|0|0|0|109|101|103,0|0|0|0|0|111|102|115,52|52|52|52|52|23808|20772|27916,1,0,0,7,6,208
27,0,0,1,9,1,0,0,0,4|0|62|1|253|0|221|1,8|12|109|101|103|97|100|97,0|97|51|111|102|115|0|80,-1|24|0|0|0|62|1|-3,0|127|44|81|5|97|118|97,0|108|0|82|85|24|0|0,21|64769|28928|20779|29705|28005|17264|30063,0,0,0,9,1,112
28,0,0,8,9,8,0,0,0,1|1|1|1|0|0|0|0,8|8|8|8|4|4|4|4,3|-3|3|-3|0|4|-4|0,3|3|-3|-3|4|0|0|-4,3|-3|3|-3|0|4|-4|0,3|3|-3|-3|4|0|0|-4,21|21|21|21|20|20|20|20,0,0,0,12,1,112
29,10,20,1,3,1,0,0,0,128|192|192|6|116|101|109|112,255|255|255|94|85|24|0|0,0|-1|1|-3|0|-101|22|81,1|2|2|109|112|108|0|96,0|-5|5|0|0|82|1|-3,0|8|8|81|5|116|101|109,271|65|65|0|64000|64768|15616|20786,0,0,0,8,255,208
30,40,1,2,2,4,0,0,0,2|2|2|2|81|5|116|101,255|255|255|255|112|85|24|0,116|124|116|124|-3|0|-56|39,12|12|12|12|109|112|0|113,-4|4|-4|4|0|22|1|-3,0|0|0|0|5|116|101|109,206|206|207|207|5632|64769|42496|20778,0,0,0,8,255,208
31,30,3,3,0,3,0,0,0,1|1|1|192|192|116|101|109,255|255|255|255|255|24|0|0,0|0|0|-2|2|-38|44|81,12|13|14|2|2|53|0|117,0|0|0|-10|10|22|1|-3,0|0|0|10|10|116|101|109,135|116|97|65|65|5632|64769|34048,0,0,0,8,255,144
32,40,4,4,0,4,0,0,0,1|1|1|1|192|205|46|81,255|255|255|255|255|120|0|120,-1|-1|1|1|3|62|1|-3,13|14|13|14|2|116|101|109,0|0|0|0|10|24|0|0,0|0|0|0|10|84|28|81,135|97|135|97|65|24|0|318,0,0,0,8,255,144
33,50,5,5,0,5,0,0,0,1|1|1|1|1|253|0|79,255|255|255|255|255|109|112|119,0|0|0|0|0|0|0|62,12|13|14|15|16|81|6|116,0|0|0|0|0|0|-126|85,0|0|0|0|0|1|-3|0,135|116|116|116|97|33792|6229|0,0,0,0,8,255,144
34,60,3,3,0,3,0,0,0,2|2|2|0|0|0|62|1,255|255|255|48|81|6|116|101,0|0|0|53|0|-120|85|24,14|12|13|62|1|-3|0|-58,0|0|0|116|101|109|112|111,0|0|0|-118|85|24|0|0,101|139|120|20786|21515|28005|21360|25968,0,0,0,8,255,144
35,80,4,4,0,4,0,0,0,2|2|2|2|0|142|85|24,255|255|255|255|1|253|0|253,-1|-1|1|1|0|-112|85|24,13|14|13|14|1|-3|0|32,0|0|0|0|0|-110|85|24,0|0|0|0|1|-3|0|83,139|101|139|101|0|10752|64769|21504,0,0,0,8,255,144
36,0,50,6,0,6,0,0,0,116|116|116|116|116|116|85|24,255|255|255|255|255|255|0|21,-6|6|5|-5|5|-5|85|24,0|0|5|5|-5|-5|0|32,-8|8|5|-5|5|-5|-100|85,0|0|5|5|-5|-5|-3|0,102|104|122|121|141|140|109|21918,0,0,0,11,1,208
37,0,7,2,0,2,0,0,0,1|1|24|0|0|0|22|1,255|255|32|51|81|3|109|97,0|0|-96|85|24|0|0|0,6|6|-3|0|-14|41|81|19,0|0|101|99|105|97|108|87,4|-4|112|111|110|70|105|108,227|227|21921|24|0|258|253|13115,0,0,0,26,255,208
38,0,7,2,0,2,0,0,0,1|1|1|1|0|0|1|1,255|255|255|255|255|255|255|255,0|0|101|101|101|101|101|101,-6|-6|14|14|14|14|14|14,0|0|-6|6|-6|6|-6|6,4|-4|4|4|4|4|4|4,227|227|286|286|288|288|286|286,0,0,0,26,255,208
39,0,0,0,0,0,0,0,0,2|4|2|0|114|0|168|85,255|255|255|255|42|1|253|0,101|101|101|101|66|97|115|101,14|14|14|14|114|50|0|-86,0|0|0|0|0|42|1|-3,4|4|4|4|6|83|104|105,290|291|290|292|0|318|253|13737,0,0,0,1,255,208
40,60,4,1,0,2,0,0,0,8|8|1|2|0|0|81|9,255|255|255|255|255|255|83|101,4|-4|101|101|101|101|0|0,10|10|14|14|14|14|81|9,0|0|10|0|-10|10|79|102,0|0|4|4|4|4|0|0,68|69|289|287|293|293|21063|21298,0,0,0,1,255,208
41,120,2,2,0,2,0,0,0,8|8|2|1|1|1|82|50,255|255|255|255|255|255|24|0,5|-5|101|101|101|101|103|51,11|11|14|14|14|14|109|101,0|0|10|0|-10|10|0|0,0|0|4|4|4|4|0|0,68|69|287|289|286|286|1536|338,0,0,0,1,255,208
42,120,0,2,0,2,0,0,0,8|8|1|4|0|0|0|0,255|255|255|255|255|255|4|0,5|-5|101|101|101|101|0|0,11|11|14|14|14|14|83|71,0|0|10|0|-10|10|0|0,0|0|4|4|4|4|0|0,68|69|289|291|293|293|512|318,0,0,0,1,255,208
43,130,4,1,0,1,0,0,0,10|2|2|4|1|1|66|97,255|255|255|255|255|255|0|0,0|101|101|101|101|101|4|0,7|14|14|14|14|14|0|0,0|-10|10|0|-10|10|2|-37,0|4|4|4|4|4|119|79,74|287|287|291|286|286|0|0,0,0,0,1,255,208
44,160,6,1,0,1,0,0,0,15|2|1|121|114|105|97|110,255|255|255|116|1|8|48|0,0|120|120|0|0|0|6|13,8|8|8|0|0|0|0|0,0|0|0|0|22|1|-3|0,0|0|14|82|14|105|110|105,75|116|135|29554|28520|372|14344|0,0,0,0,1,255,208
45,30,1,1,0,1,0,0,0,4|2|2|1|1|253|0|2,255|255|255|255|2|62|1|253,0|120|120|120|-3|0|2|62,11|9|8|8|62|1|-3|0,0|0|0|0|0|2|22|1,0|0|0|14|52|82|13|68,64|116|116|135|26707|29807|2049|64,0,0,0,1,255,112
46,40,1,1,0,1,0,0,0,6|2|2|2|1|1|253|0,255|255|255|255|255|6|2|1,0|120|120|120|120|82|7|112,10|9|8|7|7|112|1|8,0|0|0|0|0|0|0|0,0|0|0|0|14|0|0|0,7|116|116|116|135|18178|21044|22291,0,0,0,1,255,112
47,50,1,1,0,1,0,0,0,8|2|2|2|2|1|0|0,255|255|255|255|255|255|4|0,0|120|120|120|120|120|0|0,10|9|8|7|6|6|80|108,0|0|0|0|0|0|109|97,0|0|0|0|0|14|0|0,65|116|116|116|116|135|278|253,0,0,0,1,255,144
48,30,3,1,0,1,0,0,0,7|2|2|2|2|2|2|1,255|255|255|255|255|255|255|255,0|120|120|120|120|120|120|120,16|9|8|7|6|5|4|4,0|0|0|0|0|0|0|0,0|0|0|0|0|0|0|14,208|116|116|116|116|116|116|135,0,0,0,1,255,208
49,0,4,2,0,2,0,0,0,1|1|2|1|4|2|2|1,255|255|255|255|255|255|255|255,-10|10|-1|-1|1|1|1|1,0|0|13|13|14|14|13|13,0|0|0|0|0|0|0|0,0|0|0|14|-14|0|0|14,39|1|116|135|97|116|116|135,0,0,0,8,255,208
50,0,6,4,0,4,0,0,0,1|1|1|1|2|1|4|2,255|255|255|255|255|255|255|255,-9|9|9|-9|3|3|0|0,2|2|-2|-2|14|14|14|14,-2|2|2|-2|0|0|0|0,0|0|0|0|0|14|-18|-4,281|282|301|300|116|135|97|135,0,0,0,8,255,208
51,0,6,8,0,8,0,0,0,1|1|1|1|1|1|1|1,255|255|255|255|255|255|255|255,-6|6|6|-6|-9|9|0|0,6|6|-6|-6|0|0|9|-9,0|0|0|0|0|0|0|0,0|0|0|0|0|0|0|0,163|164|183|182|39|1|58|77,0,0,0,8,255,208
52,0,6,4,0,4,0,0,0,2|2|2|2|12|4|4|2,255|255|255|255|255|255|255|255,-9|9|9|-9|0|0|0|0,2|2|-2|-2|14|14|13|13,-2|2|2|-2|0|0|0|0,0|0|0|0|-18|-4|-4|10,277|278|297|296|101|120|120|139,0,0,0,8,255,208
53,0,6,2,0,2,0,0,0,3|3|4|4|4|4|4|2,255|255|255|255|255|255|255|255,-10|10|120|120|120|120|120|120,0|0|8|7|6|5|4|4,0|0|0|0|0|0|0|0,0|0|0|0|0|0|0|14,102|104|120|120|120|120|120|139,0,0,0,8,255,208
54,0,6,4,0,4,0,0,0,3|3|3|3|12|4|4|2,255|255|255|255|255|255|255|255,-6|6|6|-6|1|1|1|1,6|6|-6|-6|14|14|13|13,0|0|0|0|0|0|0|0,0|0|0|0|-14|0|0|14,121|122|141|140|101|120|120|139,0,0,0,8,255,208
55,40,1,1,0,1,0,0,0,6|56|5|255|255|101|45|5,255|0|0|255|255|120|3|178,0|0|0|0|0|42|6|30,10|0|0|0|0|72|6|-96,0|0|0|0|0|-24|6|12,0|0|0|0|0|-12|6|12,45|0|32256|3094|0|0|35328|3606,0,0,0,1,255,112
56,20,1,1,0,1,0,0,0,2|0|0|0|0|39|2|0,255|6|83|121|115|116|101|109,-6|3|0|0|8|101|100|105,6|115|104|105|112|-33|3|0,0|4|118|97|114|122|47|3,0|0|6|99|111|110|102|105,121|3|2048|28773|29545|25711|29541|863,0,0,0,1,255,208
57,20,1,1,0,1,0,0,0,2|103|97|50|53|54|99|175,255|0|0|7|110|101|116|119,6|114|107|39|3|0|0|8,6|111|114|116|115|111|110|103,0|3|0|0|8|106|111|121,0|116|105|99|107|-9|2|0,122|29285|28530|1906|3|1792|26486|12897,0,0,0,1,255,208
58,20,7,1,0,1,4,3,0,8|3|0|0|8|65|114|101,255|97|67|76|73|159|3|0,0|8|110|101|119|115|104|97,0|101|-73|3|0|0|8|104,0|108|112|116|101|120|116|-25,0|0|0|6|112|97|108|108,4|583|0|17155|29810|4|22528|14852,0,0,0,1,255,208
59,10,1,1,2,1,0,0,2,3|3|228|228|228|228|84|80,255|98|207|3|0|0|226|0,0|0|51|8|123|8|-61|8,0|10|-45|8|-45|8|2|9,0|6|28|9|60|10|-68|5,0|0|10|0|-72|2|0|0,112|227|4376|0|252|1468|3|11626,0,0,0,1,255,208
60,60,2,2,0,2,0,0,0,4|4|16|0|0|0|0|0,255|255|0|0|0|0|0|0,0|0|0|0|0|0|126|0,10|10|0|0|117|1|0|0,-5|5|31|1|0|0|-11|1,0|0|0|0|0|0|0|0,64|64|0|0|473|0|226|0,0,0,0,1,255,208
61,100,2,2,0,2,0,0,0,6|6|0|0|0|0|247|0,255|255|0|0|188|1|0|0,0|0|0|0|0|0|-119|1,10|10|0|0|0|0|0|0,-5|5|0|0|0|0|0|0,0|0|0|0|0|0|17|2,76|76|0|266|0|0|0|0,0,0,0,1,255,208
62,10,1,1,2,1,0,0,2,2|5|3|112|255|3|74|11,255|98|98|1|0|0|0|83,0|0|0|115|116|101|109|39,0|7|5|10|1|0|0|1,0|-2|-2|8|110|111|114|116,0|0|0|115|95|3|-82|-63,112|214|227|21248|25861|29298|29295|759,0,0,0,1,255,208
63,10,1,1,2,1,0,0,3,2|3|3|3|86|1|238|0,255|98|98|98|0|0|0|0,0|0|-4|4|-102|0|0|0,0|6|8|8|1|0|-102|0,0|-2|-2|-2|22|1|1|1,0|0|0|0|0|0|79|3,168|227|227|227|0|0|20736|29445,0,0,0,1,255,208
64,40,4,1,0,1,0,0,0,10|3|5|5|120|116|114|97,255|98|98|98|108|0|154|0,0|0|-4|4|114|1|1|1,1|6|8|8|101|120|116|114,-20|-2|-2|-2|112|101|115|0,10|0|0|0|0|0|-82|0,207|227|214|214|29300|29537|24936|25968,0,0,8,1,255,208
65,20,2,1,0,1,0,0,0,5|3|5|5|120|116|114|97,255|98|98|98|101|111|102|115,0|0|-4|4|0|0|0|62,2|-1|0|0|0|81|13|101,-20|-2|-2|-2|115|104|97|112,10|0|0|0|0|-92|0|0,207|227|214|214|20736|17160|31090|29808,0,0,8,1,255,208
66,0,0,8,0,8,0,0,0,128|121|187|187|187|187|187|187,255|255|255|255|255|255|255|255,0|0|0|-1|1|0|1|-1,1|1|1|1|1|1|0|0,0|0|0|-12|12|0|20|-20,0|0|0|20|20|-20|-10|-10,171|171|100|171|171|171|171|171,0,0,0,6,255,208
67,0,0,4,0,4,0,0,0,2|2|2|2|111|97|100|69,255|255|255|255|83|104|97|112,3|-3|3|-3|16|0|0|0,3|3|-3|-3|6|13|4|0,0|0|0|0|0|0|0|0,0|0|0|0|82|12|68|101,99|99|99|99|29552|2049|24|0,0,0,0,6,255,208
68,20,1,2,2,2,0,0,0,2|2|1|1|82|12|69|110,255|255|98|98|116|83|104|105,1|-1|2|0|32|0|0|0,2|2|20|20|6|13|4|0,8|-8|6|0|0|0|0|0,0|0|0|0|49|1|0|0,112|112|67|67|0|501|0|0,0,0,0,1,255,208
69,0,0,2,0,2,0,0,0,4|4|1|1|1|1|0|0,255|255|98|98|98|98|121|2,0|0|0|1|0|0|0|0,3|3|20|20|20|20|0|0,-6|6|2|6|2|-2|0|0,0|0|0|0|0|0|0|0,260|260|67|67|67|67|0|0,0,0,0,6,255,208
70,10,1,1,2,1,0,0,3,2|1|1|1|1|1|1|1,255|98|98|98|98|98|98|98,0|-1|0|1|2|1|0|-1,0|20|20|20|20|20|20|20,0|-4|0|4|8|4|0|-4,-2|0|0|0|0|0|0|0,112|67|67|67|67|67|67|67,0,0,0,1,255,208
71,0,0,8,3,8,0,0,0,1|1|1|1|1|1|1|1,8|8|8|8|8|8|8|8,2|-2|2|-2|3|-3|0|0,2|2|-2|-2|0|0|3|-3,2|-2|2|-2|3|-3|0|0,2|2|-2|-2|0|0|3|-3,214|214|214|214|214|214|214|214,0,0,0,12,12,112
72,60,3,3,0,3,0,0,0,4|3|3|2|0|206|1|1,255|255|255|98|1|88|2|200,0|-3|3|0|0|62|1|1,4|3|3|20|1|89|2|-57,0|0|0|0|0|22|1|1,0|0|0|0|1|90|2|-58,94|140|141|70|1537|56064|20231|38406,0,0,0,13,255,192
73,0,2,8,9,8,0,0,0,2|2|2|2|2|2|2|2,10|10|10|10|10|10|10|10,-9|9|-9|9|-10|10|-10|10,6|-6|-6|6|-3|3|3|-3,0|0|0|0|0|0|0|0,0|0|0|0|0|0|0|0,172|172|172|172|172|172|172|172,0,0,0,0,255,112
74,0,3,2,0,2,0,0,0,1|175|2|2|2|2|2|2,255|255|98|98|98|98|98|98,-7|6|0|1|2|1|0|-1,1|6|20|20|20|20|20|20,2|0|0|4|8|4|0|-4,0|0|0|0|0|0|0|0,246|255|70|70|70|70|70|70,0,0,0,8,255,208
75,0,3,2,0,2,0,0,0,174|1|2|2|2|2|2|2,255|255|98|98|98|98|98|98,-6|7|0|1|2|1|0|-1,6|1|20|20|20|20|20|20,0|-2|0|4|8|4|0|-4,0|0|0|0|0|0|0|0,255|246|70|70|70|70|70|70,0,0,0,8,255,208
76,40,4,4,0,4,0,0,0,4|4|4|4|2|2|2|2,255|255|255|255|98|98|98|98,-5|-5|5|5|2|1|0|-1,0|0|0|0|20|20|20|20,0|0|0|0|8|4|0|-4,0|14|0|14|0|0|0|0,105|124|106|125|70|70|70|70,0,0,0,6,255,208
77,30,4,3,0,3,0,0,0,1|1|1|0|0|0|10|0,255|255|255|1|1|1|1|0,0|-10|10|0|0|0|22|1,-10|0|0|5|-18|0|102|5,0|0|0|108|97|99|107|102,0|0|0|116|2|-43|-3|76,77|39|1|32001|20741|25354|27759|29295,0,0,0,6,255,208
78,30,4,3,0,3,0,0,0,1|1|1|1|98|108|97|99,255|255|255|255|76|2|0|0,0|-2|2|0|-22|4|81|5,8|7|7|22|114|2|-46|-3,0|0|0|0|22|1|1|1,0|0|0|20|114|101|99|115,58|201|202|191|257|47105|20741|28675,0,0,0,6,255,208
79,30,4,3,0,3,0,0,0,1|1|1|1|1|2|102|112,255|255|255|255|255|255|2|0,0|-6|6|0|0|0|6|81,8|6|6|22|22|-12|111|115,0|0|0|0|0|0|0|62,0|0|0|20|34|0|9|116,58|163|164|191|191|191|2|15872,0,0,0,6,255,208
80,40,3,4,0,4,0,0,0,1|1|1|1|1|2|2|37,255|255|255|255|255|255|255|105,0|-7|7|0|0|0|0|0,10|7|7|-10|22|-12|-12|2,0|0|0|0|0|0|0|0,0|0|0|0|34|0|-14|1,58|163|164|77|191|191|191|60934,0,0,0,6,255,208
81,70,2,7,0,7,0,0,0,1|1|1|1|1|1|1|0,255|255|255|255|255|255|255|81,-10|10|-7|7|0|-7|7|110,0|0|7|7|-10|-7|-7|100,0|0|0|0|0|0|0|1,0|0|0|0|0|0|0|115,77|58|182|163|1|183|164|2,0,0,0,6,255,208
82,30,4,3,0,3,0,0,0,1|1|1|1|2|2|2|2,255|255|255|255|101|101|101|101,0|-10|10|0|-10|10|-10|10,10|0|0|22|10|10|10|10,0|0|0|0|0|0|12|-12,0|0|0|20|0|0|14|14,58|39|1|191|194|196|194|196,0,0,0,6,255,208
83,80,3,8,0,8,0,0,0,184|184|184|184|184|184|184|184,255|255|255|255|255|255|255|255,120|120|120|120|120|120|120|120,6|6|6|6|6|6|6|6,-70|-50|-30|-10|10|30|50|70,0|0|0|0|0|0|0|0,98|98|98|98|98|98|98|98,0,0,0,6,1,208
84,20,2,2,0,2,0,0,0,2|184|1|1|2|2|2|2,255|255|103|103|101|101|101|101,0|0|0|0|-10|10|-10|10,8|6|22|22|10|10|10|10,0|0|0|0|0|0|12|-12,0|0|6|20|0|0|14|14,98|98|248|267|194|196|194|196,0,0,0,6,1,208
85,80,3,8,0,8,0,0,0,1|2|1|2|1|2|1|2,255|255|255|255|255|255|255|255,120|120|120|120|120|120|120|120,8|8|8|8|8|8|8|8,0|0|-12|-12|12|12|-24|-24,0|14|0|14|0|14|0|14,157|159|157|159|157|159|157|159,0,0,0,6,255,208
86,10,2,1,0,1,0,0,0,189|1|1|1|3|1|1|1,255|103|103|103|103|103|103|103,0|0|0|0|0|0|0|0,0|22|22|22|22|22|22|22,0|-8|-8|-8|8|8|8|8,0|-8|6|20|-22|-8|6|20,238|229|248|267|210|229|248|267,1,0,0,6,255,208
87,0,8,1,0,1,0,0,0,30|1|1|1|1|1|1|1,4|103|103|103|103|103|103|103,120|0|0|0|0|0|0|0,120|22|22|22|22|22|22|22,-40|-8|-8|-8|8|8|8|8,-30|-8|6|20|-22|-8|6|20,60034|229|248|267|210|229|248|267,0,0,0,1,255,208
88,30,3,3,0,3,0,0,0,20|20|20|2|2|2|73|80,255|255|255|10|10|10|0|0,120|120|120|10|-12|12|34|0,10|10|10|4|0|0|4|4,-32|-32|-32|0|0|0|5|32,-24|0|28|0|0|0|5|45,60023|60024|60025|172|172|172|0|69,0,0,0,6,255,208
89,20,2,2,3,2,0,0,0,189|1|2|2|2|2|2|2,255|255|10|10|10|10|10|10,0|0|-9|9|-10|10|-10|10,-1|-1|-6|6|-3|3|3|-3,0|0|0|0|0|0|0|0,-1|-1|0|0|0|0|0|0,107|107|172|172|172|172|172|172,-1,0,0,6,255,208
90,70,2,7,0,7,0,0,0,1|1|1|1|1|1|1|8,255|255|255|255|255|255|255|0,-10|10|-7|7|0|-7|7|16,0|0|7|7|-10|-7|-7|17,0|0|0|0|0|0|0|0,0|0|0|0|0|0|0|0,39|1|163|164|77|182|183|4608,0,0,0,6,255,208
91,40,4,4,0,4,0,0,0,3|1|1|3|2|2|2|2,255|255|255|255|10|10|10|10,0|-2|2|0|-10|10|-10|10,10|7|7|10|-3|3|3|-3,0|0|0|0|0|0|0|0,6|0|0|-6|0|0|0|0,60|201|202|60|172|172|172|172,0,0,0,6,255,208
92,0,10,2,0,2,0,0,0,192|1|2|2|2|2|214|10,255|255|10|10|10|10|62|11,0|0|-10|10|-12|12|-44|4,8|8|-4|4|0|0|0|0,0|0|0|0|0|0|0|0,0|0|0|0|0|0|-5|8,65|65|172|172|172|172|1159|0,0,0,0,27,255,208
93,0,10,2,0,2,0,0,0,193|2|2|2|2|2|2|2,255|255|10|10|10|10|10|10,0|0|-9|9|-10|10|-10|10,8|8|-6|6|-3|3|3|-3,0|0|0|0|0|0|0|0,0|0|0|0|0|0|0|0,64|64|172|172|172|172|172|172,0,0,0,27,255,208
94,0,10,1,0,1,0,0,0,195|2|2|2|2|2|0|0,255|10|10|10|10|10|0|0,0|10|-10|10|-12|12|0|0,0|-4|-4|4|0|0|0|0,0|0|0|0|0|0|29|1,0|0|0|0|0|0|0|0,71|172|172|172|172|172|28225|28009,1,0,0,7,6,208
95,0,10,4,0,4,0,0,0,196|197|4|4|2|2|2|2,255|255|121|121|10|10|10|10,-12|12|-6|6|-10|10|-10|10,0|0|0|0|-3|3|3|-3,0|0|0|0|0|0|0|0,0|0|0|0|0|0|0|0,45|7|45|7|172|172|172|172,0,0,0,27,1,208
96,0,10,2,0,2,0,0,0,196|4|2|2|2|2|2|2,255|121|10|10|10|10|10|10,-12|-6|-9|9|-10|10|-10|10,0|0|-6|6|-3|3|3|-3,0|0|0|0|0|0|0|0,0|0|0|0|0|0|0|0,45|45|172|172|172|172|172|172,0,0,0,27,1,208
97,0,10,2,0,2,0,0,0,197|4|2|2|2|2|101|97,255|121|10|10|10|10|101|173,12|6|-10|10|-12|12|0|-105,0|0|-4|4|0|0|1|6,0|0|0|0|0|0|3|-47,0|0|0|0|0|0|100|8,7|7|172|172|172|172|1617|24941,0,0,0,27,1,208
98,20,0,1,0,8,0,0,0,2|2|2|2|2|2|2|2,255|255|255|255|255|255|255|255,0|0|0|0|0|0|0|0,14|14|14|14|14|14|14|14,-8|-4|0|4|8|4|0|-4,0|0|0|0|0|0|0|0,70|70|70|70|70|70|70|70,0,0,0,1,255,208
99,20,0,1,0,8,0,0,0,2|2|2|2|2|2|2|2,255|255|255|255|255|255|255|255,-2|-1|0|1|2|1|0|-1,14|14|14|14|14|14|14|14,-8|-4|0|4|8|4|0|-4,0|0|0|0|0|0|0|0,70|70|70|70|70|70|70|70,0,0,0,1,255,208
100,40,0,2,0,6,0,0,0,2|2|2|2|2|2|81|7,255|255|255|255|255|255|116|8,-2|2|-1|1|0|0|22|1,14|14|14|14|14|14|118|101,-8|8|-4|4|-2|2|25|0,0|0|0|0|0|0|0|1,70|70|70|70|70|70|27749|24948,0,0,0,1,255,208
101,10,6,1,0,1,0,0,0,2|2|116|68|101|108|116|97,255|255|108|105|100|8|27|0,0|10|-14|2|22|1|0|1,12|0|81|9|112|105|120|101,0|0|121|112|101|8|28|0,0|0|10|3|22|1|0|1,252|2|28483|28781|25970|29555|28521|21614,0,0,0,28,255,208
102,10,10,1,0,1,0,0,0,10|1|1|1|1|101|114|82,255|255|255|255|255|114|70|114,0|9|9|-9|0|1|70|3,10|2|-2|-2|-10|3|81|10,0|2|2|-2|0|112|116|121,0|0|0|0|0|-83|1|95,253|282|301|300|77|25445|29295|21604,0,0,0,27,255,208
103,10,16,1,0,1,0,0,0,30|3|0|0|0|0|0|1,255|255|0|32|0|0|0|82,0|10|1|1|0|32|0|0,8|0|0|22|1|0|1|121,0|0|0|95|3|81|7|110,0|0|97|109|101|115|8|64,254|3|20995|1|47617|20738|26127|24946,0,0,0,26,255,208
104,0,0,1,0,1,0,0,0,90|3|1|62|1|0|1|242,250|255|255|102|105|108|108|8,120|10|0|1|0|0|-8|3,120|0|-10|0|1|0|0|0,-24|0|0|0|0|0|29|0,24|0|0|1|0|1|1|0,98|3|77|318|256|996|237|0,0,0,8,1,255,208
105,20,0,1,0,4,0,0,0,2|2|2|2|101|35|4|237,255|255|255|255|0|8|4|0,-2|0|2|0|4|6|0|82,14|14|14|14|0|105|4|0,-4|0|4|0|97|115|101|82,0|0|0|0|100|8|0|0,70|70|70|70|1081|2129|21102|25445,0,0,0,1,255,208
106,20,0,1,0,8,0,0,0,2|2|2|2|2|2|2|2,255|255|255|255|255|255|255|255,-4|-2|0|2|4|2|0|-2,14|14|14|14|14|14|14|14,-8|-4|0|4|8|4|0|-4,0|0|0|0|0|0|0|0,70|70|70|70|70|70|70|70,0,0,0,1,255,208
107,20,0,1,0,8,0,0,0,2|2|2|2|2|2|2|2,255|255|255|255|255|255|255|255,-4|-2|0|2|4|2|0|-2,14|14|14|14|14|14|14|14,-8|-4|0|4|8|4|0|-4,0|0|0|0|0|0|0|0,70|70|70|70|70|70|70|70,0,0,0,1,255,208
108,40,0,2,0,6,0,0,0,2|2|2|2|2|2|0|0,255|255|255|255|255|255|184|4,-4|4|-2|2|-1|1|0|0,14|14|14|14|14|14|0|0,-8|8|-4|4|-2|2|-10|0,0|0|0|0|0|0|0|0,70|70|70|70|70|70|0|0,0,0,0,1,255,208
109,80,3,8,0,8,0,0,0,1|1|1|1|1|1|1|1,255|255|255|255|255|255|255|255,0|0|0|0|0|0|0|0,12|13|14|15|16|17|18|19,0|0|0|0|0|0|0|0,0|0|0|0|0|0|0|0,135|116|116|116|116|116|116|97,0,0,0,8,255,144
110,30,3,1,0,1,0,0,4,3|1|1|1|1|0|0|81,255|255|255|255|104|97|108|116,0|9|9|-9|4|0|0|114,0|2|-2|-2|0|81|5|115,0|2|2|-2|34|6|0|-72,0|0|0|0|1|0|1|124,214|282|301|300|29806|24912|25959|30018,0,0,0,1,255,208
111,20,3,2,0,2,0,0,0,2|2|1|1|117|114|114|101,255|255|255|255|103|101|82|101,-4|-4|9|-9|83|105|122|101,5|-5|-2|-2|-72|4|0|0,5|5|2|-2|12|4|2|0,0|0|0|0|1|0|0|0,169|169|301|300|2|2|0|0,0,-1,0,1,255,208
112,10,4,1,0,1,0,0,0,1|1|1|1|99|111|114|100,255|255|255|255|116|104|8|0,0|9|9|-9|0|62|1|0,8|2|-2|-2|2|0|0|0,-5|2|2|-2|0|30|6|-19,0|0|0|0|17|67|117|114,58|282|301|300|25928|25697|29285|62978,0,0,0,1,255,208
113,10,4,1,0,1,0,0,0,1|1|1|1|1|62|1|0,255|255|255|255|255|77|97|120,0|6|6|-6|0|2|-13|-4,8|6|-6|-6|-10|1|0|1,6|4|4|-4|0|105|108|101,0|0|0|0|0|114|2|114,58|164|183|182|77|20742|20490|26465,0,0,0,1,255,208
114,40,0,1,0,1,0,0,0,2|2|1|1|2|0|0|0,255|255|255|255|0|0|0|1,0|9|6|-6|0|1|1|0,14|2|-6|-6|0|0|35|4,0|2|4|-4|-19|0|-70|6,0|0|0|0|114|103|101|80,142|278|183|182|25972|29186|47347|4,0,0,0,1,255,144
115,10,1,1,2,1,0,0,3,2|2|1|1|1|4|0|0,255|255|255|255|255|6|81|6,0|9|6|-6|0|101|2|-16,0|2|-6|-6|-10|-118|0|0,-8|2|4|-4|0|84|101|109,-2|0|0|0|0|4|0|0,112|278|183|182|77|25959|26950|25710,0,0,0,1,255,208
116,10,1,1,2,1,0,0,3,2|2|2|2|1|0|0|150,255|255|255|255|255|0|1|1,0|9|6|-6|0|0|0|22,0|2|-6|-6|-10|-19|0|110,8|2|4|-4|0|110|100|112,-2|0|0|0|0|16|0|-72,112|278|295|294|77|0|15872|1,0,0,0,1,255,208
117,30,1,1,0,1,0,0,4,5|2|2|2|1|1|1|114,255|255|255|255|255|255|255|101,0|9|6|-6|0|-10|10|0,0|2|-6|-6|-10|0|0|1,0|2|4|-4|0|0|0|0,0|0|0|0|0|0|0|11,285|278|295|294|77|39|1|20999,0,0,0,1,255,208
118,40,3,2,0,2,0,0,0,3|3|2|2|1|2|2|0,255|255|255|255|255|255|255|1,0|0|6|-6|0|-2|2|0,14|14|-6|-6|-10|-9|-9|0,-6|6|4|-4|0|-4|4|101,0|0|0|0|0|0|0|6,143|144|295|294|77|298|299|24940,0,0,0,13,255,192
119,80,3,1,3,1,0,0,0,10|2|2|2|2|2|1|1,255|255|255|255|255|255|255|255,0|9|6|-6|-2|2|-10|10,10|2|-6|-6|-9|-9|0|0,0|2|4|-4|-4|4|0|0,0|0|0|0|0|0|0|0,34|278|295|294|298|299|39|1,0,0,0,1,255,144
120,80,4,1,3,1,0,0,0,12|2|2|2|2|2|2|2,255|255|255|255|255|255|255|255,0|9|6|-6|-2|2|-10|10,8|2|-6|-6|-9|-9|0|0,0|2|4|-4|-4|4|0|0,0|0|0|0|0|0|0|0,30|278|295|294|298|299|40|2,0,0,0,1,255,112
121,10,0,1,9,8,0,0,0,2|2|2|2|2|2|2|2,8|8|8|8|8|8|8|8,-2|-1|0|1|2|1|0|-1,5|6|7|6|5|6|7|6,-4|-2|0|2|4|2|0|-2,0|0|0|0|0|0|0|0,21|20|21|21|20|21|20|21,1,0,0,4,255,112
122,30,3,3,0,3,0,0,0,2|1|1|0|1|184|8|82,255|255|255|97|119|102|114|97,0|0|0|8|48|0|-72|4,12|12|12|0|6|13|4|0,0|-6|5|0|0|0|0|0,0|4|4|1|0|1|2|6,107|108|108|0|0|20736|26123|24946,0,0,0,1,255,112
123,320,1,4,0,4,0,0,0,10|10|10|10|7|82|9|67,255|255|255|255|97|110|105|109,0|0|0|0|-72|4|-30|9,24|24|24|24|4|0|0|0,-6|6|-6|6|0|0|0|0,-6|-6|6|6|0|0|0|0,239|240|258|259|25697|28257|28009|2048,0,0,0,1,255,208
124,80,1,1,0,1,0,0,0,2|2|1|0|1|0|186|0,255|100|98|6|0|54|10|31,0|13|0|0|0|0|0|81,12|0|13|108|101|110|97|109,0|2|0|-1|-20|9|0|0,0|0|0|1|0|0|81|1,108|54|63|0|318|256|0|0,0,0,0,1,255,208
125,10,4,1,0,1,0,0,0,1|2|1|1|0|0|0|0,255|100|98|98|0|0|0|0,0|13|-2|2|0|0|0|0,6|0|13|13|0|0|0|0,-8|2|-4|4|0|0|0|0,0|0|0|0|0|0|0|0,58|54|224|223|0|0|2396|237,0,0,0,1,255,208
126,10,4,1,0,1,0,0,0,1|2|2|2|1|1|35|0,255|100|100|100|98|98|46|0,0|13|-13|13|-2|2|-18|1,6|-1|1|1|13|13|55|1,8|2|-2|2|-4|4|5|0,0|4|-4|-4|0|0|4|0,58|54|16|54|224|223|25972|3949,0,0,0,1,255,208
127,50,5,5,2,5,0,0,0,3|3|3|3|3|1|114|115,255|255|255|255|255|98|103|97,0|-1|1|-2|2|2|4|0,3|2|2|1|1|13|-49|3,0|0|0|0|0|4|76|111,0|0|0|0|0|0|8|115,112|112|112|112|112|223|28526|29810,0,0,0,6,255,208
128,30,4,1,3,1,0,0,0,4|3|3|3|2|1|83|0,255|100|100|100|98|98|7|0,0|13|-13|13|0|0|0|9,7|0|0|0|13|-13|8|0,0|2|-2|2|0|0|106|0,0|-7|7|7|0|0|3|16,185|106|124|125|73|82|118|0,0,0,3,13,11,128
129,30,4,1,3,1,0,0,0,1|3|3|3|2|1|1|0,255|100|100|100|98|98|98|2,0|13|-13|13|0|-2|2|2,0|0|0|0|13|-13|-13|1,-8|2|-2|2|0|-4|4|2,0|-7|7|7|0|0|0|0,107|106|124|125|73|243|242|0,0,0,5,13,12,128
130,50,0,5,10,5,0,0,0,3|2|2|1|1|2|2|1,10|9|9|6|6|98|98|2,0|2|-2|3|-3|-9|9|1,13|11|11|10|10|-9|-9|0,0|0|0|0|0|-9|9|0,106|105|105|104|104|0|0|13,153|154|154|157|157|130|131|2560,-1,0,0,1,255,144
131,10,4,1,0,1,0,0,0,2|3|3|3|2|2|2|2,255|100|100|100|98|98|98|98,0|13|-13|13|-9|9|-9|9,6|0|0|0|-9|-9|9|9,0|2|-2|2|-9|9|-9|9,0|-7|7|7|0|0|0|0,61|106|124|125|130|131|149|150,0,0,0,1,255,208
132,10,4,1,0,1,0,0,0,2|9|5|8|52|7|0|21,255|4|4|0|0|0|0|1,0|0|0|84|1|2|0|3,6|-28|-28|-28|-28|-28|-28|-28,0|-28|-28|-28|-28|-28|84|80,0|81|23|4|0|0|-30|0,162|2692|3084|3468|3492|3500|3500|3833,0,0,0,1,255,208
133,10,4,1,1,1,0,0,0,4|1|1|0|24|17|0|0,255|98|98|0|2|0|2|0,0|-1|1|0|0|0|0|0,6|-1|-1|2|-17|2|0|0,0|-4|4|3|0|0|0|0,0|0|0|0|0|0|0|0,168|63|63|126|0|1398|2197|1874,0,0,0,1,255,208
134,60,4,3,0,3,0,0,0,2|1|1|1|0|0|145|9,255|255|255|98|199|6|176|2,0|5|-5|2|-22|8|0|0,10|8|8|-1|0|0|0|0,0|0|0|8|-6|9|-10|0,0|0|0|0|0|0|74|5,244|227|227|63|2320|1599|0|0,0,0,0,1,255,208
135,60,4,3,0,3,0,0,0,2|1|1|1|1|7|242|5,255|255|255|98|98|10|0|0,0|5|-5|2|0|1|-95|3,-10|-8|-8|-2|0|97|105|110,0|0|0|8|0|3|8|-10,0|0|0|0|0|0|83|6,244|227|227|63|63|265|0|1,0,0,0,1,255,208
136,120,3,2,2,2,0,0,0,3|3|1|1|0|0|83|8,255|255|98|98|116|101|120|116,0|0|-3|3|51|1|9|1,6|6|-1|-1|8|101|100|105,0|0|-8|8|112|-1|3|74,0|14|0|0|1|1|0|0,117|136|63|63|815|26837|347|307,0,0,0,0,255,192
137,80,3,4,0,8,0,0,0,3|3|1|1|3|3|1|1,255|255|255|255|255|255|255|255,-10|-10|-8|-8|10|10|8|8,0|0|4|-4|0|0|4|-4,0|-12|0|0|0|12|0|0,0|0|0|0|0|0|0|0,244|244|244|244|244|244|244|244,0,0,0,1,255,208
138,120,4,6,0,6,0,0,0,3|3|2|2|1|1|0|83,255|255|255|255|255|255|54|100,0|0|3|-3|6|-6|-86|1,-10|-10|-9|-9|-8|-8|116|97,0|0|0|0|0|0|3|74,0|12|0|0|0|0|0|0,244|244|245|245|244|244|9406|509,0,0,0,1,255,208
139,20,2,1,0,7,0,0,0,3|3|3|3|3|3|3|1,255|255|255|255|255|255|255|108,-9|-6|-3|0|3|6|9|2,3|5|7|9|7|5|3|112,0|0|0|0|0|0|0|7,0|0|0|0|0|0|0|0,244|244|244|244|244|244|244|9474,0,0,0,1,255,208
140,20,2,1,0,7,0,0,0,3|3|3|3|3|3|3|0,255|255|255|255|255|255|255|97,-9|-6|-3|0|3|6|9|76,-3|-5|-7|-9|-7|-5|-3|111,0|0|0|0|0|0|0|3,0|0|0|0|0|0|0|0,185|185|185|185|185|185|185|29698,1,0,0,1,11,128
141,10,1,1,2,1,0,0,4,1|3|3|3|3|3|253|1,255|98|98|98|98|98|97|115,0|0|-3|-3|3|3|2|-100,0|1|-2|-2|-2|-2|110|101,0|6|-12|0|0|12|3|118,0|0|0|0|0|0|9|1,226|144|143|144|143|144|2951|749,0,0,0,1,255,208
142,30,3,3,0,3,0,0,0,1|1|1|3|3|3|3|3,255|255|255|98|98|98|98|98,0|-1|1|1|-3|-3|3|3,0|0|0|0|-2|-2|-2|-2,0|0|0|12|-24|-12|12|24,0|0|0|0|0|0|0|0,304|304|304|144|143|144|143|144,1,0,0,0,255,208
143,10,0,1,9,2,1,1,7,1|1|128|128|128|128|128|128,8|8|255|255|255|255|255|255,0|0|1|-1|1|-1|1|-1,0|0|1|1|-1|-1|0|0,-1|1|0|0|0|0|0|0,0|0|0|0|0|0|0|0,21|20|271|271|271|271|271|271,0,0,0,1,255,112
144,50,0,5,0,5,0,0,0,1|1|1|1|1|0|1|22,255|255|255|255|255|114|102|111,0|-1|1|-2|2|101|0|8,-1|-3|-3|-4|-4|114|1|0,0|0|0|0|0|106|117|109,0|0|0|0|0|105|111|110,304|304|304|304|304|29697|20738|29963,1,0,0,1,255,208
145,10,1,1,2,1,0,0,3,2|1|1|0|1|0|0|82,255|255|110|105|116|80|108|97,0|10|114|68|97|116|97|1,0|0|0|0|0|0|0|0,0|0|13|4|0|0|0|0,-10|0|0|0|0|0|0|-17,112|227|26473|21352|28515|25970|25427|25970,0,0,0,1,255,208
146,10,1,1,2,1,0,0,4,2|2|0|0|0|0|0|0,255|105|55|3|82|12|71|97,0|10|97|67|111|114|114|101,0|0|1|8|24|0|0|0,0|0|0|0|6|13|4|0,0|0|0|0|0|0|0|0,112|185|277|5638|1|513|728|2642,0,0,0,1,255,208
147,30,7,1,2,1,0,0,0,1|1|1|1|6|13|4|0,1|255|255|255|114|1|0|1,0|9|9|-9|82|12|116|101,0|-2|2|-2|110|117|119|97,0|0|0|0|40|0|0|0,0|0|0|0|6|13|4|0,228|227|227|227|2|318|256|29190,0,0,0,0,255,128
148,40,1,1,2,1,0,0,0,0|1|2|1|73|110|102|111,1|255|105|255|0|0|0|0,0|9|9|-9|4|0|0|0,0|-2|2|-2|0|0|0|0,0|0|0|0|78|101|120|116,0|0|0|0|111|100|101|1,247|227|185|227|1536|1037|0|0,0,0,0,0,255,128
149,40,9,1,8,1,0,0,0,4|1|2|1|1|1|99|116,255|255|105|255|255|255|0|0,0|9|9|-9|-10|10|0|0,3|-2|2|-2|0|0|0|0,0|0|0|0|0|0|102|102,0|0|0|0|0|0|83|101,191|227|185|227|227|227|0|3334,0,0,0,1,255,128
150,120,9,3,6,3,0,0,0,4|4|4|1|2|2|1|101,255|255|255|255|105|105|255|0,0|1|-1|-9|-10|10|0|13,3|2|2|-2|0|0|-10|1,0|0|0|0|0|0|0|10,0|0|0|0|0|0|0|116,191|191|191|227|185|185|227|4,0,0,0,1,255,128
151,0,6,1,0,2,0,0,0,4|4|2|2|2|2|1|71,255|255|105|105|105|105|255|112,0|0|9|-9|-10|10|0|0,5|5|2|-2|0|0|-10|0,-4|4|0|0|0|0|0|0,0|0|0|0|0|0|0|97,72|72|185|185|185|185|227|0,1,0,0,1,255,208
152,0,6,1,0,1,0,0,0,4|1|2|1|4|4|97|109,255|255|105|255|103|103|8|112,0|9|9|-9|-6|6|0|6,5|-2|2|-2|0|0|0|0,-1|0|0|0|0|0|4|82,-4|0|0|0|0|0|105|103,72|227|185|227|204|204|0|0,1,0,0,1,255,208
153,0,2,2,3,8,2,10,0,6|8|6|6|6|6|6|6,255|255|255|255|255|255|255|255,8|-8|10|-10|10|-10|13|-13,-12|-12|-13|-13|-10|-10|-6|-6,0|0|0|0|0|0|0|0,24|24|24|24|24|24|24|24,214|214|214|214|214|214|214|214,0,0,0,1,255,208
154,120,3,2,2,2,0,0,0,3|3|2|1|1|1|4|4,255|255|105|255|255|255|103|103,0|0|9|-9|-3|3|-6|6,6|6|2|-2|-7|-7|0|0,0|0|0|0|0|0|0|0,-14|0|0|0|0|0|0|0,117|136|185|227|227|227|204|204,0,0,0,0,255,192
155,0,3,1,0,1,0,0,0,2|2|2|2|1|1|4|4,255|105|105|105|255|255|103|103,0|9|9|-9|-3|3|-6|6,10|-2|2|-2|-7|-7|0|0,0|0|0|0|0|0|0|0,0|0|0|0|0|0|0|0,59|185|185|185|227|227|204|204,0,0,0,8,255,208
156,0,4,1,0,1,0,0,0,3|111|114|116|99|111|110|102,255|103|98|117|116|116|111|110,0|1|8|-88|0|0|0|0,10|0|0|6|13|4|0|0,0|0|0|0|0|0|0|0,0|-98|5|82|11|79|117|116,60|29281|27751|30575|2049|176|0|0,0,0,0,8,255,208
157,0,4,1,0,1,0,0,0,4|1|0|1|2|62|1|0,255|2|186|0|0|1|2|201,0|82|11|103|101|116|112|97,10|115|119|111|114|100|1|8,0|0|0|0|0|0|0|0,0|13|4|0|0|0|0|0,165|256|0|0|2898|27728|31073|29251,0,0,0,8,255,208
158,0,4,2,0,2,0,0,0,2|2|0|0|0|0|0|0,255|255|0|0|0|237|2|82,0|0|110|100|76|101|118|101,10|10|110|105|1|8|-56|0,-6|6|0|0|0|0|6|13,0|0|0|0|0|0|0|0,59|59|368|2130|29252|30561|30019|25954,0,0,0,8,255,208
159,0,5,3,0,3,0,0,0,3|1|1|0|0|0|4|0,255|255|255|1|2|62|1|0,0|0|0|1|0|1|2|22,10|10|10|2|-6|4|82|14,0|-8|8|119|116|101|120|116,0|4|4|100|111|119|1|8,60|58|58|0|3334|4|0|0,0,0,0,8,255,208
160,0,5,3,0,3,0,0,0,4|1|1|108|101|67|104|97,255|255|255|224|0|0|0|0,0|0|0|6|13|4|0|0,10|10|10|0|0|0|0|0,0|-9|9|82|9|71|101|116,0|4|4|98|101|114|1|8,165|58|58|0|3334|4|0|0,0,0,0,8,255,208
161,0,5,3,0,3,0,0,0,2|2|2|10|76|111|97|100,255|255|255|101|101|110|1|8,0|0|0|0|0|0|0|0,10|10|10|0|0|0|0|0,0|-10|10|0|0|0|-107|1,0|4|4|112|101|114|97|116,59|59|59|0|0|0|1536|1037,0,0,0,8,255,208
162,0,5,3,0,3,0,0,0,3|2|2|14|73|110|71|97,255|255|255|105|115|112|108|97,0|0|0|8|0|1|0|0,10|10|10|0|6|13|4|0,0|-10|10|0|0|0|0|0,0|4|4|2|82|17|77|97,60|59|59|24943|25714|28233|30064|372,0,0,0,8,255,208
163,0,5,5,0,5,0,0,0,3|2|2|1|1|0|0|0,255|255|255|255|255|117|115|101,0|0|0|0|0|8|16|1,10|10|10|10|10|0|6|13,0|-10|10|-18|18|0|0|0,0|4|4|8|8|3|82|15,60|59|59|58|58|28769|29541|322,0,0,0,8,255,208
164,0,5,5,0,5,0,0,0,3|2|2|2|2|5|0|174,255|255|255|255|255|0|0|1,0|0|0|0|0|6|62|1,10|10|10|10|10|0|1|6,0|-10|10|-20|20|111|97|100,0|4|4|8|8|104|97|112,60|59|59|59|59|1|0|0,0,0,0,8,255,208
165,0,5,5,0,5,0,0,0,5|2|2|2|2|105|110|71,255|255|255|255|255|97|121|101,0|0|0|0|0|116|105|111,10|10|10|10|10|1|0|0,0|-10|10|-24|24|13|4|0,0|4|4|8|8|0|0|0,62|59|59|59|59|28001|357|12296,0,0,0,8,255,208
166,0,3,1,0,1,0,0,0,2|4|4|1|0|22|1|0,255|45|90|0|0|0|255|255,0|120|120|0|0|0|112|1,10|120|120|0|0|0|96|1,0|8|-24|0|0|0|0|1,0|24|4|0|0|0|8|1,59|204|204|272|0|0|0|232,0,0,0,8,255,208
167,0,3,2,0,2,0,0,0,1|1|0|0|0|0|224|0,255|255|0|0|0|0|208|0,-3|3|0|0|0|0|-56|0,9|9|0|0|0|0|-72|0,-4|4|0|0|0|0|-64|0,0|0|0|0|0|0|-80|0,201|202|0|344|0|0|0|360,0,0,0,8,255,208
168,0,4,3,0,3,0,0,0,1|1|1|0|0|0|40|1,255|255|255|0|0|0|48|1,-3|3|0|0|0|0|-88|0,9|9|10|0|0|0|-96|0,-4|4|0|0|0|0|-104|0,0|0|0|0|0|0|120|1,201|202|58|144|33|0|0|128,0,0,0,8,255,208
169,0,4,3,0,3,0,0,0,1|1|2|1|0|0|104|0,255|255|255|255|0|0|96|0,-7|7|0|4|0|0|88|0,7|7|10|12|0|0|80|0,-5|5|0|0|0|0|72|0,0|0|0|0|0|0|56|0,163|164|59|225|0|0|0|48,0,0,0,8,255,208
170,0,5,5,0,5,0,0,0,1|1|1|1|1|0|24|0,255|255|255|255|255|0|8|0,-7|7|0|-3|3|0|16|0,7|7|10|9|9|0|64|0,-5|5|0|-4|4|0|-120|0,0|0|0|0|0|0|-8|0,163|164|58|201|202|0|0|312,0,0,0,8,255,208
171,0,5,5,0,5,0,0,0,1|1|2|1|1|1|88|0,255|255|255|255|255|255|96|0,-7|7|0|-3|3|0|0|1,7|7|10|9|9|12|96|30,-5|5|0|-4|4|4|-32|3,0|0|0|0|0|0|16|0,163|164|59|201|202|225|292|328,0,0,0,8,255,208
172,0,5,3,0,3,0,0,0,3|3|1|2|0|3|104|2,255|255|255|255|32|3|184|2,-7|7|0|0|-23|3|8|3,7|7|10|11|-50|0|96|0,-5|5|0|-8|90|0|64|0,0|0|0|0|98|1|-8|0,121|122|58|244|65535|16716|654|224,0,0,0,8,255,208
173,0,5,3,0,3,0,0,0,3|3|2|2|2|2|24|1,255|255|255|255|255|0|112|0,-7|7|0|-3|0|2|-112|2,7|7|10|11|12|1|56|1,-5|5|0|0|0|3|-96|2,0|0|0|0|0|5|-120|4,121|122|59|244|244|23418|526|424,0,0,0,8,255,208
174,0,5,5,0,5,0,0,0,3|3|1|1|1|2|160|1,255|255|255|255|255|255|24|0,-7|7|0|-3|3|0|48|0,7|7|10|9|9|12|-128|0,-5|5|0|-4|4|8|96|1,0|0|0|0|0|0|0|0,121|122|58|201|202|244|245|72,0,0,0,8,255,208
175,0,5,5,0,5,0,0,0,3|3|2|1|1|2|0|0,255|255|255|255|255|255|24|0,-7|7|0|-3|3|0|104|0,7|7|10|9|9|12|8|0,-5|5|0|-4|4|8|48|3,0|0|0|0|0|0|-120|5,121|122|59|201|202|244|875|392,0,0,0,8,255,208
176,0,5,5,0,5,0,0,0,3|3|2|2|2|2|3|0,255|255|255|255|255|255|255|0,-7|7|0|-3|3|-3|0|107,7|7|10|9|9|11|12|31,-5|5|0|-4|4|0|0|97,0|0|0|0|0|0|0|104,121|122|59|279|280|244|244|29811,0,0,0,8,255,208
177,0,10,1,0,1,0,0,0,192|2|2|2|2|2|2|2,255|255|255|255|255|255|255|255,0|-4|4|-6|6|0|-3|3,2|12|12|9|9|12|11|11,0|-4|4|0|0|0|0|0,0|-6|-6|0|0|9|0|0,65|244|244|244|244|226|226|226,1,0,0,10,255,208
178,0,10,1,0,2,0,0,0,192|192|0|0|7|118|103|97,255|255|54|100|247|3|0|0,-1|1|97|105|110|105|110|116,2|2|0|0|8|110|111|114,2|2|111|110|103|127|3|0,0|0|102|111|110|116|104|97,65|65|0|25096|25441|26475|28274|28516,1,0,0,10,255,208
179,0,10,1,0,1,0,0,0,193|2|112|108|105|98|159|3,255|255|8|110|101|119|115|104,0|1|101|-1|3|0|0|8,4|-7|105|116|115|104|105|112,0|5|0|0|6|112|108|97,0|0|114|-105|3|0|0|8,64|126|24934|25956|983|0|20487|17225,1,0,0,10,255,208
180,0,10,2,0,2,0,0,0,192|192|2|0|3|68|111|115,255|255|255|0|6|112|97|108,-1|1|0|-17|3|0|0|7,2|2|-5|109|97|115|116|4,-5|5|0|6|58|31|11|77,0|0|0|73|78|84|46|80,65|65|126|3575|59366|59622|59367|59879,1,0,0,10,255,208
181,0,10,2,0,2,0,0,0,192|192|97|2|113|2|129|2,255|255|137|2|137|2|181|2,-2|2|-51|2|-16|2|124|0,2|2|0|0|-120|0|0|0,-10|10|-113|1|24|17|0|0,0|0|124|0|3|0|58|8,65|65|0|1087|1103|0|1111|0,1,0,0,10,255,208
182,0,10,1,0,1,0,0,0,20|3|3|0|0|0|126|0,255|255|255|0|0|0|0|0,0|2|0|1|0|0|0|0,3|-8|-5|0|0|0|0|0,0|5|0|0|0|0|0|0,0|0|0|0|0|0|0|0,74|214|214|356|0|264|0|0,1,0,0,10,255,208
183,0,10,2,0,2,0,0,0,193|193|2|2|3|0|0|0,255|255|255|255|255|0|0|0,-1|1|-4|4|0|0|0|0,4|4|-7|-7|-5|0|0|0,-2|2|-8|8|0|0|0|0,0|0|0|0|0|0|0|0,64|64|126|126|214|1619|26739|27760,1,0,0,10,255,208
184,0,10,3,0,3,0,0,0,20|192|192|2|109|39|2|112,255|255|255|255|0|1|0|0,0|-1|1|4|112|109|97|115,3|2|2|-7|-25|28|1|-11,0|-5|5|8|83|5|101|114,0|8|8|0|2|-94|-80|0,74|65|65|126|26739|28784|29551|31092,1,0,0,10,255,208
185,0,10,3,0,3,0,0,0,193|193|193|2|2|2|82|1,255|255|255|255|255|255|46|1,0|-1|1|4|-1|1|64|1,2|2|2|-7|-6|-6|115|104,0|-5|5|8|-3|3|0|0,0|8|8|0|0|0|0|0,64|64|64|126|126|126|0|0,1,0,0,10,255,208
186,0,10,5,0,5,0,0,0,20|192|192|192|192|0|0|0,255|255|255|255|255|0|0|0,0|-1|1|-2|2|0|0|0,3|2|2|2|2|0|0|0,0|-5|5|-10|10|100|1|0,0|8|8|10|10|0|0|0,74|65|65|65|65|0|0|0,1,0,0,10,255,208
187,0,10,5,0,5,0,0,0,24|192|192|192|192|0|0|0,255|255|255|255|255|0|0|0,0|-1|1|-3|3|0|0|0,3|2|2|2|2|0|0|-30,0|-5|5|-10|10|0|0|0,0|8|8|10|10|97|108|121,75|65|65|65|65|14080|2|1536,1,0,0,10,255,208
188,0,0,1,0,3,0,0,0,1|0|0|5|2|2|2|0,255|255|255|255|255|255|255|17,101|101|101|1|-3|3|0|0,14|14|14|-7|-7|-7|-1|17,0|0|0|5|-5|5|0|0,4|4|4|0|0|0|0|0,289|293|293|263|126|126|0|60928,0,0,0,6,255,208
189,0,0,1,0,3,0,0,0,1|1|0|7|115|104|112|109,255|255|255|39|2|32|0|6,101|101|101|116|101|109|15|4,14|14|14|115|104|112|108|105,0|0|0|4|0|5|101|114,4|4|4|4|0|0|25|-104,289|289|293|18764|11842|16720|83|0,0,0,0,6,255,208
190,0,0,1,0,1,0,0,0,1|2|24|43|37|16|2|0,255|255|0|1|0|0|0|29,101|1|0|3|3|2|84|80,14|7|15|3|0|0|-30|0,0|5|70|2|78|2|86|2,4|0|102|2|102|2|125|2,286|126|676|36|5|144|0|0,0,0,0,6,255,208
191,0,0,1,0,4,0,0,0,1|2|1|0|0|0|95|4,255|255|255|255|0|0|0|0,101|101|101|101|0|0|0|0,14|14|14|14|0|0|0|0,0|0|0|0|0|0|126|0,4|4|4|4|0|0|0|0,286|287|286|288|0|0|0|0,0,0,0,6,255,208
192,0,0,1,0,2,0,0,0,1|2|121|1|0|0|175|1,255|255|226|0|0|0|0|0,101|101|0|0|0|0|-10|0,14|14|0|0|0|0|0|0,0|0|0|0|0|0|0|0,4|4|0|0|0|0|0|0,286|287|0|0|0|0|0|0,0,0,0,6,255,208
193,0,0,2,0,8,0,0,0,2|2|1|1|0|0|1|1,255|255|255|255|255|255|255|255,101|101|101|101|101|101|101|101,14|14|14|14|14|14|14|14,-6|6|-6|6|-6|6|-6|6,4|4|4|4|4|4|4|4,287|287|286|286|288|288|286|286,0,0,0,6,255,208
194,0,0,1,0,4,0,0,0,2|4|2|0|3|237|0|12,255|255|255|255|255|0|0|1,101|101|101|101|0|0|0|82,14|14|14|14|5|1|0|0,0|0|0|0|0|0|0|12,4|4|4|4|0|0|1|9,290|291|290|292|214|17665|60673|256,0,0,0,6,255,208
195,0,0,3,0,6,0,0,0,1|1|1|2|0|0|112|111,255|255|255|255|255|255|1|237,101|101|101|101|101|101|0|0,14|14|14|14|14|14|0|0,0|-10|10|0|-10|10|0|48,4|4|4|4|4|4|1|0,286|289|289|287|293|293|28528|115,0,0,0,6,255,208
196,0,0,3,0,6,0,0,0,0|2|2|1|1|1|0|0,255|255|255|255|255|255|0|0,101|101|101|101|101|101|0|0,14|14|14|14|14|14|0|0,0|-10|10|0|-10|10|121|1,4|4|4|4|4|4|-30|0,293|287|287|289|286|286|0|0,0,0,0,6,255,208
197,0,0,3,0,6,0,0,0,2|1|1|4|0|0|0|0,255|255|255|255|255|255|0|0,101|101|101|101|101|101|0|0,14|14|14|14|14|14|0|0,0|-10|10|0|-10|10|0|0,4|4|4|4|4|4|0|0,290|289|289|291|293|293|65535|144,0,0,0,6,255,208
198,0,0,3,0,6,0,0,0,2|2|2|4|1|1|115|116,255|255|255|255|255|255|121|115,101|101|101|101|101|101|-90|124,14|14|14|14|14|14|77|65,0|-10|10|0|-10|10|0|0,4|4|4|4|4|4|0|0,290|287|287|291|286|286|58854|58339,0,0,0,6,255,208
199,0,9,3,0,3,0,0,0,4|2|1|5|2|2|144|5,255|255|255|255|255|255|188|5,120|120|120|1|-3|3|0|0,8|8|8|7|7|7|0|0,0|0|0|5|-5|5|0|0,-14|0|14|0|0|0|2|0,97|116|135|263|126|126|1063|0,1,0,0,14,255,208
200,0,8,4,0,4,0,0,0,4|2|2|1|0|0|126|0,255|255|255|255|234|3|3|4,120|120|120|120|0|0|0|0,9|9|8|8|0|0|0|0,0|0|0|0|94|1|0|0,-14|0|0|14|-92|1|0|0,97|116|116|135|266|496|550|0,1,0,0,14,255,208
201,0,8,5,0,5,0,0,0,4|2|2|2|1|0|0|0,255|255|255|255|255|0|0|0,120|120|120|120|120|4|0|0,9|9|8|7|7|3|112|3,0|0|0|0|0|0|0|0,-14|0|0|0|14|5|0|0,97|116|116|116|135|2131|24930|27491,1,0,0,14,255,208
202,0,7,6,0,6,0,0,0,4|2|2|2|2|1|109|39,255|255|255|255|255|255|0|1,120|120|120|120|120|120|97|50,9|9|8|7|6|6|102|30,0|0|0|0|0|0|83|6,-14|0|0|0|0|14|47|3,97|116|116|116|116|135|25441|28779,1,0,0,14,255,208
203,0,7,8,0,8,0,0,0,4|2|2|2|2|2|2|1,255|255|255|255|255|255|255|255,120|120|120|120|120|120|120|120,9|9|8|7|6|5|4|4,0|0|0|0|0|0|0|0,-14|0|0|0|0|0|0|14,97|116|116|116|116|116|116|135,1,0,0,14,255,208
204,0,7,8,0,8,0,0,0,4|2|2|1|4|2|2|1,255|255|255|255|255|255|255|255,-1|-1|-1|-1|1|1|1|1,14|14|13|13|14|14|13|13,0|0|0|0|0|0|0|0,-14|0|0|14|-14|0|0|14,97|116|116|135|97|116|116|135,1,0,0,14,255,208
205,0,7,8,0,8,0,0,0,4|2|1|4|2|1|4|2,255|255|255|255|255|255|255|255,-3|-3|-3|3|3|3|0|0,14|14|14|14|14|14|14|14,0|0|0|0|0|0|0|0,-14|0|14|-14|0|14|-18|-4,97|116|135|97|116|135|97|135,1,0,0,14,255,208
206,0,6,8,0,8,0,0,0,4|2|1|4|2|1|12|4,255|255|255|255|255|255|255|255,-3|-3|-3|3|3|3|0|0,14|14|14|14|14|14|14|14,0|0|0|0|0|0|0|0,-14|0|14|-14|0|14|-18|-4,97|116|135|97|116|135|101|139,1,0,0,14,255,208
207,0,6,8,0,8,0,0,0,4|2|4|2|12|4|4|2,255|255|255|255|255|255|255|255,-3|-3|3|3|0|0|0|0,14|14|14|14|14|14|13|13,0|0|0|0|0|0|0|0,0|14|0|14|-18|-4|-4|10,97|135|101|139|101|120|120|139,1,0,0,14,255,208
208,0,7,8,0,8,0,0,0,12|4|4|4|4|4|4|2,255|255|255|255|255|255|255|255,120|120|120|120|120|120|120|120,9|9|8|7|6|5|4|4,0|0|0|0|0|0|0|0,-14|0|0|0|0|0|0|14,101|120|120|120|120|120|120|139,1,0,0,14,255,208
209,0,7,8,0,8,0,0,0,12|4|4|2|12|4|4|2,255|255|255|255|255|255|255|255,-1|-1|-1|-1|1|1|1|1,14|14|13|13|14|14|13|13,0|0|0|0|0|0|0|0,-14|0|0|14|-14|0|0|14,101|120|120|139|101|120|120|139,1,0,0,14,255,208
210,0,4,1,0,1,0,0,0,3|2|2|2|2|2|2|2,255|255|255|255|255|255|255|255,0|6|-7|7|-8|8|-5|5,10|21|21|21|21|21|21|21,0|2|-4|4|-6|6|-1|1,0|20|20|20|20|20|20|20,227|152|151|152|151|152|151|152,1,0,0,5,255,208
211,0,5,1,0,1,0,0,0,5|1|0|0|62|1|1|1,255|255|81|9|109|97|112|120,0|0|112|111|115|0|58|0,11|6|0|0|62|1|1|1,0|4|81|10|109|97|112|120,0|0|112|112|111|115|0|60,214|233|15872|257|33281|20738|27914|28769,1,0,0,5,255,208
212,0,4,1,0,1,0,0,0,3|1|0|0|81|10|109|97,98|49|121|100|101|108|97|121,0|64|0|0|0|0|0|22,10|1|1|0|0|81|13|109,0|112|49|121|100|101|108|97,0|109|97|120|0|65|0|0,227|5632|257|1|20736|27914|28769|31026,1,0,0,5,255,208
213,0,4,1,0,1,0,0,0,5|112|81|13|109|97|112|50,98|255|101|108|97|121|109|97,0|-1|67|0|0|0|0|0,11|-1|1|1|-121|3|82|16,0|0|114|107|101|110|66|97,0|0|103|114|111|117|110|100,214|31|0|0|0|3334|4|0,1,0,0,5,255,208
214,0,5,2,0,2,0,0,0,3|3|112|97|119|66|97|99,98|98|255|111|117|110|100|50,0|0|0|0|0|0|0|0,10|10|0|13|4|0|0|0,-6|6|0|0|0|0|0|0,0|0|0|16|83|117|112|101,227|227|31|28530|28277|12900|2049|24,1,0,0,5,255,208
215,0,4,2,0,2,0,0,0,5|3|112|112|0|0|82|12,98|98|255|255|101|114|83|99,0|0|0|0|1|8|32|0,11|10|0|0|0|0|6|13,-2|-2|-3|3|0|0|0|0,0|0|0|0|2|1|1|1,214|227|31|31|0|32|0|0,1,0,4,5,255,208
216,0,4,2,0,2,0,0,0,5|5|8|0|0|0|0|0,98|98|24|0|0|0|2|0,0|0|-80|0|-1|-1|3|5,11|9|-88|0|-1|-1|-5|6,-2|-2|8|0|-1|-1|74|7,0|0|-120|0|-1|-1|53|8,214|214|65535|5630|68|0|0|1047,1,0,4,5,255,208
217,0,4,3,0,3,0,0,0,5|5|3|116|105|103|7|3,98|98|98|255|103|97|50|53,0|0|0|0|0|71|4|53,9|7|5|-2|67|75|71|82,-2|-2|-2|0|65|83|0|0,0|0|0|0|-25|-25|-25|-25,214|214|227|32|0|67|5|36864,1,0,5,5,255,208
218,0,4,4,0,4,0,0,0,5|3|3|3|26|0|0|144,98|98|98|98|35|0|13|144,0|0|-4|4|40|0|0|-112,8|6|8|8|53|0|0|-112,-2|-2|-2|-2|57|0|0|-112,0|0|0|0|61|0|24|-112,214|227|227|227|0|2|69|36864,1,0,4,5,255,208
219,0,4,4,0,4,0,0,0,5|3|5|5|196|3|0|144,98|98|98|98|216|4|0|144,0|0|-4|4|-35|4|0|-112,8|6|8|8|-32|4|0|-112,-2|-2|-2|-2|-28|4|0|-112,0|0|0|0|-24|4|0|-112,214|227|214|214|0|38|1272|36864,1,0,1,5,255,208
220,0,4,4,0,4,0,0,0,5|3|5|5|12|0|0|144,98|98|98|98|19|0|0|144,0|0|-4|4|26|0|0|-112,1|-1|0|0|35|0|0|-112,-2|-2|-2|-2|43|0|0|-112,0|0|0|0|47|0|0|-112,214|227|214|214|0|24|55|36864,1,0,4,5,255,208
221,0,1,1,0,2,0,0,0,1|1|112|112|109|1|0|144,98|98|255|255|131|1|0|144,0|0|1|-1|-49|1|0|-112,20|20|-1|-1|-44|1|0|-112,-4|4|0|0|-41|1|0|-112,0|0|0|0|-37|1|0|-112,67|67|31|31|0|32|491|36864,-1,0,0,20,255,208
222,0,1,1,0,4,0,0,0,1|1|1|1|9|0|13|144,98|98|98|98|5|0|13|144,-1|0|1|0|11|0|13|-112,20|20|20|20|15|0|13|-112,-6|0|6|0|19|0|13|-112,0|0|0|0|26|0|13|-112,67|67|67|67|0|679|39|36877,-1,0,0,20,255,208
223,0,1,1,0,4,0,0,0,1|1|1|1|53|0|13|144,98|98|98|98|56|0|13|144,-2|0|2|0|60|0|13|-112,20|20|20|20|67|0|13|-112,-6|0|6|0|74|0|13|-112,0|0|0|0|79|0|24|-112,67|67|67|67|0|24|154|0,-1,0,0,20,255,208
224,0,1,1,0,6,0,0,0,1|1|1|1|1|1|226|0,98|98|98|98|98|98|114|1,-1|0|0|1|0|0|-102|1,20|20|20|20|20|20|-60|1,-6|-2|2|6|2|-2|-16|1,0|0|0|0|0|0|26|2,67|67|67|67|67|67|75|668,-1,0,0,20,255,208
225,0,1,1,0,8,0,0,0,1|1|1|1|1|1|1|1,98|98|98|98|98|98|98|98,-2|-1|0|1|2|1|0|-1,20|20|20|20|20|20|20|20,-8|-4|0|4|8|4|0|-4,0|0|0|0|0|0|0|0,67|67|67|67|67|67|67|67,-1,0,0,20,255,208
226,0,1,1,0,8,0,0,0,1|1|1|1|1|1|1|1,98|98|98|98|98|98|98|98,-2|-1|0|1|2|1|0|-1,20|20|20|20|20|20|20|20,-8|-4|0|4|8|4|0|-4,0|0|0|0|0|0|0|0,67|67|67|67|67|67|67|67,-1,0,0,20,255,208
227,0,2,1,0,4,0,0,0,2|2|2|2|75|0|180|7,98|98|98|98|78|0|180|7,-1|0|1|0|91|0|-76|7,20|20|20|20|96|0|-76|7,-6|0|6|0|101|0|-76|7,0|0|0|0|112|0|-76|7,70|70|70|70|123|1972|155|1972,-1,0,0,20,255,208
228,0,2,1,0,6,0,0,0,2|2|2|2|2|2|180|7,98|98|98|98|98|98|74|7,-1|0|0|1|0|0|-76|7,20|20|20|20|20|20|4|6,-6|-2|2|6|2|-2|4|6,0|0|0|0|0|0|-50|6,70|70|70|70|70|70|40|1366,-1,0,0,20,255,208
229,0,2,1,0,8,0,0,0,2|2|2|2|2|2|2|2,98|98|98|98|98|98|98|98,-2|-1|0|1|2|1|0|-1,20|20|20|20|20|20|20|20,-8|-4|0|4|8|4|0|-4,0|0|0|0|0|0|0|0,70|70|70|70|70|70|70|70,-1,0,0,20,255,208
230,0,1,1,0,8,0,0,0,2|2|2|2|2|2|2|2,98|98|98|98|98|98|98|98,-2|-1|0|1|2|1|0|-1,20|20|20|20|20|20|20|20,-8|-4|0|4|8|4|0|-4,0|0|0|0|0|0|0|0,70|70|70|70|70|70|70|70,-1,0,0,20,255,208
231,0,0,1,0,8,0,0,0,2|2|2|2|2|2|2|2,98|98|98|98|98|98|98|98,-2|-1|0|1|2|1|0|-1,20|20|20|20|20|20|20|20,-8|-4|0|4|8|4|0|-4,0|0|0|0|0|0|0|0,70|70|70|70|70|70|70|70,-1,0,0,20,255,208
232,0,5,3,2,3,0,0,0,1|1|1|4|31|1|46|7,255|255|255|255|34|1|102|2,0|0|0|-4|40|1|-74|2,22|22|22|-4|41|1|-100|2,0|0|0|0|74|0|112|3,-22|-8|6|0|-53|0|50|9,191|191|191|100|206|914|207|931,0,0,0,15,255,128
233,0,5,4,2,4,0,0,0,1|1|1|1|2|2|146|3,255|255|255|255|255|255|112|3,0|0|0|0|6|-6|-93|3,22|22|22|22|-6|-6|112|3,0|0|0|0|0|0|-93|3,-22|-8|6|20|0|0|112|3,191|191|191|191|99|99|248|880,0,0,0,15,255,128
234,0,5,6,2,6,0,0,0,1|1|1|1|1|2|146|3,255|255|255|255|255|255|163|3,0|0|0|0|0|0|112|3,22|22|22|22|22|-12|-93|3,0|0|0|0|0|0|15|1,-22|-8|6|20|34|0|31|1,191|191|191|191|191|191|13261|18057,0,0,0,15,255,128
235,0,5,7,2,7,0,0,0,1|1|1|1|1|2|2|1,255|255|255|255|255|255|255|229,0|0|0|0|0|0|0|-72,22|22|22|22|22|-12|-12|4,0|0|0|0|0|0|0|116,-22|-8|6|20|34|0|-14|126,191|191|191|191|191|191|191|24201,0,0,0,15,255,128
236,0,5,6,2,6,0,0,0,1|1|1|1|2|2|137|229,255|255|255|255|101|101|13|184,0|0|0|0|-10|10|-117|86,22|22|22|22|10|10|4|0,0|0|0|0|0|0|0|0,-22|-8|6|20|0|0|0|0,191|191|191|191|194|196|161|35072,0,0,0,15,255,128
237,0,5,8,2,8,0,0,0,1|1|1|1|2|2|2|2,255|255|255|255|101|101|101|101,0|0|0|0|-10|10|-10|10,22|22|22|22|10|10|10|10,0|0|0|0|0|0|12|-12,-22|-8|6|20|0|0|14|14,191|191|191|191|194|196|194|196,0,0,0,15,255,128
238,0,5,6,2,6,0,0,0,3|1|1|1|2|2|70|254,103|103|103|103|101|101|229|199,0|0|0|0|-10|10|70|12,22|22|22|22|10|10|8|72,0|0|0|0|0|0|0|0,-22|-8|6|20|0|0|0|-57,210|229|248|267|194|196|18059|18438,0,0,0,15,255,128
239,0,5,8,2,8,0,0,0,3|1|1|1|2|2|2|2,103|103|103|103|101|101|101|101,0|0|0|0|-10|10|-10|10,22|22|22|22|10|10|10|10,0|0|0|0|0|0|12|-12,-22|-8|6|20|0|0|14|14,210|229|248|267|194|196|194|196,0,0,0,15,255,128
240,0,5,8,2,8,0,0,0,3|1|1|1|2|2|2|2,103|103|103|103|101|101|101|101,0|0|0|0|-7|7|-7|7,22|22|22|22|10|10|10|10,0|0|0|0|0|0|12|-12,-22|-8|6|20|0|0|14|14,210|229|248|267|194|196|194|196,0,0,0,15,255,128
241,0,2,4,2,8,0,0,0,3|1|1|1|3|1|1|1,103|103|103|103|103|103|103|103,0|0|0|0|0|0|0|0,22|22|22|22|22|22|22|22,-8|-8|-8|-8|8|8|8|8,-22|-8|6|20|-22|-8|6|20,210|229|248|267|210|229|248|267,0,0,0,15,255,128
242,0,1,8,2,8,0,0,0,1|1|1|1|1|1|1|1,103|103|103|103|103|103|103|103,0|0|0|0|0|0|0|0,22|22|22|22|22|22|22|22,-8|-8|-8|-8|8|8|8|8,-22|-8|6|20|-22|-8|6|20,210|229|248|267|210|229|248|267,0,0,0,15,255,128
243,0,2,1,9,6,0,0,0,2|2|2|2|2|2|255|63,10|10|10|10|10|10|255|3,-10|10|-10|10|-12|12|63|0,4|-4|-4|4|0|0|-1|48,0|0|0|0|0|0|0|0,0|0|0|0|0|0|0|120,172|172|172|172|172|172|17920|1536,0,0,0,0,255,112
244,0,2,1,9,8,0,0,0,2|2|2|2|2|2|2|2,10|10|10|10|10|10|10|10,-9|9|-9|9|-10|10|-10|10,6|-6|-6|6|-3|3|3|-3,0|0|0|0|0|0|0|0,0|0|0|0|0|0|0|0,172|172|172|172|172|172|172|172,0,0,0,0,255,112
245,0,1,1,9,6,0,0,0,2|2|2|2|2|2|0|0,10|10|10|10|10|10|48|0,-10|10|-10|10|-12|12|0|7,4|-4|-4|4|0|0|0|0,0|0|0|0|0|0|11|-112,0|0|0|0|0|0|11|-112,172|172|172|172|172|172|6|36875,0,0,0,0,255,112
246,0,1,1,9,8,0,0,0,2|2|2|2|2|2|2|2,10|10|10|10|10|10|10|10,-9|9|-9|9|-10|10|-10|10,6|-6|-6|6|-3|3|3|-3,0|0|0|0|0|0|0|0,0|0|0|0|0|0|0|0,172|172|172|172|172|172|172|172,0,0,0,0,255,112
247,0,2,2,9,6,0,0,0,2|2|2|2|2|2|11|144,10|10|10|10|10|10|11|144,-10|10|-10|10|-12|12|11|-112,4|-4|-4|4|0|0|11|-112,0|0|0|0|0|0|11|-112,0|0|0|0|0|0|11|-112,172|172|172|172|172|172|21|36875,0,0,0,0,255,112
248,0,2,2,9,8,0,0,0,2|2|2|2|2|2|2|2,10|10|10|10|10|10|10|10,-9|9|-9|9|-10|10|-10|10,6|-6|-6|6|-3|3|3|-3,0|0|0|0|0|0|0|0,0|0|0|0|0|0|0|0,172|172|172|172|172|172|172|172,0,0,0,0,255,112
249,0,1,2,9,6,0,0,0,2|2|2|2|2|2|11|144,10|10|10|10|10|10|11|144,-10|10|-10|10|-12|12|11|-112,4|-4|-4|4|0|0|24|48,0|0|0|0|0|0|11|-112,0|0|0|0|0|0|11|-112,172|172|172|172|172|172|17|36875,0,0,0,0,255,112
250,0,1,2,9,8,0,0,0,2|2|2|2|2|2|2|2,10|10|10|10|10|10|10|10,-9|9|-9|9|-10|10|-10|10,6|-6|-6|6|-3|3|3|-3,0|0|0|0|0|0|0|0,0|0|0|0|0|0|0|0,172|172|172|172|172|172|172|172,0,0,0,0,255,112
251,0,2,4,9,8,0,0,0,2|2|2|2|2|2|2|2,10|10|10|10|10|10|10|10,-9|9|-9|9|-10|10|-10|10,6|-6|-6|6|-3|3|3|-3,0|0|0|0|0|0|0|0,0|0|0|0|0|0|0|0,172|172|172|172|172|172|172|172,0,0,0,0,255,112
252,0,3,6,9,6,0,0,0,2|2|2|2|2|2|96|3,10|10|10|10|10|10|142|3,-10|10|-10|10|-12|12|-69|3,4|-4|-4|4|0|0|-40|3,0|0|0|0|0|0|-12|3,0|0|0|0|0|0|14|4,172|172|172|172|172|172|171|1089,0,0,0,0,255,112
253,0,2,8,9,8,0,0,0,2|2|2|2|2|2|2|2,10|10|10|10|10|10|10|10,-9|9|-9|9|-10|10|-10|10,6|-6|-6|6|-3|3|3|-3,0|0|0|0|0|0|0|0,0|0|0|0|0|0|0|0,172|172|172|172|172|172|172|172,0,0,0,0,255,112
254,0,4,1,0,2,0,0,0,1|1|144|1|89|0|216|3,255|255|121|1|96|0|216|3,-10|10|-91|3|104|0|-69|3,0|0|-112|1|107|0|-55|3,0|0|121|1|111|0|3|4,0|0|3|4|115|0|121|1,39|1|120|1038|122|350|126|969,0,0,0,8,255,208
255,0,6,2,0,2,0,0,0,1|1|153|3|142|0|119|3,255|255|98|1|148|0|187|3,-10|10|120|1|-88|0|51|1,0|0|6|1|-88|0|35|4,0|0|0|1|-83|0|31|1,0|0|0|1|-83|0|65|4,39|1|35|474|179|307|179|287,0,0,0,8,255,208
256,0,6,2,0,2,0,0,0,2|2|31|1|186|0|85|137,255|255|223|197|118|6|185|0,-10|10|-56|3|48|-64|-18|66,0|0|-30|-4|-114|-33|-55|-54,0|0|85|-119|-27|-59|118|12,0|0|16|48|-19|-118|78|8,40|2|2126|32833|213|3721|0|56105,0,0,0,8,255,208
257,0,6,5,0,5,0,0,0,1|1|1|1|1|14|0|0,255|255|255|255|255|135|0|0,-9|9|9|-9|0|-40|-10|-26,2|2|-2|-2|-10|0|0|125,-2|2|2|-2|0|37|0|-60,0|0|0|0|0|71|-30|-38,281|282|301|300|77|64373|43244|29704,0,0,0,8,255,208
258,0,6,2,0,2,0,0,0,3|3|95|254|198|56|214|118,255|255|202|14|0|85|137|229,-10|10|0|30|87|-65|0|0,0|0|106|0|106|-1|-118|70,0|0|-102|0|0|0|0|-55,0|0|0|85|-119|-27|-65|0,41|3|0|22302|106|65386|18058|20486,0,0,0,8,255,208
259,0,6,3,0,3,0,0,0,3|3|1|3|106|63|154|0,255|255|255|191|0|0|30|87,-10|10|0|30|87|106|0|106,0|0|-10|6|80|-102|0|0,0|0|0|0|0|30|87|-65,0|0|0|87|104|0|3|-102,41|3|77|7680|26711|768|106|154,0,0,0,8,255,208
260,0,6,4,0,4,0,0,0,2|2|2|2|154|0|0|0,255|255|255|255|0|0|0|0,-9|9|9|-9|0|0|24|-112,2|2|-2|-2|26|0|24|-112,-2|2|2|-2|37|0|24|-112,0|0|0|0|52|0|24|-112,277|278|297|296|0|3072|74|36888,0,0,0,8,255,208
261,0,6,6,0,6,0,0,0,2|2|2|2|1|1|24|144,255|255|255|255|255|255|24|144,-9|9|9|-9|-10|10|24|48,2|2|-2|-2|0|0|24|-112,-2|2|2|-2|0|0|24|-112,0|0|0|0|0|0|24|48,277|278|297|296|39|1|4|12301,0,0,0,8,255,208
262,0,6,6,0,6,0,0,0,2|2|2|2|3|3|24|48,255|255|255|255|255|255|24|144,-9|9|9|-9|-10|10|24|-112,2|2|-2|-2|0|0|13|48,-2|2|2|-2|0|0|24|-112,0|0|0|0|0|0|13|48,277|278|297|296|41|3|4|12301,0,0,0,8,255,208
263,0,6,6,0,6,0,0,0,2|2|2|2|4|4|0|1,255|255|255|255|255|255|6|0,-9|9|9|-9|-10|10|1|117,2|2|-2|-2|0|0|-58|6,-2|2|2|-2|0|0|0|0,0|0|0|0|0|0|-113|0,277|278|297|296|203|222|0|1734,0,0,0,8,255,208
264,0,6,6,0,6,0,0,0,2|2|2|2|5|5|0|0,255|255|255|255|255|255|6|0,-9|9|9|-9|-10|10|117|27,2|2|-2|-2|0|0|6|0,-2|2|2|-2|0|0|1|-58,0|0|0|0|0|0|0|0,277|278|297|296|43|5|1734|0,0,0,0,8,255,208
265,0,3,1,0,4,0,0,0,1|1|1|1|0|1|198|6,255|255|255|255|6|0|0|1,-9|9|9|-9|1|-58|6|0,2|2|-2|-2|0|0|1|-96,-2|2|2|-2|117|7|-58|6,0|0|0|0|42|60|2|117,281|282|301|300|828|1909|1734|0,0,0,0,8,255,208
266,0,4,2,0,4,0,0,0,1|1|1|1|0|0|1|201,255|255|255|255|198|6|0|0,-9|9|9|-9|60|0|117|19,2|2|-2|-2|0|67|-58|6,-2|2|2|-2|6|0|0|2,0|0|0|0|1|117|19|-57,281|282|301|300|256|1735|0|2,0,0,0,8,255,208
267,0,6,4,0,4,0,0,0,1|1|1|1|0|2|0|235,255|255|255|255|19|199|6|0,-9|9|9|-9|6|0|0|1,2|2|-2|-2|4|0|-21|49,-2|2|2|-2|-57|6|0|0,0|0|0|0|0|0|1|-57,281|282|301|300|29957|50966|6|0,0,0,0,8,255,208
268,0,6,5,0,5,0,0,0,1|1|1|1|1|0|0|154,255|255|255|255|255|0|0|0,-6|6|6|-6|0|9|0|-58,6|6|-6|-6|-10|54|-10|-62,-4|4|4|-4|0|54|-10|-117,0|0|0|0|0|-71|10|0,163|164|183|182|77|48779|63030|34098,0,0,0,8,255,208
269,0,6,4,0,4,0,0,0,2|2|1|1|246|72|139|248,255|255|255|255|139|190|54|246,-9|9|6|-6|-117|-66|54|-10,2|2|-6|-6|-125|-66|54|-10,-2|2|4|-4|-122|53|-10|0,0|0|0|0|1|0|-21|4,277|278|183|182|33674|63031|34304|63029,0,0,0,8,255,208
270,0,6,5,0,5,0,0,0,2|2|1|1|1|198|134|53,255|255|255|255|255|246|1|0,-9|9|6|-6|0|-10|-117|-66,2|2|-6|-6|-10|-10|40|-122,-2|2|4|-4|0|-10|-62|9,0|0|0|0|0|58|-122|53,277|278|183|182|77|502|34503|63030,0,0,0,8,255,208
271,0,6,5,0,5,0,0,0,2|2|2|2|1|134|53|246,255|255|255|255|255|136|134|53,-9|9|6|-6|0|-62|9|117,2|2|-6|-6|-10|-122|53|-10,-2|2|4|-4|0|0|-58|-122,0|0|0|0|0|54|-10|1,277|278|295|294|77|35830|14014|13046,0,0,0,8,255,208
272,0,6,7,0,7,0,0,0,2|2|2|2|1|1|1|4,255|255|255|255|255|255|255|0,-9|9|6|-6|0|-10|10|0,2|2|-6|-6|-10|0|0|87,-2|2|4|-4|0|0|0|9,0|0|0|0|0|0|0|-56,277|278|295|294|77|39|1|50792,0,0,0,8,255,208
273,0,6,7,0,7,0,0,0,2|2|2|2|1|2|2|139,255|255|255|255|255|255|255|0,-9|9|6|-6|0|-2|2|-62,2|2|-6|-6|-10|-9|-9|-94,-2|2|4|-4|0|-4|4|-57,0|0|0|0|0|0|0|-1,277|278|295|294|77|298|299|33260,0,0,0,8,255,208
274,0,6,8,0,8,0,0,0,2|2|2|2|2|2|1|1,255|255|255|255|255|255|255|255,-9|9|6|-6|-2|2|-10|10,2|2|-6|-6|-9|-9|0|0,-2|2|4|-4|-4|4|0|0,0|0|0|0|0|0|0|0,277|278|295|294|298|299|39|1,0,0,0,8,255,208
275,0,6,8,0,8,0,0,0,2|2|2|2|2|2|2|2,255|255|255|255|255|255|255|255,-9|9|6|-6|-2|2|-10|10,2|2|-6|-6|-9|-9|0|0,-2|2|4|-4|-4|4|0|0,0|0|0|0|0|0|0|0,277|278|295|294|298|299|40|2,0,0,0,8,255,208
276,0,6,2,0,2,0,0,0,1|1|139|248|138|133|0|0,100|100|112|236|50|133|0|0,-13|13|112|-20|-120|-123|0|0,0|0|112|-20|-62|9|117|-81,-2|2|10|84|89|82|73|65,0|0|67|70|71|10|84|121,6|44|21294|22081|21514|21081|16713|11854,0,0,0,13,255,208
277,0,6,3,0,3,0,0,0,1|1|1|114|114|114|114|114,100|100|98|255|255|255|255|255,-13|13|0|9|-8|8|-6|6,0|0|13|5|6|6|8|8,-2|2|0|0|0|0|0|0,0|0|0|0|0|0|0|0,6|44|63|53|15|53|15|53,0,0,0,13,255,208
278,0,6,4,0,4,0,0,0,1|1|1|1|49|192|80|80,100|100|98|98|0|198|6|0,-13|13|-2|2|-128|22|87|-65,0|0|13|13|106|1|49|-64,-2|2|-4|4|0|0|0|-128,0|0|0|0|117|5|-58|6,6|44|224|223|191|7680|27223|12545,0,0,0,13,255,208
279,0,6,3,0,3,0,0,0,2|2|1|1|49|192|80|80,100|100|98|0|0|141|126|128,-13|13|0|0|0|30|87|106,0|0|13|80|80|-102|0|0,-2|2|0|126|-128|22|87|-65,0|0|0|87|106|1|49|-64,16|54|63|36096|32894|22294|191|7680,0,0,0,13,255,208
280,0,6,4,0,4,0,0,0,2|2|1|1|30|87|106|1,100|100|98|98|154|0|0|0,-13|13|-2|2|22|87|-65|0,0|0|13|13|4|49|-64|80,-2|2|-4|4|0|0|-115|126,0|0|0|0|0|0|30|87,16|54|224|223|0|36096|32894|22294,0,0,0,13,255,208
281,0,6,6,0,6,0,0,0,2|2|2|2|1|1|0|0,100|100|100|100|98|98|80|80,-13|13|-13|13|-2|2|126|-128,-1|-1|1|1|13|13|87|106,-2|2|-2|2|-4|4|0|0,4|4|-4|-4|0|0|87|-65,16|54|16|54|224|223|0|36096,0,0,0,13,255,208
282,0,6,6,0,6,0,0,0,3|3|3|3|1|1|22|0,100|100|100|100|98|98|198|6,-13|13|-13|13|-2|2|0|1,0|0|0|0|13|13|0|0,-2|2|-2|2|-4|4|87|106,-7|-7|7|7|0|0|-58|6,105|106|124|125|224|223|255|1735,0,0,0,13,255,208
283,0,6,6,0,6,0,0,0,3|3|3|3|2|1|0|0,100|100|100|100|98|98|0|0,-13|13|-13|13|0|0|0|8,0|0|0|0|13|-13|-115|126,-2|2|-2|2|0|0|14|87,-7|-7|7|7|0|0|126|-128,105|106|124|125|73|82|22294|191,0,0,0,13,255,208
284,0,6,7,0,7,0,0,0,3|3|3|3|2|1|1|0,100|100|100|100|98|98|98|163,-13|13|-13|13|0|-2|2|-117,0|0|0|0|13|-13|-13|-95,-2|2|-2|2|0|-4|4|-37,-7|-7|7|7|0|0|0|-115,105|106|124|125|73|243|242|30208,0,0,0,13,255,208
285,0,6,7,0,7,0,0,0,3|3|3|3|2|2|2|0,100|100|100|100|98|98|98|0,-13|13|-13|13|0|-9|9|-58,0|0|0|0|13|-9|-9|80,-2|2|-2|2|0|-9|9|0,-7|-7|7|7|0|0|0|0,105|106|124|125|73|130|131|65284,0,0,0,13,255,208
286,0,6,8,0,8,0,0,0,3|3|3|3|2|2|2|2,100|100|100|100|98|98|98|98,-13|13|-13|13|-9|9|-9|9,0|0|0|0|-9|-9|9|9,-2|2|-2|2|-9|9|-9|9,-7|-7|7|7|0|0|0|0,105|106|124|125|130|131|149|150,0,0,0,13,255,208
287,0,6,1,0,1,0,0,0,2|151|151|151|151|62|0|0,98|255|255|255|255|137|149|0,0|-10|10|-10|10|49|-46|-71,0|0|0|0|0|61|2|0,0|0|0|0|0|0|0|0,0|7|7|-7|-7|3|-103|107,73|256|257|256|257|0|5738|154,1,0,0,13,255,208
288,0,6,3,0,3,0,0,0,2|1|1|151|151|154|30|87,98|98|98|255|255|255|0|235,0|-1|1|-10|10|0|0|0,0|-1|-1|0|0|13|0|0,0|-4|4|0|0|0|109|-127,0|0|0|-7|-7|0|29|-102,73|63|63|256|257|208|65336|154,1,0,0,13,255,208
289,0,6,4,0,4,0,0,0,1|1|1|1|118|10|116|121,98|98|98|98|46|99|102|103,-1|1|-2|2|-65|0|0|30,0|0|-1|-1|30|87|104|94,-4|4|-8|8|0|0|-95|0,0|0|0|0|-94|0|0|-96,63|63|63|63|32397|5760|48983|0,1,0,0,13,255,208
290,0,6,5,0,5,0,0,0,1|1|1|1|1|128|22|87,98|98|98|98|98|104|198|9,-1|1|-2|2|0|0|0|0,-1|-1|-2|-2|0|87|-102|0,-4|4|-8|8|0|0|-115|126,0|0|0|0|0|0|14|87,63|63|63|63|63|362|154|0,1,0,0,13,255,208
291,0,6,4,0,4,0,0,0,2|2|1|1|0|0|141|126,98|98|98|98|0|0|30|87,-1|1|-3|3|80|80|-102|0,0|0|-1|-1|126|-128|22|87,-4|4|-8|8|87|106|1|49,0|0|0|0|0|0|0|0,73|73|63|63|22302|362|49201|20560,1,0,0,13,255,208
292,0,6,4,0,4,0,0,0,3|3|1|1|80|154|0|0,98|98|98|98|128|22|87|191,0|0|-2|2|106|1|49|-64,1|1|-1|-1|0|0|0|-115,-6|6|-8|8|-65|0|0|30,0|0|0|0|-64|80|80|-102,143|144|63|63|48983|0|22302|362,1,0,0,13,255,208
293,0,6,4,0,4,0,0,0,3|3|2|2|1|49|192|80,98|98|98|98|0|0|141|126,0|0|-2|2|0|0|30|87,1|1|-1|-1|80|80|-102|0,-6|6|-8|8|126|-128|22|87,0|0|0|0|87|106|4|49,143|144|73|73|32397|5760|48983|0,1,0,0,13,255,208
294,0,6,6,0,6,0,0,0,3|3|1|1|1|1|87|106,98|98|98|98|98|98|0|0,0|0|-1|1|-2|2|87|-65,1|1|0|0|-1|-1|49|-64,-6|6|-4|4|-8|8|0|-115,0|0|0|0|0|0|0|30,143|144|63|63|63|63|32397|5760,1,0,0,13,255,208
295,0,6,6,0,6,0,0,0,3|3|2|2|1|1|154|0,98|98|98|98|98|98|2|0,0|0|-1|1|-3|3|114|113,1|1|0|0|-1|-1|78|-1,-6|6|-4|4|-8|8|-71|10,0|0|0|0|0|0|-8|-118,143|144|73|73|63|63|9976|1418,1,0,0,13,255,208
296,0,6,6,0,6,0,0,0,3|3|3|3|3|3|44|138,98|98|98|98|98|98|126|6,0|0|-3|-3|3|3|70|-1,1|1|-2|-2|-2|-2|-8|38,-6|6|-12|0|0|12|-118|70,0|0|0|0|0|0|3|-8,143|144|143|144|143|144|51200|2,1,0,0,13,255,208
297,0,6,8,0,8,0,0,0,3|3|3|3|3|3|3|3,98|98|98|98|98|98|98|98,-1|-1|1|1|-3|-3|3|3,0|0|0|0|-2|-2|-2|-2,-12|0|0|12|-24|-12|12|24,0|0|0|0|0|0|0|0,143|144|143|144|143|144|143|144,1,0,0,13,255,208
298,80,20,8,3,8,0,0,0,128|128|128|128|128|128|128|128,255|255|255|255|255|255|255|255,0|0|1|-1|1|-1|1|-1,1|-1|1|1|-1|-1|0|0,0|0|0|0|0|0|0|0,0|0|0|0|0|0|0|0,271|271|271|271|271|271|271|271,0,0,0,8,255,208
299,0,90,1,3,1,0,0,0,99|192|64|1|80|104|64|1,255|0|0|0|0|90|3|194,120|126|-4|38|-119|69|1|106,2|-102|0|0|0|0|64|64,-20|-64|64|1|-60|126|-4|38,20|69|3|106|16|-102|0|0,263|36869|50176|64638|34854|33541|62|25600,0,0,160,0,255,208
300,0,7,2,0,2,0,0,0,1|1|255|197|118|6|172|170,255|255|237|243|164|142|219|138,-10|10|0|-118|70|10|48|-28,0|0|109|-120|-107|0|0|-118,0|0|0|-118|70|10|48|-28,0|0|109|-120|-107|0|0|-96,227|227|53387|18058|12298|27620|28152|38281,0,0,0,26,255,208
301,0,7,2,0,2,0,0,0,2|2|0|30|87|106|12|154,105|105|0|0|128|62|0|0,-10|10|28|-65|0|0|30|87,0|0|10|48|-28|107|-8|109,0|0|0|0|30|87|106|12,0|0|0|0|0|-21|26|-65,185|185|18058|12298|27620|28152|51073|0,0,0,0,26,255,208
302,0,7,4,0,4,0,0,0,1|1|1|1|48|228|107|248,255|255|255|255|0|137|157|0,-9|9|9|-9|0|-117|30|0,2|-2|2|-2|48|-28|107|-8,0|0|0|0|0|-119|-99|0,0|0|0|0|30|87|-118|70,227|227|227|227|0|22302|2410|154,0,0,0,26,255,208
303,0,7,4,0,4,0,0,0,2|1|2|1|22|0|0|138,105|255|105|255|107|248|109|136,-9|9|9|-9|22|0|0|-118,2|-2|2|-2|107|-8|109|-120,0|0|0|0|22|0|0|-118,0|0|0|0|107|-8|109|-120,185|227|185|227|2630|58416|63595|34925,0,0,0,26,255,208
304,0,7,6,0,6,0,0,0,2|1|2|1|1|1|0|1,105|255|105|255|255|255|0|139,-9|9|9|-9|-10|10|-1|-117,2|-2|2|-2|0|0|48|-28,0|0|0|0|0|0|-115|0,0|0|0|0|0|0|117|-37,185|227|185|227|227|227|16011|0,0,0,0,26,255,208
305,0,7,7,0,7,0,0,0,2|1|2|1|2|2|1|62,105|255|105|255|105|105|255|0,-9|9|9|-9|-10|10|0|-119,2|-2|2|-2|0|0|-10|-8,0|0|0|0|0|0|0|0,0|0|0|0|0|0|0|109,185|227|185|227|185|185|227|16385,0,0,0,26,255,208
306,0,7,7,0,7,0,0,0,2|2|2|2|2|2|1|107,105|105|105|105|105|105|255|87,-9|9|9|-9|-10|10|0|-102,2|-2|2|-2|0|0|-10|0,0|0|0|0|0|0|0|-28,0|0|0|0|0|0|0|30,185|185|185|185|185|185|227|35354,0,0,0,26,255,208
307,0,7,6,0,6,0,0,0,2|1|2|1|4|4|0|0,105|255|105|255|103|103|107|248,-9|9|9|-9|-6|6|-107|0,2|-2|2|-2|0|0|0|0,0|0|0|0|0|0|-8|109,0|0|0|0|0|0|0|0,185|227|185|227|204|204|63595|35437,0,0,0,26,255,208
308,0,7,6,0,6,0,0,0,2|2|2|2|4|4|8|138,105|105|105|105|103|103|255|129,-9|9|9|-9|-6|6|8|0,2|-2|2|-2|0|0|0|0,0|0|0|0|0|0|4|-8,0|0|0|0|0|0|0|0,185|185|185|185|204|204|104|35328,0,0,0,26,255,208
309,0,7,8,0,8,0,0,0,2|1|2|1|1|1|4|4,105|255|105|255|255|255|103|103,-9|9|9|-9|-3|3|-6|6,2|-2|2|-2|-7|-7|0|0,0|0|0|0|0|0|0|0,0|0|0|0|0|0|0|0,185|227|185|227|227|227|204|204,0,0,0,26,255,208
310,0,7,8,0,8,0,0,0,2|2|2|2|1|1|4|4,105|105|105|105|255|255|103|103,-9|9|9|-9|-3|3|-6|6,2|-2|2|-2|-7|-7|0|0,0|0|0|0|0|0|0|0,0|0|0|0|0|0|0|0,185|185|185|185|227|227|204|204,0,0,0,26,255,208
311,0,11,1,0,1,0,0,0,1|80|75|77|57|28|29|56,90|84|104|101|32|80|114|105,120|101|32|67|104|97|105|114,120|0|0|0|0|0|0|0,-13|84|114|97|110|115|111|110,14|76|111|104|107|0|0|0,227|0|0|0|18956|30305|8297|28239,0,0,6,26,255,208
312,0,21,1,5,1,0,0,0,2|10|97|110|116|111|114|105,90|98|0|0|0|0|0|0,120|0|0|0|0|0|0|0,120|0|111|114|116|97|110|101,-18|6|115|0|0|0|0|0,20|0|0|0|0|0|0|0,185|144|24935|110|0|0|0|0,0,0,7,26,255,208
313,0,16,1,5,1,0,0,0,2|10|10|0|0|0|0|0,90|98|98|0|0|0|0|0,120|0|0|110|101|114|97|108,120|-1|-1|110|103|108|111|110,-24|-12|12|0|0|0|0|0,24|0|0|101|32|108|97|116,185|73|73|8307|26704|27753|29284|28261,0,0,8,26,255,208
314,0,8,1,5,1,0,0,0,2|12|12|0|0|0|0|0,90|98|98|112|112|111|0|0,120|0|0|0|0|0|0|0,120|-1|-1|0|0|0|0|0,-24|-12|12|114|111|103|97|114,24|0|0|0|0|0|0|0,185|123|123|0|21265|26984|19824|29537,0,0,8,26,255,208
315,0,16,2,5,2,0,0,0,2|2|105|108|108|0|0|0,90|90|0|0|0|0|0|0,120|120|0|0|0|0|0|0,120|120|97|114|99|121|0|0,-30|-18|0|0|0|0|0|0,24|24|0|0|0|0|0|0,185|185|8293|29779|28271|101|0|0,0,0,8,26,255,208
316,0,8,2,5,2,0,0,0,2|2|115|32|72|97|118|101,45|45|104|105|109|0|0|0,120|120|97|114|116|97|32|76,120|120|105|115|101|32|86|101,-40|-8|115|113|117|101|122|0,24|24|97|122|122|32|74|97,185|185|25186|29801|0|0|0|0,0,0,8,26,255,208
317,0,16,3,5,3,0,0,0,2|2|2|0|0|0|0|0,45|45|90|118|97|110|32|83,120|120|120|108|0|0|0|0,120|120|120|0|0|0|0|0,-40|-8|-24|121|115|116|97|108,24|24|4|118|114|111|101|0,185|185|185|0|21262|25972|26214|28257,0,0,8,26,255,208
318,0,8,1,3,1,0,0,0,4|8|105|108|97|110|111|32,90|98|103|115|116|111|110|0,120|0|0|0|0|0|0|0,120|20|104|114|105|115|116|105,-24|4|0|0|0|0|0|0,24|0|0|0|0|0|0|0,204|218|29298|111|0|0|0|0,0,0,8,26,255,208
319,0,16,2,3,2,0,0,0,4|4|6|0|0|0|0|0,90|90|98|0|0|0|0|0,120|120|0|114|97|104|105|109,120|120|20|116|104|101|0|0,-30|-18|8|0|0|0|0|0,24|24|0|103|101|108|0|0,204|204|70|0|0|0|0|0,0,0,8,26,255,208
320,0,8,2,3,2,0,0,0,4|4|10|0|0|0|0|0,45|45|98|118|101|110|0|0,120|120|0|0|0|0|0|0,120|120|20|0|0|0|0|0,-40|-8|8|110|115|32|75|114,24|24|0|115|97|99|107|0,204|204|218|0|21509|27769|29285|0,0,0,8,26,255,208
321,0,16,3,3,3,0,0,0,4|4|4|110|110|105|115|32,45|45|90|32|82|97|116|32,120|120|120|114|100|0|0|0,120|120|120|99|107|114|97|98,-50|8|-24|115|0|0|0|0,24|24|4|0|0|0|0|0,204|204|204|21536|29305|24937|110|0,0,0,8,26,255,208
322,0,4,2,0,2,0,0,0,1|1|109|32|66|114|111|116,255|255|114|115|0|0|0|0,0|0|0|18|68|97|114|101,12|12|111|32|68|114|101|97,-5|5|84|101|97|109|0|0,0|0|0|0|14|80|105|110,225|225|17952|25970|27489|115|0|0,0,0,0,26,255,208
323,0,5,3,0,3,0,0,0,1|1|1|5|108|32|70|114,255|255|255|10|0|0|13|84,0|-2|2|1|86|121|107|114,12|11|11|5|0|0|0|0,0|0|0|6|0|0|0|14,0|0|0|0|32|65|108|108,225|225|225|172|0|0|0|0,0,0,0,26,255,208
324,0,5,4,0,4,0,0,0,1|1|1|1|6|105|111|114,255|255|255|255|10|109|32|79,-2|2|-4|4|1|108|108|0,11|11|12|12|5|0|0|0,0|0|0|0|6|101|100|32,0|0|0|0|0|115|0|0,225|225|225|225|172|4096|25927|25454,0,0,0,26,255,208
325,0,6,5,0,5,0,0,0,1|1|1|1|1|7|7|99,255|255|255|255|255|10|10|97,0|-3|3|-6|6|-2|2|0,12|11|11|9|9|5|5|101,0|0|0|0|0|-8|8|105,0|0|0|0|0|0|0|0,225|225|225|225|225|172|172|28515,0,0,0,26,255,208
326,0,6,6,0,6,0,0,0,1|1|1|1|1|1|8|8,255|255|255|255|255|255|10|10,-3|3|-6|6|0|0|2|0,11|11|9|9|12|12|5|7,0|0|0|0|-4|4|8|0,0|0|0|0|0|0|0|8,225|225|225|225|225|225|172|172,0,0,0,26,255,208
327,0,6,4,0,4,0,0,0,1|1|2|2|105|99|32|68,255|255|255|255|116|109|101|110,-6|6|0|0|67|108|97|110,9|9|11|11|97|108|0|0,0|0|8|-8|0|0|0|0,0|0|0|0|11|67|108|97,225|225|244|244|0|0|0|0,0,0,0,26,255,208
328,0,6,5,0,5,0,0,0,1|1|2|2|2|115|0|0,255|255|255|255|255|0|1|1,-5|5|3|-3|0|0|1|1,9|9|11|11|12|0|1|1,0|0|0|0|0|0|0|0,0|0|0|0|0|0|0|0,225|225|244|244|244|0|0|0,0,0,0,26,255,208
329,0,6,6,0,6,0,0,0,1|1|3|3|2|2|0|0,255|255|255|255|255|255|1|0,-6|6|3|-3|0|0|0|0,9|9|11|11|12|12|0|0,0|0|0|0|-8|8|-1|71,0|0|0|0|0|0|0|0,225|225|244|244|244|244|16673|16450,0,0,0,26,255,208
330,0,6,6,0,6,0,0,0,2|2|3|2|2|2|1|2,255|255|255|255|255|255|9|10,-6|6|3|-3|0|0|17|18,9|9|11|11|12|12|25|26,0|0|0|0|-8|8|35|36,0|0|0|0|0|0|43|44,244|244|244|244|244|244|14905|15419,0,0,0,26,255,208
331,0,6,7,0,7,0,0,0,2|2|3|2|2|2|3|105,255|255|255|255|255|255|255|113,-8|8|6|-6|3|-3|0|121,9|9|10|10|11|11|12|0,0|0|0|0|0|0|0|-112,0|0|0|0|0|0|0|-112,244|244|244|244|244|244|244|36888,0,0,0,26,255,208
332,0,6,8,0,8,0,0,0,5|2|2|2|2|2|2|2,255|255|255|255|255|255|255|255,0|-4|4|-6|6|0|-3|3,12|12|12|9|9|12|11|11,0|-4|4|0|0|0|0|0,0|-6|-6|0|0|9|0|0,244|244|244|244|244|226|226|226,0,0,0,26,255,208
333,0,8,1,0,1,0,0,0,2|0|220|254|62|0|24|144,255|0|76|8|86|0|11|48,0|0|0|0|103|0|24|-112,-6|0|6|0|59|0|24|-112,0|0|8|0|24|0|24|-112,0|0|-36|-2|62|0|24|-112,126|2124|86|12299|80|0|103|53259,1,0,0,16,255,208
334,0,8,2,0,2,0,0,0,2|2|8|0|145|0|11|208,255|255|223|255|171|0|24|144,-1|1|-36|-2|-64|0|11|-48,-7|-7|-33|-1|-52|0|24|-112,-5|5|76|8|-31|0|11|48,0|0|0|0|-16|0|11|-48,126|126|254|36888|0|8|274|53259,1,0,0,16,255,208
335,0,8,3,0,3,0,0,0,2|2|2|255|77|1|24|144,255|255|255|8|98|1|11|144,-2|2|0|0|118|1|11|48,-7|-7|-5|0|122|1|11|-48,-5|5|0|-1|-120|1|24|-112,0|0|0|-2|-99|1|11|-48,126|126|126|53259|0|65503|125|36888,1,0,0,16,255,208
336,0,8,2,0,2,0,0,0,3|3|2|2|178|0|11|208,255|255|255|255|202|0|24|144,-1|1|0|0|-44|0|11|-48,-8|-8|-4|-4|-32|0|24|-112,-5|5|-8|8|-22|0|11|48,0|0|0|0|6|1|11|-48,214|214|126|126|0|8|287|53259,1,0,0,16,255,208
337,0,8,3,0,3,0,0,0,3|3|3|5|2|2|24|144,255|255|255|255|255|255|11|48,-2|2|0|0|0|0|11|-48,-8|-8|-5|-4|-5|-5|24|-112,-5|5|0|3|-8|8|37|-112,0|0|0|0|0|0|24|-112,214|214|214|214|126|126|102|53259,1,0,0,16,255,208
338,0,8,5,0,5,0,0,0,2|2|2|2|3|8|6|6,255|255|255|255|255|255|255|255,-2|2|-4|4|0|0|0|0,-7|-7|-7|-7|-5|-5|-6|-6,-5|5|-8|8|0|10|-12|12,0|0|0|0|0|0|0|0,126|126|126|126|214|214|126|126,1,0,0,16,255,208
339,0,8,4,0,4,0,0,0,3|3|2|2|180|0|24|144,255|255|255|255|201|0|11|208,-2|2|-4|4|-43|0|24|-112,-7|-7|-7|-7|-22|0|11|48,-5|5|-8|8|-7|0|11|-48,0|0|0|0|7|1|24|-112,214|214|126|126|0|65503|309|36888,1,0,0,16,255,208
340,0,8,6,0,6,0,0,0,3|3|2|2|2|2|11|48,255|255|255|255|255|255|11|208,-2|2|-4|4|-1|1|24|-112,-7|-7|-7|-7|-6|-6|49|-112,-5|5|-8|8|-3|3|11|-112,0|0|0|0|0|0|11|-112,214|214|126|126|126|126|19|36875,1,0,0,16,255,208
341,0,8,4,0,4,0,0,0,3|3|3|3|38|0|11|144,255|255|255|255|50|0|37|48,-2|2|-4|4|54|0|11|-112,-7|-7|-8|-8|70|0|37|48,-5|5|-8|8|74|0|37|48,0|0|0|0|79|0|49|-112,214|214|214|214|0|616|91|36875,1,0,0,16,255,208
342,0,8,4,0,4,0,0,0,2|2|5|5|110|0|62|48,255|255|255|255|30|0|0|208,-1|1|-1|1|35|0|24|-112,-8|-8|-7|-7|38|0|11|-112,-4|5|-5|5|59|0|11|48,0|0|0|0|65|0|11|-112,126|126|263|263|152|0|94|36875,1,0,0,16,255,208
343,0,8,6,0,6,0,0,0,2|2|5|5|2|2|11|48,255|255|255|255|255|255|49|144,-1|1|-1|1|-3|3|49|-112,-8|-8|-7|-7|-7|-7|49|-112,-4|5|-5|5|-5|5|0|-48,0|0|0|0|0|0|24|-112,126|126|263|263|126|126|210|12299,1,0,0,16,255,208
344,0,8,1,0,1,0,0,0,2|114|128|128|128|128|11|144,255|255|255|255|255|255|11|48,0|0|0|0|0|0|74|48,6|-1|-2|-2|0|0|49|-112,0|-9|16|-16|30|-30|49|-112,0|0|0|0|0|0|37|48,126|95|57|57|57|57|282|36875,-1,0,0,16,255,208
345,0,8,2,0,2,0,0,0,2|2|10|0|78|1|0|208,255|255|36|0|81|1|24|144,-1|1|6|0|84|1|11|-112,7|7|2|0|109|1|11|48,-5|5|0|0|115|1|62|48,0|0|0|0|120|1|62|-112,126|126|382|36875|0|4|391|12299,-1,0,0,16,255,208
346,0,8,3,0,3,0,0,0,2|2|2|0|157|1|49|144,255|255|255|0|161|1|37|48,-2|2|0|0|-89|1|11|-112,7|7|5|0|-73|1|11|-48,-5|5|0|-1|102|0|11|-48,0|0|0|-1|120|0|24|-112,126|126|126|53259|0|65503|166|36888,-1,0,0,16,255,208
347,0,8,2,0,2,0,0,0,3|3|76|8|220|0|11|48,255|255|0|0|229|0|11|208,-1|1|-33|-1|-13|0|24|-112,8|8|-36|-2|8|1|11|-48,-5|5|-33|-1|107|0|11|-48,0|0|-33|-1|125|0|24|-112,214|214|145|53259|0|65503|171|36888,-1,0,0,16,255,208
348,0,8,3,0,3,0,0,0,3|3|3|8|225|0|11|48,255|255|255|0|254|0|11|208,-2|2|0|-1|12|1|24|-112,8|8|5|-2|33|1|11|48,-5|5|0|0|55|0|11|48,0|0|0|0|80|0|11|48,214|214|214|12299|128|0|133|12299,-1,0,0,16,255,208
349,0,8,5,0,5,0,0,0,2|2|2|2|3|0|11|48,255|255|255|255|255|0|11|48,-2|2|-4|4|0|1|11|-48,7|7|7|7|5|0|11|-48,-5|5|-8|8|0|0|24|-112,0|0|0|0|0|0|11|48,126|126|126|126|214|0|5|36875,-1,0,0,16,255,208
350,0,8,4,0,4,0,0,0,3|3|2|2|33|0|224|1,255|255|255|255|128|0|41|2,-2|2|-4|4|-127|0|92|2,7|7|7|7|-125|0|-127|2,-5|5|-8|8|-123|0|-38|2,0|0|0|0|-118|0|20|3,214|214|126|126|142|908|143|946,-1,0,0,16,255,208
351,0,8,6,0,6,0,0,0,3|3|2|2|2|2|20|3,255|255|255|255|255|255|156|2,-2|2|-4|4|-1|1|-74|2,7|7|7|7|6|6|-100|2,-5|5|-8|8|-3|3|-46|3,0|0|0|0|0|0|-24|5,214|214|126|126|126|126|183|1898,-1,0,0,16,255,208
352,0,8,4,0,4,0,0,0,3|3|3|3|203|0|46|5,255|255|255|255|210|0|46|5,-2|2|-4|4|-45|0|65|2,7|7|8|8|-12|0|46|5,-5|5|-8|8|-10|0|106|7,0|0|0|0|-92|0|71|2,214|214|214|214|172|622|179|669,-1,0,0,16,255,208
353,0,8,4,0,4,0,0,0,2|2|5|5|181|0|110|2,255|255|255|255|183|0|41|2,-1|1|-1|1|-69|0|110|2,8|8|7|7|-66|0|110|2,-4|5|-5|5|-61|0|110|2,0|0|0|0|-55|0|-127|2,126|126|263|263|220|867|225|337,-1,0,0,16,255,208
354,0,8,6,0,6,0,0,0,2|2|5|5|2|2|41|2,255|255|255|255|255|255|245|12,-1|1|-1|1|-3|3|-11|12,8|8|7|7|7|7|0|0,-4|5|-5|5|-5|5|-30|0,0|0|0|0|0|0|80|1,126|126|263|263|126|126|16|438,-1,0,0,16,255,208
355,0,2,1,0,2,0,0,0,1|1|2|2|2|2|125|2,255|255|255|255|255|255|14|7,-6|6|0|-1|1|0|-14|2,21|21|9|7|7|9|122|2,-2|2|0|0|0|0|122|2,20|20|0|0|0|0|106|2,132|133|153|153|153|153|28|618,-1,0,0,20,255,208
356,0,2,1,0,4,0,0,0,1|1|1|1|2|2|2|2,255|255|255|255|255|255|255|255,-6|6|-7|7|2|-2|3|-3,21|21|21|21|7|7|6|6,-2|2|-4|4|6|-6|6|-6,20|20|20|20|0|0|0|0,132|133|132|133|153|153|153|153,-1,0,0,20,255,208
357,0,3,2,0,4,0,0,0,1|1|1|1|2|2|2|2,255|255|255|255|255|255|255|255,-6|6|-7|7|2|-2|3|-3,21|21|21|21|7|7|6|6,-2|2|-4|4|6|-6|6|-6,20|20|20|20|0|0|0|0,132|133|132|133|153|153|153|153,-1,0,0,20,255,208
358,0,3,2,0,6,0,0,0,1|1|1|1|1|1|2|2,255|255|255|255|255|255|255|255,-6|6|-7|7|-5|5|3|-3,21|21|21|21|21|21|6|6,-2|2|-4|4|-1|1|6|-6,20|20|20|20|20|20|0|0,132|133|132|133|132|133|153|153,-1,0,0,20,255,208
359,0,2,2,0,6,0,0,0,1|1|1|1|1|1|2|2,255|255|255|255|255|255|255|255,-6|6|-7|7|-5|5|3|-3,21|21|21|21|21|21|6|6,-2|2|-4|4|-1|1|6|-6,20|20|20|20|20|20|0|0,132|133|132|133|132|133|153|153,-1,0,0,20,255,208
360,0,2,2,0,8,0,0,0,1|1|1|1|1|1|1|1,255|255|255|255|255|255|255|255,-6|6|-7|7|-8|8|-5|5,21|21|21|21|21|21|21|21,-2|2|-4|4|-6|6|-1|1,20|20|20|20|20|20|20|20,132|133|132|133|132|133|132|133,-1,0,0,20,255,208
361,0,1,2,0,8,0,0,0,1|1|1|1|1|1|1|1,255|255|255|255|255|255|255|255,-6|6|-7|7|-8|8|-5|5,21|21|21|21|21|21|21|21,-2|2|-4|4|-6|6|-1|1,20|20|20|20|20|20|20|20,132|133|132|133|132|133|132|133,-1,0,0,20,255,208
362,0,2,3,0,8,0,0,0,1|1|1|1|1|1|1|1,255|255|255|255|255|255|255|255,-6|6|-7|7|-8|8|-5|5,21|21|21|21|21|21|21|21,-2|2|-4|4|-6|6|-1|1,20|20|20|20|20|20|20|20,132|133|132|133|132|133|132|133,-1,0,0,20,255,208
363,0,2,2,0,6,0,0,0,2|2|2|2|2|2|24|144,255|255|255|255|255|255|24|144,-6|6|-7|7|-5|5|24|-112,21|21|21|21|21|21|24|-112,-2|2|-4|4|-1|1|24|-112,20|20|20|20|20|20|33|-112,151|152|151|152|151|152|11|36908,-1,0,0,20,255,208
364,0,2,2,0,8,0,0,0,2|2|2|2|2|2|2|2,255|255|255|255|255|255|255|255,-6|6|-7|7|-8|8|-5|5,21|21|21|21|21|21|21|21,-2|2|-4|4|-6|6|-1|1,20|20|20|20|20|20|20|20,151|152|151|152|151|152|151|152,-1,0,0,20,255,208
365,0,1,2,0,8,0,0,0,2|2|2|2|2|2|2|2,255|255|255|255|255|255|255|255,-6|6|-7|7|-8|8|-5|5,21|21|21|21|21|21|21|21,-2|2|-4|4|-6|6|-1|1,20|20|20|20|20|20|20|20,151|152|151|152|151|152|151|152,-1,0,0,20,255,208
366,0,3,1,4,2,0,0,0,1|1|2|2|2|2|33|144,255|255|255|255|255|255|33|144,0|0|-5|5|-8|8|33|-112,6|6|3|3|2|2|33|-112,-4|4|0|0|0|0|33|-112,0|0|0|0|0|0|33|-112,233|233|153|153|153|153|46|12288,0,0,0,13,255,208
367,0,8,1,0,1,0,0,0,112|0|0|0|74|0|33|144,255|0|74|2|85|0|0|48,0|3|0|0|89|0|0|48,0|3|0|0|103|0|0|48,0|3|0|0|108|0|57|48,0|0|0|0|117|0|33|-112,31|584|131|12345|120|0|137|36888,1,0,0,7,6,208
368,0,9,2,0,2,0,0,0,112|112|2|2|2|2|2|144,255|255|255|255|255|255|255|144,1|-1|7|-5|5|-8|8|-112,-1|-1|1|3|3|2|2|48,0|0|0|0|0|0|0|48,0|0|0|0|0|0|0|48,31|31|153|153|153|153|153|12312,1,0,0,7,6,208
369,0,10,3,0,3,0,0,0,112|112|112|0|152|0|24|48,255|255|255|0|169|0|24|144,1|-1|0|85|-79|0|24|-112,-1|-1|0|85|-73|0|24|-112,0|0|0|85|-59|0|24|-112,0|0|0|85|-52|0|24|-112,31|31|31|36888|24|21716|246|36888,1,0,0,7,6,208
370,0,11,4,0,4,0,0,0,112|112|112|112|2|2|2|144,255|255|255|255|255|255|255|144,1|-1|0|0|5|-8|8|48,-2|-2|0|0|3|2|2|48,0|0|-3|3|0|0|0|48,0|0|0|0|0|0|0|-112,31|31|31|31|153|153|153|12358,1,0,0,7,6,208
371,0,12,1,0,1,0,0,0,116|2|2|2|2|2|2|144,255|255|255|255|255|255|255|144,0|-7|7|-5|5|-8|8|-112,-2|1|1|3|3|2|2|-112,0|0|0|0|0|0|0|-112,0|0|0|0|0|0|0|-112,32|153|153|153|153|153|153|36888,1,0,0,7,6,208
372,0,12,2,0,4,0,0,0,112|116|112|116|2|2|2|48,255|255|255|255|255|255|255|48,-1|0|1|0|5|-8|8|48,-3|-2|-3|-2|3|2|2|48,0|0|0|0|0|0|0|48,0|0|0|0|0|0|0|48,31|32|31|32|153|153|153|12312,1,0,0,7,6,208
373,0,12,3,0,3,0,0,0,112|116|112|57|154|1|24|48,255|255|255|0|158|1|24|48,-1|0|1|0|-93|1|24|48,-3|-2|-3|0|-88|1|33|-112,0|0|0|2|12|0|33|-112,0|0|0|2|24|0|33|-112,31|32|31|36897|0|684|45|36897,1,0,0,7,6,208
374,0,12,3,0,3,0,0,0,112|113|112|2|2|2|44|144,255|255|255|255|255|255|24|144,-1|0|1|-1|1|0|24|-112,-4|-3|-4|7|7|9|57|-112,0|0|0|0|0|0|57|-112,0|0|0|0|0|0|24|48,31|32|31|153|153|153|90|36888,1,0,0,7,6,208
375,0,12,2,0,2,0,0,0,113|113|2|2|2|2|2|2,255|255|255|255|255|255|255|255,0|0|1|-1|2|-2|3|-3,-4|-4|8|8|7|7|6|6,-6|6|6|-6|6|-6|6|-6,0|0|0|0|0|0|0|0,32|32|153|153|153|153|153|153,1,0,0,7,6,208
376,0,12,4,0,4,0,0,0,113|113|112|112|2|2|2|2,255|255|255|255|255|255|255|255,0|0|1|-1|2|-2|3|-3,-4|-4|-1|-1|7|7|6|6,-6|6|0|0|6|-6|6|-6,0|0|0|0|0|0|0|0,32|32|31|31|153|153|153|153,1,0,0,7,6,208
377,0,12,3,0,3,0,0,0,114|112|112|85|50|1|24|144,255|255|255|0|61|1|24|144,0|1|-1|85|67|1|24|-112,-4|-1|-1|-1|78|1|24|-112,0|0|0|85|84|1|24|-112,0|0|0|-1|95|1|24|-112,33|31|31|36888|24|21582|377|36888,1,0,0,7,6,208
378,0,11,1,0,2,0,0,0,3|3|2|2|2|2|2|144,255|255|255|255|255|255|255|144,2|-2|7|-5|5|-8|8|-112,-1|-1|1|3|3|2|2|-112,0|0|0|0|0|0|0|-112,0|0|0|0|0|0|0|-112,99|99|153|153|153|153|153|36888,1,0,0,25,0,208
379,0,11,2,0,2,0,0,0,3|3|162|85|32|2|33|144,255|255|114|2|36|2|24|144,2|-2|92|65|47|2|24|-112,-1|-1|-95|85|58|2|24|-112,0|0|-94|85|63|2|33|-112,0|0|114|2|67|2|24|-112,99|99|590|36888|24|16730|594|36897,1,0,0,25,0,208
380,0,11,4,0,4,0,0,0,3|3|2|2|104|2|24|144,255|255|255|255|109|2|33|144,3|-3|4|-4|113|2|24|-112,-1|-1|-1|-1|121|2|24|-112,0|0|0|0|-124|2|24|-112,0|0|0|0|-119|2|33|-112,99|99|99|99|24|16732|663|36888,1,0,0,25,0,208
381,0,11,6,0,6,0,0,0,3|3|2|2|2|2|33|144,255|255|255|255|255|255|24|144,3|-3|4|-4|5|-5|24|-112,-1|-1|-2|-2|-3|-3|24|-112,0|0|0|0|0|0|24|-112,0|0|0|0|0|0|33|-112,99|99|99|99|99|99|733|36897,1,0,0,25,0,208
382,0,11,1,0,2,0,0,0,4|4|161|85|245|2|24|144,255|255|162|85|250|2|24|144,2|-2|114|85|-2|2|24|-112,-1|-1|92|65|9|3|24|-112,0|0|-90|85|13|3|24|-112,0|0|96|65|18|3|24|-112,100|100|808|36888|24|21546|816|36888,1,0,0,25,0,208
383,0,11,2,0,2,0,0,0,4|4|114|85|84|3|24|144,255|255|114|85|105|3|33|144,2|-2|72|2|115|3|24|-112,-1|-1|114|85|-122|3|24|-112,0|0|114|85|-101|3|33|-112,0|0|74|2|-91|3|33|-112,100|100|5|36897|0|598|12|36888,1,0,0,25,0,208
384,0,11,3,0,4,0,0,0,4|2|4|2|30|0|33|144,255|255|255|255|40|0|24|144,2|3|-2|-3|50|0|24|-112,-1|-4|-1|-4|59|0|44|-112,0|0|0|0|68|0|24|-112,0|0|0|0|77|0|24|-112,100|99|100|99|24|21874|86|36888,1,0,0,25,0,208
385,0,11,4,0,4,0,0,0,4|2|4|2|120|0|24|144,255|255|255|255|129|0|24|144,2|3|-2|-3|-120|0|24|-112,-1|-4|-1|-4|-104|0|24|-112,0|0|0|0|-94|0|24|-112,0|0|0|0|-84|0|24|-112,100|99|100|99|24|21874|190|36888,1,0,0,25,0,208
386,0,11,2,0,2,0,0,0,8|8|2|85|216|0|24|144,255|255|255|85|227|0|24|144,2|-2|0|85|-24|0|24|-112,-2|-2|8|85|-18|0|24|0,0|0|0|0|-13|0|24|-112,0|0|-5|0|-2|0|24|48,98|98|160|12312|112|0|263|12312,1,0,0,25,0,208
387,0,11,4,0,4,0,0,0,8|8|4|4|31|1|107|144,255|255|255|255|38|1|107|144,2|-2|4|-4|45|1|24|-112,-2|-2|-4|-4|52|1|107|-112,0|0|0|0|57|1|33|-112,0|0|0|0|64|1|107|-112,98|98|100|100|0|6|334|36888,1,0,0,25,0,208
388,0,11,6,0,6,0,0,0,8|8|4|4|2|2|24|144,255|255|255|255|255|255|24|144,2|-2|4|-4|6|-6|33|-112,-2|-2|-4|-4|-6|-6|24|0,0|0|0|0|0|0|24|-112,0|0|0|0|0|0|24|-112,98|98|100|100|99|99|393|36888,1,0,0,25,0,208
389,0,11,1,0,2,0,0,0,3|3|2|2|2|2|33|144,255|255|255|255|255|255|33|144,2|-2|0|0|0|0|33|-112,-1|-1|8|8|8|8|24|-112,0|0|-18|18|-12|12|33|-112,0|0|-2|-2|-6|-6|33|-112,99|99|160|160|160|160|454|36897,1,0,4,25,0,208
390,0,11,2,0,2,0,0,0,3|3|2|2|2|2|2|144,255|255|255|255|255|255|255|144,2|-2|0|0|0|0|0|-112,-1|-1|8|8|8|8|8|-112,0|0|-18|18|-12|12|0|-112,0|0|-2|-2|-6|-6|-8|-112,99|99|160|160|160|160|160|36897,1,0,4,25,0,208
391,0,11,4,0,4,0,0,0,3|3|2|2|2|2|2|2,255|255|255|255|255|255|255|255,3|-3|4|-4|0|0|0|0,-1|-1|-1|-1|8|8|8|8,0|0|0|0|-12|12|-5|5,0|0|0|0|-6|-6|-8|-8,99|99|99|99|160|160|160|160,1,0,4,25,0,208
392,0,11,6,0,6,0,0,0,3|3|2|2|2|2|120|48,255|255|255|255|255|255|57|144,3|-3|4|-4|5|-5|57|-112,-1|-1|-2|-2|-3|-3|24|-112,0|0|0|0|0|0|24|48,0|0|0|0|0|0|24|-112,99|99|99|99|99|99|649|12408,1,0,4,25,0,208
393,0,11,1,0,2,0,0,0,4|4|44|65|160|2|120|48,255|255|0|0|165|2|24|144,2|-2|-108|85|-83|2|24|-112,-1|-1|46|65|-76|2|24|-112,0|0|-108|85|-72|2|24|-112,0|0|46|65|-65|2|24|-112,100|100|710|36888|24|16686|717|36888,1,0,5,25,0,208
394,0,11,2,0,2,0,0,0,4|4|2|2|222|2|24|144,255|255|255|255|227|2|33|144,2|-2|-7|7|-22|2|33|-112,-1|-1|5|5|-15|2|24|-112,0|0|-6|6|-9|2|33|-112,0|0|0|0|-6|2|24|-112,100|100|159|161|0|676|772|36897,1,0,5,25,0,208
395,0,11,3,0,4,0,0,0,4|2|4|2|19|3|24|144,255|255|255|255|28|3|24|144,2|3|-2|-3|48|3|24|-112,-1|-4|-1|-4|51|3|24|-112,0|0|0|0|58|3|24|-112,0|0|0|0|69|3|24|-112,100|99|100|99|192|0|856|36888,1,0,5,25,0,208
396,0,11,4,0,4,0,0,0,4|2|4|2|113|3|24|144,255|255|255|255|120|3|130|48,2|3|-2|-3|-122|3|24|-112,-1|-4|-1|-4|-116|3|24|-112,0|0|0|0|-113|3|24|-112,0|0|0|0|-96|3|44|-112,100|99|100|99|0|4|54|36897,1,0,5,25,0,208
397,0,11,2,0,2,0,0,0,8|8|2|2|2|0|24|144,255|255|255|255|255|0|24|144,2|-2|6|-6|0|0|24|-112,-2|-2|-6|-6|-8|0|24|-112,0|0|6|-6|0|0|24|-112,0|0|0|0|0|0|24|-112,98|98|159|161|160|21908|215|36888,1,0,6,25,0,208
398,0,11,4,0,4,0,0,0,8|8|4|4|2|2|33|144,255|255|255|255|255|255|33|144,2|-2|4|-4|0|0|24|-112,-2|-2|-4|-4|-8|-8|24|-112,0|0|0|0|-8|8|24|-112,0|0|0|0|0|0|24|-112,98|98|100|100|160|160|412|36888,1,0,6,25,0,208
399,0,11,6,0,6,0,0,0,8|8|4|4|2|2|2|144,255|255|255|255|255|255|255|144,2|-2|4|-4|6|-6|0|-112,-2|-2|-4|-4|-6|-6|-8|-112,0|0|0|0|0|0|0|-112,0|0|0|0|0|0|4|-112,98|98|100|100|99|99|160|36897,1,0,6,25,0,208
400,0,3,1,3,1,0,0,0,149|2|2|2|2|2|2|2,255|255|255|255|255|255|255|255,0|6|6|-6|0|0|0|0,6|6|-6|-6|-8|-8|-8|-8,0|6|6|-6|-16|16|-10|10,0|0|0|0|0|0|4|4,35|161|159|161|160|160|160|160,0,0,0,10,255,208
401,0,2,1,3,1,0,0,0,149|2|2|2|2|2|2|2,255|255|255|255|255|255|255|255,0|6|6|-6|0|0|0|0,6|6|-6|-6|-8|-8|-8|8,0|6|6|-6|-16|16|0|0,0|0|0|0|0|0|4|-4,35|161|159|161|160|160|160|160,0,0,0,10,255,208
402,0,4,1,3,1,0,0,0,150|2|2|2|2|2|2|2,98|255|255|255|255|255|255|255,0|6|6|-6|0|0|-6|6,6|6|-6|-6|-8|-8|8|8,0|6|6|-6|-16|16|0|0,0|0|0|0|0|0|-4|-4,35|161|159|161|160|160|159|161,0,0,0,10,255,208
403,0,3,1,3,1,0,0,0,150|0|86|85|54|4|24|144,98|0|86|85|61|4|24|144,0|0|86|85|67|4|24|-112,6|0|86|85|74|4|24|-112,0|0|86|85|79|4|33|-112,0|0|89|2|100|4|33|-112,35|601|1166|36897|0|601|1191|36888,0,0,0,10,255,208
404,0,2,1,3,1,0,0,0,150|2|89|2|238|4|33|144,98|255|89|2|7|5|24|144,0|0|90|84|29|5|24|-112,6|8|92|84|42|5|24|-112,0|8|-124|85|63|5|24|-112,0|0|115|85|69|5|24|-112,35|160|1354|36888|24|21902|1362|36888,0,0,0,10,255,208
405,0,5,1,3,1,0,0,0,151|2|2|2|97|5|24|144,98|255|255|255|104|5|24|144,0|0|0|0|111|5|24|-112,6|8|8|8|118|5|24|-112,0|15|-8|8|-120|5|24|-112,0|5|-5|-5|-113|5|24|-112,35|160|160|160|24|21904|1442|36888,0,0,0,10,255,208
406,0,5,1,3,1,0,0,0,152|3|3|3|3|5|24|144,98|255|255|255|255|5|24|144,120|0|0|0|0|5|24|-112,6|8|8|8|8|5|24|-112,0|20|-12|12|0|5|33|-112,0|8|-2|-2|-6|5|24|-112,35|160|160|160|160|0|22|12288,0,0,0,10,255,208
407,0,5,1,3,1,0,0,0,153|4|4|4|4|4|4|144,98|255|255|255|255|255|255|144,120|0|0|0|0|0|0|80,6|8|8|8|8|8|8|48,0|24|-18|18|-12|12|0|48,0|8|-2|-2|-6|-6|-8|-112,35|160|160|160|160|160|160|12288,0,0,0,10,255,208
408,0,5,1,3,1,0,0,0,154|6|6|6|6|6|6|6,98|255|255|255|255|255|255|255,120|0|0|0|0|0|0|0,6|8|8|8|8|8|8|8,0|24|-18|18|-12|12|-5|5,0|8|-2|-2|-6|-6|-8|-8,35|160|160|160|160|160|160|160,0,0,0,10,255,208
409,0,5,2,3,2,0,0,0,152|152|0|1|217|1|0|48,98|98|0|0|222|1|0|144,120|120|0|1|-29|1|24|80,6|6|-52|0|-24|1|0|48,-7|7|0|0|-17|1|0|48,0|0|0|0|-12|1|0|-112,35|35|505|12288|520|0|510|37006,0,0,0,10,255,208
410,0,5,3,3,3,0,0,0,152|152|153|0|17|2|155|48,98|98|98|0|22|2|82|48,120|120|120|0|31|2|82|48,6|6|6|0|36|2|82|48,-9|9|0|0|43|2|82|-112,6|6|0|2|53|2|24|80,35|35|35|12443|16|0|576|12456,0,0,0,10,255,208
411,0,8,1,0,1,0,0,0,128|1|0|0|85|2|168|48,255|255|0|0|92|2|168|48,0|1|0|0|99|2|-88|-112,0|9|8|0|104|2|-88|-112,0|4|10|0|108|2|-88|-112,0|0|10|0|114|2|-88|-112,57|58|630|12288|280|0|636|36908,1,0,0,7,6,208
412,0,6,1,0,1,0,0,0,128|1|30|0|139|2|44|144,255|255|28|0|143|2|0|48,0|1|0|0|-108|2|24|-112,0|9|60|0|-103|2|24|-112,0|4|62|0|-99|2|24|-112,0|0|62|0|-93|2|24|-112,57|58|679|12288|280|0|685|36888,1,0,0,7,6,208
413,0,4,1,0,1,0,0,0,128|1|1|0|188|2|24|144,255|255|255|0|192|2|0|48,0|1|0|0|-58|2|24|-112,0|9|10|0|-53|2|24|-112,0|4|0|0|-49|2|24|-112,0|0|0|0|-43|2|24|-112,57|58|58|12288|280|0|735|36908,1,0,0,7,6,208
414,0,10,2,0,2,0,0,0,128|128|1|0|238|2|44|144,255|255|255|0|242|2|0|48,0|0|0|0|-8|2|44|-112,-1|-1|10|0|-3|2|44|-112,9|-9|0|0|1|3|44|-112,0|0|0|0|7|3|44|-112,57|57|58|12288|280|0|785|36908,1,0,0,7,6,208
415,0,8,2,0,2,0,0,0,128|128|2|0|32|3|44|144,255|255|255|0|36|3|0|48,0|0|0|0|42|3|94|-112,0|0|10|0|47|3|94|-112,9|-9|0|0|51|3|94|-112,0|0|0|0|57|3|94|-112,57|57|59|12288|280|0|835|37045,1,0,0,7,6,208
416,0,6,1,0,1,0,0,0,113|2|1|0|82|3|181|144,255|255|255|0|86|3|0|48,0|1|0|0|92|3|-75|-112,-1|9|10|14|97|3|-75|-112,0|4|0|14|101|3|-75|-112,4|0|0|14|107|3|-75|-112,76|59|58|12288|280|0|885|37045,1,0,0,7,6,208
417,0,4,1,0,1,0,0,0,113|2|2|20|132|3|181|144,255|255|255|20|136|3|0|48,0|1|0|0|-114|3|-62|-112,-1|9|10|0|-109|3|-62|-112,0|4|0|0|-105|3|-62|-112,4|0|0|0|-99|3|-62|-112,76|59|59|12288|280|0|935|36994,1,0,0,7,6,208
418,0,5,1,0,1,0,0,0,114|2|2|1|1|3|130|144,255|255|255|255|255|3|0|48,0|2|0|-1|1|3|44|-112,-1|8|10|9|9|3|44|-112,0|8|0|-2|2|3|44|-112,4|0|0|0|0|3|44|-112,95|280|59|58|58|0|984|36908,1,0,0,7,6,208
419,0,6,2,0,2,0,0,0,113|113|3|1|1|3|44|144,255|255|255|255|255|3|0|48,0|0|0|-1|1|3|44|-112,-1|-1|10|9|9|3|44|-112,9|-9|0|-2|2|3|44|-112,0|0|0|0|0|4|44|-112,76|76|60|58|58|0|1034|36888,1,0,0,7,6,208
420,0,7,2,0,2,0,0,0,114|114|1|1|1|1|1|144,255|255|255|255|255|255|255|48,0|0|0|-1|1|-1|1|-112,-1|-1|10|9|9|9|9|-112,9|-9|0|-1|1|-7|7|-112,0|0|0|0|0|0|0|-112,95|95|58|58|58|58|58|36888,1,0,0,7,6,208
421,0,9,4,0,4,0,0,0,114|114|128|128|76|4|24|144,255|255|255|255|81|4|24|48,0|0|0|0|88|4|11|-112,-1|-1|-2|-2|93|4|11|-112,9|-9|16|-16|97|4|11|-112,0|0|0|0|102|4|11|-112,95|95|57|57|8|0|1138|36888,1,0,0,7,6,208
422,0,8,1,0,2,0,0,0,128|128|184|83|128|4|24|144,255|255|252|83|133|4|24|48,-6|6|0|0|-116|4|24|-112,6|6|-68|83|-111|4|24|-112,0|0|-66|83|-107|4|24|-112,0|0|-68|83|-102|4|24|-112,13|14|1183|12312|8|0|1190|36888,0,0,0,7,98,208
423,0,6,1,0,2,0,0,0,128|128|192|83|180|4|24|144,255|255|0|84|185|4|24|48,-6|6|0|0|-64|4|24|-112,6|6|-60|83|-59|4|24|-112,0|0|-58|83|-55|4|24|-112,0|0|-60|83|-50|4|24|-112,13|14|1235|12312|8|0|1242|36888,0,0,0,7,98,208
424,0,8,2,0,2,0,0,0,128|128|200|83|232|4|24|144,255|255|4|84|237|4|24|48,-6|6|0|0|-12|4|24|-112,6|6|-52|83|-7|4|24|-112,0|0|-50|83|-3|4|24|-112,0|0|-52|83|2|5|24|-112,13|14|1287|12312|8|0|1294|36958,0,0,0,7,98,208
425,0,7,2,0,4,0,0,0,128|128|128|128|34|5|57|48,255|255|255|255|39|5|205|48,-5|5|-7|7|48|5|33|48,7|7|5|5|53|5|-51|48,0|0|0|0|62|5|-51|48,0|0|0|0|67|5|-51|48,13|14|13|14|16|0|1357|20504,0,0,0,7,98,208
426,0,8,4,0,4,0,0,0,128|128|128|128|113|5|33|144,255|255|255|255|12|0|24|208,-5|5|-7|7|20|0|24|-112,7|7|5|5|31|0|33|-112,0|0|0|0|5|0|24|-112,0|0|0|0|12|0|24|-112,13|14|13|14|0|545|24|36888,0,0,0,7,98,208
427,0,6,4,0,6,0,0,0,128|128|128|128|128|128|33|144,255|255|255|255|255|255|24|144,-5|5|-7|7|-6|6|33|-112,7|7|5|5|6|6|24|-112,0|0|0|0|0|0|24|-112,0|0|0|0|0|0|24|-112,13|14|13|14|13|14|69|36888,0,0,0,7,98,208
428,0,7,6,0,6,0,0,0,128|128|128|128|128|128|33|144,255|255|255|255|255|255|24|144,-5|5|-7|7|-6|6|33|-112,7|7|5|5|6|6|24|-112,0|0|0|0|0|0|24|-112,0|0|0|0|0|0|24|-112,13|14|13|14|13|14|118|36888,0,0,0,7,98,208
429,0,6,4,0,6,0,0,0,128|128|128|128|113|113|24|144,255|255|255|255|255|255|24|144,-5|5|-7|7|-6|6|24|-112,7|7|5|5|6|6|24|-112,0|0|0|0|0|0|24|-112,0|0|0|0|0|0|24|-112,13|14|13|14|96|115|160|36888,0,0,0,7,98,208
430,0,5,4,0,4,0,0,0,113|113|113|113|112|112|112|144,255|255|255|255|255|255|255|144,-6|6|-7|7|-3|3|0|-112,6|6|5|5|3|3|-4|-112,0|0|0|0|-3|3|0|-112,0|0|0|0|3|3|-4|-112,96|115|96|115|171|171|171|36888,0,0,0,7,98,208
431,0,6,2,0,2,0,0,0,114|114|112|112|112|112|112|112,255|255|255|255|255|255|255|255,-7|7|-3|3|-3|3|0|0,7|7|-3|-3|3|3|-4|6,0|0|-3|3|-3|3|0|0,0|0|-3|-3|3|3|-4|6,15|53|171|171|171|171|171|171,0,0,0,7,98,208
432,0,5,2,0,8,0,0,0,114|114|114|114|114|114|114|114,255|255|255|255|255|255|255|255,-7|7|-9|9|-8|8|-6|6,7|7|5|5|6|6|8|8,0|0|0|0|0|0|0|0,0|0|0|0|0|0|0|0,15|53|15|53|15|53|15|53,0,0,0,7,98,208
433,0,2,1,0,2,0,0,0,149|149|120|84|100|1|44|144,255|255|16|0|105|1|24|144,-9|9|-73|84|114|1|24|-112,0|0|120|84|118|1|44|-112,0|0|16|0|123|1|24|-112,0|0|-88|84|-123|1|24|-112,256|257|392|36888|24|21674|397|36888,0,0,0,10,255,208
434,0,3,2,0,2,0,0,0,149|149|176|84|160|1|24|144,255|255|176|84|163|1|24|144,-9|9|-78|84|-88|1|24|-112,0|0|-124|84|-84|1|24|-112,0|0|-124|84|-78|1|24|-112,0|0|122|84|-69|1|24|-112,256|257|449|36888|24|21626|454|36888,0,0,0,10,255,208
435,0,4,2,0,2,0,0,0,150|150|128|84|218|1|24|144,255|255|128|84|221|1|24|144,-9|9|124|84|-32|1|24|-112,0|0|-122|84|-28|1|24|-112,0|0|-122|84|-22|1|24|-112,0|0|123|84|-13|1|24|-112,256|257|505|36888|24|21627|510|36888,0,0,0,10,255,208
436,0,5,3,0,3,0,0,0,150|150|150|84|18|2|24|144,255|255|255|84|21|2|24|144,-9|9|0|84|24|2|-88|-112,0|0|-9|0|27|2|-126|-112,0|0|0|0|31|2|24|-112,0|0|0|84|37|2|24|-112,256|257|209|36888|24|21618|565|12418,0,0,0,10,255,208
437,0,6,4,0,4,0,0,0,150|150|150|150|78|2|24|144,255|255|255|255|84|2|130|48,-9|9|-9|9|93|2|24|-112,0|0|0|0|101|2|24|-112,0|0|0|0|111|2|24|-112,0|0|14|14|117|2|70|48,256|257|256|257|24|21620|644|36888,0,0,0,10,255,208
438,0,6,3,0,3,0,0,0,151|151|150|0|157|2|168|144,255|255|255|0|162|2|24|144,-10|10|0|85|-91|2|24|-112,0|0|-9|84|-87|2|44|-112,0|0|0|0|-82|2|24|-112,0|0|0|84|-67|2|44|-112,256|257|209|36888|24|21618|720|12456,0,0,0,10,255,208
439,0,6,4,0,4,0,0,0,151|151|150|150|219|2|24|144,255|255|255|255|223|2|44|144,-10|10|0|0|-28|2|24|-112,0|0|-9|9|-13|2|44|-112,0|0|0|0|-8|2|24|-112,0|0|0|0|6|3|-88|48,256|257|209|208|24|21888|782|37032,0,0,0,10,255,208
440,0,6,4,0,4,0,0,0,152|152|151|151|27|3|130|144,255|255|255|255|31|3|24|144,-12|12|0|0|39|3|24|-112,0|0|-11|-11|46|3|24|-112,0|0|-6|6|55|3|57|48,0|0|0|0|62|3|24|-112,256|257|209|209|24|21626|847|36888,0,0,0,10,255,208
441,0,6,4,0,4,0,0,0,153|153|151|151|101|3|168|144,255|255|255|255|107|3|130|144,-12|12|0|0|111|3|24|-112,0|0|-11|-11|119|3|24|-112,0|0|-6|6|126|3|24|-112,0|0|0|0|-121|3|57|48,256|257|209|209|24|21620|920|36888,0,0,0,10,255,208
442,0,6,5,0,5,0,0,0,151|151|151|151|151|3|24|144,255|255|255|255|255|3|24|144,0|-10|10|-10|10|3|24|-112,-11|0|0|0|0|3|24|-112,0|0|0|0|0|3|24|-112,0|7|7|-7|-7|3|24|-112,209|256|257|256|257|21648|987|36888,0,0,0,10,255,208
443,0,6,6,0,6,0,0,0,151|151|151|151|151|154|226|0,255|255|255|255|255|255|128|1,0|-10|10|-10|10|0|81|2,-11|0|0|0|0|13|-101|2,0|0|0|0|0|0|-49|2,0|7|7|-7|-7|0|20|3,209|256|257|256|257|208|114|694,0,0,0,10,255,208
444,0,2,1,9,1,0,0,0,2|1|1|7|38|0|134|5,10|255|255|6|41|0|169|6,0|10|0|5|100|0|125|2,5|0|-10|2|102|0|85|3,0|0|0|7|113|0|125|2,0|0|0|2|119|0|14|7,172|285|285|754|121|616|33|767,0,0,0,0,255,112
445,0,2,1,0,1,0,0,0,1|1|1|1|49|0|185|2,255|255|255|255|99|0|57|2,0|10|-10|10|100|0|-71|2,9|0|0|0|101|0|57|2,0|0|0|0|102|0|-49|2,0|3|-4|-4|105|0|57|2,39|285|285|285|116|873|117|857,0,0,0,8,255,208
446,0,2,1,0,1,0,0,0,1|1|1|1|121|0|41|3,255|255|255|255|47|0|179|1,0|10|0|0|116|0|34|2,12|0|-10|10|101|0|121|1,0|0|0|0|118|0|34|2,0|0|0|0|120|0|9|1,6|285|285|285|108|307|108|393,0,0,0,13,255,208
447,0,4,1,3,1,0,0,0,4|1|1|1|1|1|54|3,255|255|255|255|255|255|102|6,0|10|-10|10|0|0|-30|0,7|0|0|0|-10|10|29|1,0|0|0|0|0|0|79|1,0|3|-4|-4|0|0|-128|1,204|285|285|285|285|285|16|544,0,0,0,26,255,208
448,0,3,1,0,1,0,0,0,2|2|1|1|2|2|2|2,255|255|255|255|255|255|255|255,0|10|0|0|-10|10|-10|10,10|0|-10|10|0|0|0|0,0|0|0|0|0|0|0|0,0|0|0|0|-8|-10|8|8,126|170|285|285|170|170|170|170,1,0,0,16,255,208
449,0,2,1,0,1,0,0,0,1|2|2|2|1|0|0|0,255|255|255|255|255|0|0|0,0|10|-10|10|0|0|126|0,14|0|0|0|-10|1|0|0,0|0|0|0|0|0|-51|2,0|-8|8|8|0|2|0|0,99|170|170|170|285|0|1054|796,0,0,0,20,255,208
450,0,8,1,0,1,0,0,0,128|2|2|2|1|1|1|0,255|255|255|255|255|255|255|3,-7|10|-10|10|0|0|0|0,20|0|0|0|10|-10|-10|4,0|0|0|0|0|-3|3|0,0|-8|8|8|0|0|0|0,171|170|170|170|285|285|285|0,0,0,0,7,98,208
451,0,3,1,0,1,0,0,0,2|2|2|2|1|1|1|1,255|255|255|255|255|255|255|255,0|10|-10|10|0|0|0|0,9|0|0|0|10|10|-10|-10,0|0|0|0|-3|3|-3|3,0|-8|8|8|0|0|0|0,59|170|170|170|285|285|285|285,0,0,0,8,255,208
452,0,4,1,0,1,0,0,0,2|2|2|2|2|2|101|114,255|255|255|255|255|255|176|78,0|10|-10|10|-10|10|83|8,11|0|0|0|0|0|99|116,0|0|0|0|0|0|60|1,0|-16|0|0|16|16|97|114,260|170|170|170|170|170|1875|28257,0,0,0,6,255,208
453,0,6,1,0,1,0,0,0,3|2|2|2|2|2|1|1,255|255|255|255|255|255|255|255,0|10|-10|10|-10|10|0|0,11|0|0|0|0|0|-10|-10,0|0|0|0|0|0|-3|3,0|-16|0|0|16|16|0|0,261|170|170|170|170|170|285|285,0,0,0,6,255,208
454,0,8,1,0,1,0,0,0,5|83|8|115|116|97|114|102,255|100|101|151|3|74|235|238,0|-59|1|0|0|0|83|7,11|99|120|109|97|115|116|-17,0|63|68|2|2|-39|1|0,0|0|83|7|112|99|120|108,262|53092|23555|5780|60930|1|372|1875,0,0,0,6,255,208
455,0,10,1,0,1,0,0,0,10|128|83|6|112|97|108|108,255|255|231|3|7|161|61|2,0|0|0|0|0|83|8|102,11|-2|116|104|97|110|100|127,0|0|36|82|2|42|2|0,0|-3|83|8|106|111|121|115,263|19|887|38446|615|573|34816|21249,0,0,0,6,255,208
456,0,12,1,0,1,0,0,0,20|128|128|1|83|8|104|101,255|255|255|101|120|116|183|3,0|-3|3|2|103|2|0|0,11|-1|-1|99|111|110|102|105,0|3|3|-43|104|-92|2|124,0|-1|-1|0|83|8|98|97,264|19|19|1047|51769|697|657|2304,0,0,0,6,255,208
457,0,14,1,0,1,0,0,0,40|128|0|0|0|83|6|112,255|255|121|101|114|55|3|206,0|0|2|-71|2|0|0|0,11|-2|110|111|114|116|115|111,0|0|39|3|-97|77|-11|2,0|-3|0|-30|0|83|7|115,265|19|29811|839|9205|777|736|0,0,0,0,6,255,208
458,0,3,1,0,1,0,0,0,1|128|128|2|83|8|110|101,255|255|255|97|112|101|159|3,0|-3|3|3|9|3|0|0,9|0|0|108|118|108|109|97,0|-3|3|3|12|1|69|3,0|0|0|99|1|83|6|108,58|19|19|17155|22651|12547|3|0,0,0,0,8,255,208
459,0,2,1,0,1,0,0,0,4|112|112|83|7|110|101|116,255|255|255|107|175|3|118|143,0|-3|3|3|0|-100|1|83,9|0|0|101|110|97|99|108,0|-3|3|-121|11|-108|3|107,0|0|0|0|83|8|101|100,59|19|19|1023|2890|937|895|0,0,0,0,8,255,208
460,0,2,1,0,1,0,0,0,8|128|128|128|9|3|82|13,255|255|255|255|101|114|67|111,0|1|-3|3|101|0|8|8,9|10|0|0|0|0|0|6,0|4|-3|3|0|0|0|0,0|3|0|0|0|42|1|0,60|19|19|19|1|1537|298|256,0,0,0,8,255,208
461,0,2,3,0,3,0,0,0,6|5|5|112|6|22|1|0,255|255|255|255|0|1|2|22,0|-2|2|3|-108|3|82|15,9|8|8|0|66|97|99|107,0|-2|2|3|110|100|51|8,0|0|0|0|0|0|0|0,59|279|280|19|0|0|0|0,0,0,0,8,255,208
462,0,2,3,0,3,0,0,0,8|10|10|112|128|0|0|0,255|255|255|255|255|0|0|0,0|-6|6|3|0|0|114|1,9|6|6|0|-3|82|14|73,0|-2|2|3|0|97|112|111,0|0|0|0|-3|0|8|32,60|121|122|19|19|0|0|0,0,0,0,8,255,208
463,0,2,7,0,7,0,0,0,10|10|10|6|6|8|8|6,255|255|255|255|255|255|255|0,0|-6|6|-2|2|-8|8|0,9|6|6|8|8|0|0|0,0|-2|2|-2|2|-4|4|0,0|0|0|0|0|0|0|0,60|121|122|279|280|102|104|0,0,0,0,8,255,208
464,0,5,1,0,1,0,0,0,2|128|112|112|112|128|128|0,98|255|255|255|255|255|255|0,0|0|1|-3|3|-2|2|0,0|12|12|0|0|-3|-3|0,0|0|4|-3|3|-2|2|0,0|3|3|0|0|-3|-3|0,66|19|19|19|19|19|19|0,1,0,0,13,255,208
465,0,3,1,0,1,0,0,0,6|4|4|4|4|4|4|4,98|255|255|255|255|255|255|255,0|1|3|-2|4|-1|-3|1,0|8|5|7|5|9|5|7,0|-10|-20|20|-30|10|30|-20,0|40|10|20|10|50|20|30,73|255|255|255|255|255|255|255,1,0,0,13,255,208
466,0,3,1,0,1,0,0,0,12|184|0|0|0|0|0|0,98|192|0|0|0|0|0|0,0|-56|0|26|0|0|0|0,0|-48|0|0|0|0|0|0,0|-32|0|0|0|0|0|0,0|-24|0|0|0|0|0|0,123|0|0|0|63488|0|512|45056,1,0,0,13,255,208
467,0,3,2,0,2,0,0,0,10|10|4|4|2|2|2|2,98|98|8|8|8|8|8|8,0|0|2|-2|3|-3|0|0,0|0|-2|-2|0|0|3|-3,-6|6|2|-2|3|-3|0|0,0|0|-2|-2|0|0|3|-3,143|144|21|21|20|20|20|20,1,0,0,13,255,208
468,0,3,3,0,3,0,0,0,10|10|10|4|4|4|4|4,98|98|98|255|255|255|255|255,0|0|0|-2|4|-1|-3|1,0|-1|-1|7|5|9|5|7,0|-12|12|80|-120|40|120|-80,0|0|0|40|80|100|10|60,73|73|73|109|109|109|109|109,1,0,0,13,255,208
469,0,3,3,0,3,0,0,0,12|12|12|1|255|195|90|153,98|98|98|255|255|92|99|3,0|0|0|0|-1|95|100|-108,0|-1|-1|6|-1|-13|100|-27,0|-12|12|0|-1|-40|101|-1,0|0|0|0|-1|-41|122|-47,123|123|123|304|22529|65281|26879|12676,1,0,0,13,255,208
470,0,4,1,0,1,0,0,0,1|184|55|255|255|149|209|12,98|80|9|255|255|161|218|73,0|104|0|-1|-1|16|0|72,20|0|0|0|0|-33|3|0,0|4|118|97|114|122|-41|2,0|0|7|115|116|97|114|99,67|863|0|19976|29295|22132|29281|12147,-1,0,0,20,255,208
471,0,1,1,0,1,0,0,0,4|2|119|111|114|107|191|3,98|255|8|107|101|121|98|111,0|0|100|-9|3|0|0|7,20|8|105|110|105|110|116|39,0|-12|0|6|83|121|115|116,0|14|-73|3|0|0|8|104,70|109|30821|26484|3|2048|28773|29545,-1,0,0,20,255,208
472,0,1,1,0,1,0,0,0,8|2|2|0|0|8|110|111,98|255|255|111|110|103|7|3,0|-1|0|118|103|97|50|53,20|8|8|3|0|0|8|102,0|-12|0|104|97|110|100|-57,0|14|0|8|65|114|101|110,219|109|109|0|25861|29298|29295|887,-1,0,0,20,255,208
473,0,1,2,0,2,0,0,0,8|8|2|2|109|115|215|3,98|98|255|255|73|67|76|111,0|0|0|0|0|0|8|115,20|20|8|8|97|100|101|-17,-4|4|12|-12|112|99|120|109,0|0|14|14|3|0|0|6,218|218|109|109|0|20487|22595|28492,-1,0,0,20,255,208
474,0,1,3,0,3,0,0,0,10|6|6|2|2|108|108|105,98|98|98|255|255|8|98|97,0|0|0|-1|0|100|-121|3,20|20|20|8|8|108|109|97,0|-8|8|-12|0|0|7|115,0|0|0|14|0|116|63|3,218|70|70|109|109|823|0|28678,-1,0,0,20,255,208
475,0,1,3,0,3,0,0,0,12|10|10|2|2|2|7|118,98|98|98|255|255|255|191|2,0|0|0|-2|1|-1|65|80,20|20|20|8|8|8|101|100,0|-8|8|-26|12|-12|95|2,0|0|0|14|14|14|71|2,219|218|218|109|109|109|25710|26988,-1,0,0,20,255,208
476,0,2,1,9,1,0,0,0,3|2|2|2|2|2|2|111,10|255|255|255|255|255|255|7,0|-3|2|-2|1|-1|0|15,5|8|8|8|8|8|8|108,0|-40|26|-26|12|-12|0|58,0|20|14|14|14|14|0|78,172|109|109|109|109|109|109|17217,0,0,0,0,255,112
477,0,2,2,9,2,0,0,0,4|4|2|2|2|2|226|0,10|10|255|255|255|255|195|1,-4|4|1|-1|0|0|-23|1,5|5|8|8|8|8|19|2,0|0|26|-26|12|-12|75|2,0|0|14|14|14|14|121|2,172|172|109|109|109|109|26|725,0,0,0,0,255,112
478,0,2,4,9,4,0,0,0,5|5|5|5|2|2|2|3,10|10|10|10|255|255|255|3,0|0|-1|1|2|-2|0|4,5|5|5|5|8|8|10|4,-4|4|-6|6|12|-12|0|4,0|0|0|0|14|14|0|4,172|172|172|172|109|109|109|1477,0,0,0,0,255,112
479,0,2,5,9,5,0,0,0,6|6|6|6|6|2|2|2,10|10|10|10|10|255|255|255,0|0|0|-1|1|-2|0|0,5|5|5|5|5|8|10|10,0|4|-4|-6|6|-12|-7|7,0|0|0|0|0|14|0|0,172|172|172|172|172|109|109|109,0,0,0,0,255,112
480,0,2,7,9,7,0,0,0,7|7|7|7|7|7|7|2,10|10|10|10|10|10|10|255,0|0|0|-1|1|-2|2|-1,5|5|5|5|5|5|5|10,0|4|-4|-6|6|-8|8|7,0|0|0|0|0|0|0|0,172|172|172|172|172|172|172|109,0,0,0,0,255,112
481,0,2,8,9,8,0,0,0,8|8|8|8|8|8|8|8,10|10|10|10|10|10|10|10,0|0|0|-1|1|-2|2|0,6|5|5|5|5|5|5|7,0|4|-4|-6|6|-8|8|0,0|0|0|0|0|0|0|8,172|172|172|172|172|172|172|172,0,0,0,0,255,112
482,0,4,1,0,1,0,0,0,3|0|180|7|70|0|180|7,105|0|182|2|75|0|180|7,0|0|-76|7|86|0|-74|2,7|0|-76|7|91|0|-76|7,0|0|-76|7|106|0|-87|6,0|0|-33|4|110|0|4|6,185|637|111|1806|111|637|112|637,0,0,0,26,255,208
483,0,2,1,0,1,0,0,0,4|0|180|7|244|0|182|2,103|0|98|4|251|0|134|5,0|0|98|4|-2|0|46|5,7|1|-50|6|0|1|83|5,0|1|-50|6|2|1|98|4,0|1|98|4|5|1|-76|7,204|754|274|1057|275|1972|281|1082,0,0,0,26,255,208
484,0,2,3,0,3,0,0,0,8|3|3|6|38|1|125|2,103|105|105|2|42|1|125|2,0|-1|1|2|44|1|-87|6,7|7|7|2|51|1|14|7,0|-4|4|3|79|1|8|4,0|0|0|1|77|0|8|4,204|185|185|1722|97|489|97|1747,0,0,0,26,255,208
485,0,2,3,0,3,0,0,0,8|8|8|7|99|0|6|8,103|103|103|8|102|0|169|7,0|0|0|7|103|0|47|7,7|6|6|8|108|0|47|7,0|-9|9|8|109|0|70|7,0|0|0|8|110|0|70|7,204|204|204|1883|111|1862|112|1883,0,0,0,26,255,208
486,0,2,4,0,4,0,0,0,8|8|8|8|113|0|70|7,103|103|103|103|114|0|115|6,0|0|0|0|114|0|91|7,7|7|6|6|125|0|-101|4,-4|4|-14|14|-9|0|-18|8,0|0|0|0|-9|0|57|4,204|204|204|204|250|2349|250|2312,0,0,0,26,255,208
487,0,2,4,0,4,0,0,0,8|8|8|8|253|0|69|9,103|103|103|103|254|0|92|9,0|0|0|0|0|1|69|9,7|7|6|6|1|1|29|9,-4|4|-14|14|2|1|69|9,0|0|0|0|3|1|29|9,204|204|204|204|263|2373|263|2071,0,0,0,26,255,208
488,0,3,1,0,1,0,0,0,2|171|171|171|18|1|217|5,255|255|255|255|27|1|217|5,0|2|-1|1|29|1|-39|5,-4|0|0|0|30|1|-39|5,0|6|-4|4|32|1|31|10,0|-1|0|0|36|1|-70|6,126|103|103|103|294|2614|296|1862,1,0,0,16,255,208
489,0,3,2,0,2,0,0,0,2|2|171|7|42|1|54|10,255|255|255|7|42|1|70|7,0|0|0|7|43|1|54|10,-4|-4|0|7|43|1|70|7,0|0|0|7|44|1|16|7,0|0|0|7|48|1|54|10,126|126|103|1747|307|2614|307|1883,1,0,0,16,255,208
490,0,3,2,0,2,0,0,0,4|4|171|171|62|1|110|7,255|255|255|255|62|1|16|7,0|0|0|0|71|1|110|7,-4|-4|0|0|71|1|-109|6,0|0|-6|6|72|1|-70|6,0|0|-2|-2|72|1|-93|6,214|214|103|103|331|1683|332|1722,1,0,0,16,255,208
491,0,3,4,0,4,0,0,0,5|5|2|2|171|1|189|9,255|255|255|255|255|0|161|2,0|0|0|0|0|1|-127|2,-4|-4|-4|-4|0|1|-111|2,0|0|-8|8|0|1|-114|6,0|0|0|0|0|0|69|4,214|214|126|126|103|435|288|938,1,0,0,16,255,208
492,0,3,6,0,6,0,0,0,10|10|5|5|2|2|94|3,255|255|255|255|255|255|173|1,0|0|0|0|0|0|35|4,-3|-3|-4|-4|-5|-5|50|6,-6|6|-3|3|-8|8|35|4,0|0|0|0|0|0|0|0,214|214|214|214|126|126|13828|34187,1,0,0,16,255,208
493,0,3,8,0,8,0,0,0,12|12|8|8|8|8|6|6,255|255|255|255|255|255|255|255,0|0|0|0|0|0|0|0,-3|-3|-4|-4|-5|-5|-6|-6,-6|6|-3|3|-10|10|-12|12,0|0|0|0|0|0|0|0,214|214|214|214|214|214|126|126,1,0,0,16,255,208
494,0,8,1,0,1,0,0,0,128|243|59|70|6|117|3|233,255|0|139|70|6|54|137|133,0|-13|-127|-57|-16|-14|22|87,0|70|6|72|49|-46|-71|16,0|49|-37|-102|0|0|0|0,0|0|11|-125|-46|0|82|80,57|0|39424|0|0|32395|33028|61639,1,0,0,7,6,208
495,0,9,2,0,2,0,0,0,128|128|1|238|242|22|87|154,255|255|255|0|154|0|0|0,0|0|10|4|-127|-57|-16|-14,-1|-1|0|126|4|-127|-57|-18,9|-9|0|106|2|-117|126|4,0|0|0|-14|22|87|-102|0,57|57|228|0|32395|33028|61639|5874,1,0,0,7,6,208
496,0,9,2,0,2,0,0,0,113|113|1|1|80|129|199|238,255|255|255|255|0|0|0|0,0|0|9|0|0|-117|126|4,-1|-1|2|-10|22|87|-117|126,9|-9|0|0|-4|-2|6|87,0|0|0|0|-1|-75|-6|-4,76|76|228|228|0|39424|0|0,1,0,0,7,6,208
497,0,9,2,0,2,0,0,0,114|114|1|1|1|142|30|0,255|255|255|255|255|128|233|128,0|0|9|-8|8|12|70|-29,-1|-1|2|-3|-3|-13|-92|-118,9|-9|0|0|0|-25|127|-11,0|0|0|0|0|-86|-118|12,95|95|228|228|228|49161|1150|50945,1,0,0,7,6,208
498,0,9,4,0,4,0,0,0,114|114|128|128|164|73|209|233,255|255|255|255|40|237|235|180,0|0|0|0|-9|-128|-19|64,-1|-1|-2|-2|-57|1|0|116,9|-9|16|-16|-23|114|4|-13,0|0|0|0|-85|-86|-21|-36,95|95|57|57|4|3272|0|18059,1,0,0,7,6,208
499,0,9,6,0,6,0,0,0,114|114|128|128|128|128|70|244,255|255|255|255|255|255|119|34,0|0|0|0|0|0|70|-4,-1|-1|-2|-2|0|0|126|4,9|-9|16|-16|30|-30|-4|1,0|0|0|0|0|0|70|-12,95|95|57|57|57|57|18057|35832,1,0,0,7,6,208
500,0,3,1,0,1,0,0,0,149|1|1|1|1|2|7|38,255|255|255|255|255|105|126|247,0|-9|9|-8|8|0|54|-60,6|2|2|-3|-3|-8|-117|70,0|0|0|0|0|0|38|-117,0|0|0|0|0|0|-4|37,241|228|228|228|228|185|17921|60408,0,0,0,10,255,208
501,0,4,1,0,1,0,0,0,150|2|2|2|2|229|255|118,98|105|105|105|105|232|0|0,0|-6|6|-8|8|-24|0|0,6|6|6|-3|-3|4|87|-24,0|0|0|0|0|0|85|-119,0|0|0|0|0|-57|-16|-14,241|185|185|185|185|0|32395|13828,0,0,0,10,255,208
502,0,5,1,0,1,0,0,0,152|4|4|2|2|1|1|0,98|103|103|105|105|255|255|141,0|-6|6|-6|6|-10|10|-86,6|6|6|-6|-6|0|0|-117,0|0|0|0|0|0|0|-1,0|0|0|0|0|0|0|0,241|204|204|185|185|228|228|48580,0,0,0,10,255,208
503,0,5,1,0,1,0,0,0,153|1|0|0|139|126|4|129,98|255|242|22|87|141|190|0,0|0|87|-102|0|0|0|0,6|12|4|-127|-57|-16|-14|22,0|6|126|4|-127|-57|114|-4,0|4|104|-128|0|-117|126|4,241|108|22294|154|0|39424|0|0,0,0,0,10,255,208
504,0,5,2,0,2,0,0,0,152|152|0|154|0|0|0|0,98|98|254|254|1|0|235|4,0|0|-2|-2|-117|126|4|-127,6|6|-14|22|87|-117|-122|-2,-7|7|-16|-47|-32|1|-16|-117,0|0|3|-8|-127|-57|116|-13,241|241|32395|33028|61127|5874|39511|0,0,0,0,10,255,208
505,0,5,3,0,3,0,0,0,152|152|153|254|139|240|209|224,98|98|98|126|4|3|248|129,0|0|0|22|87|106|1|-117,6|6|6|-57|-18|-14|22|87,-9|9|0|0|0|-102|0|0,6|6|0|126|4|-127|-57|-16,241|241|241|35838|53744|480|35824|1150,0,0,0,10,255,208
506,0,5,1,3,1,0,0,0,2|3|87|154|0|0|0|0,255|255|0|0|0|139|126|4,0|0|-16|-14|22|87|-117|126,8|-2|-57|-18|-14|22|87|106,0|-30|126|4|-127|-57|-18|-14,0|0|-102|0|0|0|0|-102,153|88|48769|65278|256|884|12777|35839,0,0,0,2,255,0
507,0,5,2,3,2,0,0,0,2|2|240|242|22|87|106|0,255|255|5|154|0|0|0|0,-2|2|0|0|0|-57|-122|-2,8|8|0|-21|4|-1|-122|-2,0|0|126|4|-127|-57|-16|-14,0|0|-117|-122|-2|-2|-47|-32,153|153|61441|32395|772|33272|27847|5878,0,0,0,2,255,0
508,0,4,2,3,4,0,0,0,2|2|2|2|0|0|129|190,255|255|255|255|117|191|201|194,-2|2|-1|1|13|0|-116|-45,7|7|8|8|-4|-115|-66|0,0|0|0|0|-84|-86|-111|48,0|0|0|0|-37|-118|70|6,153|153|153|153|22294|59477|0|49201,0,0,0,2,255,0
509,0,4,2,3,6,0,0,0,2|2|2|2|2|2|136|131,255|255|255|255|255|255|150|0,-2|2|-4|4|-1|1|0|-102,7|7|5|5|8|8|114|-13,0|0|0|0|0|0|87|104,0|0|0|0|0|0|0|-58,153|153|153|153|153|153|0|191,0,0,0,2,255,0
510,0,4,3,3,6,0,0,0,2|2|2|2|2|2|85|232,255|255|255|255|255|255|139|150,-2|2|0|-1|1|0|-38|0,7|7|9|7|7|9|10|48,0|0|0|0|0|0|122|-119,0|0|0|0|0|0|-122|-12,153|153|153|153|153|153|0|65280,0,0,0,2,255,0
511,0,3,2,3,8,0,0,0,2|2|2|2|2|2|2|2,255|255|255|255|255|255|255|255,0|0|1|-1|2|-2|3|-3,9|9|8|8|7|7|6|6,6|-6|6|-6|6|-6|6|-6,0|0|0|0|0|0|0|0,153|153|153|153|153|153|153|153,0,0,0,2,255,0
512,0,4,4,3,8,0,0,0,2|2|2|2|2|2|2|2,255|255|255|255|255|255|255|255,0|0|1|-1|2|-2|3|-3,9|9|8|8|7|7|6|6,6|-6|6|-6|6|-6|6|-6,0|0|0|0|0|0|0|0,153|153|153|153|153|153|153|153,0,0,0,2,255,0
513,0,4,6,3,8,0,0,0,2|2|2|2|2|2|2|2,255|255|255|255|255|255|255|255,0|0|1|-1|2|-2|3|-3,9|9|8|8|7|7|6|6,6|-6|6|-6|6|-6|6|-6,0|0|0|0|0|0|0|0,153|153|153|153|153|153|153|153,0,0,0,2,255,0
514,0,5,8,3,8,0,0,0,2|2|2|2|2|2|2|2,255|255|255|255|255|255|255|255,0|0|1|-1|2|-2|3|-3,9|9|8|8|7|7|6|6,6|-6|6|-6|6|-6|6|-6,0|0|0|0|0|0|0|0,153|153|153|153|153|153|153|153,0,0,0,2,255,0
515,0,4,8,3,8,0,0,0,2|2|2|2|2|2|2|2,255|255|255|255|255|255|255|255,0|0|1|-1|2|-2|3|-3,9|9|8|8|7|7|6|6,6|-6|6|-6|6|-6|6|-6,0|0|0|0|0|0|0|0,153|153|153|153|153|153|153|153,0,0,0,2,255,0
516,0,3,8,3,8,0,0,0,2|2|2|2|2|2|2|2,255|255|255|255|255|255|255|255,0|0|1|-1|2|-2|3|-3,9|9|8|8|7|7|6|6,6|-6|6|-6|6|-6|6|-6,0|0|0|0|0|0|0|0,153|153|153|153|153|153|153|153,0,0,0,2,255,0
517,0,4,2,3,2,0,0,0,2|2|2|1|4|2|2|1,255|255|255|255|255|255|255|255,-6|6|120|120|120|120|120|120,2|2|6|6|6|6|5|5,0|0|0|0|0|0|0|0,0|0|0|14|-14|0|0|14,153|153|116|135|101|120|120|139,0,0,0,2,255,0
518,0,4,2,3,2,0,0,0,2|2|10|0|11|1|23|48,255|255|0|0|17|1|11|0,-5|5|0|0|33|1|11|0,3|3|0|0|49|1|0|0,0|0|0|0|0|0|0|0,0|0|0|1|1|1|0|0,153|153|1|1|0|0|0|0,0,0,0,2,255,0
519,0,4,2,3,4,0,0,0,2|2|2|2|0|1|2|1,255|255|255|255|0|0|0|0,-7|7|-5|5|0|0|0|0,1|1|3|3|0|0|10|30,0|0|0|0|-116|-56|20|60,0|0|0|0|80|16|0|0,153|153|153|153|3333|3850|6671|1806,0,0,0,2,255,0
520,0,4,2,3,6,0,0,0,2|2|2|2|2|2|0|0,255|255|255|255|255|255|0|1,-7|7|-5|5|-7|7|2|5,1|1|3|3|-1|-1|40|80,0|0|0|0|0|0|0|0,0|0|0|0|0|0|-4|-4,153|153|153|153|153|153|4112|4112,0,0,0,2,255,0
521,0,4,2,3,6,0,0,0,2|2|2|2|2|2|6|0,255|255|255|255|255|255|6|0,-7|7|-5|5|-8|8|1|0,1|1|3|3|2|2|120|0,0|0|0|0|0|0|-106|0,0|0|0|0|0|0|0|1,153|153|153|153|153|153|0|0,0,0,0,2,255,0
522,0,20,1,3,1,0,0,0,187|1|1|1|1|1|1|0,255|255|255|255|255|255|255|1,0|0|0|0|0|0|0|0,2|8|8|8|8|8|8|0,0|18|-15|14|-11|10|0|0,0|0|-2|-2|-4|-4|-6|0,153|58|58|58|58|58|58|0,0,0,0,2,255,0
523,0,20,7,3,7,0,0,0,187|2|2|2|2|2|2|0,255|255|255|255|255|255|255|0,0|-7|7|-5|5|-8|8|0,2|1|1|3|3|2|2|58,0|0|0|0|0|0|0|77,0|0|0|0|0|0|0|5,153|153|153|153|153|153|153|5905,0,0,0,2,255,0
524,0,30,1,3,1,0,0,0,187|1|1|1|1|1|1|1,255|255|255|255|255|255|8|8,0|0|0|0|0|0|8|8,2|8|8|8|8|-8|3|5,0|15|0|-16|15|0|8|8,0|0|-4|0|0|4|1|1,153|58|134|58|58|77|1284|1798,0,0,0,2,255,0
525,0,30,7,3,7,0,0,0,187|2|2|2|2|2|2|1,255|255|255|255|255|255|255|255,0|-7|7|-5|5|-8|8|0,2|1|1|3|3|2|2|8,0|0|0|0|0|0|0|5,0|0|0|0|0|0|0|-2,153|153|153|153|153|153|153|58,0,0,0,2,255,0
526,0,20,7,3,7,0,0,0,187|2|2|2|2|2|2|3,255|255|255|255|255|255|255|3,0|-7|7|-5|5|-8|8|2,-3|1|1|3|3|2|2|3,0|0|0|0|0|0|0|4,0|0|0|0|0|0|0|4,153|153|153|153|153|153|153|1173,1,0,0,2,255,0
527,0,15,7,3,7,0,0,0,187|2|2|2|2|2|2|1,255|255|255|255|255|255|255|255,0|-7|7|-5|5|-8|8|0,-1|1|1|3|3|2|2|8,0|0|0|0|0|0|0|4,0|0|0|0|0|0|0|0,153|153|153|153|153|153|153|58,1,0,0,2,255,0
528,0,5,1,3,1,0,0,0,2|1|1|1|173|0|99|7,255|255|255|255|255|0|196|7,0|0|0|0|0|0|9|8,8|8|8|8|8|0|35|8,0|18|-15|14|0|0|14|7,0|0|-2|-2|-4|0|-39|5,153|58|58|58|241|668|36|1972,0,0,0,2,255,0
529,0,4,3,3,6,0,0,0,2|2|2|2|2|2|64|3,255|255|255|255|255|255|210|3,-2|2|0|-1|1|0|70|4,7|7|9|7|7|9|-76|7,0|0|0|0|0|0|98|4,0|0|0|0|0|0|-74|2,153|153|153|153|153|153|108|694,0,0,0,2,255,0
530,0,5,8,3,8,0,0,0,2|2|2|2|2|2|2|2,255|255|255|255|255|255|255|255,0|0|1|-1|2|-2|3|-3,9|9|8|8|7|7|6|6,6|-6|6|-6|6|-6|6|-6,0|0|0|0|0|0|0|0,153|153|153|153|153|153|153|153,0,0,0,2,255,0
531,0,3,8,3,8,0,0,0,2|2|2|2|2|2|2|2,255|255|255|255|255|255|255|255,0|0|1|-1|2|-2|3|-3,9|9|8|8|7|7|6|6,6|-6|6|-6|6|-6|6|-6,0|0|0|0|0|0|0|0,153|153|153|153|153|153|153|153,0,0,0,2,255,0
532,0,15,1,3,1,0,0,0,187|1|1|1|1|1|134|5,255|255|255|255|255|255|125|2,0|6|-7|7|-8|8|-14|2,-1|6|3|3|0|0|49|1,0|15|-16|15|-16|15|-128|3,0|0|0|0|0|0|102|1,153|164|281|282|39|1|44|529,1,0,0,2,255,0
533,0,30,7,3,7,0,0,0,187|2|2|2|2|2|2|1,255|255|255|255|255|255|255|255,0|-7|7|-5|5|-8|8|3,2|1|1|3|3|2|2|7,0|0|0|0|0|0|0|15,0|0|0|0|0|0|0|0,153|153|153|153|153|153|153|202,0,0,0,2,255,0
534,0,3,1,3,1,0,0,0,2|3|1|1|57|0|150|3,255|255|255|255|58|0|102|1,0|6|-3|3|58|0|-128|3,8|6|7|7|60|0|-89|3,0|15|-16|15|61|0|-73|3,0|0|0|0|61|0|117|1,153|122|201|202|62|896|62|896,0,0,0,2,255,0
535,0,10,2,0,2,0,0,0,166|166|1|1|1|1|35|4,255|255|255|255|255|255|102|1,0|0|-3|3|-7|7|-14|3,7|7|7|7|3|3|102|1,0|0|-16|15|-16|15|35|4,0|0|0|0|0|0|102|1,90|90|201|202|281|282|84|358,0,0,0,14,6,208
536,0,3,1,0,1,0,0,0,2|3|3|3|87|0|242|3,255|255|255|255|88|0|102|1,0|7|-4|4|88|0|35|4,8|4|7|7|91|0|102|1,0|15|-16|15|91|0|-14|3,0|0|0|0|92|0|102|1,160|98|98|98|94|358|94|373,0,0,0,5,255,96
537,0,2,1,0,1,0,0,0,2|3|3|3|3|3|18|6,255|255|255|255|255|255|18|6,0|7|-4|4|-8|8|125|5,8|4|7|7|1|1|-2|5,0|15|-16|15|-16|15|-2|5,0|0|0|0|0|0|55|6,160|98|98|98|98|98|139|1795,0,0,0,5,255,96
538,0,4,2,0,2,0,0,0,2|2|31|7|149|0|150|7,255|255|9|8|154|0|55|6,0|0|67|5|-101|0|37|6,8|8|9|8|-101|0|2|5,-8|8|37|6|-99|0|55|6,0|0|67|5|-95|0|-123|4,160|160|164|1573|166|1221|168|1681,0,0,0,5,255,96
539,0,3,2,0,2,0,0,0,2|2|173|4|173|0|234|4,255|255|255|4|176|0|234|4,0|0|0|7|-78|0|31|7,8|8|-7|7|-77|0|-25|6,-8|8|0|6|-75|0|-75|4,0|0|0|6|-72|0|-22|5,160|160|241|1739|184|1189|186|1258,0,0,0,5,255,96
540,0,4,3,0,3,0,0,0,2|2|2|5|191|0|254|5,255|255|255|6|197|0|234|5,0|0|0|5|-55|0|53|7,8|8|8|6|-51|0|3|7,-10|10|0|4|-51|0|31|7,5|5|-5|6|-51|0|-25|6,160|160|160|1615|208|1189|209|1554,0,0,0,5,255,96
541,0,3,3,0,3,0,0,0,2|2|2|6|211|0|102|5,255|255|255|4|211|0|125|5,0|0|0|4|-44|0|-107|4,8|8|8|5|-43|0|-91|4,-10|10|0|7|-42|0|-22|4,5|5|-5|6|-42|0|79|6,160|160|160|1942|219|1661|221|1942,0,0,0,5,255,96
542,0,4,4,0,4,0,0,0,2|2|2|2|236|0|145|6,255|255|255|255|237|0|67|5,0|0|0|0|-19|0|-123|4,8|8|8|8|-18|0|-123|4,-15|15|-8|8|-16|0|-119|1,5|5|-5|-5|-7|0|35|8,160|160|160|160|252|2083|252|373,0,0,0,5,255,96
543,0,5,5,0,5,0,0,0,2|2|2|2|2|0|162|1,255|255|255|255|255|1|162|1,0|0|0|0|0|1|35|8,8|8|8|8|8|1|-92|2,-20|20|-12|12|0|1|-26|2,8|8|-2|-2|-6|0|-114|1,160|160|160|160|160|32395|13828|32196,0,0,0,5,255,96
544,0,5,6,0,6,0,0,0,2|2|2|2|2|2|6|0,255|255|255|255|255|255|252|187,0|0|0|0|0|0|4|36,8|8|8|8|8|8|-19|-118,-24|24|-18|18|-12|12|-54|-118,8|8|-2|-2|-6|-6|-46|117,160|160|160|160|160|160|19416|53877,0,0,0,5,255,96
545,0,6,7,0,7,0,0,0,2|2|2|2|2|2|2|255,255|255|255|255|255|255|255|154,0|0|0|0|0|0|0|-1,8|8|8|8|8|8|8|-117,-24|24|-18|18|-12|12|0|0,8|8|-2|-2|-6|-6|-8|0,160|160|160|160|160|160|160|18057,0,0,0,5,255,96
546,0,6,8,0,8,0,0,0,2|2|2|2|2|2|2|2,255|255|255|255|255|255|255|255,0|0|0|0|0|0|0|0,8|8|8|8|8|8|8|8,-24|24|-18|18|-12|12|-5|5,8|8|-2|-2|-6|-6|-8|-8,160|160|160|160|160|160|160|160,0,0,0,5,255,96
547,0,2,1,0,2,0,0,0,2|2|1|1|1|1|1|0,255|255|255|255|255|255|255|248,-6|6|-6|6|-3|3|0|-64,6|6|-6|-6|-7|-7|8|-8,-6|6|-15|14|-9|8|0|0,0|0|0|0|0|0|0|0,159|161|111|111|111|111|111|154,0,0,0,5,255,96
548,0,3,2,0,2,0,0,0,2|2|174|175|1|0|141|190,255|255|255|255|255|0|0|14,-6|6|-6|6|0|0|-115|-66,6|6|6|6|-8|126|-2|22,-6|6|-19|18|0|80|80|-102,0|0|12|12|0|0|0|0,159|161|255|255|111|36350|32446|5887,0,0,0,5,255,96
549,0,3,2,0,4,0,0,0,2|2|2|2|1|1|1|0,255|255|255|255|255|255|255|254,-6|6|-7|7|0|-3|3|22,6|6|5|5|8|-7|-7|0,-6|6|-6|6|0|-9|8|22,0|0|0|0|0|0|0|87,159|161|159|161|111|111|111|59621,0,0,0,5,255,96
550,0,3,3,0,3,0,0,0,2|2|2|175|1|1|1|1,255|255|255|255|255|255|255|255,-6|6|0|6|0|-6|6|0,6|6|-8|6|8|-6|-6|-8,-6|6|0|18|0|-9|8|0,0|0|0|12|0|0|0|0,159|161|160|255|111|111|111|111,0,0,0,5,255,96
551,0,3,4,0,4,0,0,0,2|2|2|2|99|0|0|144,255|255|255|255|255|0|0|144,-6|6|0|0|2|0|0|-112,6|6|-8|-8|5|0|0|-112,-6|6|-8|8|0|0|0|-112,0|0|0|0|0|0|0|48,159|161|160|160|266|0|206|36885,0,0,0,5,255,96
552,0,4,5,0,5,0,0,0,2|2|2|2|2|20|20|20,255|255|255|255|255|255|255|255,-6|6|6|-6|0|120|120|120,6|6|-6|-6|-8|120|120|120,-6|6|6|-6|0|9|-9|-9,0|0|0|0|0|-9|-9|9,159|161|159|161|160|227|227|227,0,0,0,5,255,96
553,0,4,6,0,6,0,0,0,2|2|2|2|2|2|189|144,255|255|255|255|255|255|255|48,-6|6|6|-6|0|0|3|48,6|6|-6|-6|-8|-8|-1|-112,-6|6|6|-6|-8|8|0|-112,0|0|0|0|0|0|0|48,159|161|159|161|160|160|238|36909,0,0,0,5,255,96
554,0,4,7,0,7,0,0,0,2|2|2|2|2|2|2|114,255|255|255|255|255|255|255|255,-6|6|6|-6|0|0|0|0,6|6|-6|-6|-8|-8|-8|6,-6|6|6|-6|-12|12|0|0,0|0|0|0|0|0|4|6,159|161|159|161|160|160|160|171,0,0,0,5,255,96
555,0,5,8,0,8,0,0,0,2|2|2|2|2|2|2|2,255|255|255|255|255|255|255|255,-6|6|6|-6|0|0|0|0,6|6|-6|-6|-8|-8|-8|-8,-6|6|6|-6|-16|16|-10|10,0|0|0|0|0|0|4|4,159|161|159|161|160|160|160|160,0,0,0,5,255,96
556,0,6,8,0,8,0,0,0,2|2|2|2|2|2|2|2,255|255|255|255|255|255|255|255,-6|6|6|-6|0|0|0|0,6|6|-6|-6|-8|-8|-8|8,-6|6|6|-6|-16|16|0|0,0|0|0|0|0|0|4|-4,159|161|159|161|160|160|160|160,0,0,0,5,255,96
557,0,6,8,0,8,0,0,0,2|2|2|2|2|2|2|2,255|255|255|255|255|255|255|255,-6|6|6|-6|0|0|-6|6,6|6|-6|-6|-8|-8|8|8,-6|6|6|-6|-16|16|0|0,0|0|0|0|0|0|-4|-4,159|161|159|161|160|160|159|161,0,0,0,5,255,96
558,0,3,1,0,1,0,0,0,2|2|2|0|166|2|0|144,255|255|19|50|170|2|0|144,0|0|92|85|-78|2|21|-112,8|10|2|0|-45|2|0|-112,0|6|19|50|-41|2|57|-112,0|0|100|0|-36|2|70|48,160|64|746|20489|0|0|751|12370,0,0,0,5,255,96
559,0,4,2,0,2,0,0,0,2|2|1|0|254|2|9|80,255|255|255|0|3|3|82|48,0|0|1|0|8|3|0|-112,8|8|8|85|13|3|106|-112,-8|8|0|0|23|3|82|48,0|0|0|0|30|3|70|48,160|160|226|36957|0|2134|816|12370,0,0,0,5,255,96
560,0,4,4,0,4,0,0,0,2|2|2|2|1|3|0|144,255|255|255|255|255|3|106|144,0|0|0|0|2|3|82|48,8|8|8|8|6|3|70|48,-15|15|-8|8|0|3|0|-112,5|5|-5|-5|0|3|34|-112,160|160|160|160|226|21852|872|36898,0,0,0,5,255,96
561,0,5,5,0,5,0,0,0,3|3|3|3|3|1|1|208,255|255|255|255|255|255|255|144,0|0|0|0|0|-3|3|48,8|8|8|8|8|4|4|-112,-20|20|-12|12|0|0|0|-112,8|8|-2|-2|-6|0|0|-112,160|160|160|160|160|226|226|36957,0,0,0,5,255,96
562,0,6,7,0,7,0,0,0,4|4|4|4|4|4|4|48,255|255|255|255|255|255|255|144,0|0|0|0|0|0|0|-112,8|8|8|8|8|8|8|48,-24|24|-18|18|-12|12|0|48,8|8|-2|-2|-6|-6|-8|-112,160|160|160|160|160|160|160|36864,0,0,0,5,255,96
563,0,6,8,0,8,0,0,0,6|6|6|6|6|6|6|6,255|255|255|255|255|255|255|255,0|0|0|0|0|0|0|0,8|8|8|8|8|8|8|8,-24|24|-18|18|-12|12|-5|5,8|8|-2|-2|-6|-6|-8|-8,160|160|160|160|160|160|160|160,0,0,0,5,255,96
564,0,3,1,1,1,0,0,0,2|2|2|2|59|4|93|144,255|98|98|98|64|4|82|48,0|0|-12|12|69|4|9|80,8|12|0|12|74|4|82|48,0|-6|0|0|79|4|0|-112,0|0|0|0|84|4|106|-112,157|144|16|54|120|0|1125|12358,0,0,0,5,255,96
565,0,2,1,0,1,0,0,0,1|0|0|0|124|4|9|80,255|0|0|0|129|4|82|48,0|0|0|0|-122|4|0|-112,10|0|92|85|-117|4|106|-112,0|0|0|0|-107|4|82|48,0|0|0|0|-100|4|70|48,58|0|1185|36864|24|21852|1190|36898,0,0,0,8,255,208
566,0,3,2,0,2,0,0,0,1|1|32|32|32|32|32|32,255|255|32|32|32|32|32|32,-1|1|32|32|32|1|0|0,9|9|0|0|0|0|0|0,-4|4|0|0|0|0|0|0,0|0|0|0|0|0|0|0,58|58|0|0|0|0|0|0,0,0,0,8,255,208
567,0,2,2,0,2,0,0,0,1|1|110|111|110|32|32|32,255|255|32|32|32|32|32|32,-1|1|32|32|32|32|32|1,9|9|-100|0|-99|0|-98|0,-4|4|-96|0|-95|0|-94|0,0|0|-92|0|-91|0|0|0,58|58|0|0|0|0|0|0,0,0,0,8,255,208
568,0,3,3,0,3,0,0,0,1|1|1|110|110|111|110|32,255|255|255|32|32|32|32|32,-1|1|0|32|32|32|32|32,9|9|10|0|-89|0|-88|0,-4|4|0|0|-85|0|-84|0,0|0|0|0|-81|0|-80|0,58|58|58|0|0|0|0|0,0,0,0,8,255,208
569,0,2,3,0,3,0,0,0,1|1|1|97|110|110|111|110,255|255|255|32|32|32|32|32,-1|1|0|32|32|32|32|32,9|9|10|1|-79|0|-78|0,-4|4|0|0|-75|0|-74|0,0|0|0|0|-71|0|-70|0,58|58|58|0|0|0|0|0,0,0,0,8,255,208
570,0,2,3,0,3,0,0,0,1|1|2|114|32|32|32|32,255|255|255|32|32|32|32|32,-1|1|0|32|32|32|32|32,9|9|10|32|32|1|-68|0,-4|4|0|0|-65|0|-64|0,0|0|0|0|-61|0|-60|0,58|58|59|0|0|0|0|0,0,0,0,8,255,208
571,0,3,3,0,3,0,0,0,2|2|1|99|97|32|76|97,255|255|255|32|32|32|32|32,-1|1|0|32|32|32|32|32,9|9|10|32|32|32|32|1,-4|4|0|0|-55|0|-54|0,0|0|0|0|-51|0|-50|0,59|59|58|0|0|0|0|0,0,0,0,8,255,208
572,0,3,3,0,3,0,0,0,2|2|2|80|114|111|116|114,255|255|255|90|32|32|32|32,-1|1|0|32|32|32|32|32,9|9|10|32|32|32|32|32,-4|4|0|0|-45|0|-44|0,0|0|0|0|-41|0|-40|0,59|59|59|220|0|0|0|0,0,0,0,8,255,208
573,0,4,5,0,5,0,0,0,2|2|2|1|1|86|117|108,255|255|255|255|255|97|110|110,-2|2|0|-1|1|32|32|32,8|8|10|9|9|32|32|32,-8|8|0|-2|2|0|-34|0,0|0|0|0|0|0|-30|0,279|280|59|58|58|0|0|0,0,0,0,8,255,208
574,0,4,5,0,5,0,0,0,2|2|3|1|1|0|30|76,255|255|255|255|255|105|110|103,-2|2|0|-1|1|111|110|32,8|8|10|9|9|32|32|32,-8|8|0|-2|2|1|-24|0,0|0|0|0|0|0|-20|0,279|280|60|58|58|242|0|0,0,0,0,8,255,208
575,0,3,7,0,7,0,0,0,2|2|1|1|1|1|1|0,255|255|255|255|255|255|255|114,-2|2|0|-1|1|-1|1|32,8|8|10|9|9|9|9|32,-8|8|0|-1|1|-7|7|1,0|0|0|0|0|0|0|0,279|280|58|58|58|58|58|0,0,0,0,8,255,208
576,0,15,1,0,1,0,0,11,112|0|0|0|132|3|85|0,255|0|30|77|117|108|116|105,0|67|97|110|110|111|110|32,-3|32|32|32|32|32|32|32,0|32|32|32|32|32|32|32,0|2|-2|0|-1|0|0|1,171|258|259|260|261|262|263|264,0,0,0,26,98,208
577,0,10,1,0,1,0,0,11,112|1|18|1|19|1|238|2,255|0|40|0|30|83|111|110,0|99|32|87|97|118|101|32,-3|32|32|32|32|32|32|32,0|32|32|32|32|32|32|32,0|32|32|2|20|1|21|1,171|279|280|281|282|283|284|285,0,0,0,26,98,208
578,0,10,1,0,1,0,0,10,128|1|39|1|40|1|41|1,255|3|41|0|50|0|30|80,0|111|116|114|111|110|32|32,-3|32|32|32|32|32|32|32,0|32|32|32|32|32|32|32,0|32|32|32|32|2|44|1,171|302|303|304|305|306|307|308,0,0,0,26,98,208
579,0,10,2,0,2,0,0,10,112|112|62|1|63|1|64|1,255|255|138|2|81|0|50|0,0|0|114|111|116|114|111|110,-3|-3|32|32|32|32|32|32,-6|6|32|32|32|32|32|32,0|0|32|32|32|32|32|1,171|171|324|325|326|327|328|329,0,0,0,26,98,208
580,0,10,2,0,2,0,0,9,128|128|0|0|0|0|0|0,255|255|0|0|88|2|81|0,0|0|30|87|105|108|100|32,-3|-3|108|108|32|32|32|32,-6|6|32|32|32|32|32|32,0|0|32|32|32|32|32|32,171|171|334|335|336|337|338|339,0,0,0,26,98,208
581,0,10,3,0,3,0,0,9,128|128|112|1|94|1|95|1,255|255|255|1|98|1|32|3,-5|5|0|0|30|86|117|108,0|0|-3|32|67|97|110|110,-5|5|0|32|32|32|32|32,0|0|-3|32|32|32|32|32,171|171|171|356|357|358|359|360,0,0,0,26,98,208
582,0,10,4,0,4,0,0,9,128|128|112|112|0|0|0|0,255|255|255|255|0|0|0|0,-5|5|-3|3|20|0|30|77,0|0|-3|-3|108|108|97|110,-5|5|-3|3|32|79|112|116,0|0|-3|-3|87|101|97|112,171|171|171|171|5|66|366|26,0,0,0,26,98,208
583,0,9,4,0,4,0,0,8,128|128|112|112|0|0|0|0,255|255|255|255|0|0|0|0,-5|5|-3|3|0|0|10|0,0|0|-3|-3|115|105|108|101,-5|5|-3|3|110|99|104|101,0|0|-3|-3|32|32|32|32,171|171|171|171|367|368|369|370,0,0,0,26,98,208
584,0,9,6,0,6,0,0,8,128|128|112|112|112|112|0|0,255|255|255|255|255|255|0|0,-5|5|-3|3|-3|3|9|0,0|0|-3|-3|3|3|101|98,-5|5|-3|3|-3|3|32|32,0|0|-3|-3|3|3|32|32,171|171|171|171|171|171|379|380,0,0,0,26,98,208
585,0,9,7,0,7,0,0,8,128|128|112|112|112|112|112|1,255|255|255|255|255|255|255|1,-5|5|-3|3|-3|3|0|3,0|0|-3|-3|3|3|-4|103,-5|5|-3|3|-3|3|0|32,0|0|-3|-3|3|3|-4|32,171|171|171|171|171|171|171|401,0,0,0,26,98,208
586,0,9,8,0,8,0,0,8,128|128|112|112|112|112|112|112,255|255|255|255|255|255|255|255,-5|5|-3|3|-3|3|0|0,0|0|-3|-3|3|3|-4|6,-5|5|-3|3|-3|3|0|0,0|0|-3|-3|3|3|-4|6,171|171|171|171|171|171|171|171,0,0,0,26,98,208
587,0,20,1,0,1,0,0,11,128|1|165|1|0|0|0|0,255|0|0|0|0|0|0|0,0|0|0|0|0|0|0|0,-3|0|-24|3|11|0|90|0,0|82|101|97|114|32|72|101,-3|118|121|32|77|105|115|115,19|8293|24908|28277|26723|29285|8224|288,0,0,0,26,98,208
588,0,20,1,0,2,0,0,11,128|128|175|1|176|1|0|0,255|255|0|0|0|0|0|0,-3|3|0|0|0|0|0|0,-3|-3|0|0|-24|3|11|0,-3|3|30|82|101|97|114|32,-3|-3|103|97|32|80|117|108,19|19|8224|8224|8224|8224|8224|8224,0,0,0,26,98,208
589,0,20,2,0,2,0,0,11,128|128|185|1|186|1|187|1,255|255|0|0|0|0|0|0,-3|3|0|0|0|0|0|0,-3|-3|0|0|0|0|-124|3,-3|3|90|0|30|66|97|110,-3|-3|97|32|66|108|97|115,19|19|8224|8224|8224|8224|8224|8224,0,0,0,26,98,208
590,0,20,2,0,2,0,0,10,116|116|1|2|2|2|3|2,255|255|0|0|0|0|0|0,-3|3|0|0|0|0|0|0,-3|-3|0|0|0|0|0|0,-3|3|3|0|20|0|30|66,-3|-3|97|110|97|32|66|108,19|19|25938|29281|8224|8224|8224|8224,0,0,0,26,98,208
591,0,20,2,0,2,0,0,9,116|116|11|2|12|2|13|2,255|255|15|2|0|0|0|0,-4|4|0|0|0|0|0|0,-1|-1|0|0|0|0|0|0,-4|4|76|4|3|0|20|0,-1|-1|111|116|68|111|103|32,19|19|8308|8224|8224|8224|8224|8224,0,0,0,26,98,208
592,0,20,2,0,2,0,0,8,116|116|29|2|30|2|31|2,255|255|33|2|34|2|0|0,-4|4|0|0|0|0|0|0,0|0|0|0|0|0|0|0,-4|4|0|0|76|4|127|0,0|0|30|72|111|116|68|111,19|19|29281|8224|8224|8224|8224|8224,0,0,0,26,98,208
593,0,20,2,0,2,0,0,7,113|113|39|2|40|2|41|2,255|255|43|2|44|2|45|2,-4|4|0|0|0|0|0|0,2|2|0|0|0|0|0|0,-4|4|0|0|0|0|76|4,2|2|40|0|30|72|121|112,19|19|27765|25971|8224|8224|8224|8224,0,0,0,26,98,208
594,0,20,4,0,4,0,0,8,128|128|128|128|57|2|58|2,255|255|255|255|61|2|62|2,-4|4|-2|2|0|0|0|0,-2|-2|-4|-4|0|0|0|0,-4|4|-2|2|0|0|0|0,-2|-2|-4|-4|50|0|30|71,19|19|19|19|29283|8303|28482|25197,0,0,0,26,98,208
595,0,20,4,0,4,0,0,7,116|116|128|128|67|2|68|2,255|255|255|255|71|2|72|2,-4|4|-2|2|0|0|0|0,-2|-2|-4|-4|0|0|0|0,-4|4|-2|2|0|0|0|0,-2|-2|-4|-4|53|0|60|0,19|19|19|19|26997|25956|8292|28482,0,0,0,26,98,208
596,0,15,2,0,4,0,0,7,114|114|114|114|77|2|78|2,255|255|255|255|81|2|82|2,-4|4|-2|2|85|2|0|0,-2|-2|-4|-4|0|0|0|0,-4|4|-2|2|0|0|0|0,-2|-2|-4|-4|-24|3|-57|0,19|19|19|19|29285|22304|30305|8293,0,0,0,26,98,208
597,0,20,4,0,4,0,0,6,114|114|114|114|87|2|88|2,255|255|255|255|91|2|92|2,-4|4|-2|2|95|2|96|2,-2|-2|-4|-4|0|0|0|0,-4|4|-2|2|0|0|0|0,-2|-2|-4|-4|0|0|-124|3,19|19|19|19|25956|8292|28482|25197,0,0,0,26,98,208
598,0,4,2,0,2,0,0,0,1|1|32|1|97|2|98|2,255|255|100|2|101|2|102|2,-10|10|104|2|105|2|106|2,0|0|0|0|0|0|0|0,0|0|0|0|0|0|0|0,0|0|0|0|0|0|0|0,285|285|40|21278|30056|30066|27497|28261,0,0,0,6,255,208
599,0,4,3,0,3,0,0,0,1|1|1|32|32|1|113|2,255|255|255|2|116|2|117|2,-10|10|0|2|120|2|121|2,0|0|-10|2|0|0|0|0,0|0|0|0|0|0|0|0,0|0|0|0|0|0|0|0,285|285|285|40|20510|26991|28531|8302,0,0,0,6,255,208
600,0,5,4,0,4,0,0,0,1|1|1|1|32|32|32|1,255|255|255|255|126|2|127|2,-10|10|-10|10|-126|2|-125|2,0|0|0|0|-122|2|0|0,0|0|0|0|0|0|0|0,3|3|-4|-4|0|0|0|0,285|285|285|285|40|20510|28530|29300,0,0,0,6,255,208
601,0,5,4,0,4,0,0,0,1|1|1|1|32|32|32|32,255|255|255|255|136|2|137|2,-10|10|0|0|-116|2|-115|2,0|0|-10|10|-112|2|-111|2,0|0|0|0|0|0|0|0,0|0|0|0|0|0|0|0,285|285|285|285|0|40|21534|25960,0,0,0,6,255,208
602,0,5,6,0,6,0,0,0,1|1|1|1|1|1|32|32,255|255|255|255|255|255|148|2,-10|10|-10|10|0|0|-104|2,0|0|0|0|-10|10|-100|2,0|0|0|0|0|0|0|0,3|3|-4|-4|0|0|0|0,285|285|285|285|285|285|40|19998,0,0,0,6,255,208
603,0,5,4,0,8,0,0,0,2|2|1|1|2|2|2|2,255|255|255|255|255|255|255|255,-10|10|0|0|-10|10|-10|10,0|0|-10|10|0|0|0|0,0|0|0|0|0|0|0|0,0|0|0|0|-8|-10|8|8,170|170|285|285|170|170|170|170,0,0,0,6,255,208
604,0,5,5,0,5,0,0,0,2|2|2|2|1|32|32|32,255|255|255|255|255|32|32|2,-10|10|-10|10|0|2|-81|2,0|0|0|0|-10|2|-77|2,0|0|0|0|0|2|-73|2,-8|-8|8|8|0|2|-69|2,170|170|170|170|285|705|1100|7,0,0,0,6,255,208
605,0,5,7,0,7,0,0,0,2|2|2|2|1|1|1|32,255|255|255|255|255|255|255|32,-10|10|-10|10|0|0|0|2,0|0|0|0|10|-10|-10|2,0|0|0|0|0|-3|3|2,-8|-8|8|8|0|0|0|0,170|170|170|170|285|285|285|1100,0,0,0,6,255,208
606,0,5,8,0,8,0,0,0,2|2|2|2|1|1|1|1,255|255|255|255|255|255|255|255,-10|10|-10|10|0|0|0|0,0|0|0|0|10|10|-10|-10,0|0|0|0|-3|3|-3|3,-8|-8|8|8|0|0|0|0,170|170|170|170|285|285|285|285,0,0,0,6,255,208
607,0,5,6,0,6,0,0,0,2|2|2|2|2|2|0|0,255|255|255|255|255|255|0|0,-10|10|-10|10|-10|10|0|0,0|0|0|0|0|0|0|0,0|0|0|0|0|0|0|0,-16|-16|0|0|16|16|0|0,170|170|170|170|170|170|0|0,0,0,0,6,255,208
608,0,5,8,0,8,0,0,0,2|2|2|2|2|2|1|1,255|255|255|255|255|255|255|255,-10|10|-10|10|-10|10|0|0,0|0|0|0|0|0|-10|-10,0|0|0|0|0|0|-3|3,-16|-16|0|0|16|16|0|0,170|170|170|170|170|170|285|285,0,0,0,6,255,208
609,0,8,1,0,1,0,0,11,128|100|0|2|0|171|0|171,255|190|0|190|0|209|0|209,0|-28|0|-28|0|-9|0|-9,10|10|1|10|1|0|0|0,0|0|0|0|0|0|0|0,3|0|0|0|0|0|1|1,19|0|0|0|1280|0|3072|0,0,0,0,26,98,208
610,0,6,1,0,2,0,0,11,128|128|171|0|171|0|190|0,255|255|209|0|209|0|228|0,0|0|-9|0|-9|0|10|1,10|-2|0|0|0|0|0|0,0|0|0|0|0|0|0|0,3|-3|0|1|1|0|0|0,19|19|0|5|0|20|0|0,0,0,0,26,98,208
611,0,5,1,0,3,0,0,10,128|128|128|161|0|161|0|163,255|255|255|165|0|165|0|167,0|-3|3|-91|0|-91|0|-93,10|-1|-1|-95|0|-95|0|-97,0|3|3|-97|0|-97|0|2,3|-1|-1|0|0|0|0|0,19|19|19|2048|0|0|0|0,0,0,0,26,98,208
612,0,6,2,0,2,0,0,10,128|128|235|0|237|0|239|0,255|255|243|0|0|0|0|0,0|0|0|0|0|0|0|0,10|-2|0|0|0|0|0|0,0|0|0|0|4|1|1|0,3|-3|0|0|0|0|0|0,19|19|1|19968|0|0|0|0,0,0,0,26,98,208
613,0,10,3,0,3,0,0,9,128|128|128|0|0|0|0|0,255|255|255|0|0|0|0|0,0|-3|3|0|0|0|0|0,10|0|0|0|0|0|0|0,0|-3|3|1|0|0|0|0,3|0|0|0|0|25|0|0,19|19|19|0|0|0|0|0,0,0,0,26,98,208
614,0,10,3,0,3,0,0,9,128|112|112|0|0|0|0|0,255|255|255|0|0|0|0|0,0|-3|3|0|0|0|0|0,10|0|0|0|0|0|2|0,0|-3|3|0|0|0|0|0,3|0|0|0|0|0|1|0,19|19|19|0|0|0|0|0,0,0,0,26,98,208
615,0,10,2,0,4,0,0,9,128|128|128|128|0|0|0|0,255|255|255|255|0|0|0|0,-1|1|-3|3|0|0|0|0,10|10|0|0|0|1|0|0,-4|4|-3|3|0|0|0|25,3|3|0|0|0|0|0|0,19|19|19|19|0|0|0|262,0,0,0,26,98,208
616,0,8,2,0,4,0,0,8,128|128|112|112|0|0|0|0,255|255|255|255|0|0|0|0,-1|1|-3|3|0|0|0|0,12|12|0|0|0|0|0|0,-4|4|-3|3|25|0|0|0,3|3|0|0|0|0|0|0,19|19|19|19|25855|768|48897|49408,0,0,0,26,98,208
617,0,15,5,0,5,0,0,8,128|128|112|112|128|0|0|0,255|255|255|255|255|0|0|0,-1|1|-3|3|0|4|1|1,12|12|0|0|-3|0|0|0,-4|4|-3|3|0|8|0|0,3|3|0|0|-3|0|97|97,19|19|19|19|19|243|241|239,0,0,0,26,98,208
618,0,15,6,0,6,0,0,7,128|128|112|112|128|128|0|0,255|255|255|255|255|255|0|0,-1|1|-3|3|-2|2|0|0,12|12|0|0|-3|-3|20|0,-4|4|-3|3|-2|2|0|0,3|3|0|0|-3|-3|0|-106,19|19|19|19|19|19|50944|50432,0,0,0,26,98,208
619,0,15,7,0,7,0,0,7,128|128|112|112|112|128|128|0,255|255|255|255|255|255|255|4,-1|0|1|-3|3|-2|2|0,12|12|12|0|0|-3|-3|1,-4|0|4|-3|3|-2|2|0,3|3|3|0|0|-3|-3|0,19|19|19|19|19|19|19|0,0,0,0,26,98,208
620,0,1,1,0,8,0,0,0,4|4|4|4|4|4|4|4,255|255|255|255|255|255|255|255,-2|1|3|-2|4|-1|-3|1,6|8|5|7|5|9|5|7,20|-10|-20|20|-30|10|30|-20,30|40|10|20|10|50|20|30,255|255|255|255|255|255|255|255,0,0,0,10,255,128
621,0,1,1,0,1,0,0,0,99|0|0|0|0|0|0|0,255|26|0|1|0|0|0|0,0|0|0|0|0|25|0|0,8|8|2|3|4|0|0|0,0|0|0|0|0|0|-126|0,0|-1|125|0|10|1|91|0,266|93|39|43|129|41|131|0,0,0,0,10,11,128
622,0,0,8,9,8,0,0,0,4|4|4|4|2|2|2|2,8|8|8|8|8|8|8|8,2|-2|2|-2|3|-3|0|0,2|2|-2|-2|0|0|3|-3,2|-2|2|-2|3|-3|0|0,2|2|-2|-2|0|0|3|-3,21|21|21|21|20|20|20|20,0,0,0,12,1,112
623,0,40,3,1,8,0,0,0,4|4|4|4|4|4|4|4,255|255|255|255|255|255|255|255,-2|1|3|-2|4|-1|-3|1,6|8|5|7|5|9|5|7,80|-40|-80|80|-120|40|120|-80,60|80|20|40|80|100|10|60,109|109|109|109|109|109|109|109,0,0,0,10,255,240
624,0,40,1,0,4,0,0,0,1|1|1|1|0|0|0|0,255|255|255|255|20|0|0|0,0|0|0|0|0|0|0|0,8|7|9|6|0|0|0|0,0|0|0|0|1|7|0|0,0|0|0|0|0|0|0|0,304|304|304|304|0|0|0|0,0,0,0,10,255,240
625,0,4,1,1,1,0,0,0,2|0|0|0|0|0|0|0,255|0|0|0|0|1|0|0,0|0|0|0|0|0|0|0,8|0|0|0|0|0|0|0,0|1|9|0|0|0|0|0,0|0|0|0|0|0|0|0,109|0|0|0|0|0|0|0,0,0,0,5,255,240
626,0,4,2,1,2,0,0,0,2|2|0|0|0|0|0|0,255|255|1|0|0|0|0|0,0|0|0|0|0|16|0|0,8|8|0|0|0|50|1|11,12|-12|0|0|0|0|0|0,14|14|0|0|0|0|0|0,109|109|0|0|0|0|0|0,0,0,0,5,255,240
627,0,4,3,1,3,0,0,0,2|2|2|0|0|0|0|1,255|255|255|0|0|0|0|0,1|-1|0|0|0|0|0|0,8|8|8|1|5|0|0|0,12|-12|0|0|0|0|0|0,14|14|0|0|0|0|0|0,109|109|109|0|0|0|0|0,0,0,0,5,255,240
628,0,4,4,1,4,0,0,0,2|2|2|2|1|0|0|0,255|255|255|255|0|0|0|240,1|-1|0|0|0|0|0|50,8|8|8|8|0|0|0|0,26|-26|12|-12|0|0|0|0,14|14|14|14|0|0|0|0,109|109|109|109|0|0|0|0,0,0,0,5,255,240
629,0,4,5,1,5,0,0,0,2|2|2|2|2|0|0|0,255|255|255|255|255|0|0|0,2|-2|1|-1|0|1|1|0,8|8|8|8|8|0|0|0,26|-26|12|-12|0|0|0|0,14|14|14|14|0|0|0|0,109|109|109|109|109|0|0|8,0,0,0,5,255,240
630,0,4,6,1,6,0,0,0,2|2|2|2|2|2|2|0,255|255|255|255|255|255|255|0,3|-3|2|-2|1|-1|0|0,8|8|8|8|8|8|0|0,40|-40|26|-26|12|-12|0|0,20|20|14|14|14|14|0|0,109|109|109|109|109|109|256|0,0,0,0,5,255,240
631,0,4,7,1,7,0,0,0,2|2|2|2|2|2|2|236,255|255|255|255|255|255|255|1,3|-3|2|-2|1|-1|0|0,8|8|8|8|8|8|8|0,40|-40|26|-26|12|-12|0|0,20|20|14|14|14|14|0|0,109|109|109|109|109|109|109|0,0,0,0,5,255,240
632,0,4,6,1,6,0,0,0,2|2|2|2|2|2|0|0,255|255|255|255|255|255|0|0,2|-2|1|-1|0|0|0|0,8|8|8|8|8|8|0|0,40|-40|26|-26|12|-12|0|0,20|20|14|14|14|14|0|0,109|109|109|109|109|109|0|0,0,0,0,5,255,240
633,0,4,7,1,7,0,0,0,2|2|2|2|2|2|2|0,255|255|255|255|255|255|255|0,2|-2|1|-1|2|-2|0|0,8|8|8|8|8|8|10|0,40|-40|26|-26|12|-12|0|0,20|20|14|14|14|14|0|0,109|109|109|109|109|109|109|10,0,0,0,5,255,240
634,0,4,8,1,8,0,0,0,2|2|2|2|2|2|2|2,255|255|255|255|255|255|255|255,2|-2|1|-1|2|-2|0|0,8|8|8|8|8|8|10|10,40|-40|26|-26|12|-12|-7|7,20|20|14|14|14|14|0|0,109|109|109|109|109|109|109|109,0,0,0,5,255,240
635,0,4,8,1,8,0,0,0,2|2|2|2|2|2|2|2,255|255|255|255|255|255|255|255,-3|3|1|-1|2|-2|1|-1,8|8|8|8|8|8|10|10,40|-40|26|-26|12|-12|-7|7,20|20|14|14|14|14|0|0,109|109|109|109|109|109|109|109,0,0,0,5,255,240
636,0,12,1,0,1,0,0,0,171|89|0|0|0|0|0|0,255|0|0|0|0|0|0|0,0|0|0|0|0|0|0|0,0|0|0|0|0|0|0|0,0|0|0|0|0|0|0|0,0|0|0|1|0|0|0|0,103|0|3840|0|256|0|0|0,1,0,0,10,255,240
637,0,10,1,0,1,0,0,0,171|0|0|0|0|0|0|0,255|0|0|0|0|0|0|0,0|0|0|0|0|0|0|0,0|0|0|0|0|0|0|0,0|0|0|0|0|0|0|0,0|0|0|0|0|0|0|0,103|25|0|1|0|0|0|0,1,0,0,10,255,240
638,0,8,1,0,1,0,0,0,171|0|0|0|0|0|0|0,255|0|0|0|0|0|0|0,0|0|0|0|0|0|0|0,0|0|0|0|0|0|0|0,0|0|0|1|0|1|0|0,0|0|0|0|0|0|0|2,103|256|0|0|0|0|0|0,1,0,0,10,255,240
639,0,8,2,0,2,0,0,0,171|171|0|0|0|0|0|0,255|255|0|0|0|0|0|0,-1|1|0|0|0|0|0|0,0|0|0|0|0|0|0|0,-6|6|1|0|0|0|0|0,0|0|0|0|2|0|0|0,103|103|0|0|0|0|0|0,1,0,0,10,255,240
640,0,6,2,0,2,0,0,0,171|171|0|0|0|0|0|0,255|255|0|0|0|0|0|0,-1|1|0|0|0|0|0|0,0|0|0|0|0|1|0|1,-6|6|0|0|0|0|0|0,0|0|0|0|0|1|0|0,103|103|0|0|0|0|0|0,1,0,0,10,255,240
641,0,6,3,0,3,0,0,0,171|171|171|0|0|0|0|0,255|255|255|0|0|0|0|0,-2|2|0|0|0|0|0|0,0|0|0|0|1|0|0|0,-6|6|0|0|0|0|2|0,-1|-1|0|0|0|0|0|0,103|103|103|0|0|0|1536|6401,1,0,0,10,255,240
642,0,5,2,0,4,0,0,0,171|171|171|171|0|0|0|0,255|255|255|255|0|0|0|0,-2|2|-1|1|0|0|0|1,0|0|0|0|0|0|0|0,-6|6|-4|4|0|0|0|1,-1|-1|0|0|0|0|0|0,103|103|103|103|0|262|283|0,1,0,0,10,255,240
643,0,7,4,0,4,0,0,0,171|171|171|171|0|0|0|0,255|255|255|255|0|0|0|0,-2|2|-1|1|1|0|1|0,0|0|0|0|0|0|0|0,-6|6|-4|4|1|0|0|0,-1|-1|0|0|0|0|0|0,103|103|103|103|62721|0|0|0,1,0,0,10,255,240
644,0,5,3,0,3,0,0,0,171|171|171|0|0|0|0|0,255|255|255|0|0|0|0|0,-1|1|0|1|0|0|0|0,0|0|0|0|0|2|0|0,-6|6|0|0|0|0|0|0,-1|-1|0|0|0|0|0|0,103|103|103|207|0|0|0|0,1,0,0,10,255,240
645,0,5,4,0,4,0,0,0,171|171|171|171|0|0|0|0,255|255|255|255|0|0|1|0,-2|2|0|0|0|0|0|0,0|0|0|0|0|0|9|59,-10|10|-6|6|0|0|0|0,-4|-4|-2|-2|0|0|0|0,103|103|103|103|40192|39680|39680|39680,1,0,0,10,255,240
646,0,5,5,0,5,0,0,0,171|171|171|171|171|0|0|0,255|255|255|255|255|1|0|0,-2|2|0|0|0|0|0|10,0|0|0|0|0|0|0|0,-10|10|-6|6|0|0|0|0,-4|-4|-2|-2|0|0|20|1,103|103|103|103|103|0|0|0,1,0,0,10,255,240
647,0,4,1,0,1,0,0,0,1|0|0|0|0|0|0|0,255|0|1|0|0|0|0|0,0|0|0|0|100|0|0|0,12|0|0|0|0|0|0|0,0|0|0|0|0|0|0|0,0|0|0|12|1|15|0|0,228|0|0|0|0|0|0|0,0,0,0,6,255,32
648,0,7,1,0,1,0,0,0,2|0|0|0|0|9|0|1,105|0|0|0|0|0|0|0,0|10|0|0|0|1|0|0,8|0|0|0|0|0|0|0,0|0|0|0|0|0|0|0,0|1|17|0|0|0|0|0,185|0|0|0|0|0|0|0,0,0,0,6,255,32
649,0,6,1,0,1,0,0,0,2|0|9|0|1|0|0|0,105|0|0|0|0|0|10|0,0|0|1|0|0|0|0|0,8|0|0|0|0|0|0|0,0|0|0|0|0|12|1|53,0|0|0|0|0|0|0|0,185|0|0|0|0|0|0|0,0,0,0,6,255,32
650,0,6,3,0,3,0,0,0,2|1|1|0|0|0|0|0,105|255|255|10|0|0|0|1,0|-10|10|0|0|0|0|0,8|0|0|0|0|0|0|0,0|0|0|1|55|0|0|0,0|0|0|0|0|0|0|0,185|228|228|0|0|0|0|0,0,0,0,6,255,32
651,0,6,4,0,4,0,0,0,2|1|1|1|0|0|0|0,105|255|255|255|1|0|0|0,0|-9|9|0|0|0|0|0,8|2|2|-10|0|0|0|-2,0|0|0|0|0|0|0|0,0|0|0|0|0|0|0|0,185|228|228|228|0|0|0|0,0,0,0,6,255,32
652,0,6,5,0,5,0,0,0,2|1|1|1|1|0|0|0,105|255|255|255|255|0|0|0,0|-9|9|-8|8|0|0|0,8|2|2|-3|-3|1|12|0,0|0|0|0|0|0|0|0,0|0|0|0|0|0|0|0,185|228|228|228|228|0|0|0,0,0,0,6,255,32
653,0,6,3,0,3,0,0,0,4|1|1|0|0|0|1|0,103|255|255|0|0|0|0|0,0|-10|10|0|0|0|0|0,7|0|0|14|0|0|0|0,0|0|0|0|0|0|0|0,0|0|0|0|0|0|0|0,204|228|228|0|0|0|0|0,0,0,0,6,255,32
654,0,6,5,0,5,0,0,0,4|1|1|1|1|0|0|0,103|255|255|255|255|0|0|0,0|-9|9|-8|8|0|-2|1,7|2|2|-3|-3|0|0|0,0|0|0|0|0|0|0|0,0|0|0|0|0|0|0|0,204|228|228|228|228|0|0|0,0,0,0,6,255,32
655,0,6,6,0,6,0,0,0,4|1|1|1|1|2|0|0,103|255|255|255|255|105|0|0,0|-9|9|-8|8|0|0|0,7|2|2|-3|-3|-8|0|0,0|0|0|0|0|0|0|0,0|0|0|0|0|0|0|0,204|228|228|228|228|185|9216|512,0,0,0,6,255,32
656,0,6,5,0,5,0,0,0,4|2|2|2|2|0|0|0,103|105|105|105|105|0|0|0,0|-6|6|-8|8|0|0|0,7|6|6|-3|-3|0|0|0,0|0|0|0|0|0|0|0,0|0|0|0|0|0|0|0,204|185|185|185|185|36|2|51200,0,0,0,6,255,32
657,0,6,7,0,7,0,0,0,4|4|4|2|2|1|1|0,103|103|103|105|105|255|255|50,0|-6|6|-6|6|-10|10|0,7|6|6|-6|-6|0|0|0,0|0|0|0|0|0|0|0,0|0|0|0|0|0|0|0,204|204|204|185|185|228|228|64808,0,0,0,6,255,32
658,0,2,2,0,2,0,0,0,1|1|0|0|0|0|0|0,255|255|254|1|1|0|3|0,0|0|7|0|39|0|41|0,12|12|45|0|0|0|0|0,-6|6|0|0|0|0|0|0,4|4|0|0|0|0|0|0,108|108|548|2|256|10240|0|0,0,0,0,20,255,112
659,0,6,1,0,1,0,0,0,3|0|0|0|0|0|0|254,255|54|0|0|0|206|0|0,0|0|0|0|0|0|0|0,2|0|0|0|0|0|0|0,-10|0|0|0|0|0|0|0,0|0|0|0|0|0|0|0,88|512|0|3|64808|0|0|0,0,0,20,26,255,32
660,0,5,1,0,1,0,0,0,3|0|0|0|254|1|56|0,255|0|0|0|0|0|0|0,0|0|0|0|0|0|0|0,2|0|0|0|0|0|0|0,-30|0|0|0|0|0|0|0,0|0|0|0|0|0|36|0,88|53248|10240|0|0|0|0|1,0,0,30,26,255,32
661,0,5,2,0,2,0,0,0,3|3|1|86|0|0|0|0,255|255|0|0|0|0|0|0,0|0|0|0|0|0|0|0,2|-2|0|0|0|0|0|0,-30|-30|0|0|0|0|0|0,0|0|0|36|0|2|0|0,88|88|0|0|0|256|0|0,0,0,30,26,255,32
662,0,5,2,0,2,0,0,0,3|3|0|0|0|0|0|0,255|255|0|0|0|0|0|0,0|0|0|0|0|0|0|0,2|2|0|0|0|0|0|0,-30|-20|0|0|0|0|0|0,0|0|2|0|0|-16|0|-1,88|88|0|0|1|0|0|0,0,0,30,26,255,32
663,0,5,3,0,3,0,0,0,3|3|3|0|0|0|0|0,255|255|255|0|0|0|0|0,0|0|0|0|0|0|0|0,2|2|-2|0|0|0|0|0,-30|-20|-30|0|0|36|0|2,0|0|0|0|40|0|0|0,88|88|88|0|0|0|0|0,0,0,30,26,255,32
664,0,7,2,0,2,0,0,0,3|3|0|0|0|0|0|0,255|255|0|0|0|0|0|0,0|120|0|0|0|0|0|0,1|120|0|0|0|0|0|0,-17|-7|36|0|2|0|0|-12,-35|-5|0|0|0|0|0|0,88|88|0|0|0|0|0|0,0,0,4,26,255,32
665,0,7,2,0,2,0,0,0,3|3|0|0|0|0|0|0,255|255|0|0|0|0|0|0,0|120|0|0|0|0|0|0,1|120|0|0|0|0|0|36,-20|-10|0|0|-10|0|-1|0,-30|0|0|0|0|0|0|1,88|88|0|0|0|0|0|0,0,0,5,26,255,32
666,0,6,2,0,2,0,0,0,3|3|0|0|0|0|0|0,255|255|0|0|0|0|0|0,0|120|0|0|0|0|0|0,1|120|0|0|36|0|2|0,-26|-13|0|0|0|0|0|0,-30|0|0|0|1|0|0|0,88|88|0|0|0|0|0|25600,0,0,6,26,255,32
667,0,5,2,0,2,0,0,0,3|3|0|0|0|0|0|0,255|255|0|0|0|0|0|0,0|120|0|0|0|0|0|0,1|120|0|2|0|0|22|1,-30|-20|0|0|0|0|0|0,-30|0|0|0|0|0|0|0,88|88|0|0|0|0|510|128,0,0,7,26,255,32
668,0,6,3,0,3,0,0,0,3|3|3|0|0|0|0|0,255|255|255|0|0|0|0|0,0|120|120|0|0|0|36|0,1|120|120|24|1|40|0|0,-24|-7|-19|0|0|0|1|0,-30|0|0|0|0|0|0|0,88|88|88|0|25600|33281|0|0,0,0,6,26,255,32
669,0,6,4,0,4,0,0,0,3|3|3|3|0|0|0|0,255|255|255|255|0|0|0|0,1|-1|120|120|0|2|0|0,1|1|120|120|0|0|0|0,-24|-24|-7|-19|0|0|0|0,-30|-30|0|0|0|0|0|0,88|88|88|88|132|0|0|0,0,0,6,26,255,32
670,0,0,1,3,8,0,0,0,3|3|3|3|3|3|3|3,255|255|255|255|255|255|255|255,0|4|6|4|0|-4|-6|-4,6|4|0|-4|-6|-4|0|4,0|4|6|4|0|-4|-6|-4,-6|-4|0|4|6|4|0|-4,126|126|126|126|126|126|126|126,0,0,0,26,255,32
671,0,2,1,0,1,0,0,0,1|0|0|0|0|0|0|0,255|0|0|0|0|24|0|2,0|0|0|0|0|0|0|0,0|0|0|0|0|1|0|0,0|0|0|0|0|0|0|0,0|0|0|0|0|0|0|0,246|155|0|0|0|0|0|0,-1,0,0,26,255,32
672,0,8,4,0,8,0,0,0,4|2|2|1|4|2|2|1,255|255|255|255|255|255|255|255,120|120|120|120|120|120|120|120,7|7|6|6|6|6|5|5,0|0|0|0|0|0|0|0,-14|0|0|14|-14|0|0|14,97|116|116|135|101|120|120|139,1,0,0,14,255,208
673,0,3,2,0,2,0,0,0,1|1|0|0|0|0|0|24,255|255|0|0|0|0|0|0,0|0|0|0|0|0|0|1,8|8|0|0|0|0|0|0,-16|15|0|0|0|0|0|0,0|0|50|1|-97|0|0|0,58|58|0|0|0|0|0|0,0,0,0,8,255,208
674,0,3,3,0,3,0,0,0,1|1|1|0|24|0|2|0,255|255|255|0|0|0|0|0,0|0|0|0|1|0|0|0,8|8|8|0|0|0|0|0,-16|15|0|0|0|0|0|50,0|0|-4|0|0|0|0|0,58|58|58|0|0|0|0|0,0,0,0,8,255,208
675,0,3,4,0,4,0,0,0,1|1|1|1|0|0|0|0,255|255|255|255|0|0|0|0,0|0|0|0|0|0|0|0,8|8|8|8|0|0|0|0,-19|18|-15|14|50|1|-63|0,0|0|-2|-2|0|0|0|0,58|58|58|58|0|0|0|0,0,0,0,8,255,208
676,0,3,5,0,5,0,0,0,1|1|1|1|1|0|0|0,255|255|255|255|255|0|1|0,0|0|0|0|0|0|0|0,8|8|8|8|8|0|0|0,-19|18|-15|14|0|0|0|0,0|0|-2|-2|-4|0|0|0,58|58|58|58|58|0|0|0,0,0,0,8,255,208
677,0,3,7,0,7,0,0,0,1|1|1|1|1|1|1|0,255|255|255|255|255|255|255|0,0|0|0|0|0|0|0|0,8|8|8|8|8|8|8|1,-19|18|-15|14|-11|10|0|0,0|0|-2|-2|-4|-4|-6|0,58|58|58|58|58|58|58|0,0,0,0,8,255,208
678,0,3,7,0,7,0,0,0,1|1|1|1|1|1|1|0,255|255|255|255|255|255|255|0,0|0|0|0|0|0|0|0,8|8|8|8|8|8|8|0,-19|18|-15|14|-6|5|0|0,0|0|-2|-2|-4|-4|-6|0,58|58|58|58|58|58|58|0,0,0,0,8,255,208
679,0,3,3,0,6,0,0,0,1|1|1|1|1|1|0|0,255|255|255|255|255|255|0|0,0|0|0|0|0|0|0|0,8|8|8|8|8|-8|0|0,-16|15|0|-16|15|0|0|0,0|0|-4|0|0|4|0|0,58|58|134|58|58|77|0|0,0,0,0,8,255,208
680,0,3,4,0,8,0,0,0,1|1|1|1|1|1|1|1,255|255|255|255|255|255|255|255,0|0|0|0|0|0|0|0,8|8|8|8|-8|-8|8|8,-19|18|-15|14|-3|2|-6|5,0|0|-2|-2|4|4|-2|-2,58|58|58|58|58|58|58|58,0,0,0,8,255,208
681,0,3,3,0,6,0,0,0,1|1|173|1|1|1|0|0,255|255|255|255|255|255|0|0,0|0|0|0|0|0|0|0,8|8|8|8|8|-8|0|0,-16|15|0|-16|15|0|0|0,0|0|-4|0|0|4|0|0,58|58|241|58|58|77|24|2,0,0,0,8,255,208
682,0,3,2,0,8,0,0,0,173|173|1|1|1|1|1|1,255|255|255|255|255|255|255|255,0|0|0|0|0|0|0|0,8|8|8|8|8|8|8|8,-16|15|-5|4|-5|4|-5|4,0|0|0|0|0|0|0|0,241|241|58|58|58|58|58|58,0,0,0,8,255,208
683,0,3,5,0,5,0,0,0,1|1|1|1|173|0|0|0,255|255|255|255|255|1|17|1,0|0|0|0|0|0|0|0,8|8|8|8|8|0|0|0,-19|18|-15|14|0|0|0|0,0|0|-2|-2|-4|0|0|0,58|58|58|58|241|0|0|0,0,0,0,8,255,208
684,0,3,2,0,2,0,0,0,1|1|0|0|0|0|0|0,255|255|1|39|0|43|0|47,-6|6|0|115|0|119|0|123,6|6|1|15|1|11|1|123,-16|15|0|115|0|-65|0|47,0|0|0|39|0|0|0|0,163|164|770|0|0|0|0|0,0,0,0,8,255,208
685,0,3,3,0,3,0,0,0,1|1|1|0|0|0|20|1,255|255|255|0|49|0|193|0,-6|6|0|0|125|0|13|1,6|6|-8|1|125|0|121|0,-16|15|0|0|49|0|45|0,0|0|4|0|0|0|0|0,163|164|77|0|0|0|0|0,0,0,0,8,255,208
686,0,3,4,0,4,0,0,0,1|1|1|1|1|1|0|5,255|255|255|255|0|77|0|81,-6|6|-7|7|0|-23|0|-27,6|6|4|4|0|77|0|-103,-16|15|-16|15|0|1|0|0,0|0|0|0|0|29|2|3,163|164|281|282|0|0|4352|0,0,0,0,8,255,208
687,0,3,6,0,6,0,0,0,1|1|1|1|1|1|11|0,255|255|255|255|255|255|87|0,-6|6|-7|7|-8|8|87|0,6|6|3|3|0|0|11|0,-16|15|-16|15|-16|15|0|0,0|0|0|0|0|0|0|0,163|164|281|282|39|1|0|40,0,0,0,8,255,208
688,0,3,8,0,8,0,0,0,1|1|1|1|1|1|1|1,255|255|255|255|255|255|255|255,-6|6|-7|7|-8|8|-3|3,6|6|3|3|0|0|7|7,-16|15|-16|15|-16|15|-16|15,0|0|0|0|0|0|0|0,163|164|281|282|39|1|201|202,0,0,0,8,255,208
689,0,3,4,0,4,0,0,0,3|3|1|1|169|0|0|0,255|255|255|255|0|0|0|0,-6|6|-3|3|0|0|0|0,6|6|7|7|0|0|0|0,-16|15|-16|15|1|2|3|0,0|0|0|0|0|0|0|0,121|122|201|202|0|0|0|0,0,0,0,8,255,208
690,0,3,6,0,6,0,0,0,3|3|1|1|1|1|0|0,255|255|255|255|255|255|0|0,-6|6|-3|3|-7|7|0|0,6|6|7|7|3|3|0|0,-16|15|-16|15|-16|15|0|0,0|0|0|0|0|0|0|0,121|122|201|202|281|282|0|0,0,0,0,8,255,208
691,0,3,4,0,4,0,0,0,3|3|3|3|0|0|0|0,255|255|255|255|0|0|0|0,-7|7|-4|4|0|0|0|0,4|4|7|7|0|0|29|0,-16|15|-16|15|0|0|0|0,0|0|0|0|0|0|1|0,98|98|98|98|0|0|0|0,0,0,0,8,255,208
692,0,3,6,0,6,0,0,0,3|3|3|3|3|3|0|0,255|255|255|255|255|255|0|0,-7|7|-4|4|-8|8|0|0,4|4|7|7|1|1|0|0,-16|15|-16|15|-16|15|0|0,0|0|0|0|0|0|0|0,98|98|98|98|98|98|0|276,0,0,0,8,255,208
693,0,3,2,0,2,0,0,0,173|173|0|0|0|0|0|0,255|255|0|0|0|0|0|0,-6|6|0|0|0|0|0|0,6|6|3|0|0|0|0|0,-16|15|0|0|0|0|0|0,0|0|0|0|0|0|0|0,241|241|0|0|0|5120|41729|0,0,0,0,8,255,208
694,0,3,3,0,3,0,0,0,173|173|173|0|0|0|0|0,255|255|255|0|0|0|0|0,-6|6|0|0|0|29|0|3,6|6|-7|0|0|0|0|0,-16|15|0|0|0|1|0|0,0|0|0|0|4|0|0|0,241|241|241|0|266|125|0|0,0,0,0,8,255,208
695,0,5,1,0,2,0,0,0,174|175|0|0|0|0|0|0,255|255|0|0|0|0|0|0,-6|6|0|0|4|0|0|0,6|6|0|10|-58|1|0|0,-16|15|1|0|0|0|0|0,0|0|0|0|0|0|0|0,255|255|65024|32513|0|0|0|0,0,0,0,8,255,208
696,0,8,2,0,2,0,0,0,174|175|0|0|0|0|0|0,255|255|0|0|0|0|0|0,-6|6|0|0|0|0|0|0,6|6|0|0|0|0|0|10,-16|15|0|0|0|0|0|1,0|0|-4|0|40|0|-13|-1,255|255|19|38|57|76|95|114,0,0,0,8,255,208
697,0,8,3,0,3,0,0,0,174|175|1|0|0|0|0|0,255|255|255|0|0|1|4|250,-6|6|0|0|0|0|0|0,6|6|-8|0|10|0|0|0,-16|15|0|0|2|0|0|-6,0|0|0|-13|-1|30|0|3,255|255|111|19456|24320|29184|34048|38912,0,0,0,8,255,208
698,0,8,4,0,4,0,0,0,174|175|1|1|0|0|0|0,255|255|255|255|0|0|0|0,-6|6|-6|6|0|0|0|0,6|6|-6|-6|0|0|0|0,-16|15|-15|14|-12|0|40|0,0|0|0|0|3|0|19|0,255|255|111|111|114|133|152|132,0,0,0,8,255,208
699,0,8,5,0,5,0,0,0,174|175|1|1|1|0|0|1,255|255|255|255|255|0|0|0,-6|6|-6|6|0|0|10|0,6|6|-6|-6|-8|0|4|0,-16|15|-15|14|0|-13|-1|30,0|0|0|0|0|38|0|57,255|255|111|111|111|33792|38656|0,0,0,0,8,255,208
700,0,8,6,0,6,0,0,0,174|175|1|1|1|1|0|0,255|255|255|255|255|255|0|0,-6|6|-6|6|0|0|0|0,6|6|-6|-6|-8|-8|12|0,-16|15|-15|14|-4|3|3|0,0|0|0|0|0|0|76|0,255|255|111|111|111|111|0|0,0,0,0,8,255,208
701,0,8,7,0,7,0,0,0,174|175|1|1|1|1|1|0,255|255|255|255|255|255|255|0,-6|6|-6|6|-3|3|0|0,6|6|-6|-6|-7|-7|-8|-13,-16|15|-15|14|-9|8|0|38,0|0|0|0|0|0|0|114,255|255|111|111|111|111|111|0,0,0,0,8,255,208
702,0,8,7,0,7,0,0,0,174|175|1|1|1|1|1|0,255|255|255|255|255|255|255|0,-6|6|-6|6|-3|3|0|0,6|6|-6|-6|-7|-7|8|0,-16|15|-15|14|-9|8|0|0,0|0|0|0|0|0|0|0,255|255|111|111|111|111|111|0,0,0,0,8,255,208
703,0,8,5,0,5,0,0,0,174|175|174|175|1|0|0|0,255|255|255|255|255|0|0|0,-6|6|-6|6|0|0|0|0,6|6|6|6|-8|10|1|-103,-16|15|-19|18|0|0|0|0,0|0|12|12|0|0|0|0,255|255|255|255|111|0|0|0,0,0,0,8,255,208
704,0,8,7,0,7,0,0,0,174|175|174|175|1|1|1|3,255|255|255|255|255|255|255|1,-6|6|-6|6|0|-3|3|0,6|6|6|6|8|-7|-7|0,-16|15|-19|18|0|-9|8|0,0|0|12|12|0|0|0|0,255|255|255|255|111|111|111|0,0,0,0,8,255,208
705,0,8,8,0,8,0,0,0,174|175|174|175|1|1|1|1,255|255|255|255|255|255|255|255,-6|6|-6|6|0|-6|6|0,6|6|6|6|8|-6|-6|-8,-16|15|-19|18|0|-9|8|0,0|0|12|12|0|0|0|0,255|255|255|255|111|111|111|111,0,0,0,8,255,208
706,0,1,5,0,5,0,0,0,99|99|99|99|99|0|0|0,255|255|255|255|255|246|0|0,0|-1|1|-2|2|1|11|1,8|7|7|5|5|0|0|0,0|0|0|0|0|0|0|0,0|0|0|0|0|0|0|0,266|266|266|266|266|0|0|256,0,0,0,10,11,128
707,0,11,8,1,8,0,0,0,20|20|20|20|20|20|20|20,255|255|255|255|255|255|255|255,120|120|120|120|120|120|120|120,120|120|120|120|120|120|120|120,14|0|-14|0|9|9|-9|-9,0|14|0|-14|9|-9|-9|9,227|227|227|227|227|227|227|227,0,0,0,26,255,208
708,70,2,7,0,7,0,0,0,189|189|189|189|189|189|189|0,255|255|255|255|255|255|255|0,0|-1|1|-2|2|-3|3|0,1|0|0|0|0|-1|-1|0,0|0|0|0|0|0|0|0,0|0|0|0|0|0|0|0,238|238|238|238|238|238|238|0,1,0,0,6,255,208
709,0,9,8,0,8,0,0,8,114|114|114|114|114|114|114|114,255|255|255|255|255|255|255|255,-5|5|-3|3|-3|3|0|0,0|0|-3|-3|3|3|-4|6,-5|5|-3|3|-3|3|0|0,0|0|-3|-3|3|3|-4|6,171|171|171|171|171|171|171|171,0,0,0,26,98,208
710,10,0,1,3,1,0,0,0,128|0|0|0|0|0|0|0,255|1|45|0|45|0|45|0,0|0|45|0|45|0|87|0,1|0|91|0|93|0|123|0,0|0|0|0|0|0|0|0,0|0|0|0|0|0|0|0,271|0|4|0|0|0|0|0,0,0,0,8,255,208
711,0,6,8,0,8,0,0,0,12|12|6|6|6|6|6|6,255|255|255|255|255|255|255|255,0|0|0|0|0|0|0|0,8|8|8|8|8|8|8|8,-24|24|-18|18|-12|12|-5|5,8|8|-2|-2|-6|-6|-8|-8,160|160|160|160|160|160|160|160,0,0,0,5,255,96
712,0,3,1,0,1,0,0,0,3|0|60|1|21|1|23|1,255|1|165|0|25|1|23|1,0|0|0|0|0|0|0|0,10|0|0|0|0|0|0|0,0|0|0|0|0|0|0|0,0|0|0|0|24|1|4|0,64|7680|0|0|0|0|1|0,0,0,0,13,255,208
713,0,3,2,0,2,0,0,0,2|2|0|0|0|0|0|0,255|255|0|0|0|0|0|0,0|0|0|0|0|0|0|0,10|10|0|0|0|0|0|0,-6|6|0|0|0|0|0|0,0|0|0|4|0|0|-55|0,64|64|0|0|256|0|0|0,0,0,0,13,255,208
714,0,3,3,0,3,0,0,0,1|1|1|0|0|0|0|0,255|255|255|0|0|0|0|0,0|-1|1|0|0|0|0|0,9|8|8|0|0|0|0|0,0|0|0|0|0|0|24|0,0|0|0|-17|0|30|0|0,226|226|226|1|0|0|0|0,0,0,0,6,255,32
715,0,3,5,0,5,0,0,0,1|1|1|1|1|0|0|0,255|255|255|255|255|0|0|0,0|-1|1|-2|2|0|0|0,9|8|8|6|6|0|0|0,0|0|0|0|0|4|0|0,0|0|0|0|0|0|0|0,226|226|226|226|226|0|0|0,0,0,0,6,255,32
716,0,3,7,0,7,0,0,0,1|1|1|1|1|1|1|0,255|255|255|255|255|255|255|0,0|-1|1|-2|2|-3|3|0,9|8|8|6|6|4|4|0,0|0|0|0|0|0|0|0,0|0|0|0|0|0|0|0,226|226|226|226|226|226|226|0,0,0,0,6,255,32
717,0,6,1,0,1,0,0,0,2|0|0|0|0|0|0|0,98|0|0|0|0|0|0|0,0|0|0|0|0|0|0|0,12|0|0|0|0|24|0|4,0|0|0|0|0|0|0|0,0|0|0|0|0|1|0|0,73|0|0|0|0|0|0|0,0,0,0,13,255,208
718,0,6,3,0,3,0,0,0,2|2|2|0|0|0|0|0,98|98|98|0|0|0|0|0,0|-12|12|0|0|0|0|0,12|0|12|0|4|0|0|0,0|0|0|0|0|0|0|0,0|0|0|0|0|0|0|0,73|16|54|0|0|0|65024|52993,0,0,0,13,255,208
719,0,6,4,0,4,0,0,0,2|2|2|2|0|0|0|0,98|98|98|98|0|0|0|0,0|0|-12|12|0|0|0|24,12|12|0|12|0|0|0|0,6|-6|0|0|0|0|0|1,0|0|0|0|0|0|0|0,143|144|16|54|0|256|245|0,0,0,0,13,255,208
720,0,8,1,0,1,0,0,0,10|0|0|0|0|0|0|0,4|0|0|0|0|0|0|0,120|0|0|0|24|0|4|0,120|0|0|0|0|0|0|0,-40|0|0|0|1|0|0|0,-30|0|0|0|0|0|0|0,60022|0|0|65024|41217|0|0|0,0,0,0,1,255,208
