id,drain,shotRepeat,multi,weaponAnimation,max,tx,ty,aim,attack,del,sx,sy,bx,by,sg,acceleration,accelerationX,circleSize,sound,trail,shipBlastFilter
0,0,0,0,0,0,0,0,0,111|114|100|44|115|108|111|116,102|117|108|108|32|58|32|98,111|111|108|101|97|110|59|0,52|0|0|0|0|32|32|32,32|108|101|102|116|112|111|119,101|114|44|114|105|103|104|116,28528|25975|11378|26994|26727|28788|30575|29285,0,0,0,0,255,240
1,10,5,1,0,1,0,0,0,1|0|0|0|0|0|0|0,255|0|0|0|0|32|32|32,0|99|117|98|101|104|100|114,12|32|58|32|97|114|114|97,0|91|49|46|46|52|93|32,0|102|32|115|116|114|105|110,67|12344|15197|54|0|8192|8224|25376,0,0,0,28,255,208
2,0,7,3,0,3,0,0,0,1|1|1|52|44|49|46|46,255|255|255|32|111|102|32|115,-6|-5|0|110|103|91|99|117,0|5|6|105|100|116|104|93,-6|-6|14|0|0|0|0|32,0|20|28|99|117|98|101|104,227|227|227|29281|24946|23417|11825|13358,0,0,0,26,255,208
3,0,7,3,0,3,0,0,0,1|1|1|0|0|32|32|32,255|255|255|99|101|110|117|109,6|5|0|32|97|114|114|97,0|5|6|46|46|52|93|32,6|6|-14|98|121|116|101|59,0|20|28|0|0|32|32|32,227|227|227|30817|8313|8250|29281|24946,0,0,0,26,255,208
4,0,6,7,0,7,0,0,0,2|2|3|2|2|2|3|32,255|255|255|255|255|255|255|116,-2|2|1|-1|1|-1|0|98,2|2|1|1|2|2|3|0,0|0|0|0|0|0|0|32,0|0|0|0|0|0|0|111,244|244|244|244|244|244|244|24933,0,0,0,26,255,208
5,20,5,1,0,1,0,0,0,2|102|97|99|101|120|44|102,255|99|101|121|32|58|32|119,0|114|100|59|0|0|0|0,12|0|0|0|0|0|0|0,0|0|0|0|0|32|32|32,0|40|42|73|116|101|109|32,245|25970|28261|26400|28524|24930|29548|10810,0,0,0,28,255,208
6,10,1,1,2,1,0,0,5,3|67|117|114|114|101|110|116,255|97|99|101|78|117|109|32,0|32|98|121|116|101|59|0,0|0|0|0|0|0|0|0,0|0|0|0|5|0|0|0,0|108|97|98|101|108|20|0,112|8192|8224|26912|25972|29549|29283|25957,0,0,0,13,255,208
7,10,1,1,2,1,0,0,4,1|0|0|102|117|110|99|116,255|111|110|32|67|97|115|104,0|101|102|116|32|58|32|108,0|110|103|105|110|116|59|0,0|0|0|0|0|118|97|114,0|0|0|0|0|32|32|116,112|27760|14880|27680|28271|26983|29806|59,0,0,0,13,255,208
8,10,1,1,2,1,0,0,3,1|0|0|0|0|32|32|105,255|101|109|110|117|109|32|58,0|119|111|114|100|59|5|0,0|0|0|98|101|103|105|110,0|0|0|0|0|32|32|32,0|101|109|112|108|58|61|115,112|25970|59|0|0|0|50|0,0,0,0,13,255,208
9,30,4,1,0,1,0,0,0,3|116|101|109|115|91|112|105,255|101|109|98|117|116|116|111,0|109|97|112|91|99|117|114,6|101|108|91|50|93|45|49,0|93|59|0|0|0|0|0,0|0|41|0|0|0|0|32,60|25956|10339|25972|28781|11372|25959|25460,0,0,0,28,255,208
10,120,3,4,0,4,0,0,0,3|3|3|3|109|41|41|59,255|255|255|255|0|0|14|0,-3|3|-3|3|32|32|116|101,3|3|-3|-3|58|61|32|48,0|0|0|0|0|0|0|0,0|0|0|0|0|32|32|32,302|0|0|0|25971|23404|23858|28448,0,0,0,1,255,208
11,30,2,1,0,1,0,0,0,2|101|103|105|110|0|43|0,255|0|0|32|32|32|32|32,0|32|32|32|116|101|109|112,20|50|58|61|119|101|97|112,0|110|112|111|114|116|94|91,0|116|101|109|110|117|109|93,148|29551|15220|54|0|8192|8224|8224,-1,0,0,28,255,208
12,0,0,1,0,1,0,0,0,2|111|114|116|112|111|119|101,8|91|99|117|114|115|101|108,0|50|93|45|50|93|45|49,-1|100|111|32|98|101|103|105,0|0|33|0|0|0|0|32,0|32|32|32|32|32|32|32,20|8224|28265|10339|25972|28781|11383|25972,0,0,0,9,1,112
13,0,0,8,0,8,0,0,0,1|1|2|1|2|1|1|1,8|8|8|8|8|8|8|8,0|0|3|5|-3|-5|-6|6,2|-2|0|0|0|0|0|0,0|0|0|4|0|-4|-4|4,0|0|0|0|0|0|0|0,21|21|21|20|21|20|20|20,0,0,0,12,1,112
14,0,0,8,0,8,0,0,0,1|1|1|1|2|2|2|2,8|8|8|8|8|8|8|8,6|-6|6|-6|0|8|-8|0,6|6|-6|-6|8|0|0|-8,6|-6|6|-6|0|8|-8|0,6|6|-6|-6|8|0|0|-8,21|21|21|21|20|20|20|20,0,0,0,12,1,112
15,0,8,5,0,5,1,0,0,114|114|114|114|114|105|100|116,255|255|255|255|255|53|48|59,0|0|0|0|0|80|105|120,0|-1|-1|-4|-4|105|100|101,0|-4|4|-7|7|0|0|118,0|0|0|0|0|0|0|32,34|34|34|34|34|8250|29811|26994,1,0,0,7,6,208
16,0,0,8,0,8,0,0,0,1|1|1|1|1|1|1|1,8|8|8|8|8|8|8|8,2|-2|2|-2|3|-3|0|0,2|2|-2|-2|0|0|3|-3,2|-2|2|-2|3|-3|0|0,2|2|-2|-2|0|0|3|-3,21|21|21|21|20|20|20|20,0,0,0,12,1,112
17,10,1,1,2,1,0,0,2,10|58|32|98|111|111|108|101,255|110|59|0|23|0|0|0,0|32|32|32|101|110|100|115,0|114|105|110|103|32|58|32,0|111|111|108|101|97|110|59,0|0|0|0|0|32|32|32,112|8250|26982|25964|59|29|0|8192,0,0,0,26,255,208
18,0,5,4,0,4,1,0,0,6|6|6|6|32|58|32|98,255|255|255|255|43|0|0|0,-1|1|-3|3|112|97|115|116,-2|-2|-3|-3|110|103|108|101,0|0|0|0|115|116|115|116,0|0|0|0|119|105|100|116,72|72|72|72|24933|15214|15|0,1,0,0,7,6,208
19,0,10,2,0,2,0,0,0,120|120|0|0|0|98|101|103,255|255|41|0|0|0|0|32,1|-1|102|105|108|108|99|104,7|7|40|99|117|98|101|116,0|0|116|44|115|105|122|101,0|0|40|99|117|98|101|116,142|142|12332|15145|0|0|0|36,0,0,0,7,6,208
20,0,0,4,0,4,0,0,0,121|121|121|121|116|111|32|99,255|255|255|255|97|120|32|100,4|-4|4|-4|103|105|110|0,4|4|-4|-4|0|0|28|0,0|0|0|0|32|32|32|32,0|0|0|0|101|116|102|105,100|100|100|100|18021|27753|10597|59,0,0,0,6,255,208
21,0,0,8,0,8,0,0,0,1|1|1|1|1|1|1|1,255|255|255|255|255|255|255|255,3|-3|3|-3|5|-5|0|0,3|3|-3|-3|0|0|5|-5,0|0|0|0|0|0|0|0,0|0|0|0|0|0|0|0,99|99|99|99|99|99|99|99,0,0,0,6,255,208
22,0,50,4,0,4,0,0,0,136|136|136|136|32|114|101|97,255|255|255|255|112|116|108|110,0|-6|6|0|41|59|24|0,6|0|0|-6|32|32|32|32,0|0|0|0|117|110|116|105,0|0|0|0|49|93|61|39,75|56|18|94|8192|8224|8224|8224,0,0,0,11,1,208
23,40,8,2,0,2,0,0,0,1|1|0|32|32|32|32|32,255|255|110|116|105|108|32|116,-14|-14|112|119|61|48|59|0,0|0|0|0|0|0|39|0,-8|8|0|32|32|32|32|32,0|0|97|108|40|99|111|112,99|99|11317|10546|26156|25441|28261|28021,0,0,0,13,255,192
24,0,8,1,0,1,0,0,0,4|0|0|0|0|32|32|32,255|32|32|114|101|97|100|99,0|121|112|116|108|110|40|102,6|32|99|117|98|101|104|100,0|91|99|117|98|101|93|41,0|0|36|0|0|0|0|32,91|8224|29216|24933|25444|31090|29808|28268,0,0,0,11,255,208
25,40,3,1,0,1,0,0,0,8|41|59|0|0|0|0|0,255|0|18|0|0|0|0|32,0|32|32|32|32|99|117|114,13|105|100|116|104|58|61|48,0|0|18|0|0|0|0|32,0|32|32|32|32|123|101|110,73|29551|15674|15152|125|17|0|8192,0,0,0,13,255,192
26,30,2,1,0,5,0,0,0,112|112|112|112|112|32|32|32,255|255|255|255|255|58|61|39,0|-2|2|1|-1|0|0|0,-3|-3|-3|-3|-3|32|32|32,0|0|0|0|0|91|49|93,0|0|0|0|0|59|0|0,52|52|52|52|52|8224|8224|29216,1,0,0,7,6,208
27,0,0,1,0,1,0,0,0,4|32|32|32|114|101|97|100,8|114|121|112|116|108|110|40,0|44|115|50|41|59|0|0,-1|0|0|0|33|0|0|0,0|32|32|32|32|32|32|32,0|32|105|102|32|115|50|91,21|15932|10791|8231|26740|28261|25120|26469,0,0,0,9,1,112
28,0,0,8,0,8,0,0,0,1|1|1|1|0|0|0|0,8|8|8|8|4|4|4|4,3|-3|3|-3|0|4|-4|0,3|3|-3|-3|4|0|0|-4,3|-3|3|-3|0|4|-4|0,3|3|-3|-3|4|0|0|-4,21|21|21|21|20|20|20|20,0,0,0,12,1,112
29,10,20,1,3,1,0,0,0,128|0|0|0|0|0|9|0,255|0|0|32|32|32|114|101,0|101|97|116|23|0|0|0,1|32|32|32|32|115|116|97,0|116|112|111|115|58|61|101,0|100|112|111|115|43|49|59,271|0|0|10|0|8192|8224|29216,0,0,0,8,255,208
30,40,1,2,2,4,0,0,0,2|2|2|2|100|112|111|115,255|255|255|255|115|59|27|0,116|124|116|124|32|32|32|32,12|12|12|12|115|116|119|105,-4|4|-4|4|61|99|117|114,0|0|0|0|104|59|13|0,206|206|207|207|8224|25970|25968|29793,0,0,0,8,255,208
31,30,3,3,0,3,0,0,0,1|1|1|58|61|98|121|116,255|255|255|91|112|111|115|93,0|0|0|0|0|0|0|0,12|13|14|0|0|32|32|32,0|0|0|105|102|32|40|116,0|0|0|62|51|50|41|32,135|116|97|28005|15472|13873|10553|24864,0,0,0,8,255,144
32,40,4,4,0,4,0,0,0,1|1|1|1|32|97|110|100,255|255|255|255|97|112|101|97,-1|-1|1|1|94|91|54|44,13|14|13|14|109|97|112|91,0|0|0|0|93|93|60|62,0|0|0|0|32|116|104|101,135|97|135|97|8224|8224|8224|8224,0,0,0,8,255,144
33,50,5,5,0,5,0,0,0,1|1|1|1|1|54|44|102,255|255|255|255|255|112|91|116,0|0|0|0|0|43|49|41,12|13|14|15|16|32|32|32,0|0|0|0|0|32|32|101,0|0|0|0|0|0|0|0,135|116|116|116|97|16|0|8192,0,0,0,8,255,144
34,60,3,3,0,3,0,0,0,2|2|2|0|0|32|32|100,255|255|255|100|105|255|15|0,0|0|0|32|32|106|110|122,14|12|13|114|97|119|108|111,0|0|0|0|0|0|0|-1,0|0|0|0|0|40|42|32,101|139|120|26994|26727|25972|26990|26478,0,0,0,8,255,144
35,80,4,4,0,4,0,0,0,2|2|2|2|108|44|100|115,255|255|255|255|93|255|11|0,-1|-1|1|1|32|109|111|118,13|14|13|14|97|108|12|0,0|0|0|0|32|97|110|100,0|0|0|0|36|70|48|-1,139|101|139|101|25710|24864|11372|12324,0,0,0,8,255,144
36,0,50,6,0,6,0,0,0,116|116|116|116|116|116|45|49,255|255|255|255|255|255|0|32,-6|6|5|-5|5|-5|108|44,0|0|5|5|-5|-5|0|0,-8|8|5|-5|5|-5|32|98,0|0|5|5|-5|-5|100|105,102|104|122|121|141|140|25710|25120,0,0,0,11,1,208
37,0,7,2,0,2,0,0,0,1|1|108|44|98|104|20|0,255|255|0|32|32|109|111|118,0|0|104|44|100|115|58|91,6|6|45|51|50|48|93|-1,0|0|0|0|0|32|32|97,4|-4|32|98|104|44|36|48,227|227|0|8192|24864|25700|25120|11372,0,0,0,26,255,208
38,0,7,2,0,2,0,0,0,1|1|58|91|100|105|43|51,255|255|93|255|12|0|0|0,0|0|32|97|110|100|32|98,-6|-6|36|48|70|-1|11|0,0|0|0|32|32|97|100|100,4|-4|108|44|98|104|10|0,227|227|29472|29288|25120|11372|65330|0,0,0,0,26,255,208
39,0,0,0,0,0,0,0,0,104|44|98|108|11|0|0|0,0|32|32|115|117|98|32|98,104|44|97|108|0|0|0|0,0|-1|11|0|0|0|0|32,32|99|109|112|32|97|108|44,98|108|14|0|0|0|0|32,27168|25964|16416|29287|24933|25972|65394|12,0,0,0,1,255,208
40,60,4,1,0,2,0,0,0,8|8|0|0|0|255|9|0,255|255|0|123|32|32|100|101,4|-4|97|108|16|0|0|0,10|10|32|106|110|99|32|64,0|0|110|111|99|97|114|114,0|0|11|0|0|0|0|32,68|69|24864|11372|27745|14|0|8192,0,0,0,1,255,208
41,120,2,2,0,2,0,0,0,8|8|0|32|32|97|100|100,255|255|108|44|97|104|16|0,5|-5|0|32|32|109|111|118,11|11|115|58|91|100|105|93,0|0|108|-1|8|0|0|0,0|0|32|100|101|99|32|100,68|69|0|8192|27168|31342|16416|29252,0,0,0,1,255,208
42,120,0,2,0,2,0,0,0,8|8|69|110|100|255|0|0,255|255|0|255|11|0|0|0,5|-5|32|64|103|114|101|97,11|11|114|58|10|0|0|0,0|0|32|32|105|110|99|32,0|0|125|-1|13|0|0|0,68|69|25697|8292|27745|24876|32108|11,0,0,0,1,255,208
43,130,4,1,0,1,0,0,0,5|0|0|32|32|99|109|112,255|97|108|44|36|48|69|255,0|0|0|0|0|32|32|106,7|101|32|64|111|107|12|0,0|0|0|32|32|109|111|118,0|97|108|44|36|48|69|-1,94|0|8192|16416|27503|65338|11|0,0,0,0,1,255,208
44,160,6,1,0,1,0,0,0,15|32|32|109|111|118|32|101,255|58|91|100|105|93|44|97,0|-1|8|0|0|0|0|32,8|100|101|99|32|100|105|-1,0|0|0|0|0|32|32|106,0|122|32|64|68|114|97|119,94|28783|10538|0|0|65280|7|0,0,0,0,1,255,208
45,30,1,1,0,1,0,0,0,4|112|32|100|115|255|4|0,255|0|0|101|110|100|59|255,0|0|0|0|0|-1|14|0,11|0|0|32|32|32|32|32,0|32|99|108|114|50|53|54,0|-1|23|0|0|0|0|32,64|8224|8224|29284|30561|26988|25966|10355,0,0,0,1,255,112
46,40,1,1,0,1,0,0,0,6|32|100|114|97|119|108|105,255|101|115|40|102|97|108|115,0|41|59|-1|33|0|0|0,10|32|32|32|32|32|32|32,0|101|99|116|97|110|103|108,0|40|48|44|48|44|51|49,7|14641|11321|14131|15145|33|0|8192,0,0,0,1,255,112
47,50,1,1,0,1,0,0,0,8|44|49|44|51|49|56|44,255|57|56|44|51|53|41|59,0|0|0|0|0|-1|3|0,10|0|0|97|115|109|9|0,0|0|0|32|32|112|117|115,0|32|100|115|21|0|0|0,65|27936|30319|25888|11379|26486|29537|29283,0,0,0,1,255,144
48,30,3,1,0,1,0,0,0,7|100|115|44|116|101|109|112,255|255|16|0|0|0|0|32,0|109|111|118|32|100|105|44,16|50|48|42|50|48|48|-1,0|0|0|0|0|64|68|114,0|119|108|111|111|112|58|-1,208|0|8192|27936|30319|24864|11372|29540,0,0,0,1,255,208
49,0,4,2,0,2,0,0,0,1|1|108|44|97|108|12|0,255|255|0|32|32|106|122|32,-10|10|111|109|111|118|101|-87,0|0|0|0|0|32|32|109,0|0|32|101|115|58|91|100,0|0|44|97|108|9|10|0,39|1|16416|28526|28525|25974|51770|8,0,0,0,8,255,48
50,0,6,4,0,4,0,0,0,1|1|1|1|110|122|32|64,255|255|255|255|108|111|111|112,-9|9|9|-9|0|32|32|112,2|2|-2|-2|115|-121|4|0,-2|2|2|-2|110|100|59|-121,0|0|0|0|0|0|18|0,281|282|301|300|24931|26732|26981|26727,0,0,0,8,255,48
51,0,6,8,0,8,0,0,0,1|1|1|1|1|1|1|1,255|255|255|255|255|255|255|255,-6|6|6|-6|-9|9|0|0,6|6|-6|-6|0|0|9|-9,0|0|0|0|0|0|0|0,0|0|0|0|0|0|0|0,163|164|183|182|39|1|58|77,0,0,0,8,255,48
52,0,6,4,0,4,0,0,0,2|2|2|2|49|93|44|52,255|255|255|255|44|0|0|0,-9|9|9|-9|112|66|111|120,2|2|-2|-2|44|49|48|48,-2|2|2|-2|112|105|110|102,0|0|0|0|105|116|101|109,277|278|297|296|13356|10544|59|18,0,0,0,8,255,48
53,0,6,2,0,2,0,0,0,3|3|61|55|59|0|0|0,255|255|0|0|64|0|0|0,-10|10|117|116|116|101|120|116,0|0|111|110|116|99|101|110,0|0|114|40|109|105|115|99,0|0|120|116|91|53|93|44,102|104|18041|28271|10612|12588|12345|27948,0,0,0,8,255,48
54,0,6,4,0,4,0,0,0,3|3|3|3|0|0|0|95,255|255|255|255|0|112|108|97,-6|6|6|-6|112|108|101|110,6|6|-6|-6|54|41|59|-121,0|0|0|0|0|-121|15|0,0|0|0|0|99|97|108|101,121|122|141|140|15205|0|0|65280,0,0,0,8,255,48
55,40,1,1,0,1,0,0,0,6|117|110|116|105|108|32|97,255|121|98|117|116|116|111|110,0|-1|19|0|0|0|0|107,10|61|35|48|59|32|115|99,0|110|99|111|100|101|58|61,0|59|4|0|0|0|0|101,45|65339|4|0|25856|25710|65339|0,0,0,0,1,255,112
56,20,1,1,0,1,0,0,0,2|101|32|68|111|70|117|110,255|121|83|99|114|101|101|110,-6|-1|5|0|0|0|0|98,6|103|105|110|21|0|0|0,0|32|32|32|32|32|32|32,0|32|32|32|32|32|32|99,121|13618|15158|0|0|65280|41|0,0,0,0,1,255,208
57,20,1,1,0,1,0,0,0,2|49|50|93|62|57|48|32,255|104|101|110|32|116|101|109,6|58|61|51|50|32|101|108,6|101|26|0|0|0|0|32,0|32|32|32|32|105|102|32,0|105|116|101|109|115|91|49,122|12350|29728|25960|65390|45|0|8192,0,0,0,1,255,208
58,20,7,1,0,1,4,3,0,8|91|112|105|116|101|109|115,255|49|50|93|93|46|98|105,0|115|104|105|112|103|114|97,0|104|105|99|10|0|0|0,0|32|32|32|32|32|32|101,0|115|101|-1|50|0|0|0,4|8224|8224|29728|28005|14960|29501|26984,0,0,0,1,255,208
59,10,1,1,2,1,0,0,2,3|93|93|46|98|105|103|115,255|105|112|103|114|97|112|104,0|99|59|-1|0|0|0|0,0|-1|18|0|0|0|0|32,0|32|32|32|32|99|97|115,0|32|116|101|109|112|32|111,112|47|0|8192|8224|8224|8224|8224,0,0,0,13,255,208
60,60,2,2,0,2,0,0,0,4|4|51|53|59|32|116|101,255|255|119|50|58|61|51|51,0|0|101|110|100|59|47|0,10|10|0|32|32|32|32|32,-5|5|32|32|50|56|32|58,0|0|101|103|105|110|32|116,64|64|15674|12595|8251|25972|28781|12919,0,0,0,1,255,208
61,100,2,2,0,2,0,0,0,6|6|32|32|32|32|32|32,255|255|32|58|32|98|101|103,0|0|32|116|101|109|112|119,10|10|51|49|59|32|116|101,-5|5|119|50|58|61|51|53,0|0|101|110|100|59|10|0,76|76|8224|8224|25888|25710|65339|20,0,0,0,1,255,208
62,10,1,1,2,1,0,0,2,2|119|44|51|48|41|59|255,255|0|0|0|0|255|62|0,0|0|0|32|32|32|32|32,0|78|101|119|68|114|97|119,0|83|104|97|112|101|78|117,0|32|32|32|32|32|32|40,112|29808|28521|21358|24936|25968|11379|25972,0,0,0,13,255,208
63,10,1,1,2,1,0,0,2,1|255|0|0|0|0|0|255,255|0|0|0|0|32|32|32,0|32|32|32|32|32|32|32,0|32|32|102|117|110|107|121,0|99|114|101|101|110|59|-1,0|0|0|0|0|32|32|32,168|8224|8224|8224|8224|19488|24943|20580,0,0,0,13,255,208
64,40,4,1,0,1,0,0,0,10|32|32|32|32|32|32|32,255|32|32|32|32|32|32|118,0|97|115|99|114|101|101|110,1|94|58|61|118|103|97|115,-20|114|101|101|110|94|59|-1,10|0|0|0|0|101|110|100,207|0|0|65280|21|0|28672|28530,0,0,8,1,255,208
65,20,2,1,0,1,0,0,0,5|59|4|0|0|0|0|116,255|112|101|255|47|0|0|0,0|32|32|32|32|109|101|110,2|99|104|111|105|99|101|116,-20|112|101|32|61|32|97|114,10|97|121|91|49|46|46|109,207|25965|30062|8285|26223|25120|29817|15205,0,0,8,1,255,208
66,0,0,8,0,8,0,0,0,128|121|187|187|187|187|187|187,255|255|255|255|255|255|255|255,0|0|0|-1|1|0|1|-1,1|1|1|1|1|1|0|0,0|0|0|-12|12|0|20|-20,0|0|0|20|20|-20|-10|-10,171|171|100|171|171|171|171|171,0,0,0,6,255,208
67,0,0,4,0,4,0,0,0,2|2|2|2|54|54|44|54,255|255|255|255|41|59|38|0,3|-3|3|-3|32|32|32|103,3|3|-3|-3|97|116|111|114,0|0|0|0|97|114|114|97,0|0|0|0|46|53|93|32,99|99|99|99|65341|23|0|8192,0,0,0,6,255,208
68,20,1,2,2,2,0,0,0,2|2|57|54|41|59|0|0,255|255|0|255|104|0|0|0,1|-1|32|32|32|114|101|97,2|2|101|97|112|111|110|108,8|-8|116|32|58|32|97|114,0|0|121|91|49|46|46|52,112|112|8294|31074|25972|15648|8224|8224,0,0,0,1,255,208
69,0,0,2,0,2,0,0,0,4|4|32|123|42|32|45|32,255|255|45|52|48|32|97|114,0|0|111|110|108|121|32|102,3|3|32|99|111|109|112|97,-6|6|98|105|108|105|116|121,0|0|88|0|0|0|0|32,260|260|10272|11312|11312|11312|11312|11312,0,0,0,6,255,208
70,10,1,1,2,1,0,0,3,2|44|54|44|48|44|48|44,255|44|48|44|48|44|50|44,0|44|48|44|55|44|48|44,0|44|48|44|49|44|49|44,0|44|49|44|49|44|49|44,-2|44|49|44|49|44|49|44,112|11313|10545|65339|39|0|8192|8224,0,0,0,13,255,208
71,0,0,8,3,8,0,0,0,1|1|1|1|1|1|1|1,8|8|8|8|8|8|8|8,2|-2|2|-2|3|-3|0|0,2|2|-2|-2|0|0|3|-3,2|-2|2|-2|3|-3|0|0,2|2|-2|-2|0|0|3|-3,214|214|214|214|214|214|214|214,0,0,0,12,12,112
72,60,3,3,0,3,0,0,0,4|3|3|49|46|46|55|93,255|255|255|32|119|111|114|100,0|-3|3|0|0|0|0|32,4|3|3|32|32|40|57|50,0|0|0|44|49|49|51|44,0|0|0|44|57|55|44|57,94|140|141|0|0|65280|109|0,0,0,0,13,255,192
73,0,2,8,9,8,0,0,0,2|2|2|2|2|2|2|2,10|10|10|10|10|10|10|10,-9|9|-9|9|-10|10|-10|10,6|-6|-6|6|-3|3|3|-3,0|0|0|0|0|0|0|0,0|0|0|0|0|0|0|0,172|172|172|172|172|172|172|172,0,0,0,0,255,112
74,0,3,2,0,2,0,0,0,1|175|109|112|97|116|105|98,255|255|105|116|121|125|96|0,-7|6|0|32|32|32|32|32,1|6|53|44|49|48|44|52,2|0|44|51|44|54|44|49,0|0|50|44|48|44|48|44,246|255|11320|11321|11312|11312|11313|11312,0,0,0,8,255,208
75,0,3,2,0,2,0,0,0,174|1|48|44|48|44|48|44,255|255|44|49|44|49|44|49,-6|7|44|49|44|49|44|49,6|1|44|49|44|52|44|49,0|-2|59|-1|41|0|0|0,0|0|32|32|32|102|114|111,255|246|28769|28271|8312|8250|29281|24946,0,0,0,8,255,208
76,40,4,4,0,4,0,0,0,4|4|4|4|0|0|0|32,255|255|255|255|32|40|53|56,-5|-5|5|5|54|53|44|53,0|0|0|0|44|53|48|44,0|0|0|0|48|44|54|48,0|14|0|14|53|50|44|53,105|124|106|125|8192|8224|26144|28530,0,0,0,6,255,208
77,0,0,8,0,8,0,0,0,5|5|5|5|5|5|5|5,16|16|16|16|16|16|16|16,6|-6|6|-6|0|8|-8|0,6|6|-6|-6|8|0|0|-8,6|-6|6|-6|0|8|-8|0,6|6|-6|-6|8|0|0|-8,244|244|244|244|244|244|244|244,0,0,0,11,1,112
78,90,1,3,2,3,0,0,0,2|2|2|112|108|97|110|101,255|255|255|58|32|97|114|114,0|1|-1|49|46|46|50|49,4|3|3|102|32|119|111|114,0|0|0|-1|106|0|0|0,0|0|0|32|32|32|32|40,225|225|225|12341|8236|13362|11312|8224,0,0,0,13,255,208
79,0,0,4,0,4,0,0,0,1|1|1|1|50|54|48|44,255|255|255|255|44|32|49|53,0|0|0|0|54|48|44|32,14|14|14|14|32|32|56|48,3|13|32|42|44|50|50|48,-18|-14|-12|-18|48|44|51|49,286|286|286|286|11312|13362|11312|12338,0,0,0,6,255,208
80,120,1,4,2,4,0,0,0,2|2|2|2|32|58|32|97,255|255|255|255|91|49|46|46,2|-1|2|-1|111|102|32|119,4|4|-4|-4|61|-1|106|0,0|0|0|0|32|32|32|32,0|0|0|0|48|44|32|32,225|225|225|225|8224|12344|8236|14129,0,0,0,13,255,208
81,80,2,8,0,8,0,0,0,1|1|1|1|1|1|1|1,255|255|255|255|255|255|255|255,-10|10|-7|7|0|-7|7|0,0|0|7|7|-10|-7|-7|10,0|0|0|0|0|0|0|0,0|0|0|0|0|0|0|0,77|58|182|163|1|183|164|39,0,0,0,6,255,208
82,30,4,3,0,3,0,0,0,1|1|1|115|32|58|32|97,255|255|255|121|91|49|46|46,0|-10|10|32|111|102|32|98,10|0|0|32|61|15|91|0,0|0|0|32|32|32|32|32,0|0|0|49|44|32|50|44,58|39|1|13600|8236|11318|14112|8236,0,0,0,6,255,208
83,40,4,2,0,2,0,0,0,1|1|32|44|49|52|44|48,255|255|53|44|49|54|44|49,5|-5|53|44|49|48|44|57,8|8|44|49|54|44|49|44,0|0|44|49|44|57|44|57,0|0|50|44|50|44|56|0,227|227|8224|8224|8224|12576|12588|12588,0,0,0,10,255,208
84,20,2,2,0,2,0,0,0,2|184|32|32|123|67|111|109,255|255|116|105|98|105|108|105,0|0|32|114|101|97|115|111,8|6|125|0|0|0|0|0,0|0|10|0|0|0|0|32,0|0|32|123|77|101|110|117,98|98|0|8192|8224|27936|28261|25461,0,0,0,6,1,208
85,80,3,8,0,8,0,0,0,1|2|1|2|1|2|1|2,255|255|255|255|255|255|255|255,120|120|120|120|120|120|120|120,8|8|8|8|8|8|8|8,0|0|-12|-12|12|12|-24|-24,0|14|0|14|0|14|0|14,157|159|157|159|157|159|157|159,0,0,0,6,255,208
86,10,2,1,0,1,0,0,0,189|0|0|0|0|32|32|32,255|42|32|68|97|116|97|32,0|115|101|100|32|102|111|114,0|73|116|101|109|83|99|114,0|101|110|32|112|114|111|99,0|100|117|114|101|32|116|111,238|25710|25449|29793|8293|29801|28005|8307,1,0,0,6,255,208
87,0,8,1,0,1,0,0,0,30|32|32|32|73|116|101|109,4|118|97|105|108|32|58|32,120|114|114|97|121|91|49|46,120|57|44|49|46|46|49|48,-40|32|111|102|32|98|121|116,-30|59|38|0|0|0|0|32,60034|29769|28005|30305|26977|28012|30817|14880,0,0,0,1,255,208
88,30,3,3,0,3,0,0,0,20|20|20|101|59|255|56|0,255|255|255|32|32|32|112|108,120|120|120|116|100|111|116|120,10|10|10|97|110|101|116|100,-32|-32|-32|32|58|32|97|114,-24|0|28|91|49|46|46|53,60023|60024|60025|8285|26223|26912|29806|26469,0,0,0,6,255,208
89,20,2,2,3,2,0,0,0,189|1|100|111|116|115|32|58,255|255|114|114|97|121|91|49,0|0|53|93|32|111|102|32,-1|-1|116|101|59|-1|39|0,0|0|0|32|32|32|99|117,-1|-1|101|110|116|100|111|116,107|107|30051|29298|28261|25716|29807|24951,-1,0,0,6,255,208
90,0,0,8,3,8,0,0,0,5|5|5|5|5|5|5|5,16|16|16|16|16|16|16|16,1|-1|1|-1|0|2|-2|0,1|1|-1|-1|2|0|0|-2,6|-6|6|-6|0|8|-8|0,6|6|-6|-6|8|0|0|-8,214|214|214|214|214|214|214|214,0,0,0,11,1,112
91,40,4,4,0,4,0,0,0,3|1|1|3|0|255|37|0,255|255|255|255|32|32|109|97,0|-2|2|0|32|58|32|97,10|7|7|10|91|49|46|46,0|0|0|0|48|48|93|32,6|0|0|-6|121|116|101|59,60|201|202|60|30050|27750|25455|14880,0,0,0,6,255,208
92,0,10,2,0,2,0,0,0,192|1|97|98|101|108|30|0,255|255|0|32|32|32|110|101,0|0|101|118|101|110|116|44,8|8|100|101|118|101|110|116,0|0|101|119|103|97|109|101,0|0|0|0|0|0|0|-1,65|65|65280|22|0|28672|28530|25955,0,0,0,27,255,208
93,0,10,2,0,2,0,0,0,193|2|0|0|0|0|0|255,255|255|0|0|0|112|114|111,0|0|100|117|114|101|32|115,8|8|108|101|66|105|116|109,0|0|40|98|105|116|109|97,0|0|58|32|119|111|114|100,64|64|31008|14880|30496|29295|15204|30752,0,0,0,27,255,208
94,0,10,1,0,1,0,0,0,195|111|114|100|41|59|4|0,255|0|0|116|121|112|101|255,0|0|0|0|0|32|32|102,0|120|101|100|32|61|32|114,0|99|111|114|100|-1|19|0,0|0|0|32|32|32|32|99,71|8293|28514|27759|24933|8302|26223|28,1,0,0,7,6,208
95,0,10,4,0,4,0,0,0,196|197|4|4|58|32|108|111,255|255|121|121|116|41|59|255,-12|12|-6|6|0|32|32|32,0|0|0|0|97|108|115|101,0|0|0|0|102|44|32|105,0|0|0|0|111|114|100|41,45|7|45|7|8224|25888|25710|22587,0,0,0,27,1,208
96,0,10,2,0,2,0,0,0,196|4|0|32|32|115|44|32,255|121|32|104|32|32|32|32,-12|-6|119|111|114|100|59|32,0|0|120|83|107|105|112|44,0|0|100|116|104|44|104|101,0|0|104|116|125|19|43|0,45|45|29472|11384|29472|11385|25376|8313,0,0,0,27,1,208
97,0,10,2,0,2,0,0,0,197|4|110|99|44|32|121|83,255|121|80|111|115|125|5|0,12|6|0|98|101|103|105|110,0|0|0|0|0|32|32|119,0|0|32|32|58|61|32|120,0|0|45|32|120|49|32|43,7|7|22|0|8192|26656|8224|8224,0,0,0,27,1,208
98,20,0,1,0,8,0,0,0,2|2|2|2|2|2|2|2,255|255|255|255|255|255|255|255,0|0|0|0|0|0|0|0,14|14|14|14|14|14|14|14,-8|-4|0|4|8|4|0|-4,0|0|0|0|0|0|0|0,70|70|70|70|70|70|70|70,0,0,0,1,255,208
99,20,0,1,0,8,0,0,0,2|2|2|2|2|2|2|2,255|255|255|255|255|255|255|255,-2|-1|0|1|2|1|0|-1,14|14|14|14|14|14|14|14,-8|-4|0|4|8|4|0|-4,0|0|0|0|0|0|0|0,70|70|70|70|70|70|70|70,0,0,0,1,255,208
100,40,0,2,0,6,0,0,0,2|2|2|2|2|2|117|112,255|255|255|255|255|255|110|32,-2|2|-1|1|0|0|0|0,14|14|14|14|14|14|117|115,-8|8|-4|4|-2|2|0|0,0|0|0|0|0|0|111|118,70|70|70|70|70|70|7|0,0,0,0,1,255,208
101,10,6,1,0,1,0,0,0,2|109|111|118|32|32|97|120,255|32|51|50|48|135|11|0,0|0|0|32|32|32|32|109,12|108|32|32|121|49|15|0,0|0|0|32|32|32|32|97,0|100|32|32|97|120|44|32,252|33|0|8192|8224|27936|30319|8224,0,0,0,28,255,208
102,10,10,1,0,1,0,0,0,10|101|110|32|97|100|114|125,255|0|0|0|0|32|32|32,0|76|50|58|17|0|0|0,10|32|32|32|32|109|111|118,0|32|97|120|44|32|99|121,0|105|10|0|0|0|0|32,253|27936|27765|8224|65400|15|0|8192,0,0,0,27,255,208
103,10,16,1,0,1,0,0,0,30|0|0|32|32|32|32|40,255|97|100|100|32|32|98|120,0|32|119|111|114|100|32|112,8|114|32|98|105|116|109|97,0|32|123|111|102|102|115|101,0|125|42|41|14|0|0|0,254|8224|27936|30319|8224|30819|8236|65399,0,0,0,26,255,208
104,0,0,1,0,1,0,0,0,90|32|48|32|32|32|32|32,250|102|114|97|99|116|105|111,120|32|111|102|32|115|114|99,120|97|100|114|32|40|98|120,-24|115|105|41|125|-1|17|0,24|0|0|32|32|32|32|109,98|8224|30820|8236|30835|26158|6|0,0,0,8,1,255,208
105,0,0,1,0,1,0,0,0,2|109|111|118|32|32|97|108,255|32|91|98|120|93|9|0,0|0|0|32|32|32|32|115,4|111|115|98|15|0|0|0,0|32|32|32|32|97|100|100,0|32|115|105|44|32|100|120,61|0|8192|8224|24864|25444|8224|30818,0,0,0,1,255,208
106,0,0,1,0,1,0,0,0,2|114|121|32|111|114|32|115,255|46|105|60|62|48|44|32,3|101|119|32|115|111|117|114,0|101|32|112|105|120|101|108,0|-1|11|0|0|0|0|32,0|32|32|108|111|111|112|32,80|44|0|8192|8224|24864|25700|8224,0,0,0,1,255,208
107,20,0,1,0,8,0,0,0,2|2|2|2|2|2|2|2,255|255|255|255|255|255|255|255,-4|-2|0|2|4|2|0|-2,14|14|14|14|14|14|14|14,-8|-4|0|4|8|4|0|-4,0|0|0|0|0|0|0|0,70|70|70|70|70|70|70|70,0,0,0,1,255,208
108,40,0,2,0,6,0,0,0,2|2|2|2|2|2|17|0,255|255|255|255|255|255|32|97,-4|4|-2|2|-1|1|46|105,14|14|14|14|14|14|0|0,-8|8|-4|4|-2|2|101|99,0|0|0|0|0|0|32|112,70|70|70|70|70|70|27168|31342,0,0,0,1,255,208
109,80,3,8,0,8,0,0,0,1|1|1|1|1|1|1|1,255|255|255|255|255|255|255|255,0|0|0|0|0|0|0|0,12|13|14|15|16|17|18|19,0|0|0|0|0|0|0|0,0|0|0|0|0|0|0|0,135|116|116|116|116|116|116|97,0,0,0,8,255,144
110,30,3,1,0,1,0,0,4,3|114|32|105|32|58|61|32,255|32|116|111|32|49|54|48,0|100|111|32|98|101|103|105,0|32|32|32|32|32|32|32,0|32|32|32|123|116|101|115,0|32|98|109|112|125|9|0,214|8192|26912|25454|26920|15145|27|0,0,0,0,13,255,208
111,20,3,2,0,2,0,0,0,2|2|101|110|32|105|58|61,255|255|48|59|70|0|0|0,-4|-4|32|115|99|97|108|101,5|-5|116|77|97|112|40|118,5|5|115|99|114|101|101|110,0|0|103|44|51|50|48|44,169|169|13873|11568|11369|11312|12576|14645,0,-1,0,1,255,208
112,10,4,1,0,1,0,0,0,1|54|50|53|41|41|59|255,255|0|0|0|0|32|32|101,0|100|59|-1|10|0|0|0,8|32|32|115|104|111|119|118,-5|97|59|-1|4|0|0|0,0|101|110|100|59|-1|0|0,58|65280|39|0|28672|28530|25955|30052,0,0,0,1,255,208
113,10,4,1,0,1,0,0,0,1|114|107|32|58|32|98|111,255|108|101|97|110|32|41|59,0|0|0|0|0|118|97|114,8|0|0|0|0|32|32|32,6|44|121|32|58|32|98|121,0|101|59|-1|25|0|0|0,58|8224|25972|28781|11384|25972|28781|8313,0,0,0,1,255,208
114,40,0,1,0,1,0,0,0,2|32|116|101|109|112|120|50,255|116|101|109|112|121|50|32,0|32|105|110|116|101|103|101,14|59|23|0|0|0|0|32,0|32|116|101|109|112|119|44,0|101|109|112|119|50|32|58,142|29295|15204|5|0|25088|26469|28265,0,0,0,1,255,144
115,10,1,1,2,1,0,0,3,2|49|48|59|13|0|0|0,255|32|32|32|116|101|109|112,0|50|58|61|48|59|14|0,0|0|0|32|32|32|123|68,-8|97|119|108|105|110|101|115,-2|-1|12|0|0|0|0|32,112|25972|28781|14967|12349|65339|26|0,0,0,0,13,255,208
116,10,1,1,2,1,0,0,3,2|48|32|100|111|32|98|101,255|105|110|255|20|0|0|0,0|32|32|32|32|32|32|105,0|99|40|116|101|109|112|119,8|49|53|41|59|-1|26|0,-2|0|0|32|32|32|32|32,112|28005|30832|15674|25972|28781|11639|25972,0,0,0,13,255,208
117,30,1,1,0,1,0,0,4,5|105|102|32|40|116|101|109,255|120|62|49|56|41|32|97,0|100|32|40|116|101|109|112,0|60|49|51|53|41|32|116,0|101|110|32|98|101|103|105,0|-1|63|0|0|0|0|32,285|8224|8224|26912|8294|24932|27506|29728,0,0,0,13,255,208
118,40,3,2,0,2,0,0,0,3|3|120|43|49|44|48|44,255|255|109|112|120|43|49|44,0|0|57|44|51|50|43|51,14|14|101|108|115|101|42|0,-6|6|0|32|32|32|32|32,0|0|32|114|101|99|116|97,143|144|29736|28005|30832|12332|29740|28005,0,0,0,13,255,192
119,80,3,1,0,1,0,0,0,4|0|0|32|32|32|32|32,255|101|110|100|59|255|7|0,-2|0|0|32|32|32|101|110,4|59|0|0|0|0|0|-1,0|0|0|0|0|32|32|32,0|101|109|112|119|58|61|48,166|26|0|8192|8224|28518|8306|14969,0,0,0,10,255,144
120,80,4,1,0,1,0,0,0,4|255|20|0|0|0|0|32,255|32|32|32|32|105|110|99,2|116|101|109|112|119|44|49,4|41|59|-1|26|0|0|0,0|32|32|32|32|32|32|116,0|109|112|121|58|61|116|101,166|11639|25972|28781|12921|65339|46|0,0,0,0,10,255,112
121,10,1,1,0,8,0,0,0,1|1|1|1|1|1|1|1,8|8|8|8|8|8|8|8,-2|-1|0|1|2|1|0|-1,13|14|15|14|13|14|15|14,-4|-2|0|2|4|2|0|-2,0|0|0|0|0|0|0|0,7304|7304|7304|7304|7304|7304|7304|7304,-1,0,0,4,255,112
122,30,3,3,0,3,0,0,0,2|1|1|101|109|112|121|43,255|255|255|50|43|51|41|32,0|0|0|101|42|0|0|0,12|12|12|32|32|32|32|32,0|-6|5|99|116|97|110|103,0|4|4|48|44|116|101|109,107|108|108|29740|28005|31088|13100|11058,0,0,0,1,255,112
123,0,5,8,1,8,0,0,0,1|1|1|1|1|1|1|1,255|255|255|255|255|255|255|255,-22|-22|-22|-22|-22|-22|-22|-22,0|0|0|0|0|0|0|0,0|-12|-24|-36|-48|-60|-72|-84,0|0|0|0|0|0|0|0,198|199|198|199|198|199|198|199,0,0,0,15,255,128
124,0,5,8,1,8,0,0,0,1|1|1|1|1|1|1|1,255|255|255|255|255|255|255|255,22|22|22|22|22|22|22|22,0|0|0|0|0|0|0|0,0|12|24|36|48|60|72|84,0|0|0|0|0|0|0|0,198|199|198|199|198|199|198|199,0,0,0,15,255,128
125,10,4,1,0,1,0,0,0,1|110|35|0|0|0|0|32,255|32|32|32|32|32|32|32,0|32|32|112|105|120|51|40,6|101|109|112|120|44|116|101,-8|112|121|44|51|50|43|54,0|59|12|0|0|0|0|32,58|8224|8224|25888|25710|65339|10|0,0,0,0,1,255,208
126,10,4,1,0,1,0,0,0,1|32|32|32|101|110|100|59,255|0|0|0|0|101|110|100,0|-1|0|0|0|0|0|-1,6|0|0|0|0|98|101|103,8|110|48|0|0|0|0|105,0|32|40|112|105|116|101|109,58|12849|15453|12345|8233|28257|8292|28712,0,0,0,1,255,208
127,50,5,5,2,5,0,0,0,3|3|3|3|3|105|110|255,255|255|255|255|255|119|105|112,0|-1|1|-2|2|-1|26|0,3|2|2|1|1|103|97|115,0|0|0|0|0|50|94|58,0|0|0|0|0|99|114|101,112|112|112|112|112|31488|26486|29537,0,0,0,6,255,208
128,30,4,1,7,1,0,0,0,4|50|94|59|125|208|24|0,255|0|0|116|101|109|112|119,0|61|115|101|103|40|118|103,7|115|99|114|101|101|110|50,0|41|59|-79|3|0|0|0,0|97|115|109|9|0|0|0,601|28704|29557|8296|29540|14|0|8192,0,0,3,13,11,128
129,30,4,1,3,1,0,0,0,1|0|0|32|32|109|111|118,255|100|115|44|118|103|97|115,0|114|101|101|110|115|101|103,0|0|0|0|0|32|32|109,-8|118|32|100|105|44|51|50,0|42|50|48|48|-121|10|0,107|16384|29252|30561|28524|28783|12602|0,0,0,5,13,12,128
130,0,0,1,0,4,0,0,0,1|1|1|1|58|91|100|105,255|255|255|255|0|0|0|32,14|14|14|14|32|97|108|44,0|0|0|0|18|0|0|0,0|0|0|0|111|118|32|98,-5|-5|-5|-5|58|91|100|105,286|287|286|288|8192|24864|25710|25120,0,0,0,6,255,208
131,10,4,1,0,1,0,0,0,2|98|104|44|100|115|58|91,255|105|43|49|93|0|12|0,0|0|0|32|32|97|110|100,6|98|104|44|36|48|70|99,0|0|0|0|0|32|32|97,0|100|32|98|108|44|98|104,61|0|8192|27936|30319|25120|11368|29540,0,0,0,1,255,208
132,10,4,1,0,1,0,0,0,2|97|110|100|32|98|104|44,255|48|70|135|11|0|0|0,0|32|32|97|100|100|32|98,6|44|98|104|20|0|0|0,0|32|32|109|111|118|32|98,0|44|100|115|58|91|100|105,162|12338|25437|12|0|8192|24864|25710,0,0,0,1,255,208
133,10,4,1,1,1,0,0,0,4|100|32|98|108|44|98|104,255|0|0|0|0|32|32|115,0|114|32|98|108|44|50|9,6|0|0|0|0|95|11|0,0|0|0|32|32|109|111|118,0|98|104|44|98|108|11|0,168|8192|29472|25205|25120|11368|27745|0,0,0,0,1,255,208
134,60,4,3,0,3,0,0,0,2|1|1|108|14|0|0|0,255|255|255|106|103|32|32|64,0|5|-5|97|116|101|114|-1,10|8|8|0|0|32|32|115,0|0|0|97|108|44|97|108,0|0|0|0|0|32|32|109,244|227|227|25691|23913|24876|65388|8,0,0,0,1,255,208
135,60,4,3,0,3,0,0,0,2|1|1|106|110|122|32|64,255|255|255|119|108|111|111|112,0|5|-5|0|0|32|32|106,-10|-8|-8|64|69|110|100|-1,0|0|0|0|0|-1|11|0,0|0|0|32|32|64|103|114,244|227|227|0|0|65280|12|0,0,0,0,1,255,208
136,120,3,2,2,2,0,0,0,6|6|0|32|32|109|246|13,255|255|18|0|0|0|0|32,0|0|32|32|32|109|111|118,6|6|101|109|112|119|44|97,0|0|0|0|0|0|0|-1,0|14|0|0|0|32|32|32,117|136|25454|25120|65400|23|0|8192,0,0,0,0,255,192
137,80,3,4,0,8,0,0,0,3|3|1|1|3|3|1|1,255|255|255|255|255|255|255|255,-10|-10|-8|-8|10|10|8|8,0|0|4|-4|0|0|4|-4,0|-12|0|0|0|12|0|0,0|0|0|0|0|0|0|0,244|244|244|244|244|244|244|244,0,0,0,1,255,208
138,120,4,6,0,6,0,0,0,3|3|2|2|1|1|32|100,255|255|255|255|255|255|50|56,0|0|3|-3|6|-6|0|0,-10|-10|-9|-9|-8|-8|100|59,0|0|0|0|0|0|30|0,0|12|0|0|0|0|32|32,244|244|245|245|244|244|12336|29728,0,0,0,1,255,208
139,0,5,8,1,8,0,0,0,1|1|1|1|1|1|1|2,255|255|255|255|255|255|255|255,0|0|0|0|0|0|0|0,8|8|8|8|8|8|8|8,0|0|0|0|0|0|0|0,0|14|28|42|56|70|84|98,192|191|192|191|192|191|192|191,0,0,0,15,255,128
140,0,5,8,0,8,0,0,0,1|1|1|1|1|1|1|2,255|255|255|255|255|255|255|255,-14|-14|-14|-14|-14|-14|-14|-14,-12|-12|-12|-12|-12|-12|-12|-12,0|-12|-24|-36|-48|-60|-72|-84,0|14|28|42|56|70|84|98,196|197|196|197|196|197|196|197,0,0,0,15,255,128
141,0,5,8,0,8,0,0,0,1|1|1|1|1|1|1|2,255|255|255|255|255|255|255|255,-14|-14|-14|-14|-14|-14|-14|-14,-12|-12|-12|-12|-12|-12|-12|-12,0|12|24|36|48|60|72|84,0|14|28|42|56|70|84|98,194|195|194|195|194|195|194|195,0,0,0,15,255,128
142,10,1,1,2,1,0,0,4,1|255|51|0|0|0|0|32,255|32|32|32|32|32|32|68,0|97|119|83|104|97|112|101,0|40|115|117|99|99|40|116,0|109|112|115|104|111|116|88,0|44|116|101|109|112|115|104,226|11353|25972|28781|11383|44|0|8192,0,0,0,13,255,208
143,10,0,1,0,2,1,1,7,1|1|115|104|97|112|101|115,8|8|111|102|115|44|115|104,0|0|101|115|67|49|115|101,0|0|59|0|9|0|0|0,-1|1|32|32|32|32|101|110,0|0|0|0|0|0|0|-117,21|20|8192|8224|29537|35693|12|0,0,0,0,28,255,112
144,50,0,5,0,5,0,0,0,1|1|1|1|1|32|32|32,255|255|255|255|255|99|120|139,0|-1|1|-2|2|32|32|32,-1|-3|-3|-4|-4|32|32|99,0|0|0|0|0|0|0|0,0|0|0|0|0|32|32|106,304|304|304|304|304|25977|29554|28520,1,0,0,10,255,208
145,0,0,1,0,4,0,0,0,1|1|1|1|97|121|101|114,255|255|255|255|115|116|111|112,-14|-14|-14|-14|0|0|0|32,0|0|0|0|100|59|0|0,0|0|0|0|42|0|0|0,-14|-14|-14|-14|110|101|119|100,286|287|286|288|20069|28021|24360|28751,0,0,0,6,255,208
146,10,1,1,2,1,0,0,4,2|41|59|94|0|0|0|0,255|0|62|0|0|0|0|40,0|61|61|61|61|61|61|61,0|61|61|61|61|61|61|61,0|61|61|61|61|61|61|61,0|80|111|119|101|114|32|66,112|15677|15677|15677|15677|15677|15677|15677,0,0,0,13,255,208
147,30,7,1,2,1,0,0,0,1|0|0|32|32|32|32|32,1|32|112|111|119|101|114|58,0|112|111|119|101|114|43|112,0|119|101|114|97|100|100|59,0|0|0|0|0|32|32|32,0|32|32|32|105|102|32|112,228|29285|14654|12336|29728|25960|8302|28528,0,0,0,0,255,128
148,40,1,1,2,1,0,0,0,0|0|0|0|0|32|32|32,1|32|32|32|116|101|109|112,0|61|112|111|119|101|114|32,0|105|118|32|49|48|59|-1,0|0|0|0|0|-1|37|0,0|0|0|32|32|32|102|111,247|25972|28781|15674|13361|11575|25972|28781,0,0,0,0,255,128
149,40,9,1,8,1,0,0,0,4|0|0|0|0|32|32|32,255|32|32|116|101|109|112|50,0|61|49|49|51|43|40|49,3|54|45|116|101|109|112|41,0|100|105|118|32|57|43|50,0|-1|28|0|0|0|0|32,191|8224|29728|28005|13168|15674|29736|28005,0,0,0,1,255,128
150,120,9,3,6,3,0,0,0,4|4|4|32|32|32|32|105,255|255|255|101|109|112|51|61,0|1|-1|104|101|110|32|105,3|2|2|116|101|109|112|50,0|0|0|32|101|108|115|101,0|0|0|0|0|32|32|32,191|191|191|26217|29728|28005|13168|15932,0,0,0,1,255,128
151,0,5,8,1,8,0,0,0,1|1|1|1|1|1|1|1,255|255|255|255|255|255|255|255,22|22|22|22|22|22|22|22,0|0|0|0|0|0|0|0,0|12|24|36|48|60|72|84,0|0|0|0|0|0|0|0,198|199|198|199|198|199|198|199,0,0,0,0,255,128
152,0,5,8,1,8,0,0,0,1|1|1|1|1|1|1|1,255|255|255|255|255|255|255|255,-22|-22|-22|-22|-22|-22|-22|-22,0|0|0|0|0|0|0|0,0|-12|-24|-36|-48|-60|-72|-84,0|0|0|0|0|0|0|0,198|199|198|199|198|199|198|199,0,0,0,0,255,128
153,0,2,2,3,8,2,10,0,6|8|6|6|6|6|6|6,255|255|255|255|255|255|255|255,8|-8|10|-10|10|-10|13|-13,-12|-12|-13|-13|-10|-10|-6|-6,0|0|0|0|0|0|0|0,24|24|24|24|24|24|24|24,214|214|214|214|214|214|214|214,0,0,0,1,255,208
154,120,3,2,2,2,0,0,0,3|3|102|32|116|101|109|112,255|255|51|60|49|49|50|32,0|0|101|110|32|105|110|99,6|6|101|109|112|50|41|59,0|0|0|0|0|32|32|32,-14|0|100|59|0|0|0|0,117|136|0|8192|8224|8224|29728|28005,0,0,0,26,255,192
155,0,3,1,0,1,0,0,0,2|32|49|48|41|59|36|0,255|0|0|32|32|32|32|32,0|116|101|109|112|50|58|61,10|49|51|43|40|49|52|54,0|116|101|109|112|41|32|100,0|118|32|57|43|52|59|-1,59|0|8192|8224|8224|28704|30825|12584,0,0,0,25,255,112
156,0,4,1,0,1,0,0,0,3|41|59|255|30|0|0|0,255|32|32|32|32|32|32|112,0|120|40|49|52|50|44|116,10|109|112|45|49|44|116|101,0|112|50|45|49|41|59|-1,0|0|0|0|0|32|32|32,60|28704|30825|12584|13108|29740|28005|11632,0,0,0,25,255,112
157,0,4,1,0,1,0,0,0,4|32|32|32|32|32|32|112,255|120|40|49|52|52|44|116,0|109|112|45|49|44|116|101,10|112|50|45|49|41|59|-1,0|0|0|0|0|32|32|32,0|32|32|123|112|105|120|40,165|11321|25972|28781|12589|29740|28005|12912,0,0,0,25,255,112
158,0,4,2,0,2,0,0,0,2|2|103|97|50|53|54|100,255|255|97|114|40|49|52|53,0|0|101|109|112|45|49|44,10|10|57|44|116|101|109|112,-6|6|44|116|101|109|112|50,0|0|0|0|0|0|0|-1,59|59|65280|27|0|31488|8224|26912,0,0,0,25,255,112
159,0,5,3,0,3,0,0,0,3|1|1|104|101|110|26|0,255|255|255|32|32|32|32|105,0|0|0|101|109|112|62|108,10|10|10|112|111|119|101|114,0|-8|8|101|110|-1|73|0,0|4|4|32|32|32|32|32,60|58|58|11875|24930|10354|13105|11316,0,0,0,25,255,112
160,0,5,3,0,3,0,0,0,4|1|1|49|52|45|108|97,255|255|255|111|119|101|114|44,0|0|0|43|116|101|109|112,10|10|10|118|32|55|41|32,0|-9|9|101|57|0|0|0,0|4|4|32|32|32|118|103,165|58|58|24930|10354|13105|11316|12593,0,0,0,25,255,112
161,0,5,3,0,3,0,0,0,2|2|2|45|116|101|109|112,255|255|255|32|32|44|48|41,0|0|0|0|0|0|0|-1,10|10|10|0|0|32|32|32,0|-10|10|116|112|111|119|101,0|4|4|116|101|109|112|59,59|59|59|18|0|8192|8224|24951,0,0,0,25,255,112
162,0,5,3,0,3,0,0,0,3|2|2|101|110|100|59|255,255|255|255|0|0|255|0|0,0|0|0|-1|24|0|0|0,10|10|10|114|111|99|101|100,0|-10|10|32|99|97|108|105,0|4|4|116|101|106|111|121,60|59|59|25088|26469|28265|20|0,0,0,0,25,255,112
163,0,5,5,0,5,0,0,0,3|2|2|1|1|255|30|0,255|255|255|255|255|32|105|102,0|0|0|0|0|116|100|101,10|10|10|10|10|48|32|116,0|-10|10|-18|18|101|103|105,0|4|4|8|8|0|0|32,60|59|59|58|58|28769|28261|28021,0,0,0,25,255,112
164,0,5,5,0,5,0,0,0,3|2|2|2|2|41|59|255,255|255|255|255|255|32|32|32,0|0|0|0|0|116|101|120,10|10|10|10|10|49|57|48,0|-10|10|-20|20|100|32|74,0|4|4|8|8|99|107|32,60|59|59|59|59|26473|29800|24864,0,0,0,25,255,112
165,0,5,5,0,5,0,0,0,5|2|2|2|2|44|53|41,255|255|255|255|255|0|0|32,0|0|0|0|0|103|97|50,10|10|10|10|10|104|111|119,0|-10|10|-24|24|0|0|0,0|4|4|8|8|32|114|101,62|59|59|59|59|13608|15145|27168,0,0,0,25,255,112
166,0,3,1,0,1,0,0,0,2|116|116|111|110|91|49|93,255|111|114|32|98|117|116|116,0|110|91|50|93|59|17|0,10|0|0|32|32|32|32|32,0|77|97|120|88|58|61|106,0|121|120|59|17|0|0|0,59|8224|8224|19786|28265|14937|27197|31087,0,0,0,25,255,112
167,0,3,2,0,2,0,0,0,1|1|49|48|41|59|56|0,255|255|0|32|32|32|32|32,-3|3|112|101|97|116|32|106,9|9|115|116|105|99|107|49,-4|4|110|116|105|108|32|110,0|0|40|98|117|116|116|111,201|202|28448|8306|30050|29812|28271|12891,0,0,0,25,255,112
168,0,4,3,0,3,0,0,0,1|1|1|32|100|114|97|119,255|255|255|112|101|110|117|109,-3|3|0|84|121|114|83|104,9|9|10|115|44|51|50|44,-4|4|0|56|48|41|59|0,0|0|0|0|0|32|32|32,201|202|58|30821|10356|12345|12588|12345,0,0,0,25,255,112
169,0,4,3,0,3,0,0,0,1|1|2|66|111|116|116|111,255|255|255|101|102|116|32|97,-7|7|0|112|114|101|115|115,7|7|10|116|116|111|110|39,-5|5|0|44|53|41|59|-1,0|0|0|0|0|32|32|32,163|164|59|13877|11876|26739|30575|26486,0,0,0,25,255,112
170,0,5,5,0,5,0,0,0,1|1|1|1|1|108|97|121,255|255|255|255|255|106|111|121,-7|7|0|-3|3|49|32|117,7|7|10|9|9|98|117|116,-5|5|0|-4|4|93|32|111,0|0|0|0|0|116|111|110,163|164|58|201|202|8224|8224|19786,0,0,0,25,255,112
171,0,5,5,0,5,0,0,0,1|1|2|1|1|77|97|120,255|255|255|255|255|121|121|59,-7|7|0|-3|3|32|32|32,7|7|10|9|9|97|121|40,-5|5|0|-4|4|0|0|0,0|0|0|0|0|32|114|101,163|164|59|201|202|25449|12651|29984,0,0,0,25,255,112
172,0,5,3,0,3,0,0,0,3|3|1|111|114|32|98|117,255|255|255|110|91|50|93|41,-7|7|0|0|0|0|0|-1,7|7|10|0|0|32|32|32,-5|5|0|114|97|119|115|104,0|0|0|110|117|109|83|40,121|122|58|28769|29541|13100|11312|12338,0,0,0,25,255,112
173,0,5,3,0,3,0,0,0,3|3|2|116|101|120|116|40,255|255|255|49|57|48|44|39,-7|7|0|118|101|32|106|111,7|7|10|105|99|107|32|67,-5|5|0|101|114|32|97|110,0|0|0|114|101|115|115|32,121|122|59|8224|8224|8224|8224|11303,0,0,0,25,255,112
174,0,5,5,0,5,0,0,0,3|3|1|1|1|54|100|46,255|255|255|255|255|103|97|59,-7|7|0|-3|3|32|32|32,7|7|10|9|9|101|97|116,-5|5|0|-4|4|121|40|53,0|0|0|0|0|121|115|116,121|122|58|201|202|25120|29813|28532,0,0,0,25,255,112
175,0,5,5,0,5,0,0,0,3|3|2|1|1|0|0|32,255|255|255|255|255|67|101|110,-7|7|0|-3|3|61|106|111,7|7|10|9|9|0|0|0,-5|5|0|-4|4|32|74|67,0|0|0|0|0|89|58|61,121|122|59|201|202|8192|8224|8224,0,0,0,25,255,112
176,0,5,5,0,5,0,0,0,3|3|2|2|2|101|112|101,255|255|255|255|255|121|115|116,-7|7|0|-3|3|117|110|116,7|7|10|9|9|116|40|98,-5|5|0|-4|4|91|49|93,0|0|0|0|0|117|116|116,121|122|59|279|280|0|0|14,0,0,0,25,255,112
177,0,8,1,0,1,0,0,0,251|94|0|0|0|0|0|9,255|0|0|0|0|32|32|32,0|32|111|117|116|116|101|120,2|40|50|50|44|54|44|39,0|111|121|115|116|105|99|107,0|82|101|97|100|121|32|32,65|8224|8224|8224|8224|8224|8224|8224,1,0,0,10,255,208
178,0,8,2,0,2,0,0,0,251|251|53|41|59|0|7|0,255|255|0|32|32|32|101|110,-1|1|5|0|0|0|0|101,2|2|59|125|0|0|0|0,2|2|0|0|0|0|0|-121,0|0|0|0|0|9|39|0,65|65|15658|15677|15677|15677|19517|24943,1,0,0,10,255,208
179,0,8,1,0,1,0,0,0,252|61|61|61|61|61|61|61,255|41|18|0|0|0|0|112,0|111|99|101|100|117|114|101,4|108|111|97|100|109|97|112,0|4|3|0|0|0|0|118,0|114|26|0|0|0|0|32,64|30316|26220|27753|11365|26739|26224|27753,1,0,0,10,255,208
180,0,8,3,0,3,0,0,0,251|251|251|116|101|109|112|102,255|255|255|32|58|32|102|105,-2|2|0|125|32|123|69|120,2|2|2|99|116|32|109|97,-10|10|0|105|108|101|32|102,0|0|0|32|76|86|76|32,65|65|65|0|0|65280|34|0,1,0,0,10,255,208
181,0,8,2,0,2,0,0,0,252|252|101|116|97|110|105|119,255|255|116|32|58|32|98|121,-1|1|59|-1|0|0|0|0,2|2|38|0|0|0|0|32,-7|7|99|104|97|114|95|109,9|9|102|105|108|101|44|99,75|75|26739|28769|26213|27753|8293|8250,1,0,0,10,255,208
182,0,8,4,0,4,0,0,0,251|251|250|250|115|104|97|112,255|255|255|255|110|99|115|104,0|0|0|0|24|0|0|0,3|3|3|3|115|104|97|112,-6|6|-6|6|110|107|32|58,-7|-7|7|7|108|101|97|110,598|599|617|618|36|0|8192|8224,1,0,0,10,255,208
183,0,8,6,0,6,0,0,0,251|251|250|250|251|251|97|118,255|255|255|255|255|255|97|108,0|0|0|0|-1|1|0|32,3|3|3|3|2|2|110|97,-6|6|-6|6|-14|14|112|110,-7|-7|7|7|0|0|105|110,598|599|617|618|65|65|12|0,1,0,0,10,255,208
184,0,8,8,0,8,0,0,0,251|251|250|250|251|251|250|250,255|255|255|255|255|255|255|255,0|0|0|0|0|0|0|0,3|3|3|3|3|3|3|3,-18|-6|-18|-6|6|18|6|18,-7|-7|7|7|-7|-7|7|7,598|599|617|618|598|599|617|618,1,0,0,10,255,208
185,0,8,4,0,4,0,0,0,251|251|251|251|58|105|110|116,255|255|255|255|59|255|43|0,0|0|0|0|32|32|109|101,3|3|3|3|49|111|102|115,-6|6|-6|6|97|115|104|50,-7|-7|7|7|109|101|103|97,596|597|615|616|30496|29295|15204|36,1,0,0,10,255,208
186,0,8,6,0,6,0,0,0,251|251|251|251|251|251|44|48,255|255|255|255|255|255|32|111,0|0|0|0|-1|1|59|-1,3|3|3|3|2|2|32|32,-6|6|-6|6|-14|14|97|114,-7|-7|7|7|0|0|46|51,596|597|615|616|65|65|28535|25714,1,0,0,10,255,208
187,0,8,8,0,8,0,0,0,251|251|251|251|251|251|251|251,255|255|255|255|255|255|255|255,0|0|0|0|0|0|0|0,3|3|3|3|3|3|3|3,-18|-6|-18|-6|6|18|6|18,-7|-7|7|7|-7|-7|7|7,596|597|615|616|596|597|615|616,1,0,0,10,255,208
188,0,0,1,0,3,0,0,0,1|0|0|0|0|32|32|109,255|255|255|101|120|58|61|112,101|101|101|109|111|117|115|101,14|14|14|112|121|59|0|0,0|0|0|-1|26|0|0|0,4|4|4|32|80|76|65|89,289|293|293|8276|29251|24933|26996|28271,0,0,0,6,255,112
189,0,0,1,0,3,0,0,0,1|1|0|112|58|61|32|49,255|255|255|32|50|32|100|111,101|101|101|0|0|32|32|32,14|14|14|32|115|104|111|116,0|0|0|101|97|116|91|116,4|4|4|93|62|48|32|116,289|289|293|0|8192|8224|8224|8224,0,0,0,6,255,112
190,0,0,1,0,1,0,0,0,1|109|112|93|41|44|9|0,255|0|0|32|32|32|32|101,101|115|101|32|60|0|0|0,14|32|32|32|32|32|32|32,0|110|105|116|112|108|97|121,4|114|115|104|111|116|40|112,286|28005|23411|25972|28781|11357|25972|28781,0,0,0,6,255,112
191,0,0,1,0,4,0,0,0,1|2|1|0|44|139|76|0,255|255|255|255|32|32|32|32,101|101|101|101|32|119|101|97,14|14|14|14|111|114|116|94,0|0|0|0|101|109|115|91,4|4|4|4|93|93|46|111,286|287|286|288|26222|26473|29787|28005,0,0,0,6,255,112
192,0,0,1,0,2,0,0,0,1|2|93|44|49|41|59|139,255|255|0|0|0|175|35|0,101|101|0|105|102|32|111|112,14|14|111|110|115|94|91|112,0|0|101|109|115|91|52|93,4|4|119|112|111|114|116|62,286|287|28261|27|0|8192|8224|26912,0,0,0,6,255,112
193,0,0,2,0,8,0,0,0,2|2|1|1|0|0|1|1,255|255|255|255|255|255|255|255,101|101|101|101|101|101|101|101,14|14|14|14|14|14|14|14,-6|6|-6|6|-6|6|-6|6,4|4|4|4|4|4|4|4,287|287|286|286|288|288|286|286,0,0,0,6,255,112
194,0,0,1,0,4,0,0,0,2|4|2|0|94|91|112|105,255|255|255|255|91|52|93|93,101|101|101|101|114|116|44|51,14|14|14|14|105|111|110|49,0|0|0|0|116|105|111|110,4|4|4|4|36|0|0|0,290|291|290|292|8224|8224|8224|8224,0,0,0,6,255,112
195,0,0,3,0,6,0,0,0,1|1|1|2|0|0|51|0,255|255|255|255|255|255|32|32,101|101|101|101|101|101|32|32,14|14|14|14|14|14|32|32,0|-10|10|0|-10|10|110|115,4|4|4|4|4|4|109|115,286|289|289|287|293|293|15145|0,0,0,0,6,255,112
196,0,0,3,0,6,0,0,0,0|2|2|1|1|1|112|105,255|255|255|255|255|255|93|93,101|101|101|101|101|101|32|116,14|14|14|14|14|14|103|105,0|-10|10|0|-10|10|0|32,4|4|4|4|4|4|116|105,293|287|287|289|286|286|0|8192,0,0,0,6,255,112
197,0,0,3,0,6,0,0,0,2|1|1|4|0|0|105|102,255|255|255|255|255|255|110|50,101|101|101|101|101|101|104|101,14|14|14|14|14|14|111|110,0|-10|10|0|-10|10|59|-1,4|4|4|4|4|4|32|32,290|289|289|291|293|293|26469|28265,0,0,0,6,255,112
198,0,0,3,0,6,0,0,0,2|2|2|4|1|1|53|59,255|255|255|255|255|255|110|50,101|101|101|101|101|101|59|-1,14|14|14|14|14|14|32|32,0|-10|10|0|-10|10|0|0,4|4|4|4|4|4|0|0,290|287|287|291|286|286|28763|29801,0,0,0,6,255,112
199,0,9,3,0,3,0,0,0,4|2|1|110|27|0|0|0,255|255|255|32|32|105|102|32,120|120|120|116|114|101|112|101,8|8|8|52|93|62|48|32,0|0|0|110|25|0|0|0,-14|0|14|32|32|32|32|32,97|116|135|29807|25970|25968|29793|13403,1,0,0,14,255,160
200,0,8,4,0,4,0,0,0,4|2|2|1|0|32|32|32,255|255|255|255|105|110|105|116,120|120|120|120|101|114|115|104,9|9|8|8|112|116|105|111,0|0|0|0|112|105|116|101,-14|0|0|14|93|93|46|119,97|116|116|135|29808|28521|12910|11352,1,0,0,14,255,160
201,0,8,5,0,5,0,0,0,4|2|2|2|1|32|32|32,255|255|255|255|255|32|32|32,120|120|120|120|120|109|111|117,9|9|8|7|7|111|117|115,0|0|0|0|0|0|0|0,-14|0|0|0|14|32|32|32,97|116|116|116|135|8224|8224|28448,1,0,0,14,255,160
202,0,7,6,0,6,0,0,0,4|2|2|2|2|1|117|109,255|255|255|255|255|255|0|0,120|120|120|120|120|120|0|-1,9|9|8|7|6|6|42|32,0|0|0|0|0|0|32|83,-14|0|0|0|0|14|97|103,97|116|116|116|116|135|8224|29537,1,0,0,14,255,160
203,0,7,8,0,8,0,0,0,4|2|2|2|2|2|2|1,255|255|255|255|255|255|255|255,120|120|120|120|120|120|120|120,9|9|8|7|6|5|4|4,0|0|0|0|0|0|0|0,-14|0|0|0|0|0|0|14,97|116|116|116|116|116|116|135,1,0,0,14,255,160
204,0,7,8,0,8,0,0,0,4|2|2|1|4|2|2|1,255|255|255|255|255|255|255|255,-1|-1|-1|-1|1|1|1|1,14|14|13|13|14|14|13|13,0|0|0|0|0|0|0|0,-14|0|0|14|-14|0|0|14,97|116|116|135|97|116|116|135,1,0,0,14,255,160
205,0,7,8,0,8,0,0,0,4|2|1|4|2|1|4|2,255|255|255|255|255|255|255|255,-3|-3|-3|3|3|3|0|0,14|14|14|14|14|14|14|14,0|0|0|0|0|0|0|0,-14|0|14|-14|0|14|-18|-4,97|116|135|97|116|135|97|135,1,0,0,14,255,160
206,0,6,8,0,8,0,0,0,4|2|1|4|2|1|12|4,255|255|255|255|255|255|255|255,-3|-3|-3|3|3|3|0|0,14|14|14|14|14|14|14|14,0|0|0|0|0|0|0|0,-14|0|14|-14|0|14|-18|-4,97|116|135|97|116|135|101|139,1,0,0,14,255,160
207,0,6,8,0,8,0,0,0,4|2|4|2|12|4|4|2,255|255|255|255|255|255|255|255,-3|-3|3|3|0|0|0|0,14|14|14|14|14|14|13|13,0|0|0|0|0|0|0|0,0|14|0|14|-18|-4|-4|10,97|135|101|139|101|120|120|139,1,0,0,14,255,160
208,0,7,8,0,8,0,0,0,12|4|4|4|4|4|4|2,255|255|255|255|255|255|255|255,120|120|120|120|120|120|120|120,9|9|8|7|6|5|4|4,0|0|0|0|0|0|0|0,-14|0|0|0|0|0|0|14,101|120|120|120|120|120|120|139,1,0,0,14,255,160
209,0,7,8,0,8,0,0,0,12|4|4|2|12|4|4|2,255|255|255|255|255|255|255|255,-1|-1|-1|-1|1|1|1|1,14|14|13|13|14|14|13|13,0|0|0|0|0|0|0|0,-14|0|0|14|-14|0|0|14,101|120|120|139|101|120|120|139,1,0,0,14,255,160
210,0,4,1,0,1,0,0,0,3|98|32|97|120|44|99|120,255|0|0|0|0|32|32|32,0|32|32|99|109|112|32|97,10|44|77|97|120|80|87|101,0|112|111|110|28|0|0|0,0|32|32|32|32|32|32|106,227|17440|24946|28791|24940|25977|29554|28520,1,0,0,5,255,208
211,0,5,1,0,1,0,0,0,5|109|111|118|32|122|44|97,255|255|13|0|0|0|0|32,0|32|32|32|32|112|117|115,11|32|99|120|13|0|0|0,0|32|32|32|32|32|32|112,0|115|104|32|100|105|12|0,214|8192|8224|8224|25632|25445|24864|65400,1,0,0,5,255,208
212,0,4,1,0,1,0,0,0,3|115|104|108|32|97|120|44,98|32|32|32|32|123|65|88,0|65|88|42|52|48|125|-45,10|0|0|0|0|32|32|32,0|32|32|109|111|118|32|99,0|44|97|120|14|0|0|0,227|8224|8224|29472|27752|24864|11384|53042,1,0,0,5,255,208
213,0,4,1,0,1,0,0,0,5|44|99|120|0|0|0|0,98|175|34|0|0|0|0|32,0|32|32|32|32|97|100|100,11|97|120|44|79|70|70|83,0|84|32|80|108|97|121|101,0|83|104|111|116|68|97|116,214|15|0|8192|8224|8224|27936|30319,1,0,0,5,255,208
214,0,5,2,0,2,0,0,0,3|3|32|32|32|32|32|109,98|98|32|99|120|44|100|115,0|0|115|105|43|48|93|32,10|10|32|123|67|88|58|83,-6|6|116|88|32|32|68|88,0|0|104|111|116|89|32|32,227|227|28520|22644|8269|16928|14936|26707,1,0,0,5,255,208
215,0,4,2,0,2,0,0,0,5|3|111|118|32|100|120|44,98|98|58|91|115|105|43|50,0|0|0|0|0|0|0|0,11|10|0|0|0|32|32|32,-2|-2|32|109|111|118|32|97,0|0|100|115|58|91|115|105,214|227|22|0|8192|8224|8224|24864,1,0,4,5,255,208
216,0,4,2,0,2,0,0,0,5|5|0|0|0|32|32|32,98|98|32|109|111|118|32|100,0|0|91|115|105|43|52|93,11|9|120|-117|0|0|0|0,-2|-2|16|0|0|0|0|32,0|0|32|32|32|99|109|112,214|214|12337|44848|18|0|8192|8224,1,0,4,5,255,208
217,0,4,3,0,3,0,0,0,5|5|3|0|0|32|32|32,98|98|98|97|100|100|32|99,0|0|0|120|12|0|0|0,9|7|5|32|64|78|111|88,-2|-2|-2|101|58|-121|0|0,0|0|0|-14|23|0|0|0,214|214|227|27936|30319|25120|11384|29540,1,0,5,5,255,208
218,0,4,4,0,4,0,0,0,5|3|3|3|100|100|32|98,98|98|98|98|58|91|115|105,0|0|-4|4|22|0|0|0,8|6|8|8|32|32|32|109,-2|-2|-2|-2|115|58|91|115,0|0|0|0|44|98|120|-1,214|227|227|227|8224|24864|25700|25632,1,0,4,5,255,208
219,0,4,4,0,4,0,0,0,5|3|5|5|120|44|49|48,98|98|98|98|0|0|0|32,0|0|-4|4|32|106|108|101,8|6|8|8|89|84|114|97,-2|-2|-2|-2|0|0|0|32,0|0|0|0|32|115|117|98,214|227|214|214|21|0|8192|8224,1,0,1,5,255,208
220,0,4,4,0,4,0,0,0,5|3|5|5|0|0|0|32,98|98|98|98|111|89|84|114,0|0|-4|4|0|0|0|0,1|-1|0|0|0|0|0|32,-2|-2|-2|-2|32|99|109|112,0|0|0|0|101|32|112|116,214|227|214|214|12587|23858|12332|23,1,0,4,5,255,208
221,0,1,1,0,2,0,0,0,1|1|114|99|108|101|77|111,98|98|0|0|0|0|0|8,0|0|0|0|0|40|42|105,20|20|40|115|104|111|116|100,-4|4|120|44|115|104|111|116,0|0|114|120|41|59|56|0,67|67|26217|24864|29538|29480|28520|25716,-1,0,0,20,255,112
222,0,1,1,0,4,0,0,0,1|1|1|1|101|110|32|115,98|98|98|98|105|114|120|58,-1|0|1|0|111|116|100|105,20|20|20|20|27|0|0|0,-6|0|6|0|99|40|116|101,0|0|0|0|111|116|88|44,67|67|67|67|15145|10538|23|0,-1,0,0,20,255,112
223,0,1,1,0,4,0,0,0,1|1|1|1|43|49|51|93,98|98|98|98|0|32|32|32,-2|0|2|0|100|100|32|100,20|20|20|20|58|91|115|105,-6|0|6|0|23|0|0|0,0|0|0|0|32|32|32|109,67|67|67|67|11113|13105|11357|26980,-1,0,0,20,255,112
224,0,1,1,0,6,0,0,0,1|1|1|1|1|1|0|0,98|98|98|98|98|98|0|32,-1|0|0|1|0|0|109|112,20|20|20|20|20|20|17|0,-6|-2|2|6|2|-2|32|32,0|0|0|0|0|0|78|111,67|67|67|67|67|67|8224|28192,-1,0,0,20,255,112
225,0,1,1,0,8,0,0,0,1|1|1|1|1|1|1|1,98|98|98|98|98|98|98|98,-2|-1|0|1|2|1|0|-1,20|20|20|20|20|20|20|20,-8|-4|0|4|8|4|0|-4,0|0|0|0|0|0|0|0,67|67|67|67|67|67|67|67,-1,0,0,20,255,112
226,0,1,1,0,8,0,0,0,1|1|1|1|1|1|1|1,98|98|98|98|98|98|98|98,-2|-1|0|1|2|1|0|-1,20|20|20|20|20|20|20|20,-8|-4|0|4|8|4|0|-4,0|0|0|0|0|0|0|0,67|67|67|67|67|67|67|67,-1,0,0,20,255,112
227,0,2,1,0,4,0,0,0,2|2|2|2|0|32|105|102,98|98|98|98|40|115|104|111,-1|0|1|0|121|41|61|115,20|20|20|20|105|114|115|105,-6|0|6|0|116|104|101|110,0|0|0|0|116|100|105|114,70|70|70|70|26980|31090|65339|26,-1,0,0,20,255,112
228,0,2,1,0,6,0,0,0,2|2|2|2|2|2|100|101,98|98|98|98|98|98|23|0,-1|0|0|1|0|0|32|32,20|20|20|20|20|20|105|44,-6|-2|2|6|2|-2|43|49,0|0|0|0|0|0|0|32,70|70|70|70|70|70|29540|23354,-1,0,0,20,255,112
229,0,2,1,0,8,0,0,0,2|2|2|2|2|2|2|2,98|98|98|98|98|98|98|98,-2|-1|0|1|2|1|0|-1,20|20|20|20|20|20|20|20,-8|-4|0|4|8|4|0|-4,0|0|0|0|0|0|0|0,70|70|70|70|70|70|70|70,-1,0,0,20,255,112
230,0,1,1,0,8,0,0,0,2|2|2|2|2|2|2|2,98|98|98|98|98|98|98|98,-2|-1|0|1|2|1|0|-1,20|20|20|20|20|20|20|20,-8|-4|0|4|8|4|0|-4,0|0|0|0|0|0|0|0,70|70|70|70|70|70|70|70,-1,0,0,20,255,112
231,0,0,1,0,8,0,0,0,2|2|2|2|2|2|2|2,98|98|98|98|98|98|98|98,-2|-1|0|1|2|1|0|-1,20|20|20|20|20|20|20|20,-8|-4|0|4|8|4|0|-4,0|0|0|0|0|0|0|0,70|70|70|70|70|70|70|70,-1,0,0,20,255,112
232,0,5,3,2,3,0,0,0,1|1|1|40|42|68|111|117,255|255|255|32|83|112|101|101,0|0|0|105|114|99|108|101,22|22|22|111|116|115|32|45,0|0|0|100|32|97|32|115,-22|-8|6|110|100|32|99|111,191|191|191|25185|30319|8293|28524|28783,0,0,0,15,255,128
233,0,5,4,2,4,0,0,0,1|1|1|1|105|114|99|108,255|255|255|255|101|58|0|0,0|0|0|0|22|0|0|0,22|22|22|22|32|32|32|109,0|0|0|0|101|109|112|115,-22|-8|6|20|44|99|120|-1,191|191|191|191|8224|27936|30319|29728,0,0,0,15,255,128
234,0,5,6,2,6,0,0,0,1|1|1|1|1|2|32|109,255|255|255|255|255|255|91|115,0|0|0|0|0|0|120|-1,22|22|22|22|22|-12|32|32,0|0|0|0|0|0|32|100,-22|-8|6|20|34|0|50|93,191|191|191|191|191|191|0|8192,0,0,0,15,255,128
235,0,5,7,2,7,0,0,0,1|1|1|1|1|2|2|32,255|255|255|255|255|255|255|108,0|0|0|0|0|0|0|116,22|22|22|22|22|-12|-12|0,0|0|0|0|0|0|0|32,-22|-8|6|20|34|0|-14|44,191|191|191|191|191|191|191|27168,0,0,0,15,255,128
236,0,5,6,2,6,0,0,0,1|1|1|1|2|2|0|0,255|255|255|255|101|101|32|99,0|0|0|0|-10|10|48|-1,22|22|22|22|10|10|32|32,0|0|0|0|0|0|32|64,-22|-8|6|20|0|0|83|104,191|191|191|191|194|196|8192|8224,0,0,0,15,255,128
237,0,5,8,2,8,0,0,0,1|1|1|1|2|2|2|2,255|255|255|255|101|101|101|101,0|0|0|0|-10|10|-10|10,22|22|22|22|10|10|10|10,0|0|0|0|0|0|12|-12,-22|-8|6|20|0|0|14|14,191|191|191|191|194|196|194|196,0,0,0,15,255,128
238,0,5,6,2,6,0,0,0,3|1|1|1|2|2|115|105,103|103|103|103|101|101|0|0,0|0|0|0|-10|10|32|97,22|22|22|22|10|10|98|120,0|0|0|0|0|0|-64|8,-22|-8|6|20|0|0|-81|32,210|229|248|267|194|196|12606|13106,0,0,0,15,255,128
239,0,5,8,2,8,0,0,0,3|1|1|1|2|2|2|2,103|103|103|103|101|101|101|101,0|0|0|0|-10|10|-10|10,22|22|22|22|10|10|10|10,0|0|0|0|0|0|12|-12,-22|-8|6|20|0|0|14|14,210|229|248|267|194|196|194|196,0,0,0,15,255,128
240,0,5,8,2,8,0,0,0,3|1|1|1|2|2|2|2,103|103|103|103|101|101|101|101,0|0|0|0|-7|7|-7|7,22|22|22|22|10|10|10|10,0|0|0|0|0|0|12|-12,-22|-8|6|20|0|0|14|14,210|229|248|267|194|196|194|196,0,0,0,15,255,128
241,0,2,4,2,8,0,0,0,3|1|1|1|3|1|1|1,103|103|103|103|103|103|103|103,0|0|0|0|0|0|0|0,22|22|22|22|22|22|22|22,-8|-8|-8|-8|8|8|8|8,-22|-8|6|20|-22|-8|6|20,210|229|248|267|210|229|248|267,0,0,0,15,255,128
242,0,1,8,2,8,0,0,0,1|1|1|1|1|1|1|1,103|103|103|103|103|103|103|103,0|0|0|0|0|0|0|0,22|22|22|22|22|22|22|22,-8|-8|-8|-8|8|8|8|8,-22|-8|6|20|-22|-8|6|20,210|229|248|267|210|229|248|267,0,0,0,15,255,128
243,0,2,1,9,6,0,0,0,2|2|2|2|2|2|101|110,10|10|10|10|10|10|0|32,-10|10|-10|10|-12|12|0|0,4|-4|-4|4|0|0|0|32,0|0|0|0|0|0|32|111,0|0|0|0|0|0|0|32,172|172|172|172|172|172|14956|25149,0,0,0,0,255,112
244,0,2,1,9,8,0,0,0,2|2|2|2|2|2|2|2,10|10|10|10|10|10|10|10,-9|9|-9|9|-10|10|-10|10,6|-6|-6|6|-3|3|3|-3,0|0|0|0|0|0|0|0,0|0|0|0|0|0|0|0,172|172|172|172|172|172|172|172,0,0,0,0,255,112
245,0,1,1,9,6,0,0,0,2|2|2|2|2|2|32|32,10|10|10|10|10|10|58|61,-10|10|-10|10|-12|12|5|0,4|-4|-4|4|0|0|100|59,0|0|0|0|0|0|5|0,0|0|0|0|0|0|100|59,172|172|172|172|172|172|11|0,0,0,0,0,255,112
246,0,1,1,9,8,0,0,0,2|2|2|2|2|2|2|2,10|10|10|10|10|10|10|10,-9|9|-9|9|-10|10|-10|10,6|-6|-6|6|-3|3|3|-3,0|0|0|0|0|0|0|0,0|0|0|0|0|0|0|0,172|172|172|172|172|172|172|172,0,0,0,0,255,112
247,0,2,2,9,6,0,0,0,2|2|2|2|2|2|32|116,10|10|10|10|10|10|97|121,-10|10|-10|10|-12|12|110|117,4|-4|-4|4|0|0|41|32,0|0|0|0|0|0|108|97,0|0|0|0|0|0|101|110,172|172|172|172|172|172|0|0,0,0,0,0,255,112
248,0,2,2,9,8,0,0,0,2|2|2|2|2|2|2|2,10|10|10|10|10|10|10|10,-9|9|-9|9|-10|10|-10|10,6|-6|-6|6|-3|3|3|-3,0|0|0|0|0|0|0|0,0|0|0|0|0|0|0|0,172|172|172|172|172|172|172|172,0,0,0,0,255,112
249,0,1,2,9,6,0,0,0,2|2|2|2|2|2|105|101,10|10|10|10|10|10|0|98,-10|10|-10|10|-12|12|0|0,4|-4|-4|4|0|0|97|50,0|0|0|0|0|0|114|40,0|0|0|0|0|0|52|44,172|172|172|172|172|172|8248|13361,0,0,0,0,255,112
250,0,1,2,9,8,0,0,0,2|2|2|2|2|2|2|2,10|10|10|10|10|10|10|10,-9|9|-9|9|-10|10|-10|10,6|-6|-6|6|-3|3|3|-3,0|0|0|0|0|0|0|0,0|0|0|0|0|0|0|0,172|172|172|172|172|172|172|172,0,0,0,0,255,112
251,0,2,4,9,8,0,0,0,2|2|2|2|2|2|2|2,10|10|10|10|10|10|10|10,-9|9|-9|9|-10|10|-10|10,6|-6|-6|6|-3|3|3|-3,0|0|0|0|0|0|0|0,0|0|0|0|0|0|0|0,172|172|172|172|172|172|172|172,0,0,0,0,255,112
252,0,3,6,9,6,0,0,0,2|2|2|2|2|2|55|50,10|10|10|10|10|10|116|112,-10|10|-10|10|-12|12|59|97,4|-4|-4|4|0|0|32|32,0|0|0|0|0|0|50|58,0|0|0|0|0|0|97|115,172|172|172|172|172|172|0|8192,0,0,0,0,255,112
253,0,2,8,9,8,0,0,0,2|2|2|2|2|2|2|2,10|10|10|10|10|10|10|10,-9|9|-9|9|-10|10|-10|10,6|-6|-6|6|-3|3|3|-3,0|0|0|0|0|0|0|0,0|0|0|0|0|0|0|0,172|172|172|172|172|172|172|172,0,0,0,0,255,112
254,0,4,1,0,2,0,0,0,1|1|102|105|108|108|99|104,255|255|40|115|104|111|116|114,-10|10|101|97|116|44|115|105,0|0|111|102|40|115|104|111,0|0|101|112|101|97|116|41,0|0|41|59|49|0|0|0,39|1|26982|27756|26723|29281|29480|28520,0,0,0,25,255,112
255,0,6,2,0,2,0,0,0,1|1|104|111|116|109|117|108,255|255|112|111|115|41|44|48,-10|10|0|0|0|0|0|32,0|0|0|0|0|32|32|32,0|0|116|117|112|115|116|97,0|0|59|49|4|0|0|0,39|1|8251|0|0|8192|32|0,0,0,0,25,255,112
256,0,6,2,0,2,0,0,0,2|2|67|79|77|77|65|78,255|255|32|42|42|42|42|42,-10|10|15|0|0|0|0|112,0|0|99|101|100|117|114|101,0|0|65|73|78|59|5|0,0|0|0|108|97|98|101|108,40|2|8192|8224|28526|29284|30561|25644,0,0,0,25,255,112
257,0,6,5,0,5,0,0,0,1|1|1|1|1|32|100|114,255|255|255|255|255|121|101|114,-9|9|9|-9|0|111|111|112,2|2|-2|-2|-10|112|108|97,-2|2|2|-2|0|111|116|115,0|0|0|0|0|114|97|119,281|282|301|300|77|28524|28783|28261,0,0,0,25,255,112
258,0,6,2,0,2,0,0,0,3|3|109|121|104|105|116|108,255|255|112|44|99|104|101|99,-10|10|110|101|109|121|104|105,0|0|116|111|112|44|51|0,0|0|0|32|32|32|99|104,0|0|107|103|114|111|117|110,41|3|31085|26984|27764|28527|11376|26723,0,0,0,25,255,112
259,0,6,3,0,3,0,0,0,3|3|1|111|112|44|39|0,255|255|255|32|32|32|100|114,-10|10|0|110|101|109|121|115,0|0|-10|108|111|111|112|44,0|0|0|119|101|110|101|109,0|0|0|111|116|115|116|111,41|3|77|8192|8224|29284|30561|30821,0,0,0,25,255,112
260,0,6,4,0,4,0,0,0,2|2|2|2|111|115|105|111,255|255|255|255|112|44|20|0,-9|9|9|-9|32|32|101|110,2|2|-2|-2|109|121|115|104,-2|2|2|-2|97|119|44|110,0|0|0|0|0|32|32|32,277|278|297|296|27749|29484|24948|29810,0,0,0,25,255,112
261,0,6,6,0,6,0,0,0,2|2|2|2|1|1|26|0,255|255|255|255|255|255|112|114,-9|9|9|-9|-10|10|110|101,2|2|-2|-2|0|0|101|97,-2|2|2|-2|0|0|114|0,0|0|0|0|0|0|112|114,277|278|297|296|39|1|29284|30561,0,0,0,25,255,112
262,0,6,6,0,6,0,0,0,2|2|2|2|3|3|44|101,255|255|255|255|255|255|111|116,-9|9|9|-9|-10|10|100|44,2|2|-2|-2|0|0|101|108,-2|2|2|-2|0|0|108|108,0|0|0|0|0|0|97|99,277|278|297|296|41|3|11383|28229,0,0,0,25,255,112
263,0,6,6,0,6,0,0,0,2|2|2|2|4|4|115|107,255|255|255|255|255|255|103|114,-9|9|9|-9|-10|10|115|107,2|2|-2|-2|0|0|103|114,-2|2|2|-2|0|0|64|0,0|0|0|0|0|0|78|111,277|278|297|296|203|222|26977|11372,0,0,0,25,255,112
264,0,6,6,0,6,0,0,0,2|2|2|2|5|5|100|101,255|255|255|255|255|255|90|105,-9|9|9|-9|-10|10|108|97,2|2|-2|-2|0|0|0|0,-2|2|2|-2|0|0|108|108,0|0|0|0|0|0|110|101,277|278|297|296|43|5|26995|28271,0,0,0,25,255,112
265,0,3,1,0,4,0,0,0,1|1|1|1|111|110|32|100,255|255|255|255|116|105|111|110,-9|9|9|-9|0|0|0|32,2|2|-2|-2|0|118|97|114,-2|2|2|-2|0|32|32|32,0|0|0|0|118|101|108|32,281|282|301|300|24948|10538|53|0,0,0,0,25,255,112
266,0,4,2,0,4,0,0,0,1|1|1|1|91|49|46|46,255|255|255|255|116|77|97|120,-9|9|9|-9|93|32|111|102,2|2|-2|-2|110|116|82|101,-2|2|2|-2|101|59|24|0,0|0|0|0|32|32|76|101,281|282|301|300|24909|8312|8250|28535,0,0,0,25,255,112
267,0,6,4,0,4,0,0,0,1|1|1|1|109|121|70|114,255|255|255|255|110|99|121|32,-9|9|9|-9|114|100|59|116,2|2|-2|-2|0|32|32|32,-2|2|2|-2|108|69|110|101,0|0|0|0|32|97|114|114,281|282|301|300|23856|28448|8294|28535,0,0,0,25,255,112
268,0,6,5,0,5,0,0,0,1|1|1|1|1|112|115|116,255|255|255|255|255|116|114|105,-6|6|6|-6|0|93|59|105,6|6|-6|-6|-10|32|0|0,-4|4|4|-4|0|0|0|0,0|0|0|0|0|42|42|42,163|164|183|182|77|22341|17952|16722,0,0,0,25,255,112
269,0,6,4,0,4,0,0,0,2|2|1|1|0|112|114|111,255|255|255|255|114|101|32|87,-9|9|6|-6|110|86|105|101,2|2|-6|-6|109|101|32|40,-2|2|4|-4|116|115|104|111,0|0|0|0|32|58|32|98,277|278|183|182|0|27648|25185|27749,0,0,0,25,255,112
270,0,6,5,0,5,0,0,0,2|2|1|1|1|116|115|116,255|255|255|255|255|97|119|112,-9|9|6|-6|0|115|104|111,2|2|-6|-6|-10|44|15|0,-2|2|4|-4|0|32|119|101,0|0|0|0|0|116|97|114,277|278|183|182|77|28265|45|0,0,0,0,25,255,112
271,0,6,5,0,5,0,0,0,2|2|2|2|1|52|51|44,255|255|255|255|255|41|59|32,-9|9|6|-6|0|32|49|52,2|2|-6|-6|-10|125|0|0,-2|2|4|-4|0|0|0|0,0|0|0|0|0|102|114|97,277|278|295|294|77|32059|0|0,0,0,0,25,255,112
272,0,6,7,0,7,0,0,0,2|2|2|2|1|1|1|102,255|255|255|255|255|255|255|48,-9|9|6|-6|0|-10|10|105,2|2|-6|-6|-10|0|0|101,-2|2|4|-4|0|0|0|46,0|0|0|0|0|0|0|112,277|278|295|294|77|39|1|35,0,0,0,25,255,112
273,0,6,7,0,7,0,0,0,2|2|2|2|1|2|2|116,255|255|255|255|255|255|255|112,-9|9|6|-6|0|-2|2|0,2|2|-6|-6|-10|-9|-9|32,-2|2|4|-4|0|-4|4|114,0|0|0|0|0|0|0|98,277|278|295|294|77|298|299|8192,0,0,0,25,255,112
274,0,6,8,0,8,0,0,0,2|2|2|2|2|2|1|1,255|255|255|255|255|255|255|255,-9|9|6|-6|-2|2|-10|10,2|2|-6|-6|-9|-9|0|0,-2|2|4|-4|-4|4|0|0,0|0|0|0|0|0|0|0,277|278|295|294|298|299|39|1,0,0,0,25,255,112
275,0,6,8,0,8,0,0,0,2|2|2|2|2|2|2|2,255|255|255|255|255|255|255|255,-9|9|6|-6|-2|2|-10|10,2|2|-6|-6|-9|-9|0|0,-2|2|4|-4|-4|4|0|0,0|0|0|0|0|0|0|0,277|278|295|294|298|299|40|2,0,0,0,25,255,112
276,0,6,2,0,2,0,0,0,1|1|32|32|32|109|111|118,100|100|99|120|44|109|97|120,-13|13|97|114|115|32|0|0,0|0|0|101|24|0|0|0,-2|2|32|32|32|109|111|118,0|0|101|115|44|86|71|65,6|44|28261|25939|29799|0|0|8192,0,0,0,13,255,192
277,0,6,3,0,3,0,0,0,1|1|1|0|0|0|0|32,100|100|98|109|111|118|32|32,-13|13|0|51|50|48|0|0,0|0|13|83|21|0|0|0,-2|2|0|32|32|32|32|109,0|0|0|32|100|115|44|116,6|44|63|0|0|8192|12|0,0,0,0,13,255,192
278,0,6,4,0,4,0,0,0,1|1|1|1|21|0|0|0,100|100|98|98|32|109|111|118,-13|13|-2|2|44|100|115|58,0|0|13|13|49|93|21|0,-2|2|-4|4|32|32|32|97,0|0|0|0|100|105|44|100,6|44|224|223|14|0|8192|8224,0,0,0,13,255,192
279,0,6,3,0,3,0,0,0,2|2|1|0|0|0|0|32,100|100|98|109|111|118|32|32,-13|13|0|91|115|105|43|49,0|0|13|105|0|0|0|0,-2|2|0|0|0|0|0|32,0|0|0|99|109|112|32|32,16|54|63|13098|12338|19|0|8192,0,0,0,13,255,192
280,0,6,4,0,4,0,0,0,2|2|1|1|0|0|0|255,100|100|98|98|0|32|32|32,-13|13|-2|2|32|32|97|108,0|0|13|13|91|115|105|93,-2|2|-4|4|0|32|28|0,0|0|0|0|32|32|32|99,16|54|224|223|29817|8293|29808|8306,0,0,0,13,255,192
281,0,6,6,0,6,0,0,0,2|2|2|2|1|1|64|110,100|100|100|100|98|98|19|0,-13|13|-13|13|-2|2|32|109,-1|-1|1|1|13|13|58|91,-2|2|-2|2|-4|4|11|0,4|4|-4|-4|0|0|110|111,16|54|16|54|224|223|13|0,0,0,0,13,255,192
282,0,6,6,0,6,0,0,0,3|3|3|3|1|1|32|99,100|100|100|100|98|98|44|57,-13|13|-13|13|-2|2|0|0,0|0|0|0|13|13|98|32,-2|2|-2|2|-4|4|114|97,-7|-7|7|7|0|0|0|0,105|106|124|125|224|223|25454|8224,0,0,0,13,255,192
283,0,6,6,0,6,0,0,0,3|3|3|3|2|1|101|32,100|100|100|100|98|98|58|91,-13|13|-13|13|0|0|0|0,0|0|0|0|13|-13|110|101,-2|2|-2|2|0|0|114|97,-7|-7|7|7|0|0|0|32,105|106|124|125|73|82|26980|11357,0,0,0,13,255,192
284,0,6,7,0,7,0,0,0,3|3|3|3|2|1|1|32,100|100|100|100|98|98|98|32,-13|13|-13|13|0|-2|2|0,0|0|0|0|13|-13|-13|112,-2|2|-2|2|0|-4|4|116,-7|-7|7|7|0|0|0|115,105|106|124|125|73|243|242|27168,0,0,0,13,255,192
285,0,6,7,0,7,0,0,0,3|3|3|3|2|2|2|118,100|100|100|100|98|98|98|105,-13|13|-13|13|0|-9|9|0,0|0|0|0|13|-9|-9|114,-2|2|-2|2|0|-9|9|0,-7|-7|7|7|0|0|0|100,105|106|124|125|73|130|131|8224,0,0,0,13,255,192
286,0,6,8,0,8,0,0,0,3|3|3|3|2|2|2|2,100|100|100|100|98|98|98|98,-13|13|-13|13|-9|9|-9|9,0|0|0|0|-9|-9|9|9,-2|2|-2|2|-9|9|-9|9,-7|-7|7|7|0|0|0|0,105|106|124|125|130|131|149|150,0,0,0,13,255,192
287,0,6,1,0,1,0,0,0,2|115|117|98|32|32|100|105,98|54|52|48|28|0|0|0,0|32|32|32|32|99|109|112,0|32|99|104|44|98|121|116,0|32|112|116|114|32|101|115,0|91|100|105|93|32|17|0,73|8192|8224|27168|25966|8224|28224|25711,1,0,0,13,255,192
288,0,6,3,0,3,0,0,0,2|1|1|115|58|91|100|105,98|98|98|108|11|0|0|0,0|-1|1|64|110|111|100|114,0|-1|-1|58|0|0|0|0,0|-4|4|0|0|0|0|0,0|0|0|0|0|0|13|0,73|63|63|28526|29284|30561|27713|14956,1,0,0,13,255,192
289,0,6,4,0,4,0,0,0,1|1|1|1|0|0|0|32,98|98|98|98|101|99|32|32,-1|1|-2|2|0|0|0|32,0|0|-1|-1|110|122|32|32,-4|4|-8|8|110|115|116|97,0|0|0|0|0|0|0|-1,63|63|63|63|65535|14|0|31743,1,0,0,13,255,192
290,0,6,5,0,5,0,0,0,1|1|1|1|1|111|103|114,98|98|98|98|98|97|114|99,-1|1|-2|2|0|0|0|0,-1|-1|-2|-2|0|32|100|111,-4|4|-8|8|0|44|119|105,0|0|0|0|0|0|0|0,63|63|63|63|63|8224|8224|29285,1,0,0,13,255,192
291,0,6,4,0,4,0,0,0,2|2|1|1|100|101|115|116,98|98|98|98|44|108|0|0,-1|1|-3|3|45|0|0|0,0|0|-1|-1|32|32|118|97,-4|4|-8|8|32|123|65|108,0|0|0|0|101|32|109|97,73|73|63|63|27746|29541|24864|25970,1,0,0,13,255,192
292,0,6,4,0,4,0,0,0,3|3|1|1|32|32|97|110,98|98|98|98|98|44|0|0,0|0|-2|2|13|0|0|0,1|1|-1|-1|32|32|109|97,-6|6|-8|8|116|44|0|0,0|0|0|0|14|0|0|0,143|144|63|63|29810|24950|29554|24876,1,0,0,13,255,192
293,0,6,4,0,4,0,0,0,3|3|2|2|53|54|99|44,98|98|98|98|53|54|100|44,0|0|-2|2|102|97|100|101,1|1|-1|-1|109|97|115|116,-6|6|-8|8|108|111|97|100,0|0|0|0|108|111|97|100,143|144|73|73|28518|29806|24936|25710,1,0,0,13,255,192
294,0,6,6,0,6,0,0,0,3|3|1|1|1|1|116|105,98|98|98|98|98|98|98|111,0|0|-1|1|-2|2|0|0,1|1|0|0|-1|-1|0|32,-6|6|-4|4|-8|8|108|112,0|0|0|0|0|0|0|0,143|144|63|63|63|63|8224|28515,1,0,0,13,255,192
295,0,6,6,0,6,0,0,0,3|3|2|2|1|1|0|0,98|98|98|98|98|98|109|117,0|0|-1|1|-3|3|112|108,1|1|0|0|-1|-1|111|114,-6|6|-4|4|-8|8|115|110,0|0|0|0|0|0|0|0,143|144|73|73|63|63|8224|26739,1,0,0,13,255,192
296,0,6,6,0,6,0,0,0,3|3|3|3|3|3|44|125,98|98|98|98|98|98|20|0,0|0|-3|-3|3|3|32|32,1|1|-2|-2|-2|-2|116|44,-6|6|-12|0|0|12|44|0,0|0|0|0|0|0|12|0,143|144|143|144|143|144|29549|65324,1,0,0,13,255,192
297,0,6,8,0,8,0,0,0,3|3|3|3|3|3|3|3,98|98|98|98|98|98|98|98,-1|-1|1|1|-3|-3|3|3,0|0|0|0|-2|-2|-2|-2,-12|0|0|12|-24|-12|12|24,0|0|0|0|0|0|0|0,143|144|143|144|143|144|143|144,1,0,0,13,255,192
298,80,20,8,3,8,0,0,0,128|128|128|128|128|128|128|128,255|255|255|255|255|255|255|255,0|0|1|-1|1|-1|1|-1,1|-1|1|1|-1|-1|0|0,0|0|0|0|0|0|0|0,0|0|0|0|0|0|0|0,271|271|271|271|271|271|271|271,0,0,0,8,255,208
299,0,90,1,3,1,0,0,0,99|83|116|97|116|66|97|114,255|32|3|0|0|0|0|118,120|114|33|0|0|0|0|32,2|32|115|116|97|116|100|109,-20|32|58|32|97|114|114|97,20|91|49|46|46|50|93|32,263|30496|29295|15204|0|0|8192|48,0,0,160,0,255,208
300,0,7,2,0,2,0,0,0,1|1|40|120|49|44|121|49,255|255|50|44|121|50|32|58,-10|10|111|114|100|59|32|99,0|0|32|58|32|98|121|116,0|0|59|32|5|0|0|0,0|0|101|103|105|110|30|0,227|227|8224|24930|10354|12664|31020|8241,0,0,0,26,255,208
301,0,7,2,0,2,0,0,0,2|2|30|0|0|0|0|32,107|107|98|97|114|40|120|49,-10|10|49|43|49|44|120|50,0|0|50|45|49|44|99|111,0|0|32|41|59|104|30|0,0|0|0|32|32|32|98|97,601|601|31020|8242|11296|12920|31020|8242,0,0,0,26,255,208
302,0,7,4,0,4,0,0,0,1|1|1|1|0|0|0|0,255|255|255|255|0|0|0|98,-9|9|9|-9|22|0|0|0,2|-2|2|-2|111|114|32|116,0|0|0|0|58|61|49|32,0|0|0|0|32|100|111|105,227|227|227|227|26217|29472|24948|25204,0,0,0,26,255,208
303,0,7,4,0,4,0,0,0,2|1|2|1|105|110|49|0,107|255|107|255|32|32|32|32,-9|9|9|-9|116|100|109|103,2|-2|2|-2|112|50|93|58,0|0|0|0|59|32|32|123,0|0|0|0|101|114|32|116,601|227|601|227|30061|32109|27|0,0,0,0,26,255,208
304,0,7,6,0,6,0,0,0,2|1|2|1|1|1|49|48,107|255|107|255|255|255|0|0,-9|9|9|-9|-10|10|32|32,2|-2|2|-2|0|0|101|109,0|0|0|0|0|0|93|46,0|0|0|0|0|0|109|61,601|227|601|227|227|227|23858|8233,0,0,0,26,255,208
305,0,7,7,0,7,0,0,0,2|1|2|1|2|2|1|49,107|255|107|255|107|107|255|0,-9|9|9|-9|-10|10|0|32,2|-2|2|-2|0|0|-10|110,0|0|0|0|0|0|0|112,0|0|0|0|0|0|0|108,601|227|601|227|601|601|227|28781,0,0,0,26,255,208
306,0,7,7,0,7,0,0,0,2|2|2|2|2|2|1|116,107|107|107|107|107|107|255|101,-9|9|9|-9|-10|10|0|110,2|-2|2|-2|0|0|-10|112,0|0|0|0|0|0|0|108,0|0|0|0|0|0|0|0,601|601|601|601|601|601|227|25716,0,0,0,26,255,208
307,0,7,6,0,6,0,0,0,2|1|2|1|4|4|116|100,107|255|107|255|105|105|112|50,-9|9|9|-9|-6|6|104|101,2|-2|2|-2|0|0|98|97,0|0|0|0|0|0|50|93,0|0|0|0|0|0|0|0,601|227|601|227|582|582|8192|96,0,0,0,26,255,208
308,0,7,6,0,6,0,0,0,2|2|2|2|4|4|104|101,107|107|107|107|105|105|110|32,-9|9|9|-9|-6|6|114|91,2|-2|2|-2|0|0|97|116,0|0|0|0|0|0|59|32,0|0|0|0|0|0|103|91,601|601|601|601|582|582|23858|8251,0,0,0,26,255,208
309,0,7,8,0,8,0,0,0,2|1|2|1|1|1|4|4,107|255|107|255|255|255|105|105,-9|9|9|-9|-3|3|-6|6,2|-2|2|-2|-7|-7|0|0,0|0|0|0|0|0|0|0,0|0|0|0|0|0|0|0,601|227|601|227|227|227|582|582,0,0,0,26,255,208
310,0,7,8,0,8,0,0,0,2|2|2|2|1|1|4|4,107|107|107|107|255|255|105|105,-9|9|9|-9|-3|3|-6|6,2|-2|2|-2|-7|-7|0|0,0|0|0|0|0|0|0|0,0|0|0|0|0|0|0|0,601|601|601|601|227|227|582|582,0,0,0,26,255,208
311,0,11,1,0,1,0,0,0,1|49|56|43|115|116|97|116,90|111|108|91|49|93|41|59,120|0|0|0|0|32|32|32,120|32|98|97|114|88|40|49,-13|48|44|55|44|50|49|48,14|49|50|44|49|49|53|41,227|81|0|8192|8224|8224|24930|22642,0,0,6,26,255,208
312,0,21,1,7,1,0,0,0,2|100|105|118|32|49|48|41,90|55|44|49|56|53|43|40,120|116|97|116|100|109|103|91,120|93|43|53|41|32|100|105,-18|32|49|48|44|49|50|44,20|49|56|43|115|116|97|116,601|23404|23858|15145|10|0|8192|25888,0,0,7,26,255,208
313,0,16,1,7,1,0,0,0,2|32|40|115|116|97|116|98,90|114|91|49|93|62|48|41,120|116|104|101|110|32|98|101,120|105|110|32|32|123|49|32,-24|97|114|32|125|100|44|0,24|0|0|32|32|116|101|109,601|15674|13617|15157|26912|8294|25964|25974,0,0,8,26,255,208
314,0,8,1,7,1,0,0,0,2|58|61|50|53|48|59|102,90|0|0|0|0|32|32|32,120|32|98|97|114|88|40|116,120|109|112|119|45|50|54|44,-24|44|116|101|109|112|119|43,24|54|44|49|50|44|49|49,601|59|85|0|8192|8224|8224|24930,0,0,8,26,255,208
315,0,16,2,7,2,0,0,0,2|2|49|93|32|100|105|118,90|90|48|41|44|55|44|116,120|120|112|119|43|40|115|116,120|120|100|109|103|91|49|93,-30|-18|41|32|100|105|118|32,24|24|44|49|50|44|49|49,601|601|29793|28515|23404|23857|15145|6,0,0,8,26,255,208
316,0,8,2,7,2,0,0,0,2|2|0|0|0|32|32|105,45|45|115|116|97|116|99|111,120|120|49|93|62|48|32|116,120|120|110|32|100|101|99|40,-40|-8|97|116|99|111|108|91,24|24|41|59|39|0|0|0,601|601|8294|29811|29793|28515|23404|23858,0,0,8,26,255,208
317,0,16,3,7,3,0,0,0,2|2|2|91|50|93|41|59,45|45|90|0|0|101|110|100,120|120|120|0|0|0|0|-1,120|120|120|0|0|112|114|111,-40|-8|-24|117|114|101|32|68,24|24|4|116|119|111|114|107,601|601|601|25088|26469|28265|70|0,0,0,8,26,255,208
318,0,8,1,5,1,0,0,0,4|108|32|116|104|101|110|32,90|117|116|80|97|99|107|101,120|94|46|76|101|110|103|116,120|58|61|50|32|101|108|115,-24|32|79|117|116|80|97|99,24|101|116|94|46|76|101|110,582|14952|14653|59|20|0|20224|29813,0,0,8,26,255,208
319,0,16,2,5,2,0,0,0,4|4|36|0|0|0|0|32,90|90|32|32|32|98|121|116,120|120|80|97|117|115|101|82,120|120|117|101|115|116|41|32,-30|-18|32|32|32|115|104|108,24|24|43|0|36|0|0|0,582|582|8224|25120|29817|10341|28233|24903,0,0,8,26,255,208
320,0,8,2,5,2,0,0,0,4|4|32|53|43|111|36|0,45|45|0|32|32|32|32|32,120|120|121|116|101|40|83|107,120|120|76|101|118|101|108|82,-40|-8|117|101|115|116|41|32,24|24|104|108|32|54|43|109,582|582|8192|8224|8224|25120|29817|10341,0,0,8,26,255,208
321,0,16,3,5,3,0,0,0,4|4|4|115|104|108|32|55,45|45|90|0|0|0|0|0,120|120|120|0|0|79|117|116,120|120|120|107|101|116|94|46,-50|8|-24|97|91|54|93|58,24|24|4|102|102|105|99|117,582|582|582|27749|25915|28|0|20224,0,0,8,26,255,208
322,0,4,2,0,2,0,0,0,1|1|61|118|97|114|122|46,255|255|59|111|29|0|0|0,0|0|117|116|80|97|99|107,12|12|94|46|68|97|116|97,-5|5|93|58|61|118|97|114,0|0|112|121|66|59|0|0,225|225|23|0|31488|25972|29816|26739,0,0,0,26,255,208
323,0,5,3,0,3,0,0,0,1|1|1|0|0|32|32|32,255|255|255|46|68|105|102|58,0|-2|2|116|40|105|110|105,12|11|11|108|100|105|102|102,0|0|0|108|116|121|41|43,0|0|0|105|102|58|39|43,225|225|225|26982|30051|29804|27769|30309,0,0,0,26,255,208
324,0,5,4,0,4,0,0,0,1|1|1|1|125|114|0|0,255|255|255|255|23|0|0|0,-2|2|-4|4|120|116|115|104,11|11|12|12|52|48|44|52,0|0|0|0|45|50|48|44,0|0|0|0|0|32|32|32,225|225|225|225|26995|25454|8293|24940,0,0,0,26,255,208
325,0,6,5,0,5,0,0,0,1|1|1|1|1|52|44|50,255|255|255|255|255|108|83|104,0|-3|3|-6|6|97|12|0,12|11|11|9|9|99|40|116,0|0|0|0|0|59|125|32,0|0|0|0|0|110|18|0,225|225|225|225|225|8299|26691|25445,0,0,0,26,255,208
326,0,6,6,0,6,0,0,0,1|1|1|1|1|1|61|97,255|255|255|255|255|255|114|101,-3|3|-6|6|0|0|101|116,11|11|9|9|12|12|80|108,0|0|0|0|-4|4|109|44,0|0|0|0|0|0|44|85,225|225|225|225|225|225|28233|26982,0,0,0,26,255,208
327,0,6,4,0,4,0,0,0,1|1|2|2|0|111|28|0,255|255|255|255|102|32|76|111,-6|6|0|0|110|110|101|99,9|9|11|11|32|116|104|101,0|0|8|-8|103|105|110|114,0|0|0|0|0|32|32|32,225|225|244|244|29757|30066|15205|17,0,0,0,26,255,208
328,0,6,5,0,5,0,0,0,1|1|2|2|2|0|0|0,255|255|255|255|255|110|100|32,-5|5|3|-3|0|0|0|0,9|9|11|11|12|32|71|97,0|0|0|0|0|116|68|101,0|0|0|0|0|32|116|104,225|225|244|244|244|20837|26997|17524,0,0,0,26,255,208
329,0,6,6,0,6,0,0,0,1|1|3|3|2|2|32|32,255|255|255|255|255|255|80|97,-6|6|3|-3|0|0|76|101,9|9|11|11|12|12|41|32,0|0|0|0|-8|8|112|97,0|0|0|0|0|0|76|101,225|225|244|244|244|244|28233|24944,0,0,0,26,255,208
330,0,6,6,0,6,0,0,0,2|2|3|2|2|2|110|32,255|255|255|255|255|255|27|0,-6|6|3|-3|0|0|32|32,9|9|11|11|12|12|121|101,0|0|0|0|-8|8|108|58,0|0|0|0|0|0|35|0,244|244|244|244|244|244|28233|24912,0,0,0,26,255,208
331,0,6,7,0,7,0,0,0,2|2|3|2|2|2|3|0,255|255|255|255|255|255|255|32,-8|8|6|-6|3|-3|0|121,9|9|10|10|11|11|12|118,0|0|0|0|0|0|0|101,0|0|0|0|0|0|0|32,244|244|244|244|244|244|244|24934,0,0,0,26,255,208
332,0,6,8,0,8,0,0,0,5|2|2|2|2|2|2|2,255|255|255|255|255|255|255|255,0|-4|4|-6|6|0|-3|3,12|12|12|9|9|12|11|11,0|-4|4|0|0|0|0|0,0|-6|-6|0|0|9|0|0,244|244|244|244|244|226|226|226,0,0,0,26,255,208
333,0,8,1,0,1,0,0,0,2|32|32|105|102|32|32|32,255|32|32|32|40|73|110|80,0|99|107|101|116|94|46|68,-6|116|97|91|53|93|32|97,0|100|32|36|49|48|62|48,0|32|111|114|63|0|0|0,126|8224|8224|8224|8224|8224|8224|8224,1,0,0,16,255,208
334,0,8,2,0,2,0,0,0,2|2|91|53|93|32|97|110,255|255|36|49|48|62|48|41,-1|1|104|101|110|32|80|97,-7|-7|101|71|97|109|101|59,-5|5|0|0|0|32|32|32,0|0|32|105|102|32|32|32,126|126|18728|20590|25441|25963|24180|17454,1,0,0,16,255,208
335,0,8,3,0,3,0,0,0,2|2|2|114|58|0|0|0,255|255|255|32|32|32|32|32,-2|2|0|32|32|32|32|32,-7|-7|-5|101|79|117|116|80,-5|5|0|101|116|46|68|97,0|0|0|53|93|32|97|110,126|126|126|10544|29728|25960|8302|25954,1,0,0,16,255,208
336,0,8,2,0,2,0,0,0,3|3|32|32|32|32|32|32,255|255|32|68|111|73|110|71,-1|1|101|83|101|116|117|112,-8|-8|36|0|0|0|0|32,-5|5|32|32|32|32|32|32,0|0|32|32|32|32|32|32,214|214|29804|24903|25965|15674|24934|29548,1,0,0,16,255,208
337,0,8,3,0,3,0,0,0,3|3|3|32|32|32|32|32,255|255|255|89|111|117|114|73,-2|2|0|109|101|77|101|110,-8|-8|-5|113|117|101|115|116,-5|5|0|97|108|115|101|59,0|0|0|0|0|32|32|32,214|214|214|8224|8224|8224|8224|26912,1,0,0,16,255,208
338,0,8,5,0,5,0,0,0,2|2|2|2|3|121|101|110,255|255|255|255|255|108|58|61,-2|2|-4|4|0|32|22|0,-7|-7|-7|-7|-5|32|32|32,-5|5|-8|8|0|32|32|32,0|0|0|0|0|101|110|100,126|126|126|126|214|0|8192|8224,1,0,0,16,255,208
339,0,8,4,0,4,0,0,0,3|3|2|2|116|94|46|68,255|255|255|255|53|93|32|97,-2|2|-4|4|52|48|62|48,-7|-7|-7|-7|58|0|0|0,-5|5|-8|8|32|32|32|32,0|0|0|0|32|32|32|32,214|214|126|126|25441|25963|11892|24900,1,0,0,16,255,208
340,0,8,6,0,6,0,0,0,3|3|2|2|2|2|98|101,255|255|255|255|255|255|0|0,-2|2|-4|4|-1|1|32|32,-7|-7|-7|-7|-6|-6|32|32,-5|5|-8|8|-3|3|101|108,0|0|0|0|0|0|61|116,214|214|126|126|126|126|25965|17266,1,0,0,16,255,208
341,0,8,4,0,4,0,0,0,3|3|3|3|98|32|32|36,255|255|255|255|12|0|0|0,-2|2|-4|4|32|100|98|32,-7|-7|-8|-8|54|121|9|0,-5|5|-8|8|32|32|32|109,0|0|0|0|13|0|0|0,214|214|214|214|29472|11369|13877|13,1,0,0,16,255,208
342,0,8,4,0,4,0,0,0,2|2|5|5|0|32|32|32,255|255|255|255|100|108|17|0,-1|1|-1|1|32|32|106|110,-8|-8|-7|-7|101|114|116|108,-4|5|-5|5|14|0|0|0,0|0|0|0|106|109|112|32,126|126|263|263|0|0|25600|11,1,0,0,16,255,208
343,0,8,6,0,6,0,0,0,2|2|5|5|2|2|109|112,255|255|255|255|255|255|115|115,-1|1|-1|1|-3|3|44|50,-8|-8|-7|-7|-7|-7|32|106,-4|5|-5|5|-5|5|110|99,0|0|0|0|0|0|116|98,126|126|263|263|126|126|0|8192,1,0,0,16,255,208
344,0,8,1,0,1,0,0,0,2|115|104|32|100|115|0|0,255|0|0|118|12|0|0|0,0|32|32|109|111|118|32|98,6|44|49|55|50|108|11|0,0|0|0|32|32|115|117|98,0|98|112|44|112|121|0|0,126|27392|12|0|8192|27936|30319|25120,-1,0,0,16,255,208
345,0,8,2,0,2,0,0,0,2|2|120|44|112|120|0|0,255|255|0|108|16|0|0|0,-1|1|32|109|111|118|32|101,7|7|83|101|103|65|48|48,-5|5|21|0|0|0|0|32,0|0|111|118|32|100|115|44,126|126|29283|25957|29550|26469|11|0,-1,0,0,16,255,208
346,0,8,3,0,3,0,0,0,2|2|2|109|111|118|32|99,255|255|255|56|52|0|70|0,-2|2|0|64|68|114|97|119,7|7|5|112|89|58|32|32,-5|5|0|32|32|32|32|32,0|0|0|32|32|32|123|65,126|126|126|8224|22594|20525|8280|17184,-1,0,0,16,255,208
347,0,8,2,0,2,0,0,0,3|3|73|45|88|112|111|115,255|255|0|0|0|0|0|67,-1|1|0|0|0|32|32|99,8|8|32|98|112|44|99|120,-5|5|0|0|0|32|32|106,0|0|32|64|68|97|114|107,214|214|12|0|8192|27936|30319|25632,-1,0,0,16,255,208
348,0,8,3,0,3,0,0,0,3|3|3|32|97|100|100|32,255|255|255|36|48|65|125|97,-2|2|0|0|0|32|15|0,8|8|5|32|32|109|111|118,-5|5|0|44|51|50|48|45,0|0|0|0|0|0|0|64,214|214|214|28783|14936|0|0|27392,-1,0,0,16,255,208
349,0,8,5,0,5,0,0,0,2|2|2|2|3|32|32|115,255|255|255|255|255|44|115|105,-2|2|-4|4|0|32|32|106,7|7|7|7|5|111|67|0,-5|5|-8|8|0|32|32|110,0|0|0|0|0|101|5|0,126|126|126|126|214|0|8192|24864,-1,0,0,16,255,208
350,0,8,4,0,4,0,0,0,3|3|2|2|120|44|99|120,255|255|255|255|0|32|32|106,-2|2|-4|4|78|111|114|109,7|7|7|7|0|0|0|32,-5|5|-8|8|32|100|120|44,0|0|0|0|53|32|11|0,214|214|126|126|25632|11384|30817|11,-1,0,0,16,255,208
351,0,8,6,0,6,0,0,0,3|3|2|2|2|2|111|118,255|255|255|255|255|255|58|91,-2|2|-4|4|-1|1|0|0,7|7|7|7|6|6|32|97,-5|5|-8|8|-3|3|0|0,0|0|0|0|0|0|32|97,214|214|126|126|126|126|8192|29472,-1,0,0,16,255,208
352,0,8,4,0,4,0,0,0,3|3|3|3|108|44|97|104,255|255|255|255|0|32|32|109,-2|2|-4|4|115|58|91|100,7|7|8|8|93|44|97|108,-5|5|-8|8|0|32|32|105,0|0|0|0|105|111|8|0,214|214|214|214|29472|27753|16|0,-1,0,0,16,255,208
353,0,8,4,0,4,0,0,0,2|2|5|5|0|0|0|32,255|255|255|255|32|100|105|44,-1|1|-1|1|0|0|0|123,8|8|7|7|98|32|98|112,-4|5|-5|5|125|114|8|0,0|0|0|0|32|100|101|99,126|126|263|263|8192|27168|28781|16416,-1,0,0,16,255,208
354,0,8,6,0,6,0,0,0,2|2|5|5|2|2|78|111,255|255|255|255|255|255|0|0,-1|1|-1|1|-3|3|0|32,8|8|7|7|7|7|108|44,-4|5|-5|5|-5|5|93|66,0|0|0|0|0|0|32|109,126|126|263|263|126|126|8192|24864,-1,0,0,16,255,208
355,0,2,1,0,2,0,0,0,1|1|32|97|100|100|32|97,255|255|100|108|11|0|0|0,-6|6|32|97|100|100|32|97,21|21|100|108|11|0|0|0,-2|2|32|97|100|100|32|97,20|20|100|108|10|0|0|0,132|133|29288|24864|11372|25906|11|0,-1,0,0,20,255,112
356,0,2,1,0,4,0,0,0,1|1|1|1|111|118|32|101,255|255|255|255|105|45|50|52,-6|6|-7|7|0|0|0|0,21|21|21|21|0|0|0|32,-2|2|-4|4|32|100|105|101,20|20|20|20|0|68|8|0,132|133|132|133|29472|30057|16|0,-1,0,0,20,255,112
357,0,3,2,0,4,0,0,0,1|1|1|1|0|0|0|105,255|255|255|255|0|32|32|97,-6|6|-7|7|105|44|53|54,21|21|21|21|0|123|32|32,-2|2|-4|4|98|112|44|36,20|20|20|20|0|0|0|0,132|133|132|133|25632|25445|25376|120,-1,0,0,20,255,112
358,0,3,2,0,6,0,0,0,1|1|1|1|1|1|0|0,255|255|255|255|255|255|0|0,-6|6|-7|7|-5|5|45|78,21|21|21|21|21|21|45|45,-2|2|-4|4|-1|1|8|0,20|20|20|20|20|20|114|109,132|133|132|133|132|133|30319|24864,-1,0,0,20,255,112
359,0,2,2,0,6,0,0,0,1|1|1|1|1|1|115|58,255|255|255|255|255|255|93|44,-6|6|-7|7|-5|5|0|32,21|21|21|21|21|21|105|101,-2|2|-4|4|-1|1|32|100,20|20|20|20|20|20|16|0,132|133|132|133|132|133|30561|28524,-1,0,0,20,255,112
360,0,2,2,0,8,0,0,0,1|1|1|1|1|1|1|1,255|255|255|255|255|255|255|255,-6|6|-7|7|-8|8|-5|5,21|21|21|21|21|21|21|21,-2|2|-4|4|-6|6|-1|1,20|20|20|20|20|20|20|20,132|133|132|133|132|133|132|133,-1,0,0,20,255,112
361,0,1,2,0,8,0,0,0,1|1|1|1|1|1|1|1,255|255|255|255|255|255|255|255,-6|6|-7|7|-8|8|-5|5,21|21|21|21|21|21|21|21,-2|2|-4|4|-6|6|-1|1,20|20|20|20|20|20|20|20,132|133|132|133|132|133|132|133,-1,0,0,20,255,112
362,0,2,3,0,8,0,0,0,1|1|1|1|1|1|1|1,255|255|255|255|255|255|255|255,-6|6|-7|7|-8|8|-5|5,21|21|21|21|21|21|21|21,-2|2|-4|4|-6|6|-1|1,20|20|20|20|20|20|20|20,132|133|132|133|132|133|132|133,-1,0,0,20,255,112
363,0,2,2,0,6,0,0,0,2|2|2|2|2|2|104|114,255|255|255|255|255|255|14|0,-6|6|-7|7|-5|5|110|100,21|21|21|21|21|21|51|48,-2|2|-4|4|-1|1|0|32,20|20|20|20|20|20|120|44,151|152|151|152|151|152|25888|14963,-1,0,0,20,255,112
364,0,2,2,0,8,0,0,0,2|2|2|2|2|2|2|2,255|255|255|255|255|255|255|255,-6|6|-7|7|-8|8|-5|5,21|21|21|21|21|21|21|21,-2|2|-4|4|-6|6|-1|1,20|20|20|20|20|20|20|20,151|152|151|152|151|152|151|152,-1,0,0,20,255,112
365,0,1,2,0,8,0,0,0,2|2|2|2|2|2|2|2,255|255|255|255|255|255|255|255,-6|6|-7|7|-8|8|-5|5,21|21|21|21|21|21|21|21,-2|2|-4|4|-6|6|-1|1,20|20|20|20|20|20|20|20,151|152|151|152|151|152|151|152,-1,0,0,20,255,112
366,0,3,1,4,2,0,0,0,1|1|32|98|112|32|22|0,255|255|0|32|32|123|69|110,0|0|111|102|32|83|109|111,6|6|104|105|101|115|32|54,-4|4|0|0|0|0|0|32,0|0|0|0|0|64|78|111,233|233|26938|7|0|28672|28783|8224,0,0,0,13,255,80
367,0,8,1,0,1,0,0,0,112|101|110|100|59|119|0|0,255|0|0|0|21|0|0|0,0|81|117|105|116|82|101|113,0|101|115|116|101|100|58|61,0|97|108|115|101|59|23|0,0|0|0|115|107|105|112|115,31|29554|28520|30327|24935|15674|24934|29548,1,0,0,7,6,80
368,0,9,2,0,2,0,0,0,112|112|62|0|0|0|0|40,255|255|114|111|99|101|100|117,1|-1|32|115|104|111|119|118,-1|-1|59|32|32|32|123|84,0|0|112|111|114|97|114|121,0|0|111|32|100|105|115|112,31|31|25965|28525|31090|24864|24950|27753,1,0,0,7,6,80
369,0,10,3,0,3,0,0,0,112|112|112|32|32|32|115|116,255|255|255|32|58|32|115|116,1|-1|0|103|91|50|48|93,-1|-1|0|0|0|0|0|98,0|0|0|110|21|0|0|0,0|0|0|116|114|40|109|101,31|31|31|29484|25972|28781|15145|63,1,0,0,7,6,80
370,0,11,4,0,4,0,0,0,112|112|112|112|77|101|109|111,255|255|255|255|101|102|116|32,1|-1|0|0|115|116|40|109,-2|-2|0|0|97|105|108|41,0|0|-3|3|49|44|95|70,0|0|0|0|104|97|100|101,31|31|31|31|25940|29816|26739|25697,1,0,0,7,6,80
371,0,12,1,0,1,0,0,0,116|108|117|109|101|32|61|32,255|43|115|116|40|70|88|112,0|97|121|118|111|108|41|43,-2|32|102|114|111|109|32|39,0|115|116|40|70|88|118|111,0|117|109|101|41|44|49|53,32|24364|30022|27756|26739|25697|10597|8251,1,0,0,7,6,80
372,0,12,2,0,4,0,0,0,112|116|112|116|97|59|6|0,255|255|255|255|110|100|59|42,-1|0|1|0|0|0|0|32,-3|-2|-3|-2|0|32|52|0,0|0|0|0|117|110|99|116,0|0|0|0|81|117|105|116,31|32|31|32|29992|25971|28525|29557,1,0,0,7,6,80
373,0,12,3,0,3,0,0,0,112|116|112|101|97|110|59|97,255|255|255|0|0|118|97|114,-1|0|1|0|0|32|32|32,-3|-2|-3|32|58|32|98|121,0|0|0|32|25|0|0|0,0|0|0|32|113|117|105|116,31|32|31|8308|8250|28514|27759|24933,1,0,0,7,6,80
374,0,12,3,0,3,0,0,0,112|113|112|58|32|105|110|116,255|255|255|114|59|97|5|0,-1|0|1|98|101|103|105|110,-4|-3|-4|0|0|105|102|32,0|0|0|109|111|117|115|101,0|0|0|101|110|32|77|111,31|32|31|24940|25955|8251|26739|30575,1,0,0,7,6,80
375,0,12,2,0,2,0,0,0,113|113|101|116|32|107|101|121,255|255|97|114|100|32|116|111,0|0|73|79|83|42|41|0,-4|-4|0|0|0|99|97|108,-6|6|73|79|83|104|97|110,0|0|101|114|58|61|116|114,32|32|14|0|17152|25964|29281|25931,1,0,0,7,6,80
376,0,12,4,0,4,0,0,0,113|113|112|112|32|32|118|103,255|255|255|255|100|46|103|101,0|0|1|-1|59|107|0|0,-4|-4|-1|-1|30|0|0|0,-6|6|0|0|113|117|105|116,0|0|0|0|108|115|101|59,32|32|31|31|26173|27745|25971|8251,1,0,0,7,6,80
377,0,12,3,0,3,0,0,0,114|112|112|49|59|32|0|0,255|255|255|32|11|0|0|0,0|1|-1|32|119|105|112|101,-4|-1|-1|59|0|0|0|0,0|0|0|0|0|0|0|32,0|0|0|97|114|115|104|97,33|31|31|13621|12844|13621|12588|13621,1,0,0,7,6,80
378,0,11,1,0,2,0,0,0,3|3|116|105|24|0|0|0,255|255|32|32|32|32|32|99,2|-2|32|58|61|32|56|59,-1|-1|111|108|99|58|61|49,0|0|0|0|0|0|0|32,0|0|0|0|0|114|101|112,99|99|0|0|8192|31|0|8192,1,0,0,1,0,112
379,0,11,2,0,2,0,0,0,3|3|114|105|97|110|104|97,255|255|40|48|41|59|0|0,2|-2|0|32|15|0|0|0,-1|-1|102|114|97|109|101|99,0|0|110|116|58|61|52|59,0|0|0|0|0|32|20|0,99|99|25459|28257|28515|25956|15674|15152,1,0,0,1,0,112
380,0,11,4,0,4,0,0,0,3|3|2|2|78|101|119|68,255|255|255|255|83|104|97|112,3|-3|4|-4|40|95|79|112,-1|-1|-1|-1|83|104|97|112,0|0|0|0|54|44|53|48,0|0|0|0|59|0|46|0,99|99|99|99|26739|25697|10341|12343,1,0,0,1,0,112
381,0,11,6,0,6,0,0,0,3|3|2|2|2|2|70|117,255|255|255|255|255|255|101|41,3|-3|4|-4|5|-5|0|32,-1|-1|-2|-2|-3|-3|120|40,0|0|0|0|0|0|109|105,0|0|0|0|0|0|91|51,99|99|99|99|99|99|29557|10597,1,0,0,1,0,112
382,0,11,1,0,2,0,0,0,4|4|105|110|99|40|99|111,255|255|99|111|108|99|41|59,2|-2|102|32|40|99|111|108,-1|-1|41|32|111|114|32|40,0|0|108|60|50|41|32|116,0|0|110|32|99|111|108|99,100|100|27759|15203|0|0|8192|58,1,0,0,1,0,112
383,0,11,2,0,2,0,0,0,4|4|45|84|101|120|116|119,255|255|116|104|40|109|105|115,2|-2|101|120|116|91|49|48,-1|-1|95|70|111|110|116|83,0|0|112|101|115|41|32|115,0|0|32|49|59|32|58|0,100|100|25972|28781|12919|15674|13361|11065,1,0,0,1,0,112
384,0,11,3,0,4,0,0,0,4|2|4|2|116|91|49|49,255|255|255|255|111|110|116|83,2|3|-2|-3|115|41|32|115,-1|-4|-1|-4|59|32|0|0,0|0|0|0|51|0|0|0,0|0|0|0|32|115|101|108,100|99|100|99|25954|26983|8302|25972,1,0,0,1,0,112
385,0,11,4,0,4,0,0,0,4|2|4|2|61|45|53|59,255|255|255|255|52|0|0|0,2|3|-2|-3|32|32|32|32,-1|-4|-1|-4|108|115|101|32,0|0|0|0|110|32|116|101,0|0|0|0|61|45|53|59,100|99|100|99|25405|27759|12589|15154,1,0,0,1,0,112
386,0,11,2,0,2,0,0,0,8|8|79|117|116|116|101|120,255|255|100|106|117|115|116|40,2|-2|109|112|119|32|44|49,-2|-2|44|109|105|115|99|116,0|0|116|91|49|48|93|44,0|0|44|116|101|109|112|105,98|98|28271|21364|24936|25968|11379|29300,1,0,0,1,0,112
387,0,11,4,0,4,0,0,0,8|8|4|4|117|115|116|40,255|255|255|255|119|50|44|49,2|-2|4|-4|105|115|99|116,-2|-2|-4|-4|49|49|93|44,0|0|0|0|101|109|112|105,0|0|0|0|111|110|116|83,98|98|100|100|25973|15145|0|0,1,0,0,1,0,112
388,0,11,6,0,6,0,0,0,8|8|4|4|2|2|97|110,255|255|255|255|255|255|101|95,2|-2|4|-4|6|-6|108|101,-2|-2|-4|-4|-6|-6|32|98,0|0|0|0|0|0|0|0,0|0|0|0|0|0|117|115,98|98|100|100|99|99|8192|8224,1,0,0,1,0,112
389,0,11,1,0,2,0,0,0,3|3|117|115|101|114|101|112,255|255|99|101|59|105|20|0,2|-2|0|32|32|32|101|110,-1|-1|101|108|115|101|32|115,0|0|119|118|103|97|59|-46,0|0|0|0|0|-49|24|0,99|99|8224|25972|28781|15674|31074|25972,1,0,4,1,0,112
390,0,11,2,0,2,0,0,0,3|3|53|0|0|0|0|32,255|255|116|105|108|32|119|97,2|-2|97|99|116|105|111|110,-1|-1|44|102|97|108|115|101,0|0|32|123|85|115|101|32,0|0|101|118|105|111|117|115,99|99|25965|28515|28277|32116|0|0,1,0,4,1,0,112
391,0,11,4,0,4,0,0,0,3|3|2|2|117|115|101|98,255|255|255|255|110|62|48|41,3|-3|4|-4|32|117|115|101,-1|-1|-1|-1|101|32|116|104,0|0|0|0|101|103|105|110,0|0|0|0|0|32|32|32,99|99|99|99|30821|13630|10550|24864,1,0,4,1,0,112
392,0,11,6,0,6,0,0,0,3|3|2|2|2|2|4|0,255|255|255|255|255|255|78|77,3|-3|4|-4|5|-5|83|47,-1|-1|-2|-2|-3|-3|72|65,0|0|0|0|0|0|0|0,0|0|0|0|0|0|0|0,99|99|99|99|99|99|26989|29541,1,0,4,1,0,112
393,0,11,1,0,2,0,0,0,4|4|0|255|37|0|0|0,255|255|32|32|32|32|32|32,2|-2|32|32|32|32|69|110,-1|-1|121|32|88|43|45|32,0|0|67|32|32|32|80|76,0|0|32|89|43|45|68|0,100|100|18251|18208|9042|21536|28793|8293,1,0,5,1,0,112
394,0,11,2,0,2,0,0,0,4|4|84|52|32|68|65|84,255|255|32|32|69|110|101|109,2|-2|65|117|116|111|45|80,-1|-1|99|101|109|101|110|116,0|0|121|115|116|101|109|31,0|0|0|0|0|1|48|0,100|100|28009|8293|31060|25968|17440|21569,1,0,5,1,0,112
395,0,11,3,0,4,0,0,0,4|2|4|2|53|32|32|32,255|255|255|255|69|118|101|110,2|3|-2|-3|57|0|0|0,-1|-4|-1|-4|48|32|48|50,0|0|0|0|32|32|32|32,0|0|0|0|32|50|32|32,100|99|100|99|8224|16928|25441|26475,1,0,5,1,0,112
396,0,11,4,0,4,0,0,0,4|2|4|2|0|0|0|48,255|255|255|255|48|53|32|32,2|3|-2|-3|32|32|51|51,-1|-4|-1|-4|49|32|32|32,0|0|0|0|32|32|32|32,0|0|0|0|100|32|83|104,100|99|100|99|16175|16687|29811|29285,1,0,5,1,0,112
397,0,11,2,0,2,0,0,0,8|8|0|48|48|48|48|32,255|255|32|32|32|32|32|32,2|-2|32|32|32|32|32|32,-2|-2|32|32|32|32|32|32,0|0|32|32|32|82|97|110,0|0|109|32|69|110|101|109,98|98|17999|2374|43|0|12288|12336,1,0,6,1,0,112
398,0,11,4,0,4,0,0,0,8|8|4|4|32|32|32|32,255|255|255|255|32|32|32|83,2|-2|4|-4|32|111|102|102,-2|-2|-4|-4|0|48|48|48,0|0|0|0|53|0|0|0,0|0|0|0|48|32|54|52,98|98|100|100|8241|8224|12576|8243,1,0,6,1,0,112
399,0,11,6,0,6,0,0,0,8|8|4|4|2|2|50|32,255|255|255|255|255|255|11|0,2|-2|4|-4|6|-6|48|32,-2|-2|-4|-4|-6|-6|0|0,0|0|0|0|0|0|0|0,0|0|0|0|0|0|49|54,98|98|100|100|99|99|12320|8224,1,0,6,1,0,112
400,0,3,1,3,1,0,0,0,149|32|66|79|83|83|32|65,255|69|65|68|46|0|0|0,0|48|49|48|48|32|32|55,6|32|32|55|57|50|32|32,0|55|49|32|32|32|50|32,0|32|49|54|32|45|50|54,7035|8242|21536|25960|29728|28271|30055|101,0,0,0,1,255,48
401,0,2,1,3,1,0,0,0,149|51|32|32|49|55|49|32,255|32|50|32|32|32|49|54,0|32|50|32|32|45|50|0,6|0|0|0|0|19|45|0,0|0|0|48|49|48|48|32,0|55|32|32|32|55|57|48,7035|14129|8241|8224|8242|8224|13105|11552,0,0,0,1,255,48
402,0,4,1,3,1,0,0,0,150|0|0|0|0|27|44|0,98|0|0|48|49|48|48|32,0|55|32|32|32|55|56|49,6|32|49|55|48|32|32|32,0|32|32|32|49|57|32|45,0|56|32|45|50|32|32|84,7035|20000|29551|8037|44|0|12288|12337,0,0,0,1,255,48
403,0,3,1,3,1,0,0,0,150|32|50|32|32|32|49|56,98|32|48|32|32|45|50|32,0|84|104|101|32|78|111|115,6|34|44|0|0|0|0|48,0|48|48|32|32|55|32|32,0|55|56|51|32|32|49|56,7035|8224|8242|8224|14129|8224|8240|11552,0,0,0,1,255,48
404,0,2,1,3,1,0,0,0,150|0|44|0|0|0|0|48,98|48|48|32|32|55|32|32,0|55|56|48|32|32|49|53,6|32|32|32|50|32|32|32,0|52|32|45|51|48|32|45,0|32|32|76|101|102|116|32,7035|101|45|0|12288|12337|8240|14112,0,0,0,1,255,48
405,0,5,1,3,1,0,0,0,151|32|49|53|32|45|51|48,98|45|50|32|32|82|105|103,0|116|32|69|121|101|0|0,6|0|0|0|38|0|0|0,0|48|49|53|48|32|32|49,0|32|32|48|32|32|32|32,7035|8224|8224|8240|8224|14641|8224|8224,0,0,0,1,255,48
406,0,5,1,3,1,0,0,0,152|32|32|49|57|32|32|48,98|32|32|32|48|32|32|32,120|32|48|32|32|32|49|56,6|0|0|0|0|48|49|53,0|32|32|49|57|32|32|48,0|32|32|32|48|32|32|32,7035|8240|8224|14129|27|0|12288|13617,0,0,0,1,255,48
407,0,5,1,3,1,0,0,0,153|32|48|32|32|32|49|54,98|0|0|0|0|48|49|53,120|32|32|49|57|32|32|48,6|32|32|32|48|32|32|32,0|32|48|32|32|32|49|53,0|0|0|0|0|48|49|53,7035|12576|8249|12320|8224|8224|8240|8224,0,0,0,1,255,48
408,0,5,1,3,1,0,0,0,154|32|32|49|57|32|32|48,98|32|32|32|48|32|32|32,120|32|48|32|32|32|49|51,6|0|0|0|0|0|51|0,0|0|0|48|49|51|48|32,0|55|32|32|32|55|56|52,7035|12337|8240|8224|8242|8224|8241|11552,0,0,0,1,255,48
409,0,5,2,3,2,0,0,0,152|152|99|104|32|73|26|0,98|98|0|48|49|51|48|32,120|120|32|32|32|55|56|53,6|6|49|48|48|32|32|32,-7|7|32|32|49|0|31|0,0|0|0|48|49|52|48|32,7035|7035|14112|13368|8224|12594|8240|8224,0,0,0,1,255,48
410,0,5,3,3,3,0,0,0,152|152|153|32|32|55|32|32,98|98|98|53|32|32|50|49,120|120|120|32|50|32|32|32,6|6|6|0|0|0|0|48,-9|9|0|32|32|55|32|32,6|6|0|52|32|32|48|55,7035|7035|7035|8224|8243|11552|14386|26,0,0,0,1,255,48
411,0,8,1,0,1,0,0,0,128|32|48|55|48|32|32|32,255|32|32|32|51|0|31|0,0|0|0|48|49|54|48|32,0|55|32|32|32|55|56|52,0|32|50|55|48|32|32|32,0|32|32|32|52|32|32|45,57|26|0|12288|13873|8240|14112|8224,1,0,0,7,6,80
412,0,6,1,0,1,0,0,0,128|0|31|0|0|0|0|48,255|55|48|32|32|55|32|32,0|55|56|52|32|32|48|50,0|32|32|32|50|32|32|32,0|32|32|45|50|56|26|0,0|0|0|48|49|55|48|32,57|8224|14112|13624|8224|12848|8240|8224,1,0,0,7,6,80
413,0,4,1,0,1,0,0,0,128|55|32|32|32|55|56|52,255|32|49|57|48|32|32|32,0|32|32|32|54|32|32|45,0|56|26|0|0|0|0|48,0|56|48|32|32|55|32|32,0|55|56|53|32|32|49|57,57|8224|8242|8224|54|31|0|12288,1,0,0,7,6,80
414,0,10,2,0,2,0,0,0,128|128|32|32|50|32|32|32,255|255|32|45|50|56|26|0,0|0|0|48|49|57|48|32,-1|-1|32|32|32|55|56|53,9|-9|48|53|48|32|32|32,0|0|32|32|55|0|31|0,57|57|12338|8240|14112|8224|14112|13368,1,0,0,7,6,80
415,0,8,2,0,2,0,0,0,128|128|26|0|0|0|0|48,255|255|48|32|32|55|32|32,0|0|56|53|32|32|50|52,0|0|32|32|50|32|32|32,9|-9|0|0|0|0|0|0,0|0|0|0|0|48|50|52,57|57|8241|12576|8224|8224|8240|8224,1,0,0,7,6,80
416,0,6,1,0,1,0,0,0,113|32|32|51|49|32|32|48,255|32|32|32|48|32|32|32,0|32|48|32|32|32|49|55,-1|0|0|0|0|48|50|52,0|32|32|51|57|32|32|49,4|32|32|32|49|57|63|0,76|12288|13362|8242|13088|8249|12576|8248,1,0,0,7,6,80
417,0,4,1,0,1,0,0,0,113|32|32|32|32|83|116|101,255|32|51|32|58|32|70|105,0|101|32|65|32|97|110|100,-1|74|111|105|110|32|78|111,0|101|0|0|0|0|0|0,4|0|0|0|0|48|50|53,76|12832|8245|12832|13365|8224|8240|8224,1,0,0,7,6,80
418,0,5,1,0,1,0,0,0,114|97|105|110|32|86|117|108,255|101|114|97|98|108|101|0,0|0|0|0|0|48|50|53,-1|32|32|55|57|32|32|49,0|0|56|0|0|0|0|48,4|53|48|32|32|49|57|32,95|8224|8224|13101|8224|8224|8240|8224,1,0,0,7,6,80
419,0,6,2,0,2,0,0,0,113|113|66|114|97|105|110|32,255|255|101|114|103|101|115|0,0|0|0|0|0|48|50|55,-1|-1|32|49|57|32|32|48,9|-9|32|32|48|32|32|32,0|0|48|32|32|32|49|51,76|76|0|64|0|12288|14386|8240,1,0,0,7,6,80
420,0,7,2,0,2,0,0,0,114|114|32|32|49|51|32|32,255|255|32|32|32|83|116|101,0|0|53|32|58|32|66|114,-1|-1|110|32|109|111|118|101,9|-9|97|110|100|32|70|105,0|0|115|0|27|0|0|0,95|95|8240|12576|8249|13600|8224|8224,1,0,0,7,6,80
421,0,9,4,0,4,0,0,0,114|114|128|128|53|32|32|49,255|255|255|255|32|32|32|32,0|0|0|0|32|32|48|32,-1|-1|-2|-2|27|0|0|0,9|-9|16|-16|53|32|32|51,0|0|0|0|32|32|32|32,95|95|57|57|8224|13105|27|0,1,0,0,7,6,80
422,0,8,1,0,2,0,0,0,128|128|32|32|32|32|48|32,255|255|49|51|27|0|0|0,-6|6|51|51|48|32|32|49,6|6|45|53|32|32|32|45,0|0|32|32|32|32|48|32,0|0|49|51|27|0|0|0,13|14|8245|12576|8249|12320|8224|8224,0,0,0,7,98,80
423,0,6,1,0,2,0,0,0,128|128|51|53|48|32|32|49,255|255|45|53|32|32|32|32,-6|6|32|32|32|32|48|32,6|6|49|51|32|32|32|32,0|0|32|83|116|101|112|32,0|0|58|32|66|114|97|105,13|14|25974|8307|28257|8292|26950|25970,0,0,0,7,98,80
424,0,8,2,0,2,0,0,0,128|128|32|32|32|32|48|32,255|255|32|32|48|32|32|32,-6|6|27|0|0|0|0|48,6|6|53|32|32|51|49|32,0|0|32|32|32|32|51|32,0|0|32|32|48|32|32|32,13|14|0|12288|13875|8245|13088|8241,0,0,0,7,98,80
425,0,7,2,0,4,0,0,0,128|128|128|128|0|0|0|48,255|255|255|255|32|49|57|32,-5|5|-7|7|32|45|53|32,7|7|5|5|48|32|32|32,0|0|0|0|0|0|0|48,0|0|0|0|32|49|57|32,13|14|13|14|8224|8224|8240|8224,0,0,0,7,98,80
426,0,8,4,0,4,0,0,0,128|128|128|128|32|32|54|32,255|255|255|255|48|32|32|32,-5|5|-7|7|32|32|32|32,7|7|5|5|112|32|55|32,0|0|0|0|97|105|110|32,0|0|0|0|115|32|100|111,13|14|13|14|30049|25454|25960|8307,0,0,0,7,98,80
427,0,6,4,0,6,0,0,0,128|128|128|128|128|128|48|32,255|255|255|255|255|255|32|32,-5|5|-7|7|-6|6|0|48,7|7|5|5|6|6|32|32,0|0|0|0|0|0|49|53,0|0|0|0|0|0|32|32,13|14|13|14|13|14|25454|8296,0,0,0,7,98,80
428,0,7,6,0,6,0,0,0,128|128|128|128|128|128|48|32,255|255|255|255|255|255|32|32,-5|5|-7|7|-6|6|0|48,7|7|5|5|6|6|32|32,0|0|0|0|0|0|49|56,0|0|0|0|0|0|32|32,13|14|13|14|13|14|12288|12340,0,0,0,7,98,80
429,0,6,4,0,6,0,0,0,128|128|128|128|113|113|50|0,255|255|255|255|255|255|52|48,-5|5|-7|7|-6|6|32|50,7|7|5|5|6|6|12|0,0|0|0|0|0|0|53|32,0|0|0|0|0|0|52|0,13|14|13|14|96|115|8249|12320,0,0,0,7,98,80
430,0,5,4,0,4,0,0,0,113|113|113|113|0|48|52|51,255|255|255|255|57|32|32|48,-6|6|-7|7|51|32|32|32,6|6|5|5|32|32|49|51,0|0|0|0|32|32|32|83,0|0|0|0|56|32|58|32,96|115|96|115|25974|8307|28789|24864,0,0,0,7,98,80
431,0,6,2,0,2,0,0,0,114|114|48|32|32|49|57|32,255|255|32|32|32|32|48|32,-7|7|32|32|48|32|32|32,7|7|27|0|0|0|0|48,0|0|48|32|32|51|49|32,0|0|32|32|32|32|48|32,15|53|8243|8224|13105|27|0|12288,0,0,0,7,98,80
432,0,5,2,0,8,0,0,0,114|114|114|114|114|114|114|114,255|255|255|255|255|255|255|255,-7|7|-9|9|-8|8|-6|6,7|7|5|5|6|6|8|8,0|0|0|0|0|0|0|0,0|0|0|0|0|0|0|0,15|53|15|53|15|53|15|53,0,0,0,7,98,80
433,0,2,1,0,2,0,0,0,149|149|114|101|115|0|27|0,255|255|0|48|53|51|48|32,-9|9|57|32|32|53|32|32,0|0|53|32|32|32|32|32,0|0|32|32|49|51|27|0,0|0|0|48|53|51|53|32,256|257|12320|8224|8224|8240|8224|8224,0,0,0,1,255,112
434,0,3,2,0,2,0,0,0,149|149|49|32|32|48|32|32,255|255|51|32|32|32|32|32,-9|9|32|32|49|51|27|0,0|0|0|48|53|53|53|32,0|0|49|32|32|48|32|32,0|0|48|32|32|32|32|32,256|257|13105|27|0|12288|14133|8240,0,0,0,1,255,112
435,0,4,2,0,2,0,0,0,150|150|32|32|49|51|27|0,255|255|0|48|53|55|53|32,-9|9|57|32|32|48|32|32,0|0|48|32|32|32|32|32,0|0|32|32|49|51|64|0,0|0|0|48|53|57|48|32,256|257|13613|8224|8224|8245|8224|8224,0,0,0,1,255,112
436,0,5,3,0,3,0,0,0,150|150|150|32|58|32|66|114,255|255|255|32|109|111|118|101,-9|9|0|110|100|32|70|105,0|0|-9|0|27|0|0|0,0|0|0|57|53|32|32|49,0|0|0|48|32|32|32|32,256|257|209|8240|8224|13105|27|0,0,0,0,1,255,112
437,0,6,4,0,4,0,0,0,150|150|150|150|32|32|48|32,255|255|255|255|27|0|0|0,-9|9|-9|9|53|32|32|51,0|0|0|0|32|32|32|32,0|0|0|0|32|32|48|32,0|0|14|14|27|0|0|0,256|257|256|257|8249|13600|8224|11552,0,0,0,1,255,112
438,0,6,3,0,3,0,0,0,151|151|150|50|53|32|32|49,255|255|255|48|32|32|32|32,-10|10|0|32|32|32|48|32,0|0|-9|51|74|0|0|0,0|0|0|52|48|32|32|49,0|0|0|48|32|32|32|32,256|257|209|8240|8224|13105|8224|8224,0,0,0,1,255,112
439,0,6,4,0,4,0,0,0,151|151|150|150|118|101|115|32,255|255|255|255|32|97|110|100,-10|10|0|0|110|99|104|101,0|0|-9|9|27|0|0|0,0|0|0|0|53|32|32|49,0|0|0|0|32|32|32|32,256|257|209|208|8224|13105|42|0,0,0,0,1,255,112
440,0,6,4,0,4,0,0,0,152|152|151|151|32|32|51|32,255|255|255|255|32|32|49|50,-12|12|0|0|97|117|110|99,0|0|-11|-11|26|0|0|0,0|0|-6|6|53|32|32|52,0|0|0|0|49|52|32|32,256|257|209|209|8224|49|32|0,0,0,0,1,255,112
441,0,6,4,0,4,0,0,0,153|153|151|151|32|32|51|32,255|255|255|255|32|32|49|50,-12|12|0|0|0|0|0|48,0|0|-11|-11|32|52|53|32,0|0|-6|6|32|32|48|32,0|0|0|0|48|32|32|32,256|257|209|209|13366|8246|13088|8249,0,0,0,1,255,112
442,0,6,5,0,5,0,0,0,151|151|151|151|151|32|32|49,255|255|255|255|255|0|0|48,0|-10|10|-10|10|49|57|32,-11|0|0|0|0|45|54|32,0|0|0|0|0|32|32|32,0|7|7|-7|-7|0|0|48,209|256|257|256|257|8224|11552|8243,0,0,0,1,255,112
443,0,6,6,0,6,0,0,0,151|151|151|151|151|154|56|32,255|255|255|255|255|255|110|32,0|-10|10|-10|10|0|-68|3,-11|0|0|0|0|13|0|49,0|0|0|0|0|0|57|32,0|7|7|-7|-7|0|48|32,209|256|257|256|257|208|0|12544,0,0,0,1,255,112
444,0,2,1,9,1,0,0,0,2|32|32|32|48|32|32|32,10|53|27|0|0|0|0|49,0|54|57|32|32|49|57|32,5|48|32|32|32|32|48|32,0|32|32|32|48|32|32|32,0|52|27|0|0|0|0|49,172|8249|12576|8249|12320|8224|8224|8240,0,0,0,0,255,112
445,0,2,1,0,1,0,0,0,1|0|0|0|0|49|49|55,255|32|32|49|57|32|32|48,0|32|32|32|52|32|32|32,9|32|48|32|32|32|49|54,0|32|32|32|32|32|32|84,0|110|103|117|101|32|77|111,39|8307|30031|29812|27|0|12544|14129,0,0,0,25,255,112
446,0,2,1,0,1,0,0,0,1|32|48|32|32|32|49|54,255|0|0|0|0|49|49|55,0|32|32|51|49|32|32|48,12|32|32|32|48|32|32|32,0|32|48|32|32|32|49|54,0|32|49|32|32|32|32|76,6|25454|8296|17744|30|0|12544|14385,0,0,0,13,255,192
447,0,4,1,5,1,0,0,0,4|32|48|32|32|32|49|54,255|32|48|116|27|0|0|0,0|49|49|57|48|32|32|49,7|32|32|48|32|32|32|45,0|32|32|32|32|32|48|32,0|32|49|54|27|0|0|0,582|14641|8248|12576|8249|12320|8224|8224,0,0,0,26,255,208
448,0,3,1,0,1,0,0,0,2|110|60|0|0|0|0|49,255|52|48|32|32|49|57|32,0|54|32|32|32|32|49|32,10|32|32|32|48|32|32|32,0|57|32|32|32|32|32|32,0|83|116|101|112|32|53|32,126|24908|28277|26723|20512|11040|17952|29289,1,0,0,16,255,208
449,0,2,1,0,1,0,0,0,1|32|45|54|32|32|32|32,255|32|32|32|32|32|48|32,0|32|49|54|27|0|0|0,14|49|50|52|48|32|32|49,0|32|45|54|32|32|32|32,0|32|32|32|32|32|48|32,99|13617|27|0|12544|13362|8240|12576,0,0,0,20,255,112
450,0,8,1,0,1,0,0,0,128|32|49|52|27|0|0|0,255|49|50|52|48|32|32|49,-7|32|45|54|32|32|32|32,20|32|32|32|32|32|48|32,0|32|49|48|27|0|0|0,0|49|50|52|48|32|32|51,171|12320|8224|8224|12337|8224|8224|8240,0,0,0,7,98,80
451,0,3,1,0,1,0,0,0,2|32|32|48|32|32|32|32,255|48|32|32|32|32|48|32,0|32|49|52|27|0|0|0,9|49|50|55|48|32|32|49,0|32|32|48|32|32|32|32,0|32|32|32|32|32|48|32,59|14641|27|0|12544|14130|8240|12576,0,0,0,1,255,48
452,0,4,1,0,1,0,0,0,1|32|49|54|27|0|0|0,255|49|50|55|48|32|32|49,0|32|32|48|32|32|32|32,10|32|32|32|32|32|48|32,0|32|49|53|27|0|0|0,0|49|50|55|48|32|32|49,27|12320|8224|8224|8240|8224|8224|8240,0,0,0,13,255,192
453,0,4,2,0,2,0,0,0,1|1|32|48|32|32|32|32,255|255|32|32|32|32|48|32,0|0|49|48|27|0|0|0,10|10|50|55|48|32|32|51,-4|4|32|48|32|32|32|32,12|12|32|32|32|32|48|32,20|20|27|0|12544|14130|8240|13088,0,0,0,13,255,112
454,0,8,1,0,1,0,0,0,5|32|49|52|0|0|0|0,255|101|50|0|0|0|0|49,0|55|48|32|32|49|57|32,11|48|32|32|32|32|52|32,0|32|32|32|48|32|32|32,0|54|32|32|32|32|32|32,262|28271|30055|8293|28493|25974|8307|30031,0,0,0,6,255,208
455,0,10,1,0,1,0,0,0,10|48|32|32|32|32|48|32,255|32|32|32|48|32|32|32,0|54|42|0|0|0|0|49,11|55|56|32|32|51|49|32,0|48|32|32|32|32|48|32,0|32|32|32|48|32|32|32,263|8224|8241|8224|19488|30049|25454|8296,0,0,0,6,255,208
456,0,12,1,0,1,0,0,0,20|48|32|32|32|32|48|32,255|32|32|32|48|32|32|32,0|54|32|32|48|108|27|0,11|0|0|49|51|49|48|32,0|49|57|32|32|48|32|32,0|45|52|32|32|32|32|32,264|8224|13873|27|0|12544|12595|8248,0,0,0,6,255,208
457,0,14,1,0,1,0,0,0,40|32|32|32|49|54|0|0,255|0|0|105|45|0|0|0,0|49|51|50|48|32|32|49,11|32|45|49|32|32|32|32,0|32|32|32|32|32|48|32,0|32|49|53|32|32|32|32,265|31045|29541|27936|30319|8293|28265|27,0,0,0,6,255,208
458,0,3,1,0,1,0,0,0,1|32|49|32|32|32|32|32,255|32|32|32|49|52|56|0,0|0|0|49|51|50|48|32,9|54|50|32|32|50|49|32,0|32|32|32|32|32|32|32,0|32|32|32|32|32|32|32,58|8224|28494|29545|8293|8237|25153|30063,0,0,0,25,255,112
459,0,2,1,0,1,0,0,0,4|49|51|50|53|32|32|49,255|32|45|50|32|32|32|32,0|32|32|32|32|32|48|32,9|32|49|53|32|32|32|32,0|32|69|121|101|115|32|109,0|118|101|32|105|110|27|0,59|12544|12851|8245|12576|8249|12832|8224,0,0,0,25,255,112
460,0,2,1,0,1,0,0,0,8|0|0|49|51|50|54|32,255|49|57|32|32|50|32|32,0|32|48|32|32|32|32|32,9|32|32|32|49|53|32|32,0|32|32|32|69|121|101|115,0|109|111|118|101|32|105|110,60|0|12544|12851|8246|12576|8249|12845,0,0,0,25,255,112
461,0,2,3,0,3,0,0,0,6|5|5|0|0|49|51|50,255|255|255|49|57|32|45|50,0|-2|2|32|48|32|32|32,9|8|8|32|32|32|49|53,0|-2|2|32|32|32|69|121,0|0|0|109|111|118|101|32,59|279|280|12544|12851|8247|12576|8249,0,0,0,25,255,112
462,0,2,4,0,4,0,0,0,253|253|4|4|0|0|0|49,255|255|255|255|32|49|57|32,0|0|0|0|32|32|48|32,9|9|9|9|48|32|32|32,0|0|-10|10|32|32|32|32,-7|7|9|9|32|109|111|118,600|619|581|581|12544|12851|8248|12576,0,0,0,25,255,208
463,0,2,6,0,6,0,0,0,253|253|253|253|4|4|0|0,255|255|255|255|255|255|32|49,0|0|0|0|0|0|32|32,9|9|9|9|9|9|48|32,-6|-6|6|6|-14|14|32|32,-7|7|-7|7|9|9|32|109,600|619|600|619|581|581|12851|8249,0,0,0,25,255,208
464,0,5,1,0,1,0,0,0,2|32|32|32|49|52|45|0,98|0|0|49|51|51|48|32,0|49|57|32|32|50|32|32,0|32|48|32|32|32|32|32,0|32|32|32|49|53|32|32,0|32|32|32|69|121|101|115,66|30319|8293|28265|27|0|12544|13107,1,0,0,13,255,192
465,0,3,1,0,1,0,0,0,6|32|48|32|32|32|49|52,98|0|0|0|0|49|51|51,0|32|32|49|57|32|45|50,0|32|32|32|48|32|32|32,0|32|48|32|32|32|49|53,0|32|32|32|32|32|69|121,73|27936|30319|8293|28265|27|0|12544,1,0,0,13,255,192
466,0,3,1,0,1,0,0,0,12|32|32|32|48|32|32|32,98|52|45|0|0|0|0|49,0|51|50|32|32|49|57|32,0|50|32|32|32|32|48|32,0|32|32|32|48|32|32|32,0|53|32|32|32|32|32|32,123|29541|27936|30319|8293|28265|27|0,1,0,0,13,255,192
467,0,3,2,0,2,0,0,0,10|10|32|32|32|32|48|32,98|98|49|52|45|0|0|0,0|0|51|51|51|32|32|49,0|0|45|50|32|32|32|32,-6|6|32|32|32|32|48|32,0|0|49|53|32|32|32|32,143|144|29541|27936|30319|8293|28265|27,1,0,0,13,255,192
468,0,3,3,0,3,0,0,0,10|10|10|32|32|32|32|32,98|98|98|32|49|52|45|0,0|0|0|49|51|51|52|32,0|-1|-1|32|32|50|32|32,0|-12|12|32|32|32|32|32,0|0|0|32|49|53|32|32,73|73|73|29541|27936|30319|8293|28265,1,0,0,13,255,208
469,0,3,8,0,8,0,0,0,250|252|252|250|251|251|251|251,255|255|255|255|255|255|255|255,0|0|0|0|0|0|0|0,7|7|7|7|7|7|7|7,-18|-6|6|18|-18|-6|6|18,-7|-7|-7|-7|7|7|7|7,767|768|769|770|786|787|788|789,0,0,0,14,255,192
470,0,4,1,0,1,0,0,0,1|50|32|32|32|32|48|32,255|32|32|32|48|32|32|32,0|52|45|0|0|0|0|49,21|51|54|32|32|49|57|32,0|50|32|32|32|32|48|32,0|32|32|32|48|32|32|32,67|8224|8224|8224|31045|29541|27936|30319,-1,0,0,20,255,112
471,0,1,1,0,1,0,0,0,4|32|45|50|32|32|32|32,255|32|32|32|32|32|48|32,0|32|49|52|45|0|0|0,20|49|51|51|55|32|32|49,0|32|45|50|32|32|32|32,0|32|32|32|32|32|48|32,70|13617|8224|8224|8224|31045|29541|27936,-1,0,0,20,255,112
472,0,1,1,0,1,0,0,0,8|49|57|32|32|50|32|32,255|32|48|32|32|32|32|32,0|32|32|32|49|52|45|0,20|0|0|49|51|51|56|32,0|49|57|32|32|50|32|32,0|32|48|32|32|32|32|32,219|8224|13617|8224|8224|8224|31045|29541,-1,0,0,20,255,112
473,0,1,2,0,2,0,0,0,8|8|32|49|57|32|45|50,255|255|32|32|48|32|32|32,0|0|48|32|32|32|49|52,20|20|0|0|0|49|51|51,-4|4|32|49|57|32|45|50,0|0|32|32|48|32|32|32,218|218|8224|13617|8224|8224|8224|31045,-1,0,0,20,255,112
474,0,1,4,0,4,0,0,0,6|6|6|6|32|49|57|32,255|255|255|255|32|32|48|32,0|0|0|0|48|32|32|32,3|1|3|1|0|0|0|49,-8|-8|8|8|32|49|57|32,0|0|0|0|32|32|48|32,578|578|578|578|13617|8224|8224|8224,1,0,0,20,255,208
475,0,1,8,0,8,0,0,0,6|6|6|6|6|6|6|6,255|255|255|255|255|255|255|255,0|0|0|0|0|0|0|0,4|2|0|-2|4|2|0|-2,-8|-8|-8|-8|8|8|8|8,0|0|0|0|0|0|0|0,578|578|578|578|578|578|578|578,1,0,0,20,255,208
476,0,2,1,9,1,0,0,0,3|49|51|52|49|32|32|49,10|32|32|48|32|32|32|32,0|32|32|32|32|32|48|32,5|32|49|52|0|0|0|0,0|32|48|0|0|0|0|49,0|53|48|32|32|49|57|32,172|8224|8224|8243|8224|8224|8240|8224,0,0,0,0,255,112
477,0,2,2,9,2,0,0,0,4|4|110|101|101|122|101|103,10|10|0|0|0|49|51|53,-4|4|32|49|57|32|32|54,5|5|32|45|49|32|32|32,0|0|48|32|32|32|49|53,0|0|0|0|0|49|51|53,172|172|8249|12589|8224|11552|8241|8224,0,0,0,0,255,112
478,0,2,4,9,4,0,0,0,5|5|5|5|50|32|32|49,10|10|10|10|0|0|0|49,0|0|-1|1|32|49|57|32,5|5|5|5|32|32|48|32,-4|4|-6|6|48|32|32|32,0|0|0|0|0|0|0|49,172|172|172|172|12320|8224|8224|8240,0,0,0,0,255,112
479,0,2,5,9,5,0,0,0,6|6|6|6|6|49|57|32,10|10|10|10|10|32|48|32,0|0|0|-1|1|32|32|32,5|5|5|5|5|0|0|94,0|4|-4|-6|6|49|51|53,0|0|0|0|0|32|32|48,172|172|172|172|172|8240|8224|13873,0,0,0,0,255,112
480,0,2,7,9,7,0,0,0,7|7|7|7|7|7|7|32,10|10|10|10|10|10|10|32,0|0|0|-1|1|-2|2|32,5|5|5|5|5|5|5|48,0|4|-4|-6|6|-8|8|0,0|0|0|0|0|0|0|32,172|172|172|172|172|172|172|8224,0,0,0,0,255,112
481,0,2,8,9,8,0,0,0,8|8|8|8|8|8|8|8,10|10|10|10|10|10|10|10,0|0|0|-1|1|-2|2|0,6|5|5|5|5|5|5|7,0|4|-4|-6|6|-8|8|0,0|0|0|0|0|0|0|8,172|172|172|172|172|172|172|172,0,0,0,0,255,112
482,0,4,1,0,1,0,0,0,3|0|0|0|0|49|52|53,107|32|32|49|57|32|32|48,0|32|32|32|48|32|32|32,7|32|48|32|32|32|49|52,0|0|0|0|0|49|52|54,0|32|32|49|57|32|32|49,601|11552|8241|8224|8224|8240|8224|13617,0,0,0,26,255,208
483,0,2,1,0,1,0,0,0,4|32|32|45|49|32|32|32,105|32|48|32|32|32|49|52,0|0|0|0|0|49|52|54,7|32|32|49|57|32|32|48,0|32|32|32|48|32|32|32,0|32|48|32|32|32|49|53,582|0|12544|13876|8245|12576|8249|12320,0,0,0,26,255,208
484,0,2,3,0,3,0,0,0,8|3|3|0|0|32|54|0,105|107|107|49|52|51|48|32,0|-1|1|32|32|48|32|32,7|7|7|32|32|32|32|32,0|-4|4|32|49|54|32|32,0|0|0|32|84|111|110|103,582|601|601|29301|29550|29472|28524|27767,0,0,0,26,255,208
485,0,2,3,0,3,0,0,0,8|8|8|32|32|32|48|32,105|105|105|32|48|32|32|32,0|0|0|0|0|0|0|73,7|6|6|0|0|49|53|54,0|-9|9|49|57|32|32|51,0|0|0|32|49|32|32|32,582|582|582|14641|8224|8224|8224|29779,0,0,0,26,255,208
486,0,2,4,0,4,0,0,0,8|8|8|8|114|116|105|110,105|105|105|105|115|105|116|105,0|0|0|0|0|0|0|49,7|7|6|6|32|49|57|32,-4|4|-14|14|32|32|49|32,0|0|0|0|48|32|32|32,582|582|582|582|13877|8240|12576|8249,0,0,0,26,255,208
487,0,2,4,7,4,0,0,0,251|251|251|251|0|0|0|49,255|255|255|255|32|49|57|32,0|0|0|0|32|32|49|32,2|2|2|2|48|32|32|32,-6|6|-6|6|0|0|0|49,-7|-7|7|7|32|49|57|32,683|702|721|740|8224|8224|8240|8224,0,0,0,26,255,208
488,0,3,1,0,1,0,0,0,2|48|32|32|32|32|48|32,255|32|32|32|48|32|32|32,0|57|27|0|0|0|0|49,-4|57|48|32|32|49|57|32,0|48|32|32|32|32|48|32,0|32|32|32|48|32|32|32,126|27|0|12544|14645|8240|12576|8249,1,0,0,16,255,208
489,0,3,2,0,2,0,0,0,2|2|27|0|0|0|0|49,255|255|48|32|32|49|57|32,0|0|32|32|32|32|48|32,-4|-4|32|32|48|32|32|32,0|0|27|0|0|0|0|49,0|0|48|32|32|49|57|32,126|126|8224|8240|8224|8224|8240|8224,1,0,0,16,255,208
490,0,3,2,0,2,0,0,0,4|4|32|49|57|32|32|48,255|255|32|32|52|32|32|32,0|0|48|32|32|32|49|54,-4|-4|32|32|32|32|32|83,0|0|112|32|51|32|58|32,0|0|110|103|117|101|32|109,214|214|28448|29813|8224|8224|21595|28793,1,0,0,16,255,208
491,0,3,4,0,4,0,0,0,5|5|2|2|32|48|32|32,255|255|255|255|32|32|32|32,0|0|0|0|49|54|42|0,-4|-4|-4|-4|54|50|48|32,0|0|-8|8|32|55|56|54,0|0|0|0|56|32|32|32,214|214|126|126|12337|8240|19488|30049,1,0,0,16,255,208
492,0,3,4,0,4,0,0,0,252|252|252|252|32|54|50|57,255|255|255|255|32|32|32|32,0|0|0|0|49|101|32|0,-3|-3|-3|-3|54|50|48|32,-6|6|-6|6|32|55|56|55,-7|-7|7|7|50|32|32|32,239|240|258|259|12337|8240|26|0,1,0,0,16,255,208
493,0,3,8,0,8,0,0,0,252|252|252|252|252|252|252|252,255|255|255|255|255|255|255|255,-1|-1|-1|-1|1|1|1|1,-3|-3|-3|-3|-3|-3|-3|-3,-6|6|-6|6|-6|6|-6|6,-7|-7|7|7|-7|-7|7|7,239|240|258|259|239|240|258|259,1,0,0,16,255,208
494,0,8,1,0,1,0,0,0,128|32|49|54|27|0|0|0,255|49|54|51|56|32|32|49,0|32|32|48|32|32|32|32,0|32|32|32|32|32|48|32,0|32|49|54|112|108|106|1,0|18|2|0|0|-24|8|-115,57|50307|35592|3056|4086|7300|2|35072,1,0,0,7,6,80
495,0,9,2,0,2,0,0,0,128|128|0|106|4|85|83|232,255|255|72|253|131|196|12|83,0|0|66|-72|-61|-1|116|36,-1|-1|-76|-116|61|0|-125|-60,9|-9|-24|-77|-116|61|0|-125,0|0|-119|-122|2|2|0|0,57|57|59475|36008|61|50307|35076|1670,1,0,0,7,6,80
496,0,9,2,0,2,0,0,0,113|113|246|1|0|0|1|0,255|255|233|172|1|0|0|199,0|0|1|0|0|0|0|0,-1|-1|-57|-122|-30|1|0|0,9|-9|-58|-122|-84|0|0|0,0|0|-122|-83|0|0|0|-16,76|76|0|22271|47592|65531|33791|1220,1,0,0,7,6,80
497,0,9,2,0,2,0,0,0,114|114|83|80|232|157|140|61,255|255|196|12|11|192|15|133,0|0|0|0|-117|68|36|44,-1|-1|116|8|-115|-82|30|1,9|-9|-21|45|106|0|106|0,0|0|-115|68|36|28|-1|116,95|95|35958|61|50307|2836|4032|38277,1,0,0,7,6,80
498,0,9,4,0,4,0,0,0,114|114|128|128|0|106|4|83,255|255|255|255|140|61|0|131,0|0|0|0|117|17|15|-73,-1|-1|-2|-2|70|88|72|-3,9|-9|16|-16|-64|116|97|106,0|0|0|0|3|-115|68|36,95|95|57|57|15756|33536|5316|49163,1,0,0,7,6,80
499,0,9,6,0,6,0,0,0,114|114|128|128|128|128|255|255,255|255|255|255|255|255|41|86,0|0|0|0|0|0|-60|4,-1|-1|-2|-2|0|0|0|116,9|-9|16|-16|30|-30|0|0,0|0|0|0|0|0|0|0,95|95|57|57|57|57|49431|48777,1,0,0,7,6,80
500,0,3,1,0,1,0,0,0,149|4|128|159|0|193|199|70,255|23|0|0|0|199|134|250,0|0|0|0|0|0|0|-57,6|-42|1|0|0|0|0|0,0|-57|-122|-38|1|0|0|0,0|0|0|-57|-122|-14|1|0,241|0|50944|60038|1|0|0|65024,0,0,0,1,255,48
501,0,4,1,0,1,0,0,0,150|190|172|0|0|0|0|117,98|86|232|251|33|72|253|131,0|4|-128|-66|-86|0|0|0,6|117|16|15|-73|-122|28|1,0|0|-63|-32|2|-119|-122|-18,0|0|0|93|95|94|91|-125,241|35779|9284|3844|16574|35587|34052|20212,0,0,0,1,255,48
502,0,5,1,0,1,0,0,0,152|192|235|40|131|184|246|1,98|0|0|116|14|139|68|36,0|-57|0|-2|-1|-1|-1|43,6|-21|17|-57|-128|-10|1|0,0|1|0|0|0|-58|-128|1,0|0|0|-1|-61|-117|76|36,241|9284|33552|504|49178|55542|33160|510,0,0,0,1,255,48
503,0,5,1,0,1,0,0,0,153|0|0|199|65|12|0|0,98|0|184|1|0|0|0|195,0|-117|116|36|8|-118|-122|-84,6|0|0|60|64|116|4|60,0|117|23|15|-73|-122|-108|0,0|0|5|2|4|0|0|106,241|3048|18468|33789|2244|46847|470|0,0,0,0,1,255,48
504,0,5,2,0,2,0,0,0,152|152|20|33|72|253|131|196,98|98|190|255|1|0|0|0,0|0|-117|70|60|11|-64|116,6|6|0|80|-24|1|-118|61,-7|7|-60|8|86|-24|-37|55,0|0|-125|-60|4|-125|-66|-18,241|241|61045|48771|158|0|29696|27162,0,0,0,1,255,48
505,0,5,3,0,3,0,0,0,152|152|153|0|0|0|0|0,98|98|98|190|250|255|255|131,0|0|0|-24|-98|-5|-1|-1,6|6|6|106|0|86|-24|-81,-9|9|0|-125|-60|8|-95|-76,6|6|0|-57|4|-123|-72|79,241|241|241|440|0|24064|35779|9300,0,0,0,1,255,48
506,0,5,1,3,1,0,0,0,2|8|137|65|44|139|66|64,255|65|48|199|66|12|0|0,0|0|-72|1|0|0|0|-61,8|76|36|4|-117|68|36|8,0|-127|-38|0|0|0|-117|68,0|12|11|-64|116|3|-119|65,153|3137|0|0|440|0|49920|21643,0,0,0,2,255,0
507,0,5,2,3,2,0,0,0,2|2|139|68|36|8|49|130,255|255|0|0|199|66|12|0,-2|2|0|-72|1|0|0|0,8|8|84|36|4|-117|68|36,0|0|-126|-66|0|0|0|-117,0|0|12|11|-64|-119|-118|-50,153|153|33545|60066|1|48896|2027|35459,0,0,0,2,255,0
508,0,4,2,3,4,0,0,0,2|2|2|2|36|4|139|68,255|255|255|255|255|139|76|36,-2|2|-1|1|-55|116|15|-125,7|7|8|8|0|2|-119|-126,0|0|0|0|-21|7|-125|-94,0|0|0|0|-3|-119|-118|-62,153|153|153|153|53890|0|50944|3138,0,0,0,2,255,0
509,0,4,2,3,6,0,0,0,2|2|2|2|2|2|0|0,255|255|255|255|255|255|0|0,-2|2|-4|4|-1|1|-1|-1,7|7|5|5|8|8|11|-1,0|0|0|0|0|0|-117|92,0|0|0|0|0|0|-98|0,153|153|153|153|153|153|0|33536,0,0,0,2,255,0
510,0,4,3,3,6,0,0,0,2|2|2|2|2|2|117|32,255|255|255|255|255|255|25|106,-2|2|0|-1|1|0|0|-125,7|7|9|7|7|9|0|0,0|0|0|0|0|0|0|1,0|0|0|0|0|0|61|0,153|153|153|153|153|153|26859|32393,0,0,0,2,255,0
511,0,3,2,3,8,0,0,0,2|2|2|2|2|2|2|2,255|255|255|255|255|255|255|255,0|0|1|-1|2|-2|3|-3,9|9|8|8|7|7|6|6,6|-6|6|-6|6|-6|6|-6,0|0|0|0|0|0|0|0,153|153|153|153|153|153|153|153,0,0,0,2,255,0
512,0,4,4,3,8,0,0,0,2|2|2|2|2|2|2|2,255|255|255|255|255|255|255|255,0|0|1|-1|2|-2|3|-3,9|9|8|8|7|7|6|6,6|-6|6|-6|6|-6|6|-6,0|0|0|0|0|0|0|0,153|153|153|153|153|153|153|153,0,0,0,2,255,0
513,0,4,6,3,8,0,0,0,2|2|2|2|2|2|2|2,255|255|255|255|255|255|255|255,0|0|1|-1|2|-2|3|-3,9|9|8|8|7|7|6|6,6|-6|6|-6|6|-6|6|-6,0|0|0|0|0|0|0|0,153|153|153|153|153|153|153|153,0,0,0,2,255,0
514,0,5,8,3,8,0,0,0,2|2|2|2|2|2|2|2,255|255|255|255|255|255|255|255,0|0|1|-1|2|-2|3|-3,9|9|8|8|7|7|6|6,6|-6|6|-6|6|-6|6|-6,0|0|0|0|0|0|0|0,153|153|153|153|153|153|153|153,0,0,0,2,255,0
515,0,4,8,3,8,0,0,0,2|2|2|2|2|2|2|2,255|255|255|255|255|255|255|255,0|0|1|-1|2|-2|3|-3,9|9|8|8|7|7|6|6,6|-6|6|-6|6|-6|6|-6,0|0|0|0|0|0|0|0,153|153|153|153|153|153|153|153,0,0,0,2,255,0
516,0,3,8,3,8,0,0,0,2|2|2|2|2|2|2|2,255|255|255|255|255|255|255|255,0|0|1|-1|2|-2|3|-3,9|9|8|8|7|7|6|6,6|-6|6|-6|6|-6|6|-6,0|0|0|0|0|0|0|0,153|153|153|153|153|153|153|153,0,0,0,2,255,0
517,0,4,2,3,2,0,0,0,2|2|0|11|192|116|16|80,255|255|86|245|2|199|134|214,-6|6|0|0|0|0|0|-125,2|2|0|116|57|86|106|10,0|0|-119|0|-63|-24|8|86,0|0|-119|-122|-42|1|0|0,153|153|474|0|29952|35611|16454|17977,0,0,0,2,255,0
518,0,4,2,3,2,0,0,0,2|2|218|1|0|0|94|195,255|255|116|36|8|131|126|88,-5|5|9|86|-24|-116|3|0,3|3|-60|4|-57|-122|-14|1,0|0|0|0|0|0|-117|-122,0|0|0|0|11|-64|116|16,153|153|757|34503|470|0|0|0,0,0,0,2,255,0
519,0,4,2,3,4,0,0,0,2|2|2|2|134|214|1|0,255|255|255|255|86|87|139|92,-7|7|-5|5|-69|-108|0|0,1|1|3|3|-127|-57|2|4,0|0|0|0|74|38|0|0,0|0|0|0|20|80|87|-24,153|153|153|153|38888|65521|33791|1220,0,0,0,2,255,0
520,0,4,2,3,6,0,0,0,2|2|2|2|2|2|24|38,255|255|255|255|255|255|223|80,-7|7|-5|5|-7|7|-125|-60,1|1|3|3|-1|-1|38|0,0|0|0|0|0|0|-14|1,0|0|0|0|0|0|-125|-69,153|153|153|153|153|153|29772|21267,0,0,0,2,255,0
521,0,4,2,3,6,0,0,0,2|2|2|2|2|2|86|139,255|255|255|255|255|255|148|0,-7|7|-5|5|-8|8|0|0,1|1|3|3|2|2|64|37,0|0|0|0|0|0|-64|117,0|0|0|0|0|0|0|0,153|153|153|153|153|153|34503|498,0,0,0,2,255,0
522,0,20,1,3,1,0,0,0,187|0|86|139|116|36|8|139,255|250|1|0|0|137|134|46,0|0|0|80|-1|-74|50|1,2|0|106|2|86|-24|52|0,0|0|-125|-60|16|-119|-122|46,0|0|0|94|-61|86|-117|116,153|46847|302|0|46847|306|0|362,0,0,0,2,255,0
523,0,20,7,3,7,0,0,0,187|2|2|2|2|2|2|86,255|255|255|255|255|255|255|24,0|-7|7|-5|5|-8|8|2,2|1|1|3|3|2|2|20,0|0|0|0|0|0|0|-117,0|0|0|0|0|0|0|-117,153|153|153|153|153|153|153|59428,0,0,0,2,255,0
524,0,30,1,3,1,0,0,0,187|58|139|116|36|20|139|126,255|139|134|238|0|0|0|139,0|88|-117|-35|-117|72|4|3,2|-117|68|36|32|59|-61|115,0|-117|-40|83|81|43|-21|-1,0|36|36|-24|52|32|0|0,153|36108|15108|18057|35164|22638|50059|24413,0,0,0,2,255,0
525,0,30,7,3,7,0,0,0,187|2|2|2|2|2|2|233,255|255|255|255|255|255|255|20,0|-7|7|-5|5|-8|8|-1,2|1|1|3|3|2|2|12,0|0|0|0|0|0|0|43,0|0|0|0|0|0|0|110,153|153|153|153|153|153|153|64395,0,0,0,2,255,0
526,0,20,7,3,7,0,0,0,187|2|2|2|2|2|2|76,255|255|255|255|255|255|255|0,0|-7|7|-5|5|-8|8|-66,-3|1|1|3|3|2|2|86,0|0|0|0|0|0|0|4,0|0|0|0|0|0|0|125,153|153|153|153|153|153|153|757,1,0,0,2,255,0
527,0,15,7,3,7,0,0,0,187|2|2|2|2|2|2|235,255|255|255|255|255|255|255|8,0|-7|7|-5|5|-8|8|-117,-1|1|1|3|3|2|2|52,0|0|0|0|0|0|0|44,0|0|0|0|0|0|0|-5,153|153|153|153|153|153|153|33536,1,0,0,2,255,0
528,0,5,1,3,1,0,0,0,2|88|139|199|93|95|94|91,255|86|139|116|36|8|131|126,0|0|117|43|86|-24|107|0,8|0|-125|-60|4|-117|-122|-18,0|0|0|11|-64|116|24|-117,0|8|-119|70|88|-57|70|92,153|0|618|59478|648|0|50307|24072,0,0,0,2,255,0
529,0,4,3,3,6,0,0,0,2|2|2|2|2|2|84|36,255|255|255|255|255|255|0|139,-2|2|0|-1|1|0|-55|117,7|7|9|7|7|9|0|-21,0|0|0|0|0|0|-117|9,0|0|0|0|0|0|1|-72,153|153|153|153|153|153|61118|0,0,0,0,2,255,0
530,0,5,8,3,8,0,0,0,2|2|2|2|2|2|2|2,255|255|255|255|255|255|255|255,0|0|1|-1|2|-2|3|-3,9|9|8|8|7|7|6|6,6|-6|6|-6|6|-6|6|-6,0|0|0|0|0|0|0|0,153|153|153|153|153|153|153|153,0,0,0,2,255,0
531,0,3,8,3,8,0,0,0,2|2|2|2|2|2|2|2,255|255|255|255|255|255|255|255,0|0|1|-1|2|-2|3|-3,9|9|8|8|7|7|6|6,6|-6|6|-6|6|-6|6|-6,0|0|0|0|0|0|0|0,153|153|153|153|153|153|153|153,0,0,0,2,255,0
532,0,15,1,3,1,0,0,0,187|40|102|139|134|26|1|0,255|80|87|232|16|29|0|0,0|-60|8|11|-64|116|52|102,-1|-122|74|1|0|0|67|15,0|-122|76|1|0|0|59|-61,0|-40|102|-57|-122|74|1|0,153|26112|34503|312|0|2048|1931|34441,1,0,0,2,255,0
533,0,30,7,3,7,0,0,0,187|2|2|2|2|2|2|94,255|255|255|255|255|255|255|12,0|-7|7|-5|5|-8|8|-57,2|1|1|3|3|2|2|42,0|0|0|0|0|0|0|1,0|0|0|0|0|0|0|0,153|153|153|153|153|153|153|1931,0,0,0,2,255,0
534,0,3,1,3,1,0,0,0,2|1|87|232|52|27|0|0,255|196|12|137|134|222|1|0,0|102|-127|-66|56|1|0|0,8|-128|117|10|-117|7|-119|-122,0|1|0|0|-21|10|-57|-122,0|1|0|0|0|0|0|0,153|7038|0|50307|24324|50014|22358|46607,0,0,0,2,255,0
535,0,10,2,0,2,0,0,0,166|166|235|84|139|124|36|12,255|255|214|0|0|0|139|143,0|0|0|0|-21|34|-117|124,7|7|-117|-121|-46|0|0|0,0|0|-62|0|0|0|-21|16,0|0|36|12|-117|-121|-50|0,90|90|190|0|51467|2676|106|20566,0,0,0,14,6,208
536,0,3,1,0,1,0,0,0,2|1|0|0|0|0|0|0,255|94|195|86|139|116|36|8,0|-122|-22|1|0|0|64|116,8|-117|78|48|-117|68|36|12,0|1|-123|-122|-38|0|0|0,0|11|106|4|86|-24|106|-1,160|50307|35592|13382|18057|50956|13382|0,0,0,0,5,255,160
537,0,2,1,0,1,0,0,0,2|32|235|64|139|76|36|4,255|65|76|57|129|234|0|0,0|124|49|-117|-127|-22|1|0,8|-88|1|117|39|-125|-56|1,0|28|-117|76|36|4|-117|-127,0|0|0|0|57|65|88|124,160|60033|1|43008|29954|33545|712|33161,0,0,0,5,255,160
538,0,4,2,0,2,0,0,0,2|2|30|235|63|139|76|36,255|255|129|234|1|0|0|1,0|0|-117|-127|-22|0|0|0,8|8|76|126|39|106|1|-21,-8|8|76|36|4|-10|-127|-22,0|0|0|2|116|22|-117|-127,160|160|16697|32088|27147|20738|48104|65534,0,0,0,5,255,160
539,0,3,2,0,2,0,0,0,2|2|255|131|196|4|139|174,255|255|0|0|139|221|131|59,0|0|7|-117|27|-125|59|0,8|8|-117|124|36|28|-119|123,-8|8|-66|-2|1|0|0|0,0|0|106|1|87|-24|-8|78,160|160|22280|17289|65284|9332|20508|29160,0,0,0,5,255,160
540,0,4,3,0,3,0,0,0,2|2|2|117|21|199|70|92,255|255|255|0|137|126|88|106,0|0|0|-19|-2|-1|-1|-125,8|8|8|-57|93|95|94|91,-10|10|0|-20|-1|117|16|-1,5|5|-5|117|8|-24|115|-1,160|160|160|3268|393|17803|33544|54968,0,0,0,5,255,160
541,0,3,3,0,3,0,0,0,2|2|2|238|1|0|0|57,255|255|255|32|139|69|8|131,0|0|0|0|0|0|116|20,8|8|8|0|0|0|0|116,-10|10|0|85|8|-24|58|11,5|5|-5|9|82|-117|85|8,160|160|160|50013|19595|1060|29951|4132,0,0,0,5,255,160
542,0,4,4,0,4,0,0,0,2|2|2|2|255|131|196|16,255|255|255|255|0|195|139|76,0|0|0|0|36|16|-58|-127,8|8|8|8|64|-1|116|36,-15|15|-8|8|16|81|-24|86,5|5|-5|-5|-60|16|-72|1,160|160|160|160|35600|9332|65292|9332,0,0,0,5,255,160
543,0,5,5,0,5,0,0,0,2|2|2|2|2|0|0|117,255|255|255|255|255|255|255|131,0|0|0|0|0|2|0|0,8|8|8|8|8|88|0|126,-20|20|-12|12|0|-81|-126|0,8|8|-2|-2|-6|2|-119|-122,160|160|160|160|160|22211|29835|2084,0,0,0,5,255,160
544,0,5,6,0,6,0,0,0,2|2|2|2|2|2|238|1,255|255|255|255|255|255|28|131,0|0|0|0|0|0|116|19,8|8|8|8|8|8|0|116,-24|24|-18|18|-12|12|-116|0,8|8|-2|-2|-6|-6|104|30,160|160|160|160|160|160|0|50014,0,0,0,5,255,160
545,0,6,7,0,7,0,0,0,2|2|2|2|2|2|2|117,255|255|255|255|255|255|255|0,0|0|0|0|0|0|0|-122,8|8|8|8|8|8|8|0,-24|24|-18|18|-12|12|0|48,8|8|-2|-2|-6|-6|-8|-21,160|160|160|160|160|160|160|0,0,0,0,5,255,160
546,0,6,8,0,8,0,0,0,2|2|2|2|2|2|2|2,255|255|255|255|255|255|255|255,0|0|0|0|0|0|0|0,8|8|8|8|8|8|8|8,-24|24|-18|18|-12|12|-5|5,8|8|-2|-2|-6|-6|-8|-8,160|160|160|160|160|160|160|160,0,0,0,5,255,160
547,0,2,1,0,2,0,0,0,2|2|0|0|0|0|0|0,255|255|0|0|0|0|0|0,-6|6|0|0|0|0|0|0,6|6|0|0|0|0|0|0,-6|6|0|0|0|0|0|0,0|0|0|0|0|0|0|0,159|161|0|0|0|0|0|0,0,0,0,5,255,160
548,0,3,2,0,2,0,0,0,2|2|0|0|0|0|0|0,255|255|0|0|0|0|0|0,-6|6|0|0|0|0|0|0,6|6|0|0|0|0|0|0,-6|6|0|0|0|0|0|0,0|0|0|0|0|0|0|0,159|161|0|0|0|0|0|0,0,0,0,5,255,160
549,0,3,2,0,4,0,0,0,2|2|2|2|0|0|0|0,255|255|255|255|0|0|0|0,-6|6|-7|7|0|0|0|0,6|6|5|5|0|0|0|0,-6|6|-6|6|0|0|0|0,0|0|0|0|0|0|0|0,159|161|159|161|0|0|0|0,0,0,0,5,255,160
550,0,3,3,0,3,0,0,0,2|2|2|0|0|0|0|0,255|255|255|0|0|0|0|0,-6|6|0|0|0|0|0|0,6|6|-8|0|0|0|0|0,-6|6|0|0|0|0|0|0,0|0|0|0|0|0|0|0,159|161|160|0|0|0|0|0,0,0,0,5,255,160
551,0,3,4,0,4,0,0,0,2|2|2|2|0|0|0|0,255|255|255|255|0|0|0|0,-6|6|0|0|0|0|0|0,6|6|-8|-8|0|0|0|0,-6|6|-8|8|0|0|0|0,0|0|0|0|0|0|0|0,159|161|160|160|0|0|0|0,0,0,0,5,255,160
552,0,4,5,0,5,0,0,0,2|2|2|2|2|0|0|0,255|255|255|255|255|0|0|0,-6|6|6|-6|0|0|0|0,6|6|-6|-6|-8|0|0|0,-6|6|6|-6|0|0|0|0,0|0|0|0|0|0|0|0,159|161|159|161|160|0|0|0,0,0,0,5,255,160
553,0,4,6,0,6,0,0,0,2|2|2|2|2|2|0|0,255|255|255|255|255|255|0|0,-6|6|6|-6|0|0|0|0,6|6|-6|-6|-8|-8|0|0,-6|6|6|-6|-8|8|0|0,0|0|0|0|0|0|0|0,159|161|159|161|160|160|0|0,0,0,0,5,255,160
554,0,4,7,0,7,0,0,0,2|2|2|2|2|2|2|0,255|255|255|255|255|255|255|0,-6|6|6|-6|0|0|0|0,6|6|-6|-6|-8|-8|-8|0,-6|6|6|-6|-12|12|0|0,0|0|0|0|0|0|4|0,159|161|159|161|160|160|160|0,0,0,0,5,255,160
555,0,5,8,0,8,0,0,0,2|2|2|2|2|2|2|2,255|255|255|255|255|255|255|255,-6|6|6|-6|0|0|0|0,6|6|-6|-6|-8|-8|-8|-8,-6|6|6|-6|-16|16|-10|10,0|0|0|0|0|0|4|4,159|161|159|161|160|160|160|160,0,0,0,5,255,160
556,0,6,8,0,8,0,0,0,2|2|2|2|2|2|2|2,255|255|255|255|255|255|255|255,-6|6|6|-6|0|0|0|0,6|6|-6|-6|-8|-8|-8|8,-6|6|6|-6|-16|16|0|0,0|0|0|0|0|0|4|-4,159|161|159|161|160|160|160|160,0,0,0,5,255,160
557,0,6,8,0,8,0,0,0,2|2|2|2|2|2|2|2,255|255|255|255|255|255|255|255,-6|6|6|-6|0|0|-6|6,6|6|-6|-6|-8|-8|8|8,-6|6|6|-6|-16|16|0|0,0|0|0|0|0|0|-4|-4,159|161|159|161|160|160|159|161,0,0,0,5,255,160
558,0,3,1,0,1,0,0,0,2|0|0|0|0|0|0|0,255|0|0|0|0|0|0|0,0|0|0|0|0|0|0|0,8|0|0|0|0|0|0|0,0|0|0|0|0|0|0|0,0|0|0|0|0|0|0|0,160|0|0|0|0|0|0|0,0,0,0,5,255,160
559,0,4,2,0,2,0,0,0,2|2|0|0|0|0|0|0,255|255|0|0|0|0|0|0,0|0|0|0|0|0|0|0,8|8|0|0|0|0|0|0,-8|8|0|0|0|0|0|0,0|0|0|0|0|0|0|0,160|160|0|0|0|0|0|0,0,0,0,5,255,160
560,0,4,4,0,4,0,0,0,2|2|2|2|0|0|0|0,255|255|255|255|0|0|0|0,0|0|0|0|0|0|0|0,8|8|8|8|0|0|0|0,-15|15|-8|8|0|0|0|0,5|5|-5|-5|0|0|0|0,160|160|160|160|0|0|0|0,0,0,0,5,255,160
561,0,5,5,0,5,0,0,0,3|3|3|3|3|0|0|0,255|255|255|255|255|0|0|0,0|0|0|0|0|0|0|0,8|8|8|8|8|0|0|0,-20|20|-12|12|0|0|0|0,8|8|-2|-2|-6|0|0|0,160|160|160|160|160|0|0|0,0,0,0,5,255,160
562,0,6,7,0,7,0,0,0,4|4|4|4|4|4|4|0,255|255|255|255|255|255|255|0,0|0|0|0|0|0|0|0,8|8|8|8|8|8|8|0,-24|24|-18|18|-12|12|0|0,8|8|-2|-2|-6|-6|-8|0,160|160|160|160|160|160|160|0,0,0,0,5,255,160
563,0,6,8,0,8,0,0,0,6|6|6|6|6|6|6|6,255|255|255|255|255|255|255|255,0|0|0|0|0|0|0|0,8|8|8|8|8|8|8|8,-24|24|-18|18|-12|12|-5|5,8|8|-2|-2|-6|-6|-8|-8,160|160|160|160|160|160|160|160,0,0,0,5,255,160
564,0,3,1,1,1,0,0,0,2|0|0|0|0|0|0|0,255|0|0|0|0|0|0|0,0|0|0|0|0|0|0|0,8|0|0|0|0|0|0|0,0|0|0|0|0|0|0|0,0|0|0|0|0|0|0|0,157|0|0|0|0|0|0|0,0,0,0,5,255,160
565,0,2,1,0,1,0,0,0,1|0|0|0|0|0|0|0,255|0|0|0|0|0|0|0,0|0|0|0|0|0|0|0,10|0|0|0|0|0|0|0,0|0|0|0|0|0|0|0,0|0|0|0|0|0|0|0,58|0|0|0|0|0|0|0,0,0,0,25,255,112
566,0,3,2,0,2,0,0,0,1|1|0|0|0|0|0|0,255|255|0|0|0|0|0|0,-1|1|0|0|0|0|0|0,9|9|0|0|0|0|0|0,-4|4|0|0|0|0|0|0,0|0|0|0|0|0|0|0,58|58|0|0|0|0|0|0,0,0,0,25,255,112
567,0,2,2,0,2,0,0,0,1|1|0|0|0|0|0|0,255|255|0|0|0|0|0|0,-1|1|0|0|0|0|0|0,9|9|0|0|0|0|0|0,-4|4|0|0|0|0|0|0,0|0|0|0|0|0|0|0,58|58|0|0|0|0|0|0,0,0,0,25,255,112
568,0,3,3,0,3,0,0,0,1|1|1|0|0|0|0|0,255|255|255|0|0|0|0|0,-1|1|0|0|0|0|0|0,9|9|10|0|0|0|0|0,-4|4|0|0|0|0|0|0,0|0|0|0|0|0|0|0,58|58|58|0|0|0|0|0,0,0,0,25,255,112
569,0,2,3,0,3,0,0,0,1|1|1|0|0|0|0|0,255|255|255|0|0|0|0|0,-1|1|0|0|0|0|0|0,9|9|10|0|0|0|0|0,-4|4|0|0|0|0|0|0,0|0|0|0|0|0|0|0,58|58|58|0|0|0|0|0,0,0,0,25,255,112
570,0,2,3,0,3,0,0,0,1|1|2|0|0|0|0|0,255|255|255|0|0|0|0|0,-1|1|0|0|0|0|0|0,9|9|10|0|0|0|0|0,-4|4|0|0|0|0|0|0,0|0|0|-24|2|-64|0|4,58|58|59|0|0|8224|8224|0,0,0,0,25,255,112
571,0,3,3,0,3,0,0,0,2|2|1|0|0|0|0|0,255|255|255|0|0|0|0|0,-1|1|0|0|0|0|40|-70,9|9|10|0|0|0|49|118,-4|4|0|118|115|82|51|118,0|0|0|0|0|0|0|0,59|59|58|6994|10|6994|10|59357,0,0,0,25,255,112
572,0,3,3,0,3,0,0,0,2|2|2|131|196|16|235|9,255|255|255|5|184|1|0|0,-1|1|0|-61|86|-117|116|36,9|9|10|-14|1|0|0|0,-4|4|0|-122|-26|1|0|0,0|0|0|86|-1|-106|-74|0,59|59|59|55942|1|2816|29888|20496,0,0,0,25,255,112
573,0,4,5,0,5,0,0,0,2|2|2|1|1|0|116|5,255|255|255|255|255|255|116|36,-2|2|0|-1|1|106|1|86,8|8|10|9|9|-125|-60|16,-8|8|0|-2|2|-119|1|-72,0|0|0|0|0|-117|68|36,279|280|59|58|58|0|49920|35670,0,0,0,25,255,112
574,0,4,5,0,5,0,0,0,2|2|3|1|1|33|61|0,255|255|255|255|255|61|0|8,-2|2|0|-1|1|0|16|0,8|8|10|9|9|116|44|-57,-8|8|0|-2|2|-21|42|-117,0|0|0|0|0|97|4|0,279|280|60|58|58|4|60160|35602,0,0,0,25,255,112
575,0,3,7,0,7,0,0,0,2|2|1|1|1|1|1|195,255|255|255|255|255|255|255|0,-2|2|0|-1|1|-1|1|116,8|8|10|9|9|9|9|0,-8|8|0|-1|1|-7|7|102,0|0|0|0|0|0|0|8,279|280|58|58|58|58|58|65360,0,0,0,25,255,112
576,0,15,1,0,1,0,0,11,112|134|74|1|0|0|1|94,255|235|37|86|232|17|239|255,0|-125|-60|4|-117|-40|-115|-82,-3|1|0|0|106|8|-115|-122,0|1|0|0|80|-1|117|0,0|-126|14|0|0|-125|-60|12,171|512|0|49654|35456|9284|29720|15371,0,0,0,26,98,80
577,0,10,1,0,1,0,0,11,112|235|20|0|0|131|196|8,255|134|242|1|0|0|1|0,0|0|-1|117|0|-24|-125|14,-3|0|-125|-60|4|-117|-61|93,0|94|91|-61|-125|-20|4|83,0|84|36|4|-125|124|36|4,171|41092|1|35584|9284|50948|54912|1,0,0,0,26,98,80
578,0,10,1,0,1,0,0,10,128|31|128|184|172|0|0|0,255|116|49|128|184|173|0|0,0|7|116|40|-10|-128|-26|1,-3|0|5|15|-123|102|1|0,0|-117|68|36|4|-118|-120|-84,0|0|0|10|-55|117|44|80,171|65497|33791|1220|21683|28907|29951|1060,0,0,0,26,98,80
579,0,10,2,0,2,0,0,10,112|112|214|1|0|0|233|44,255|255|0|139|68|36|4|128,0|0|0|0|0|7|117|54,-3|-3|89|-35|-1|-1|-125|-60,-6|6|-64|117|37|-1|116|36,0|0|124|-39|-1|-1|-125|-60,171|171|9332|59400|55829|65535|50307|15624,0,0,0,26,98,80
580,0,10,2,0,2,0,0,9,128|128|249|1|26|219|128|227,255|255|195|84|139|68|36|4,0|0|-6|1|0|0|0|15,-3|-3|0|0|0|102|-125|-72,-6|6|0|0|2|117|91|-10,0|0|1|116|85|-117|-128|-18,171|171|1096|17547|1060|16523|35420|260,0,0,0,26,98,80
581,0,10,3,0,3,0,0,9,128|128|112|116|36|4|106|10,255|255|255|0|193|232|32|66,-5|5|0|76|36|4|-119|-127,0|0|-3|0|-21|121|-117|68,-5|5|0|72|88|-117|68|36,0|0|-3|-18|0|0|0|-1,171|171|171|2024|65520|33791|1220|49163,0,0,0,26,98,80
582,0,10,4,0,4,0,0,9,128|128|112|112|36|4|106|10,255|255|255|255|193|232|208|65,-5|5|-3|3|36|4|-119|-127,0|0|-3|-3|-21|41|83|-1,-5|5|-3|3|-70|-3|-1|-1,0|0|-3|-3|-125|-60|8|-57,171|171|171|171|35584|9284|50948|46720,0,0,0,26,98,80
583,0,9,4,0,4,0,0,8,128|128|112|112|141|134|46|1,255|255|255|255|190|148|0|0,-5|5|-3|3|43|78|76|-119,0|0|-3|-3|2|4|0|0,-5|5|-3|3|0|0|-24|84,0|0|-3|-3|-60|12|106|120,171|171|171|171|50952|62086|1|256,0,0,0,26,98,80
584,0,9,6,0,6,0,0,8,128|128|112|112|112|112|131|236,255|255|255|255|255|255|124|36,-5|5|-3|3|-3|3|0|0,0|0|-3|-3|3|3|-38|1,-5|5|-3|3|-3|3|-117|68,0|0|-3|-3|3|3|0|0,171|171|171|171|171|171|16642|757,0,0,0,26,98,80
585,0,9,7,0,7,0,0,8,128|128|112|112|112|112|112|255,255|255|255|255|255|255|255|255,-5|5|-3|3|-3|3|0|-116,0|0|-3|-3|3|3|-4|-117,-5|5|-3|3|-3|3|0|0,0|0|-3|-3|3|3|-4|-125,171|171|171|171|171|171|171|50307,0,0,0,26,98,80
586,0,9,8,0,8,0,0,8,128|128|112|112|112|112|112|112,255|255|255|255|255|255|255|255,-5|5|-3|3|-3|3|0|0,0|0|-3|-3|3|3|-4|6,-5|5|-3|3|-3|3|0|0,0|0|-3|-3|3|3|-4|6,171|171|171|171|171|171|171|171,0,0,0,26,98,80
587,0,20,1,0,1,0,0,11,128|238|0|0|0|139|120|4,255|68|36|28|3|120|92|246,0|36|32|1|116|47|-117|-57,-3|-118|0|80|-1|116|36|40,0|116|36|36|-24|-42|3|0,-3|-125|-60|12|59|-58|117|7,19|53225|0|35584|9284|65308|9292|65312,0,0,0,26,98,80
588,0,20,1,0,2,0,0,11,128|128|2|4|0|0|5|0,255|255|0|137|68|36|16|139,-3|3|28|-119|76|36|20|15,-3|-3|28|1|0|0|-117|68,-3|3|59|-40|114|2|-117|-40,-3|-3|36|28|43|-19|-57|-128,19|19|1|0|29951|5156|41448|16,0,0,0,26,98,80
589,0,20,2,0,2,0,0,11,128|128|15|182|7|102|15|190,255|255|71|102|193|225|8|102,-3|3|80|-125|-59|2|-1|116,-3|-3|-24|64|17|0|0|-125,-3|3|71|43|-10|-21|31|83,-3|-3|-21|-1|116|36|24|-24,19|19|50307|780|11259|60406|17929|65153,0,0,0,26,98,80
590,0,20,2,0,2,0,0,10,116|116|139|216|57|108|36|32,255|255|139|68|36|28|1|104,-3|3|104|88|-117|-59|93|95,-3|-3|-125|-60|8|-61|83|86,-3|3|116|36|16|-117|78|88,-3|-3|117|12|-57|-122|-14|1,19|19|0|20459|46863|38078|0|33024,0,0,0,26,98,80
591,0,20,2,0,2,0,0,9,116|116|2|139|193|138|92|36,255|255|80|86|232|161|254|255,-4|4|-60|12|-128|-5|116|117,-1|-1|-122|0|2|0|0|-88,-4|4|7|-88|1|117|3|-128,-1|-1|-128|-13|4|83|87|-24,19|19|50307|24328|23390|33731|3308|22099,0,0,0,26,98,80
592,0,20,2,0,2,0,0,8,116|116|4|0|0|137|76|36,255|255|0|4|0|0|139|76,-4|4|-119|68|36|16|15|-73,0|0|1|0|0|-117|68|36,-4|4|-40|114|2|-117|-40|-117,0|0|32|43|-1|-57|-127|-14,19|19|0|35584|23617|17545|6180|33163,0,0,0,26,98,80
593,0,20,2,0,2,0,0,7,113|113|0|0|131|196|4|131,255|255|131|248|1|116|27|131,-4|4|116|44|-118|69|0|80,2|2|116|36|20|-24|-50|15,-4|4|-125|-60|8|69|43|-10,2|2|83|85|3|-5|-1|116,19|19|15|33536|3268|60163|63019|2539,0,0,0,26,98,80
594,0,20,4,0,4,0,0,8,128|128|128|128|195|139|216|57,255|255|255|255|158|139|68|36,-4|4|-2|2|32|3|-57|-119,-2|-2|-4|-4|88|-117|-57|93,-4|4|-2|2|-60|12|-61|86,-2|-2|-4|-4|12|-117|79|88,19|19|19|19|0|0|0|20203,0,0,0,26,98,80
595,0,20,4,0,4,0,0,7,116|116|128|128|193|224|2|59,255|255|255|255|193|80|87|232,-4|4|-2|2|-118|76|36|24,-2|-2|-4|-4|-7|116|117|17,-4|4|-2|2|0|0|-88|-128,-2|-2|-4|-4|117|3|-128|-15,19|19|19|19|15|33536|2244|24159,0,0,0,26,98,80
596,0,15,2,0,4,0,0,7,114|114|114|114|0|139|68|36,255|255|255|255|1|0|0|0,-4|4|-2|2|68|36|8|15,-2|-2|-4|-4|0|0|-127|-58,-4|4|-2|2|-125|-72|-14|1,-2|-2|-4|-4|31|-128|-72|-84,19|19|19|19|173|0|29703|63016,0,0,0,26,98,80
597,0,20,4,0,4,0,0,6,114|114|114|114|0|0|10|201,255|255|255|255|250|211|255|255,-4|4|-2|2|84|-21|108|-1,-2|-2|-4|-4|10|104|-85|-113,-4|4|-2|2|61|-11|2|-117,-2|-2|-4|-4|-127|-42|1|0,19|19|19|19|2084|47232|173|0,0,0,0,26,98,80
598,0,4,2,0,2,0,0,0,1|1|36|8|232|177|211|255,255|255|196|4|106|16|255|116,-10|10|-24|74|-44|-1|-1|-125,0|0|61|0|0|1|0|117,0|0|116|-21|14|-128|-23|16,0|0|1|26|-37|-128|-29|32,285|285|59478|3622|0|17547|4132|50307,0,0,0,6,255,208
599,0,4,3,0,3,0,0,0,1|1|1|25|83|255|116|36,255|255|255|254|255|255|235|10,-10|10|0|36|12|-24|52|-3,0|0|-10|-60|8|-117|68|36,0|0|0|-74|0|0|0|98,0|0|0|-117|68|36|8|-57,285|285|285|0|24064|33627|1220|33731,0,0,0,6,255,208
600,0,5,4,0,4,0,0,0,1|1|1|1|4|0|0|129,255|255|255|255|0|131|191|242,-10|10|-10|10|116|32|-128|-65,0|0|0|0|0|116|9|-128,0|0|0|0|0|7|117|14,3|3|-4|-4|0|0|0|43,285|285|285|285|9252|30068|22319|42216,0,0,0,6,255,208
601,0,5,4,0,4,0,0,0,1|1|1|1|16|87|232|102,255|255|255|255|196|8|61|0,-10|10|0|0|7|43|-64|-23,0|0|-10|10|15|-73|-121|26,0|0|0|0|-8|1|116|19,0|0|0|0|73|-57|71|52,285|285|285|285|1|27136|21760|44520,0,0,0,6,255,208
602,0,5,6,0,6,0,0,0,1|1|1|1|1|1|0|43,255|255|255|255|255|255|255|116,-10|10|-10|10|0|0|0|0,0|0|0|0|-10|10|8|80,0|0|0|0|0|0|15|-73,3|3|-4|-4|0|0|100|-115,285|285|285|285|285|285|65493|33791,0,0,0,6,255,208
603,0,5,4,0,8,0,0,0,2|2|1|1|2|2|2|2,255|255|255|255|255|255|255|255,-10|10|0|0|-10|10|-10|10,0|0|-10|10|0|0|0|0,0|0|0|0|0|0|0|0,0|0|0|0|-8|-10|8|8,170|170|285|285|170|170|170|170,0,0,0,6,255,208
604,0,5,5,0,5,0,0,0,2|2|2|2|1|106|100|106,255|255|255|255|255|0|255|116,-10|10|-10|10|0|0|0|-125,0|0|0|0|-10|17|-117|71,0|0|0|0|0|71|52|0,-8|-8|8|8|0|-21|106|-1,170|170|170|170|285|2244|9066|32872,0,0,0,6,255,208
605,0,5,7,0,7,0,0,0,2|2|2|2|1|1|1|17,255|255|255|255|255|255|255|71,-10|10|-10|10|0|0|0|-21,0|0|0|0|10|-10|-10|13,0|0|0|0|0|-3|3|124,-8|-8|8|8|0|0|0|-84,170|170|170|170|285|285|285|44167,0,0,0,6,255,208
606,0,5,8,0,8,0,0,0,2|2|2|2|1|1|1|1,255|255|255|255|255|255|255|255,-10|10|-10|10|0|0|0|0,0|0|0|0|10|10|-10|-10,0|0|0|0|-3|3|-3|3,-8|-8|8|8|0|0|0|0,170|170|170|170|285|285|285|285,0,0,0,6,255,208
607,0,5,6,0,6,0,0,0,2|2|2|2|2|2|255|199,255|255|255|255|255|255|0|0,-10|10|-10|10|-10|10|36|24,0|0|0|0|0|0|116|36,0|0|0|0|0|0|-125|-60,-16|-16|0|0|16|16|1|116,170|170|170|170|170|170|35053|69,0,0,0,6,255,208
608,0,5,8,0,8,0,0,0,2|2|2|2|2|2|1|1,255|255|255|255|255|255|255|255,-10|10|-10|10|-10|10|0|0,0|0|0|0|0|0|-10|-10,0|0|0|0|0|0|-3|3,-16|-16|0|0|16|16|0|0,170|170|170|170|170|170|285|285,0,0,0,6,255,208
609,0,8,1,0,1,0,0,11,128|255|255|255|131|124|36|28,255|116|11|102|139|84|36|16,0|-19|-120|69|0|71|-24|-80,10|0|0|-117|76|36|36|-119,0|-120|0|0|0|1|121|76,3|68|36|24|3|-57|-119|65,19|24007|24159|33627|4292|22211|29835|2084,0,0,0,26,98,80
610,0,6,1,0,2,0,0,11,128|128|183|134|28|1|0|0,255|255|3|59|200|115|2|139,0|0|86|-24|-87|-2|-1|-1,10|-2|8|106|1|86|-24|82,0|0|-1|-125|-60|8|-117|-122,3|-3|0|0|57|70|76|125,19|19|148|0|517|4|35328|142,0,0,0,26,98,80
611,0,5,1,0,3,0,0,10,128|128|128|4|81|80|232|69,255|255|255|131|196|8|235|20,0|-3|3|1|0|0|0|0,10|-1|-1|-122|-26|1|0|0,0|3|3|0|94|-61|-125|-20,3|-1|-1|87|85|-117|76|36,19|19|19|148|0|34957|1026|0,0,0,0,26,98,80
612,0,6,2,0,2,0,0,10,128|128|183|153|28|1|0|0,255|255|36|36|59|216|114|2,0|0|-117|76|36|32|43|-1,10|-2|-14|1|0|0|1|0,0|0|-117|65|84|-119|68|36,3|-3|105|60|3|-24|-1|116,19|19|9|33536|1220|57475|33539|504,0,0,0,26,98,80
613,0,10,3,0,3,0,0,9,128|128|128|136|69|0|69|71,255|255|255|129|254|0|4|0,0|-3|3|-117|76|36|32|-117,10|0|0|1|121|76|3|-57,0|-3|3|11|-1|116|88|-24,3|0|0|0|-117|76|36|32,19|19|19|18411|21843|60163|29951|6180,0,0,0,26,98,80
614,0,10,3,0,3,0,0,9,128|112|112|195|114|2|139|195,255|255|255|124|36|36|15|135,0|-3|3|-1|-24|34|4|0,10|0|0|36|32|-119|-127|-120,0|-3|3|1|121|76|-117|68,3|0|0|-57|-119|65|84|-117,19|19|19|3268|22211|29835|2084|48771,0,0,0,26,98,80
615,0,10,2,0,4,0,0,9,128|128|128|128|0|0|193|224,255|255|255|255|2|139|193|80,-1|1|-3|3|-1|-1|-125|-60,10|10|0|0|-24|-60|-25|-1,-4|4|-3|3|-117|-122|-22|0,3|3|0|0|76|125|47|15,19|19|19|19|4|35328|142|2,0,0,0,26,98,80
616,0,8,2,0,4,0,0,8,128|128|112|112|232|183|8|0,255|255|255|255|235|20|199|134,-1|1|-3|3|0|0|0|0,12|12|0|0|0|0|0|0,-4|4|-3|3|-125|-20|4|-119,3|3|0|0|124|36|0|0,19|19|19|19|36|32967|474|0,0,0,0,26,98,80
617,0,15,5,0,5,0,0,8,128|128|112|112|128|30|150|0,255|255|255|255|255|2|139|76,-1|1|-3|3|0|1|0|0,12|12|0|0|-3|-1|116|36,-4|4|-3|3|0|-1|-125|-60,3|3|0|0|-3|-1|116|36,19|19|19|19|19|62774|35586|9292,0,0,0,26,98,80
618,0,15,6,0,6,0,0,7,128|128|112|112|128|128|65|76,255|255|255|255|255|255|182|0,-1|1|-3|3|-2|2|-117|68,12|12|0|0|-3|-3|0|0,-4|4|-3|3|-2|2|36|0,3|3|0|0|-3|-3|0|-125,19|19|19|19|19|19|9332|59392,0,0,0,26,98,80
619,0,15,7,0,7,0,0,7,128|128|112|112|112|128|128|248,255|255|255|255|255|255|255|131,-1|0|1|-3|3|-2|2|2,12|12|12|0|0|-3|-3|-117,-4|0|4|-3|3|-2|2|4,3|3|3|0|0|-3|-3|-61,19|19|19|19|19|19|19|4059,0,0,0,26,98,80
620,0,1,1,0,8,0,0,0,4|4|4|4|4|4|4|4,255|255|255|255|255|255|255|255,-2|1|3|-2|4|-1|-3|1,6|8|5|7|5|9|5|7,20|-10|-20|20|-30|10|30|-20,30|40|10|20|10|50|20|30,255|255|255|255|255|255|255|255,0,0,0,10,255,128
621,0,1,1,20,1,0,0,0,99|192|235|239|60|6|117|235,20|192|235|231|87|86|83|205,0|1|0|1|0|-117|116|36,8|-57|5|24|-88|0|-63|0,0|0|0|-117|68|36|20|-117,0|36|24|106|14|104|24|-88,9634|104|16|27136|20736|106|362|52560,0,0,0,10,255,128
622,0,0,8,0,8,0,0,0,4|4|4|4|2|2|2|2,8|8|8|8|8|8|8|8,2|-2|2|-2|3|-3|0|0,2|2|-2|-2|0|0|3|-3,2|-2|2|-2|3|-3|0|0,2|2|-2|-2|0|0|3|-3,21|21|21|21|20|20|20|20,0,0,0,12,1,112
623,0,40,3,1,8,0,0,0,4|4|4|4|4|4|4|4,255|255|255|255|255|255|255|255,-2|1|3|-2|4|-1|-3|1,6|8|5|7|5|9|5|7,80|-40|-80|80|-120|40|120|-80,60|80|20|40|80|100|10|60,109|109|109|109|109|109|109|109,0,0,0,10,255,80
624,0,40,1,0,4,0,0,0,1|1|1|1|205|32|7|0,255|255|255|255|86|83|205|32,0|0|0|0|51|-64|-117|124,8|7|9|6|11|0|4|0,0|0|0|0|0|102|-57|71,0|0|0|0|12|116|8|-51,304|304|304|304|23490|24414|22467|52563,0,0,0,10,255,80
625,0,4,1,1,1,0,0,0,2|102|199|71|14|0|0|102,255|71|12|0|0|91|95|195,0|83|-117|124|36|12|51|-37,8|-117|95|12|102|-63|-29|3,0|-5|-125|-57|16|-117|23|-117,0|4|-127|-6|0|0|0|1,109|46863|9308|19216|2164|55843|8053|55587,0,0,0,5,255,80
626,0,4,2,1,2,0,0,0,2|2|192|235|10|90|184|1,255|255|0|235|2|51|192|91,0|0|86|87|83|-117|124|36,8|8|-73|95|12|102|-117|79,12|-12|59|-39|117|4|51|-64,14|14|102|-63|-29|3|3|-5,109|109|35607|1103|17547|4132|187|1,0,0,0,5,255,80
627,0,4,3,1,3,0,0,0,2|2|2|0|205|32|6|0,255|255|255|124|36|20|139|193,1|-1|0|-61|0|0|85|-117,8|8|8|-117|69|8|-51|32,12|-12|0|0|27|-46|66|-117,14|14|0|51|-64|-51|32|-49,109|109|109|22252|35671|2173|30091|35596,0,0,0,5,255,80
628,0,4,4,1,4,0,0,0,2|2|2|2|238|102|131|194,255|255|255|255|238|238|238|176,1|-1|0|0|85|-117|-20|102,8|8|8|8|-118|-32|-21|0,26|-26|12|-12|-10|-128|-28|-8,14|14|14|14|-60|40|117|12,109|109|109|109|628|49203|50121|35669,0,0,0,5,255,80
629,0,4,5,1,5,0,0,0,2|2|2|2|2|223|12|8,255|255|255|255|255|228|128|176,2|-2|1|-1|0|-55|-61|0,8|8|8|8|8|0|0|0,26|-26|12|-12|0|83|86|87,14|14|14|14|0|-115|119|1,109|109|109|109|109|1220|61476|55434,0,0,0,5,255,80
630,0,4,6,1,6,0,0,0,2|2|2|2|2|2|24|0,255|255|255|255|255|255|106|80,3|-3|2|-2|1|-1|-125|-60,8|8|8|8|8|8|-53|8,40|-40|26|-26|12|-12|0|-125,20|20|14|14|14|14|4|0,109|109|109|109|109|109|0|50307,0,0,0,5,255,80
631,0,4,7,1,7,0,0,0,2|2|2|2|2|2|2|116,255|255|255|255|255|255|255|232,3|-3|2|-2|1|-1|0|106,8|8|8|8|8|8|8|-9,40|-40|26|-26|12|-12|0|-64,20|20|14|14|14|14|0|-24,109|109|109|109|109|109|109|32872,0,0,0,5,255,80
632,0,4,6,1,6,0,0,0,2|2|2|2|2|2|183|124,255|255|255|255|255|255|119|2,2|-2|1|-1|0|0|-125|-60,8|8|8|8|8|8|12|-120,40|-40|26|-26|12|-12|20|86,20|20|14|14|14|14|-60|8,109|109|109|109|109|109|35336|3267,0,0,0,5,255,80
633,0,4,7,1,7,0,0,0,2|2|2|2|2|2|2|131,255|255|255|255|255|255|255|116,2|-2|1|-1|2|-2|0|0,8|8|8|8|8|8|10|0,40|-40|26|-26|12|-12|0|12,20|20|14|14|14|14|0|36,109|109|109|109|109|109|109|9332,0,0,0,5,255,80
634,0,4,8,1,8,0,0,0,2|2|2|2|2|2|2|2,255|255|255|255|255|255|255|255,2|-2|1|-1|2|-2|0|0,8|8|8|8|8|8|10|10,40|-40|26|-26|12|-12|-7|7,20|20|14|14|14|14|0|0,109|109|109|109|109|109|109|109,0,0,0,5,255,80
635,0,4,8,1,8,0,0,0,2|2|2|2|2|2|2|2,255|255|255|255|255|255|255|255,-3|3|1|-1|2|-2|1|-1,8|8|8|8|8|8|10|10,40|-40|26|-26|12|-12|-7|7,20|20|14|14|14|14|0|0,109|109|109|109|109|109|109|109,0,0,0,5,255,80
636,0,12,1,0,1,0,0,0,171|208|208|114|7|102|15|186,255|7|235|5|102|15|186|240,0|-64|-24|4|-118|101|12|-48,0|114|7|102|15|-70|-24|15,0|5|102|15|-70|-16|15|-128,0|-16|10|-60|-120|69|12|88,103|23820|33731|1260|22099|21847|46863|9324,1,0,0,10,255,16
637,0,10,1,0,1,0,0,0,171|4|138|216|246|195|2|116,255|86|232|19|1|0|0|131,0|4|59|-57|116|13|-117|68,0|36|-119|56|43|-64|-23|-22,0|0|0|-128|-29|-3|83|85,0|3|2|0|0|-125|-60|8,103|7204|58984|0|21760|61928|1|33536,1,0,0,10,255,16
638,0,8,1,0,1,0,0,0,171|11|192|15|132|169|0|0,255|86|232|51|1|0|0|136,0|36|22|-125|-60|4|104|-28,0|0|0|85|-24|-65|1|0,0|-125|-60|8|106|35|106|64,0|64|86|-24|-70|0|0|0,103|2832|29888|26747|230|0|59477|414,1,0,0,10,255,16
639,0,8,2,0,2,0,0,0,171|171|196|16|11|192|116|90,255|255|228|0|0|0|136|68,-1|1|-125|-60|4|104|-28|0,0|0|85|-24|112|1|0|0,-6|6|8|67|-1|116|36|19,0|0|116|36|22|-24|-40|-2,103|103|34824|65347|9066|16490|16490|59478,1,0,0,10,255,16
640,0,6,2,0,2,0,0,0,171|171|196|4|11|192|117|10,255|255|36|32|15|135|50|255,-1|1|-117|68|36|36|-119|56,0|0|0|0|0|93|95|94,-6|6|-60|4|-61|0|0|0,0|0|0|0|0|0|0|0,103|103|1060|26600|0|33536|1220|2216,1,0,0,10,255,16
641,0,6,3,0,3,0,0,0,171|171|171|23|169|183|2|139,255|255|255|138|92|36|24|139,-2|2|0|-125|-60|4|104|36,0|0|0|-24|-2|-88|-73|2,-6|6|0|86|-24|41|0|0,-1|-1|0|4|34|-61|58|68,103|103|103|168|11201|8197|168|15297,1,0,0,10,255,16
642,0,5,2,0,4,0,0,0,171|171|171|171|236|51|192|82,255|255|255|255|236|90|201|195,-2|2|-1|1|83|51|-46|51,0|0|0|0|8|-117|117|12,-6|6|-4|4|-120|4|51|67,-1|-1|0|0|-55|-61|85|-117,103|103|103|103|60774|51546|21955|60555,1,0,0,10,255,16
643,0,7,4,0,4,0,0,0,171|171|171|171|136|4|51|67,255|255|255|255|226|244|91|94,-2|2|-1|1|-20|51|-64|82,0|0|0|0|-19|90|-55|-61,-6|6|-4|4|83|51|-46|51,-1|-1|0|0|8|-117|117|12,103|103|103|103|13060|34883|13092|49475,1,0,0,10,255,16
644,0,5,3,0,3,0,0,0,171|171|171|82|51|210|102|139,255|255|255|69|12|238|90|201,-1|1|0|-20|86|83|51|-46,0|0|0|-117|85|8|-117|117,-6|6|0|16|-118|4|51|-18,-1|-1|0|91|94|-55|-61|85,103|103|103|21899|26120|17803|26124|23279,1,0,0,10,255,16
645,0,5,4,0,4,0,0,0,171|171|171|171|16|209|233|138,255|255|255|255|36|51|67|102,-2|2|0|0|94|-55|-61|85,0|0|0|0|-46|102|-117|85,-10|10|-6|6|-17|90|-55|-61,-4|-4|-2|-2|83|51|-46|51,103|103|103|103|19851|49424|745|1162,1,0,0,10,255,16
646,0,5,5,0,5,0,0,0,171|171|171|171|171|226|231|91,255|255|255|255|255|0|0|0,-2|2|0|0|0|1|1|1,0|0|0|0|0|2|2|2,-10|10|-6|6|0|3|-73|-120,-4|-4|-2|-2|0|-61|-121|66,103|103|103|103|103|33740|49408|34630,1,0,0,10,255,16
647,0,4,1,0,1,0,0,0,1|193|178|67|184|195|216|67,255|195|13|136|0|193|78|136,0|-63|3|68|-72|-61|-124|68,12|-61|60|68|-72|-61|0|0,0|0|-107|69|-72|-61|-63|69,0|-61|-56|-120|0|-63|-126|-122,228|0|0|0|0|0|0|0,0,0,0,6,255,32
648,0,7,1,0,1,0,0,0,2|0|0|0|0|0|0|16,107|0|235|42|168|8|116|7,0|0|4|0|0|-21|31|15,8|-56|-9|-47|-10|-63|16|116,0|-72|0|8|0|0|-21|14,0|-128|-72|0|0|0|0|117,601|512|0|22211|29835|2084|29951|3108,0,0,0,6,255,32
649,0,6,1,0,1,0,0,0,2|127|25|0|0|131|196|4,107|192|184|1|0|0|0|116,0|-117|70|52|-119|70|12|15,8|-122|-108|0|0|0|64|80,0|-83|29|0|0|-125|-60|4,0|-8|52|72|80|-24|112|-1,601|50307|35076|13382|49195|50014|35669|33772,0,0,0,6,255,32
650,0,6,3,0,3,0,0,0,2|1|1|248|141|127|1|198,107|255|255|0|0|0|156|250,0|-10|10|-56|0|0|0|87,8|0|0|-1|-1|-1|-125|-60,0|0|0|15|-124|-128|0|0,0|0|0|12|-1|69|12|-118,601|228|228|6367|0|50307|32776|446,0,0,0,6,255,32
651,0,6,4,0,4,0,0,0,2|1|1|1|4|254|203|117,107|255|255|255|232|33|29|0,0|-9|9|0|-88|-128|116|7,8|2|2|-10|20|114|-20|15,0|0|0|0|116|37|-125|-8,0|0|0|0|-122|1|2|0,601|228|228|228|15360|30228|50702|390,0,0,0,6,255,32
652,0,6,5,0,5,0,0,0,2|1|1|1|1|11|192|116,107|255|255|255|255|125|252|0,0|-9|9|-8|8|-1|-99|-72,8|2|2|-3|-3|94|91|-117,0|0|0|0|0|1|0|0,0|0|0|0|0|8|83|86,601|228|228|228|228|0|35584|35320,0,0,0,6,255,32
653,0,6,3,0,3,0,0,0,4|1|1|0|0|0|128|190,105|255|255|0|255|117|15|255,0|-10|10|86|-24|-29|-2|-1,7|0|0|8|-21|121|-57|68,0|0|0|8|0|0|87|86,0|0|0|-1|-1|-125|-60|8,582|228|228|8228|17663|8228|138|65360,0,0,0,6,255,32
654,0,6,5,0,5,0,0,0,4|1|1|1|1|128|190|1,105|255|255|255|255|19|15|182,0|-9|9|-8|8|87|-24|39,7|2|2|-3|-3|4|75|117,0|0|0|0|0|15|-74|-122,0|0|0|0|0|-74|-128|108,582|228|228|228|228|33552|9340|16,0,0,0,6,255,32
655,0,6,6,0,6,0,0,0,4|1|1|1|1|2|88|0,105|255|255|255|255|107|0|0,0|-9|9|-8|8|0|0|0,7|2|2|-3|-3|-8|92|-57,0|0|0|0|0|0|0|0,0|0|0|0|0|0|0|80,582|228|228|228|228|601|20480|59478,0,0,0,6,255,32
656,0,6,5,0,5,0,0,0,4|2|2|2|2|29|86|232,105|107|107|107|107|196|4|246,0|-6|6|-8|8|2|116|11,7|6|6|-3|-3|-7|-1|-1,0|0|0|0|0|88|0|117,0|0|0|0|0|0|0|0,582|601|601|601|601|36|29951|36,0,0,0,6,255,32
657,0,6,7,0,7,0,0,0,4|4|4|2|2|1|1|0,105|105|105|107|107|255|255|106,0|-6|6|-6|6|-10|10|87,7|6|6|-6|-6|0|0|-119,0|0|0|0|0|0|0|-117,0|0|0|0|0|0|0|0,582|582|582|601|601|228|228|0,0,0,0,6,255,32
658,0,2,2,0,2,0,0,0,1|1|115|2|51|192|95|93,255|255|139|116|36|8|139|68,0|0|11|-64|116|19|-125|-8,12|12|72|-57|70|12|-21|-1,-6|6|43|-64|-23|-121|0|0,4|4|70|88|0|0|0|0,108|108|0|50944|24646|0|0|34443,0,0,0,20,255,112
659,0,6,1,0,1,0,0,0,3|1|0|0|0|0|0|0,255|232|135|247|255|255|131|196,0|-21|47|-57|70|76|0|0,2|0|-57|70|80|0|0|0,-10|-57|70|84|0|0|0|0,0|-122|-38|1|0|0|11|-64,88|59472|18870|757|34503|474|0|0,0,0,20,26,255,48
660,0,5,1,0,1,0,0,0,3|137|70|52|199|70|12|0,255|0|0|184|1|0|0|0,0|-61|86|87|-117|124|36|12,2|116|36|16|11|-10|116|38,-30|6|0|0|0|0|-125|-65,0|1|0|0|0|116|11|-5,88|46743|0|33536|1220|18315|35148|1094,0,0,30,26,255,48
661,0,5,2,0,2,0,0,0,3|3|95|94|195|131|236|8,255|255|87|102|199|68|36|14,0|0|-117|116|36|24|-57|68,2|-2|0|0|0|0|-118|-98,-30|-30|0|0|86|-24|-32|-33,0|0|-125|-60|4|106|4|86,88|88|33791|2244|61|256|29696|50959,0,0,30,26,255,48
662,0,5,2,0,2,0,0,0,3|3|0|0|0|106|35|106,255|255|8|15|183|199|64|80,0|0|25|0|0|-125|-60|16,2|2|117|24|86|-24|-104|-33,-30|-20|-125|-60|4|-57|-122|-30,0|0|0|0|0|0|0|-23,88|88|17549|4132|36176|9284|27154|20482,0,0,30,26,255,48
663,0,5,3,0,3,0,0,0,3|3|3|131|196|4|199|134,255|255|255|0|0|0|0|0,0|0|0|0|0|-118|100|36,2|2|-2|36|15|102|-119|68,-30|-20|-30|61|2|0|119|21,0|0|0|-33|-1|-1|-125|-60,88|88|88|0|0|60160|26225|27779,0,0,30,26,255,48
664,0,7,2,0,2,0,0,0,3|3|102|137|68|36|14|141,255|255|16|80|15|183|68|36,0|120|-1|-74|-34|0|0|0,1|120|-122|-108|0|0|0|80,-17|-7|23|0|0|-117|68|36,-35|-5|-60|16|-119|-122|-30|0,88|88|57058|65535|50307|3844|50102|49163,0,0,4,26,255,48
665,0,7,2,0,2,0,0,0,3|3|8|106|16|86|232|102,255|255|255|131|196|8|95|94,0|120|-60|8|-61|83|86|87,1|120|36|16|-117|68|36|20,-20|-10|7|116|27|-125|-8|17,-30|0|-125|-8|18|116|105|-57,88|88|65535|440|0|59648|244|0,0,0,5,26,255,48
666,0,6,2,0,2,0,0,0,3|3|233|198|0|0|0|128,255|255|0|0|0|255|139|124,0|120|117|11|-57|7|0|0,1|120|-23|-82|0|0|0|-117,-26|-13|-119|-122|-34|0|0|0,-30|0|36|24|-119|-98|-30|0,88|88|65085|65535|50307|35588|57990|0,0,0,6,26,255,48
667,0,5,2,0,2,0,0,0,3|3|70|12|235|255|255|255,255|255|0|0|0|102|131|190,0|120|0|0|2|117|116|-118,1|120|0|0|0|60|7|117,-30|-20|-66|-14|1|0|0|1,-30|0|60|4|116|20|106|16,88|88|65535|50307|15624|0|1|628,0,0,7,26,255,48
668,0,6,3,0,3,0,0,0,3|3|3|249|224|255|255|131,255|255|255|192|116|15|139|70,0|120|120|12|-57|70|52|0,1|120|120|-21|37|-127|-53|-128,-24|-7|-19|83|87|-24|86|24,-30|0|0|-60|8|-57|70|12,88|88|88|0|60160|50953|3142|65526,0,0,6,26,255,48
669,0,6,4,0,4,0,0,0,3|3|3|3|132|174|0|0,255|255|255|255|40|11|255|15,1|-1|120|120|0|-117|68|36,1|1|120|120|116|20|-125|-8,-24|-24|-7|-19|-8|18|116|102,-30|-30|0|0|124|-23|-123|0,88|88|88|88|50307|22020|55016|65509,0,0,6,26,255,48
670,0,0,1,3,8,0,0,0,3|3|3|3|3|3|3|3,255|255|255|255|255|255|255|255,0|4|6|4|0|-4|-6|-4,6|4|0|-4|-6|-4|0|4,0|4|6|4|0|-4|-6|-4,-6|-4|0|4|6|4|0|-4,126|126|126|126|126|126|126|126,0,0,0,26,255,208
671,0,2,1,0,1,0,0,0,1|196|16|11|192|116|9|235,255|131|142|14|2|0|0|1,0|-1|-1|-1|-1|-21|2|43,0|95|94|-61|86|-117|116|36,0|-1|116|36|12|86|-24|119,0|-1|-1|-125|-60|8|11|-64,246|0|29696|22053|61928|47031|33538|1220,-1,0,0,26,255,32
672,0,8,4,0,8,0,0,0,4|2|2|1|4|2|2|1,255|255|255|255|255|255|255|255,120|120|120|120|120|120|120|120,7|7|6|6|6|6|5|5,0|0|0|0|0|0|0|0,-14|0|0|14|-14|0|0|14,97|116|116|135|101|120|120|139,1,0,0,14,255,208
673,0,3,2,0,2,0,0,0,1|1|255|131|196|8|131|126,255|255|116|39|199|70|88|0,0|0|0|43|-64|-21|28|-128,8|8|0|0|0|16|-1|116,-16|15|117|4|106|116|-21|2,0|0|86|-24|-17|8|0|0,58|58|504|51483|57729|16384|0|20105,0,0,0,8,255,208
674,0,3,3,0,3,0,0,0,1|1|1|0|0|0|116|36,255|255|255|20|11|201|116|28,0|0|0|0|0|0|11|-1,8|8|8|116|36|24|81|80,-16|15|0|-125|-60|16|-21|9,0|0|-4|5|-72|1|0|0,58|58|58|9332|33544|62142|1|0,0,0,0,8,255,208
675,0,3,4,0,4,0,0,0,1|1|1|1|4|139|134|218,255|255|255|255|192|116|16|80,0|0|0|0|2|-57|-122|-38,8|8|8|8|0|0|0|-128,-19|18|-15|14|0|0|116|5,0|0|-2|-2|19|-1|116|36,58|58|58|58|18920|65520|33791|4292,0,0,0,8,255,208
676,0,3,5,0,5,0,0,0,1|1|1|1|1|0|0|0,255|255|255|255|255|195|86|139,0|0|0|0|0|-123|-74|-73,8|8|8|8|8|70|52|61,-19|18|-15|14|0|33|61|0,0|0|-2|-2|-4|61|0|8,58|58|58|58|58|9284|29708|50988,0,0,0,8,255,208
677,0,3,7,0,7,0,0,0,1|1|1|1|1|1|1|199,255|255|255|255|255|255|255|139,0|0|0|0|0|0|0|0,8|8|8|8|8|8|8|0,-19|18|-15|14|-11|10|0|-61,0|0|-2|-2|-4|-4|-6|0,58|58|58|58|58|58|58|0,0,0,0,8,255,208
678,0,3,7,0,7,0,0,0,1|1|1|1|1|1|1|0,255|255|255|255|255|255|255|255,0|0|0|0|0|0|0|-125,8|8|8|8|8|8|8|102,-19|18|-15|14|-6|5|0|94,0|0|-2|-2|-4|-4|-6|-1,58|58|58|58|58|58|58|34445,0,0,0,8,255,208
679,0,3,3,0,6,0,0,0,1|1|1|1|1|1|246|193,255|255|255|255|255|255|11|60,0|0|0|0|0|0|117|2,8|8|8|8|8|-8|80|87,-16|15|0|-16|15|0|-60|8,0|0|-4|0|0|4|1|0,58|58|134|58|58|77|35588|24003,0,0,0,8,255,208
680,0,3,4,0,8,0,0,0,1|1|1|1|1|1|1|1,255|255|255|255|255|255|255|255,0|0|0|0|0|0|0|0,8|8|8|8|-8|-8|8|8,-19|18|-15|14|-3|2|-6|5,0|0|-2|-2|4|4|-2|-2,58|58|58|58|58|58|58|58,0,0,0,8,255,208
681,0,3,3,0,6,0,0,0,1|1|173|1|1|1|196|4,255|255|255|255|255|255|36|4,0|0|0|0|0|0|-63|-24,8|8|8|8|8|-8|36|4,-16|15|0|-16|15|0|-23|44,0|0|-4|0|0|4|4|-128,58|58|241|58|58|77|65535|50307,0,0,0,8,255,208
682,0,3,2,0,8,0,0,0,173|173|1|1|1|1|1|1,255|255|255|255|255|255|255|255,0|0|0|0|0|0|0|0,8|8|8|8|8|8|8|8,-16|15|-5|4|-5|4|-5|4,0|0|0|0|0|0|0|0,241|241|58|58|58|58|58|58,0,0,0,8,255,208
683,0,3,5,0,5,0,0,0,1|1|1|1|173|4|139|68,255|255|255|255|255|138|4|1,0|0|0|0|0|12|-24|-28,8|8|8|8|8|12|11|-64,-19|18|-15|14|0|4|106|10,0|0|-2|-2|-4|-24|32|66,58|58|58|58|241|0|31211|17547,0,0,0,8,255,208
684,0,3,2,0,2,0,0,0,1|1|255|116|36|4|232|7,255|255|255|131|196|4|11|192,-6|6|-1|116|36|4|-24|-65,6|6|-1|-125|-60|4|11|-64,-16|15|-1|116|36|4|106|10,0|0|-113|0|-63|-24|-48|65,163|164|1060|33161|470|0|10731|65363,0,0,0,8,255,208
685,0,3,3,0,3,0,0,0,1|1|1|0|0|1|0|0,255|255|255|36|4|199|128|182,-6|6|0|-122|118|0|-63|91,6|6|-8|-61|86|87|-117|116,-16|15|0|4|-115|-122|46|1,0|0|4|-73|-66|-108|0|0,163|164|77|35148|20488|51073|1026|0,0,0,0,8,255,208
686,0,3,4,0,4,0,0,0,1|1|1|1|0|0|131|196,255|255|255|255|1|0|0|1,-6|6|-7|7|-74|42|1|0,6|6|4|4|0|0|-125|-60,-16|15|-16|15|94|-61|-125|-20,0|0|0|0|0|-125|124|36,163|164|281|282|17547|36|32967|474,0,0,0,8,255,208
687,0,3,6,0,6,0,0,0,1|1|1|1|1|1|104|0,255|255|255|255|255|255|245|2,-6|6|-7|7|-8|8|-38|1,6|6|3|3|0|0|0|-1,-16|15|-16|15|-16|15|-1|-1,0|0|0|0|0|0|28|-1,163|164|281|282|39|1|62784|35586,0,0,0,8,255,208
688,0,3,8,0,8,0,0,0,1|1|1|1|1|1|1|1,255|255|255|255|255|255|255|255,-6|6|-7|7|-8|8|-3|3,6|6|3|3|0|0|7|7,-16|15|-16|15|-16|15|-16|15,0|0|0|0|0|0|0|0,163|164|281|282|39|1|201|202,0,0,0,8,255,208
689,0,3,4,0,4,0,0,0,3|3|1|1|0|134|118|0,255|255|255|255|195|0|0|0,-6|6|-3|3|8|83|86|87,6|6|7|7|28|43|-10|-117,-16|15|-16|15|0|-117|120|4,0|0|0|0|3|120|92|-10,121|122|201|202|35399|20480|29951|10276,0,0,0,8,255,208
690,0,3,6,0,6,0,0,0,3|3|1|1|1|1|0|139,255|255|255|255|255|255|32|255,-6|6|-3|3|-7|7|68|36,6|6|7|7|3|3|0|0,-16|15|-16|15|-16|15|5|0,0|0|0|0|0|0|16|-117,121|122|201|202|281|282|0|17547,0,0,0,8,255,208
691,0,3,4,0,4,0,0,0,3|3|3|3|1|0|0|0,255|255|255|255|232|161|16|0,-7|7|-4|4|-125|-32|3|-125,4|4|7|7|-125|-8|2|116,-16|15|-16|15|7|102|15|-66,0|0|0|0|-63|-31|8|102,98|98|98|98|5156|16616|17|33536,0,0,0,8,255,208
692,0,3,6,0,6,0,0,0,3|3|3|3|3|3|12|3,255|255|255|255|255|255|129|254,-7|7|-4|4|-8|8|-117|68,4|4|7|7|1|1|114|2,-16|15|-16|15|-16|15|36|32,0|0|0|0|0|0|1|104,98|98|98|98|98|98|49928|22099,0,0,0,8,255,208
693,0,3,2,0,2,0,0,0,173|173|0|0|0|0|235|79,255|255|190|148|0|0|0|129,-6|6|4|0|0|15|-73|-122,6|6|0|0|-63|-32|3|59,-16|15|2|-117|-63|-118|92|36,0|0|80|86|-24|-95|-2|-1,241|241|64384|30068|35345|134|2|43008,0,0,0,8,255,208
694,0,3,3,0,3,0,0,0,173|173|173|0|131|196|8|95,255|255|255|131|236|12|83|86,-6|6|0|76|36|32|43|-10,6|6|-7|-108|0|0|0|-115,-16|15|0|0|0|-119|76|36,0|0|0|4|0|0|-117|76,241|241|241|46863|7321|1|35584|9284,0,0,0,8,255,208
695,0,5,1,0,2,0,0,0,174|175|0|1|0|0|0|139,255|255|137|68|36|24|139|129,-6|6|0|0|-117|108|36|24,6|6|4|-1|116|36|20|-24,-16|15|0|0|-125|-60|4|-125,0|0|-125|-8|1|116|27|-125,255|255|17802|20480|65351|9332|59412|4046,0,0,0,8,255,208
696,0,8,2,0,2,0,0,0,174|175|232|202|15|0|0|131,255|255|3|235|43|246|235|9,-6|6|-2|0|8|0|0|119,6|6|68|36|36|43|-57|59,-16|15|2|-117|-61|-117|-40|57,0|0|36|119|-98|-117|68|36,255|255|800|35271|23617|31017|35672|24007,0,0,0,8,255,208
697,0,8,3,0,3,0,0,0,174|175|1|12|199|135|242|1,255|255|255|0|0|0|235|78,-6|6|0|-108|0|0|0|-127,6|6|-8|0|0|15|-73|-121,-16|15|0|0|-63|-32|2|59,0|0|0|-117|-63|80|87|-24,255|255|111|6180|50307|32776|29945|4469,0,0,0,8,255,208
698,0,8,4,0,4,0,0,0,174|175|1|1|81|86|232|21,255|255|255|255|196|8|95|94,-6|6|-6|6|83|86|-119|84,6|6|-6|-6|36|8|0|15,-16|15|-15|14|0|-117|68|36,0|0|0|0|1|0|0|0,255|255|111|111|45239|148|0|50817,0,0,0,8,255,208
699,0,8,5,0,5,0,0,0,174|175|1|1|1|49|128|184,255|255|255|255|255|116|40|246,-6|6|-6|6|0|5|-10|0,6|6|-6|-6|-8|8|-24|-122,-16|15|-15|14|0|4|-23|-27,0|0|0|0|0|36|8|-24,255|255|111|111|111|0|17547|2084,0,0,0,8,255,208
700,0,8,6,0,6,0,0,0,174|175|1|1|1|1|255|116,255|255|255|255|255|255|111|0,-6|6|-6|6|0|0|-117|76,6|6|-6|-6|-8|-8|0|0,-16|15|-15|14|-4|3|68|36,0|0|0|0|0|0|0|127,255|255|111|111|111|111|0|17547,0,0,0,8,255,208
701,0,8,7,0,7,0,0,0,174|175|1|1|1|1|1|0,255|255|255|255|255|255|255|8,-6|6|-6|6|-3|3|0|-24,6|6|-6|-6|-7|-7|-8|12,-16|15|-15|14|-9|8|0|1,0|0|0|0|0|0|0|-125,255|255|111|111|111|111|111|0,0,0,0,8,255,208
702,0,8,7,0,7,0,0,0,174|175|1|1|1|1|1|8,255|255|255|255|255|255|255|0,-6|6|-6|6|-3|3|0|-128,6|6|-6|-6|-7|-7|8|0,-16|15|-15|14|-9|8|0|-20,0|0|0|0|0|0|0|36,255|255|111|111|111|111|111|32907,0,0,0,8,255,208
703,0,8,5,0,5,0,0,0,174|175|174|175|1|0|0|139,255|255|255|255|255|88|0|15,-6|6|-6|6|0|106|10|81,6|6|6|6|-8|-125|-60|8,-16|15|-19|18|0|116|36|0,0|0|12|12|0|0|-63|-24,255|255|255|255|111|470|0|21993,0,0,0,8,255,208
704,0,8,7,0,7,0,0,0,174|175|174|175|1|1|1|74,255|255|255|255|255|255|255|1,-6|6|-6|6|0|-3|3|0,6|6|6|6|8|-7|-7|26,-16|15|-19|18|0|-9|8|-125,0|0|12|12|0|0|0|0,255|255|255|255|111|111|111|0,0,0,0,8,255,208
705,0,8,8,0,8,0,0,0,174|175|174|175|1|1|1|1,255|255|255|255|255|255|255|255,-6|6|-6|6|0|-6|6|0,6|6|6|6|8|-6|-6|-8,-16|15|-19|18|0|-9|8|0,0|0|12|12|0|0|0|0,255|255|255|255|111|111|111|111,0,0,0,8,255,208
706,0,1,5,20,5,0,0,0,99|99|99|99|99|8|233|157,20|20|20|20|20|36|0|199,0|-1|1|-2|2|0|0|0,8|7|7|5|5|39|0|0,0|0|0|0|0|-127|-120|0,0|0|0|0|0|0|-57|-128,9634|9634|9634|9634|9634|36|27880|6,0,0,0,10,255,128
707,0,11,8,1,8,0,0,0,20|20|20|20|20|20|20|20,255|255|255|255|255|255|255|255,120|120|120|120|120|120|120|120,120|120|120|120|120|120|120|120,14|0|-14|0|9|9|-9|-9,0|14|0|-14|9|-9|-9|9,227|227|227|227|227|227|227|227,0,0,0,26,255,208
708,70,2,7,0,7,0,0,0,189|189|189|189|189|189|189|0,255|255|255|255|255|255|255|139,0|-1|1|-2|2|-3|3|0,1|0|0|0|0|-1|-1|20,0|0|0|0|0|0|0|-122,0|0|0|0|0|0|0|4,238|238|238|238|238|238|238|17269,1,0,0,6,255,208
709,0,9,8,0,8,0,0,8,114|114|114|114|114|114|114|114,255|255|255|255|255|255|255|255,-5|5|-3|3|-3|3|0|0,0|0|-3|-3|3|3|-4|6,-5|5|-3|3|-3|3|0|0,0|0|-3|-3|3|3|-4|6,171|171|171|171|171|171|171|171,0,0,0,26,98,208
710,10,0,1,3,1,0,0,0,128|137|84|36|12|139|68|36,255|15|183|176|148|0|0|0,0|-58|2|4|0|0|86|-24,1|42|0|0|-125|-60|4|-120,0|36|11|-118|-40|-128|-29|-32,0|-5|96|116|23|-128|-5|64,271|29951|4132|44776|65535|33791|1220|59897,0,0,0,8,255,208
711,0,6,8,0,8,0,0,0,12|12|6|6|6|6|6|6,255|255|255|255|255|255|255|255,0|0|0|0|0|0|0|0,8|8|8|8|8|8|8|8,-24|24|-18|18|-12|12|-5|5,8|8|-2|-2|-6|-6|-8|-8,160|160|160|160|160|160|160|160,0,0,0,5,255,96
712,0,3,1,0,1,0,0,0,3|0|0|0|116|43|139|76,255|16|57|136|242|0|0|0,0|31|-125|-72|-6|1|0|0,10|116|8|80|104|0|113|0,0|-21|9|-1|116|36|12|104,0|111|0|-63|-24|-7|88|-11,72|23390|50307|49932|60547|21252|22358|35669,0,0,0,13,255,208
713,0,3,2,0,2,0,0,0,3|3|0|0|131|196|4|168,255|255|5|233|162|0|0|0,0|0|-68|41|0|0|-125|-60,10|10|-40|12|32|80|85|-24,-6|6|0|0|-125|-60|8|-128,0|0|83|85|-24|63|42|0,72|72|9066|106|16490|59479|10554|0,0,0,0,13,255,208
714,0,3,3,0,3,0,0,0,3|3|3|85|232|23|42|0,255|255|255|8|128|203|251|255,0|0|0|85|-24|7|42|0,10|10|10|8|83|85|-24|-3,-6|6|0|-125|-60|8|83|85,0|0|-4|0|0|-125|-60|8,72|72|72|59479|10478|0|50307|2832,0,0,0,13,255,208
715,0,3,4,0,4,0,0,0,3|3|3|3|0|4|0|0,255|255|255|255|0|0|0|0,0|0|0|0|93|95|94|91,10|10|10|10|-125|-20|36|83,-6|6|3|-3|36|16|1|0,0|0|-4|-4|36|20|3|0,72|72|72|72|0|17607|7204|7,0,0,0,13,255,208
716,0,3,3,0,3,0,0,0,3|3|8|68|36|40|202|0,255|255|255|139|116|36|52|199,0|0|0|-50|0|0|0|15,10|10|10|124|-124|16|87|-24,-6|6|0|0|-125|-60|4|87,0|0|-4|0|0|-125|-60|4,72|72|12|0|17544|4900|50307|22276,0,0,0,13,255,208
717,0,3,4,0,4,0,0,0,3|3|5|5|36|15|102|193,255|255|255|255|193|102|64|102,0|0|0|0|3|102|3|-64,10|10|10|10|-60|36|-61|83,-6|6|4|-4|36|16|15|-73,0|0|-4|-4|0|-127|-57|2,72|72|12|12|59392|8882|0|50307,0,0,0,13,255,208
718,0,4,2,0,2,0,0,0,2|2|40|0|0|131|196|8,255|255|134|32|1|0|0|80,0|0|-1|-1|-1|-125|-60|4,12|12|-56|-117|-122|-26|1|0,-8|10|-8|1|116|7|-125|-8,0|0|28|-21|123|-117|70|88,262|262|10584|23630|49163|27765|59478|1251,0,0,0,5,255,208
719,0,5,3,0,3,0,0,7,3|3|3|64|43|70|76|43,255|255|255|182|50|1|0|0,0|-4|4|-24|59|3|0|0,-8|5|5|86|-24|51|-13|-1,0|0|0|4|86|-24|-56|-8,0|0|0|-60|4|106|52|87,166|166|166|2244|59475|10164|0|50307,0,0,0,26,255,208
720,0,10,1,0,1,0,0,0,8|59|40|0|0|131|196|8,255|94|91|195|86|139|116|36,0|86|-24|24|-1|-1|-1|-125,10|4|102|-117|-114|56|1|0,-20|15|-73|-63|61|0|8|0,-15|116|18|61|0|-128|0|0,60022|59473|8308|0|50307|60164|36129|16006,0,0,0,13,255,208
721,0,5,8,1,8,0,0,0,5|5|4|4|4|4|4|4,255|255|255|255|255|255|255|255,0|0|0|0|0|0|0|0,22|22|22|22|22|22|22|22,0|0|0|0|0|0|0|0,0|-14|-28|-42|-56|-70|-84|-98,192|191|192|191|192|191|192|191,0,0,0,15,255,128
722,0,5,8,0,8,0,0,0,5|5|4|4|4|4|4|4,255|255|255|255|255|255|255|255,-12|-12|-12|-12|-12|-12|-12|-12,14|14|14|14|14|14|14|14,0|-12|-24|-36|-48|-60|-72|-84,0|-14|-28|-42|-56|-70|-84|-98,194|195|194|195|194|195|194|195,0,0,0,15,255,128
723,0,5,8,0,8,0,0,0,5|5|4|4|4|4|4|4,255|255|255|255|255|255|255|255,12|12|12|12|12|12|12|12,14|14|14|14|14|14|14|14,0|12|24|36|48|60|72|84,0|-14|-28|-42|-56|-70|-84|-98,196|197|196|197|196|197|196|197,0,0,0,15,255,128
724,0,5,8,1,8,0,0,0,5|5|4|4|4|4|4|4,255|255|255|255|255|255|255|255,-22|-22|-22|-22|-22|-22|-22|-22,0|0|0|0|0|0|0|0,0|-12|-24|-36|-48|-60|-72|-84,0|0|0|0|0|0|0|0,198|199|198|199|198|199|198|199,0,0,0,15,255,128
725,0,5,8,1,8,0,0,0,5|5|4|4|4|4|4|4,255|255|255|255|255|255|255|255,22|22|22|22|22|22|22|22,0|0|0|0|0|0|0|0,0|12|24|36|48|60|72|84,0|0|0|0|0|0|0|0,198|199|198|199|198|199|198|199,0,0,0,15,255,128
726,0,5,1,1,1,0,0,0,2|0|64|128|190|172|0|0,255|0|117|32|80|232|64|37,0|0|-125|-60|4|11|-64|117,10|86|-1|-106|-78|0|0|0,0|-60|4|86|-24|-111|-21|-1,0|-125|-60|4|-57|-122|-14|1,50|0|0|50014|0|0|0|0,0,0,0,26,255,208
727,0,5,2,0,2,0,0,0,1|1|0|80|255|182|50|1,255|255|106|2|86|232|52|0,-7|7|-125|-60|16|-119|-122|46,7|7|0|94|-61|86|-117|116,-5|5|-1|-74|46|1|0|0,0|0|50|1|0|0|106|1,121|122|0|50307|27152|22017|42216|4,0,0,0,5,255,208
728,0,4,1,0,1,0,0,0,1|248|1|116|7|131|248|2,255|56|235|112|139|116|36|20,0|68|36|32|-117|126|80|-117,9|60|3|-49|-117|110|76|-117,0|59|-61|115|2|-117|-40|83,0|43|-21|-1|116|36|36|-24,48|0|50307|36108|15108|18057|35152|19566,0,0,0,13,255,208
729,0,5,6,0,6,0,0,0,4|4|4|4|4|4|4|3,255|255|255|255|255|255|195|115,-7|7|-10|10|-7|7|-21|-1,7|7|0|0|-7|-7|0|0,-5|5|-5|5|-5|5|-119|70,0|0|0|0|0|0|93|95,121|122|102|104|140|141|33560|504,0,0,0,5,255,208
730,0,4,2,0,8,0,0,7,2|2|2|2|2|2|2|2,255|255|255|255|255|255|255|255,-7|7|-5|5|-7|7|-9|9,7|7|9|9|7|7|5|5,-5|5|-5|5|-5|5|-5|5,0|0|0|0|0|0|0|0,247|247|247|247|247|247|247|247,0,0,0,5,255,32
731,0,3,3,0,3,0,0,0,3|3|8|116|36|20|131|190,255|255|255|0|0|117|9|86,0|0|0|0|0|-125|-60|4,10|10|10|0|0|0|-125|125,-8|8|0|37|-117|92|36|32,10|10|-4|-24|-6|82|-11|2,72|72|12|23945|50952|22598|0|0,0,0,0,13,255,208
732,0,3,5,0,5,0,0,0,3|3|3|3|5|127|17|139,255|255|255|255|255|199|70|52,0|0|0|0|0|-64|-21|44,10|10|10|10|10|96|59|-5,-8|8|-10|10|0|-1|116|36,10|10|12|10|-4|0|0|-125,72|72|72|72|12|18059|856|35271,0,0,0,13,255,208
733,0,3,3,0,3,0,0,0,3|3|12|43|86|232|107|0,255|255|255|196|4|139|134|238,0|0|0|11|-64|116|24|-117,10|10|10|70|88|-57|70|92,-8|8|0|0|106|2|86|-24,10|10|-4|0|-125|-60|8|94,72|72|11|21072|757|50307|2824|30144,0,0,0,13,255,208
734,0,3,5,0,5,0,0,0,3|3|3|3|12|11|201|117,255|255|255|255|255|0|0|235,0|0|0|0|0|7|-117|9,10|10|10|10|10|-119|1|-72,-8|8|-10|10|0|86|87|-117,10|10|12|10|-4|-18|0|0,72|72|72|72|11|0|4725|18315,0,0,0,13,255,208
735,0,3,2,0,2,0,0,0,12|12|137|134|238|0|0|0,255|255|87|232|226|81|245|2,0|0|8|95|94|-61|0|0,10|10|0|0|0|0|0|0,-6|6|83|86|87|-117|116|36,-4|-4|-127|-66|56|1|0|0,11|11|440|0|59648|168|0|18059,0,0,0,13,255,208
736,0,20,2,0,2,0,0,0,10|10|0|139|64|4|3|70,255|255|134|66|1|0|0|102,0|0|70|1|0|0|0|0,10|10|-122|74|1|0|0|17,0|0|-57|-122|76|1|0|0,0|-2|87|-24|-37|28|0|0,7030|7029|29888|11101|26331|40505|332|0,0,0,0,13,255,112
737,0,30,5,0,5,0,0,7,20|2|2|2|2|116|52|102,255|255|255|255|255|0|67|15,0|-2|2|-3|3|0|59|-61,2|2|2|0|0|74|1|0,0|0|0|0|0|-122|56|1,0|0|0|0|0|7|-119|-122,9028|247|247|247|247|22283|44264|28,0,0,0,13,255,112
738,0,2,1,0,1,0,0,0,1|190|46|1|0|0|87|199,255|0|16|0|0|255|182|42,0|0|0|102|-57|-122|56|1,10|0|0|0|-24|-3|26|0,0|-125|-60|8|102|-125|-66|56,0|0|0|0|116|10|-117|7,20|506|0|14571|1991|4096|0|3946,0,0,0,13,255,112
739,0,2,2,0,2,0,0,0,1|1|129|190|56|1|0|0,255|255|117|10|139|7|137|134,0|0|0|0|-21|10|-57|-122,10|10|0|0|0|0|0|0,-9|9|126|27|0|0|-125|-60,12|12|94|-61|86|87|15|-74,20|20|510|3188|65155|29698|33561|1278,0,0,0,13,255,112
740,0,3,2,0,2,0,0,0,1|1|0|0|235|34|139|124,255|255|139|135|210|0|0|0,0|0|-62|0|0|0|-21|16,10|10|36|12|-117|-121|-50|0,-3|3|-117|-113|-66|0|0|0,0|0|116|10|106|0|86|80,20|20|4292|55031|46881|490|0|34759,0,0,0,13,255,112
741,0,3,3,0,3,0,0,0,1|1|1|1|0|0|64|116,255|255|255|48|139|68|36|12,0|0|0|-122|-38|0|0|0,10|10|10|4|86|-24|106|-1,-9|9|0|-60|8|-117|70|52,12|12|0|-57|70|52|0|0,20|20|21|2084|63619|29697|33543|760,0,0,0,13,255,112
742,0,3,3,0,3,0,0,0,1|1|1|139|129|234|1|0,255|255|255|117|39|131|200|1,0|0|0|76|36|4|-117|-127,10|10|10|0|57|65|88|124,-15|15|0|-22|1|0|0|-88,14|14|0|-125|-56|2|-119|-127,20|20|21|9284|33544|504|1908|63619,0,0,0,13,255,112
743,0,3,4,0,4,0,0,0,1|1|1|1|234|0|0|0,255|255|255|255|39|106|1|235,0|0|0|0|4|-10|-127|-22,10|10|10|10|116|22|-117|-127,-11|11|-4|4|57|65|88|125,14|14|0|0|-24|-69|-2|-1,20|20|21|21|35669|9332|22036|52968,0,0,0,13,255,112
744,0,3,4,0,4,0,0,0,1|1|1|1|27|131|59|0,255|255|255|255|36|28|137|123,0|0|0|0|1|0|0|0,10|10|10|10|87|-24|-8|78,-17|17|-4|4|8|87|-119|67,14|14|0|0|28|80|-24|113,21|21|21|21|17547|6180|17289|33540,0,0,0,13,255,112
745,0,3,3,0,3,0,0,0,1|1|1|237|254|255|255|131,255|255|255|199|93|95|94|91,0|0|0|-20|-1|117|16|-1,10|10|10|117|8|-24|115|-1,-18|18|0|77|20|-125|-60|12,14|14|0|69|8|-125|-72|-42,22|22|21|47235|506|0|29952|35629,0,0,0,13,255,112
746,0,3,4,0,4,0,0,0,1|1|1|1|0|0|116|20,255|255|255|255|0|0|0|116,0|0|0|0|8|-24|58|11,10|10|10|10|82|-117|85|8,-22|22|-9|9|0|90|93|-61,14|14|12|12|-1|116|36|16,22|22|20|20|9332|65296|9332|20752,0,0,0,13,255,112
747,0,3,5,0,5,0,0,0,1|1|1|1|1|16|198|129,255|255|255|255|255|255|116|36,0|0|0|0|0|81|-24|86,10|10|10|10|10|16|-72|1,-22|22|-16|16|0|-1|116|36,14|14|12|12|0|-1|116|36,22|22|22|22|20|33568|3268|393,0,0,0,13,255,112
748,0,3,6,0,6,0,0,0,1|1|1|1|1|1|0|0,255|255|255|255|255|255|0|126,0|0|0|0|0|0|-126|0,10|10|10|10|10|10|-119|-122,-22|22|-16|16|-9|9|0|0,14|14|12|12|12|12|36|8,22|22|22|22|20|20|64190|1,0,0,0,13,255,112
749,0,4,1,0,1,0,0,0,3|42|1|0|0|0|116|19,255|190|242|0|0|0|0|116,120|86|106|10|104|0|-116|0,120|-21|8|86|106|10|104|30,-24|0|-63|-24|-118|77|-11|2,0|-122|-38|1|0|0|94|-61,88|9332|27144|22017|30696|65533|33791|2244,0,0,168,26,255,32
750,0,3,2,2,6,0,0,0,1|1|1|1|1|1|137|134,255|255|101|101|101|101|0|0,0|0|10|10|-10|-10|60|48,22|22|10|10|10|10|0|-21,0|0|0|-12|12|0|0|0,-8|6|0|14|14|0|0|0,191|191|196|196|194|194|0|0,0,0,0,15,255,128
751,0,0,2,0,4,0,0,0,1|1|0|0|0|0|0|0,255|255|255|255|0|0|0|0,101|101|101|101|0|0|0|0,14|14|14|14|0|0|0|0,-9|8|-9|8|0|0|0|0,10|10|10|10|0|0|0|0,286|286|286|286|0|0|0|0,0,0,0,6,255,208
752,0,0,4,0,4,0,0,0,1|1|1|1|0|0|0|0,255|255|255|255|0|0|0|0,101|101|101|101|0|0|0|0,14|14|14|14|0|0|0|0,-14|13|-6|5|0|0|0|0,14|14|10|10|0|0|0|0,120|120|116|116|0|0|0|0,0,0,0,6,255,208
753,0,0,2,0,2,0,0,0,1|1|0|0|0|0|0|0,255|255|0|0|0|0|0|0,0|0|0|0|0|0|0|0,10|10|0|0|0|0|0|0,-11|11|0|0|0|0|0|0,10|10|0|0|0|0|0|0,49|49|0|0|0|0|0|0,0,0,0,6,255,208
754,0,0,1,0,1,0,0,0,251|0|0|0|0|0|0|0,255|0|0|0|0|0|0|0,101|0|0|0|0|0|0|0,14|0|0|0|0|0|0|0,-1|0|0|0|0|0|0|0,10|0|0|0|0|0|0|0,116|0|0|0|0|0|0|0,0,0,0,6,255,208
755,0,4,2,0,6,0,0,0,112|112|112|112|112|112|0|0,255|255|255|255|255|255|0|0,0|0|0|0|0|0|0|0,0|0|0|0|0|0|0|0,-17|16|-23|22|-29|28|0|0,10|10|12|12|14|14|0|0,31|31|31|31|31|31|0|0,1,0,0,7,0,208
756,0,3,2,0,2,0,0,0,251|251|0|0|0|0|0|0,98|98|0|0|0|0|0|0,0|0|0|0|0|0|0|0,28|28|0|0|0|0|0|0,-6|6|0|0|0|0|0|0,0|0|0|0|0|0|0|0,143|144|0|0|0|0|0|0,0,0,0,13,255,208
757,0,2,2,0,4,0,0,0,251|251|251|251|0|0|0|0,98|98|98|98|0|0|0|0,-8|-8|8|8|0|0|0|0,28|28|28|28|0|0|0|0,-6|6|-6|6|0|0|0|0,0|0|0|0|0|0|0|0,143|144|143|144|0|0|0|0,0,0,0,13,255,208
758,0,3,4,0,4,0,0,0,251|251|251|251|0|0|0|0,98|98|98|98|0|0|0|0,-8|-8|8|8|0|0|0|0,28|28|28|28|0|0|0|0,-6|6|-6|6|0|0|0|0,0|0|0|0|0|0|0|0,143|144|143|144|0|0|0|0,0,0,0,13,255,208
759,0,3,4,0,4,0,0,0,251|251|251|251|0|0|0|0,98|98|98|98|0|0|0|0,0|0|0|0|0|0|0|0,28|28|28|28|0|0|0|0,-18|-6|6|18|0|0|0|0,0|0|0|0|0|0|0|0,748|749|750|751|0|0|0|0,0,0,0,13,255,208
760,0,3,4,0,4,0,0,0,251|251|251|251|0|0|0|0,98|98|98|98|0|0|0|0,0|0|0|0|0|0|0|0,28|28|28|28|0|0|0|0,-6|6|-6|6|0|0|0|0,0|0|14|14|0|0|0|0,143|144|143|144|0|0|0|0,0,0,0,13,255,208
761,0,2,4,0,6,0,0,0,251|251|251|251|251|251|0|0,98|98|98|98|98|98|0|0,-14|-14|14|14|0|0|0|0,28|28|28|28|28|28|0|0,-6|6|-6|6|-6|6|0|0,0|0|0|0|0|0|0|0,143|144|143|144|143|144|0|0,0,0,0,13,255,208
762,0,3,6,0,6,0,0,0,251|251|251|251|251|251|0|0,98|98|98|98|98|98|0|0,-14|-14|14|14|0|0|0|0,28|28|28|28|28|28|0|0,-6|6|-6|6|-6|6|0|0,0|0|0|0|0|0|0|0,143|144|143|144|143|144|0|0,0,0,0,13,255,208
763,0,3,8,0,8,0,0,0,251|251|251|251|251|251|251|251,98|98|98|98|98|98|98|98,-20|-20|20|20|8|8|-8|-8,28|28|28|28|28|28|28|28,-6|6|-6|6|-6|6|-6|6,0|0|0|0|0|0|0|0,143|144|143|144|143|144|143|144,0,0,0,13,255,208
764,0,3,8,0,8,0,0,0,251|251|251|251|251|251|251|251,98|98|98|98|98|98|98|98,-20|-20|20|20|4|4|-4|-4,28|28|28|28|28|28|28|28,-6|6|-6|6|-6|6|-6|6,0|0|0|0|0|0|0|0,143|144|143|144|143|144|143|144,0,0,0,13,255,208
765,0,3,8,0,8,0,0,0,251|251|251|251|251|251|251|251,98|98|98|98|98|98|98|98,-8|-8|8|8|8|8|-8|-8,28|28|28|28|0|0|0|0,-6|6|-6|6|-6|6|-6|6,0|0|0|0|0|0|0|0,143|144|143|144|143|144|143|144,1,0,0,13,255,208
766,0,3,8,0,8,0,0,0,251|251|251|251|251|251|251|251,98|98|98|98|98|98|98|98,0|0|0|0|6|6|-6|-6,28|28|28|28|0|0|0|0,-18|-6|6|18|-6|6|-6|6,0|0|0|0|0|0|0|0,748|749|750|751|143|144|143|144,1,0,0,13,255,208
767,0,4,1,0,1,0,0,9,2|0|0|0|0|0|0|0,255|0|0|0|0|0|0|0,0|0|0|0|0|0|0|0,2|0|0|0|0|0|0|0,0|0|0|0|0|0|0|0,0|0|0|0|0|0|0|0,501|0|0|0|0|0|0|0,1,0,0,16,255,208
768,0,4,2,0,2,0,0,0,1|1|0|0|0|0|0|0,255|255|0|0|0|0|0|0,-1|1|0|0|0|0|0|0,2|2|0|0|0|0|0|0,0|0|0|0|0|0|0|0,0|0|0|0|0|0|0|0,501|501|0|0|0|0|0|0,1,0,0,16,255,208
769,0,4,3,0,3,0,0,0,1|1|1|0|0|0|0|0,255|255|255|0|0|0|0|0,-2|2|0|0|0|0|0|0,2|2|2|0|0|0|0|0,0|0|0|0|0|0|0|0,0|0|0|0|0|0|0|0,501|501|501|0|0|0|0|0,1,0,0,16,255,208
770,0,4,4,0,4,0,0,0,1|1|1|1|0|0|0|0,255|255|255|255|0|0|0|0,-4|-3|4|3|0|0|0|0,2|2|2|2|0|0|0|0,0|0|0|0|0|0|0|0,0|0|0|0|0|0|0|0,501|501|501|501|0|0|0|0,1,0,0,16,255,208
771,0,4,4,0,4,0,0,0,1|1|1|1|0|0|0|0,255|255|255|255|0|0|0|0,-5|-2|5|2|0|0|0|0,2|2|2|2|0|0|0|0,0|0|0|0|0|0|0|0,0|0|0|0|0|0|0|0,501|501|501|501|0|0|0|0,1,0,0,16,255,208
772,0,4,5,0,5,0,0,0,1|1|1|1|1|0|0|0,255|255|255|255|255|0|0|0,-5|-2|5|2|0|0|0|0,2|2|2|2|2|0|0|0,0|0|0|0|0|0|0|0,0|0|0|0|0|0|0|0,501|501|501|501|501|0|0|0,1,0,0,16,255,208
773,0,4,6,0,6,0,0,0,1|1|1|1|1|1|0|0,255|255|255|255|255|255|0|0,0|-5|-2|5|2|0|0|0,2|2|2|2|2|2|0|0,0|0|0|0|0|0|0|0,-12|0|0|0|0|0|0|0,501|501|501|501|501|501|0|0,1,0,0,16,255,208
774,0,4,3,0,3,0,0,0,1|1|2|0|0|0|0|0,255|255|255|0|0|0|0|0,-2|2|0|0|0|0|0|0,2|2|2|0|0|0|0|0,0|0|0|0|0|0|0|0,0|0|0|0|0|0|0|0,501|501|520|0|0|0|0|0,1,0,0,16,255,208
775,0,4,2,0,2,0,0,0,2|2|0|0|0|0|0|0,255|255|0|0|0|0|0|0,-1|1|0|0|0|0|0|0,2|2|0|0|0|0|0|0,0|0|0|0|0|0|0|0,0|0|0|0|0|0|0|0,520|520|0|0|0|0|0|0,1,0,0,16,255,208
776,0,4,4,0,4,0,0,0,2|2|1|1|0|0|0|0,255|255|255|255|0|0|0|0,-1|1|-3|3|0|0|0|0,2|2|2|2|0|0|0|0,0|0|0|0|0|0|0|0,0|0|0|0|0|0|0|0,520|520|501|501|0|0|0|0,1,0,0,16,255,208
777,0,4,3,0,3,0,0,0,2|2|2|0|0|0|0|0,255|255|255|0|0|0|0|0,-2|2|0|0|0|0|0|0,2|2|2|0|0|0|0|0,0|0|0|0|0|0|0|0,0|0|0|0|0|0|0|0,520|520|520|0|0|0|0|0,1,0,0,16,255,208
778,0,0,2,1,4,0,0,0,251|251|251|251|0|0|0|0,255|255|255|255|0|0|0|0,101|101|101|101|0|0|0|0,14|14|14|14|0|0|0|0,-6|6|-6|6|0|0|0|0,10|10|10|10|0|0|0|0,558|561|559|562|0|0|0|0,0,0,0,6,255,208
779,0,3,1,18,1,0,0,0,2|0|0|0|0|0|0|0,255|0|0|0|0|0|0|0,0|0|0|0|0|0|0|0,-1|0|0|0|0|0|0|0,0|0|0|0|0|0|0|0,-8|0|0|0|0|0|0|0,598|0|0|0|0|0|0|0,1,0,0,25,255,208
780,40,3,4,11,8,0,0,0,250|250|251|251|250|250|250|250,11|11|11|11|11|11|11|11,0|0|0|0|0|0|0|0,11|11|11|11|11|11|11|11,-6|6|-6|6|-6|6|-6|6,-7|-7|7|7|-7|-7|7|7,672|691|710|729|672|691|710|729,-1,0,0,4,255,112
