id,drain,shotRepeat,multi,weaponAnimation,max,tx,ty,aim,attack,del,sx,sy,bx,by,sg,acceleration,accelerationX,circleSize,sound,trail,shipBlastFilter
0,0,0,0,0,0,0,0,0,108|101|32|32|32|32|50|48,32|32|32|32|32|32|32|32,32|32|32|32|32|32|32|32,48|53|35|0|0|0|0|32,97|110|105|32|32|32|32|32,32|32|32|32|32|32|50|49,8224|8224|8224|8224|8224|8224|8224|8224,0,0,0,0,255,240
1,10,5,1,0,1,0,0,0,1|32|32|32|32|32|91|50,255|32|50|52|32|50|54|32,0|56|32|51|48|32|32|32,12|48|55|32|48|57|32|49,0|32|49|51|32|49|53|0,0|0|0|0|0|32|32|32,67|8224|8224|8224|8224|8224|13088|8242,0,0,0,28,255,208
2,0,7,3,0,3,0,0,0,1|1|1|57|32|50|49|32,255|255|255|50|53|109|48|0,-6|-5|0|32|32|32|32|32,0|5|6|32|32|32|32|32,-6|-6|14|52|50|32|52|52,0|20|28|32|52|56|32|53,227|227|227|8247|14642|13088|8241|13107,0,0,0,26,255,208
3,0,7,3,0,3,0,0,0,1|1|1|32|32|32|32|32,255|255|255|32|53|52|32|53,6|5|0|56|32|54|48|93,0|5|6|51|55|32|51|57,6|6|-14|32|52|51|32|52,0|20|28|0|0|0|0|32,227|227|227|8224|8224|8224|8224|12854,0,0,0,26,255,208
4,0,6,7,0,7,0,0,0,2|2|3|2|2|2|3|32,255|255|255|255|255|255|255|32,-2|2|1|-1|1|-1|0|51,2|2|1|1|2|2|3|32,0|0|0|0|0|0|0|32,0|0|0|0|0|0|0|32,244|244|244|244|244|244|244|13366,0,0,0,26,255,208
5,20,5,1,0,1,0,0,0,2|57|35|0|0|0|0|32,255|110|105|109|97|120|32|32,0|32|32|32|32|32|54|53,12|32|32|32|32|32|32|32,0|32|32|32|32|32|32|32,0|48|35|0|0|0|0|32,245|30569|25960|26222|29289|8293|8224|13878,0,0,0,28,255,208
6,10,1,1,2,1,0,0,5,3|49|35|0|0|0|0|32,255|104|97|112|101|98|97|110,0|115|101|103|32|32|54|55,0|32|32|32|32|32|32|32,0|32|32|32|32|32|32|32,0|50|35|0|0|0|0|32,112|25970|8310|8224|8224|8224|8224|14646,0,0,0,13,255,208
7,10,1,1,2,1,0,0,4,1|52|35|0|0|0|0|32,255|121|114|101|118|32|32|32,0|32|32|32|32|32|55|48,0|32|32|32|32|32|32|32,0|32|32|32|32|32|32|32,0|53|35|0|0|0|0|32,112|25443|25697|8292|8224|8224|8224|12599,0,0,0,13,255,208
8,10,1,1,2,1,0,0,3,1|54|35|0|0|0|0|32,255|121|99|99|97|100|100|32,0|32|32|32|32|32|55|51,0|32|32|32|32|32|32|32,0|32|32|32|32|32|32|32,0|56|35|0|0|0|0|32,112|25443|28023|30817|8224|8224|8224|13623,0,0,0,13,255,208
9,30,4,1,0,1,0,0,0,3|48|35|0|0|0|0|32,255|121|99|99|119|109|97|120,0|32|32|32|32|32|55|54,6|32|32|32|32|32|32|32,0|32|32|32|32|32|32|32,0|49|35|0|0|0|0|32,60|28005|25721|29793|26223|8307|8224|14135,0,0,0,28,255,208
10,120,3,4,0,4,0,0,0,3|3|3|3|0|0|0|32,255|255|255|255|97|103|101|100,-3|3|-3|3|32|32|55|57,3|3|-3|-3|32|32|32|32,0|0|0|0|32|32|32|32,0|0|0|0|0|0|0|32,302|0|0|0|8293|8224|8224|12344,0,0,0,1,255,208
11,30,2,1,0,1,0,0,0,2|53|35|0|0|0|0|32,255|110|105|109|105|110|32|32,0|32|32|32|32|32|56|50,20|32|32|32|32|32|32|32,0|32|32|32|32|32|32|32,0|55|35|0|0|0|0|32,148|29287|8224|8224|8224|8224|8224|13112,-1,0,0,28,255,208
12,0,0,1,0,1,0,0,0,2|56|35|0|0|0|0|32,8|100|108|101|118|101|108|32,0|32|32|32|32|32|56|53,-1|32|32|32|32|32|32|32,0|32|32|32|32|32|32|32,0|48|35|0|0|0|0|32,20|28257|8297|8224|8224|8224|8224|13880,0,0,0,9,1,112
13,0,0,8,0,8,0,0,0,1|1|2|1|2|1|1|1,8|8|8|8|8|8|8|8,0|0|3|5|-3|-5|-6|6,2|-2|0|0|0|0|0|0,0|0|0|4|0|-4|-4|4,0|0|0|0|0|0|0|0,21|21|21|20|21|20|20|20,0,0,0,12,1,112
14,0,0,8,0,8,0,0,0,1|1|1|1|2|2|2|2,8|8|8|8|8|8|8|8,6|-6|6|-6|0|8|-8|0,6|6|-6|-6|8|0|0|-8,6|-6|6|-6|0|8|-8|0,6|6|-6|-6|8|0|0|-8,21|21|21|21|20|20|20|20,0,0,0,12,1,112
15,0,8,5,0,5,1,0,0,114|114|114|114|114|0|0|32,255|255|255|255|255|32|32|32,0|0|0|0|0|32|91|57,0|-1|-1|-4|-4|57|53|93,0|-4|4|-7|7|32|32|32,0|0|0|0|0|57|32|56,34|34|34|34|34|28277|26723|24951,1,0,0,7,6,208
16,0,0,8,0,8,0,0,0,1|1|1|1|1|1|1|1,8|8|8|8|8|8|8|8,2|-2|2|-2|3|-3|0|0,2|2|-2|-2|0|0|3|-3,2|-2|2|-2|3|-3|0|0,2|2|-2|-2|0|0|3|-3,21|21|21|21|20|20|20|20,0,0,0,12,1,112
17,10,1,1,2,1,0,0,2,10|32|32|32|32|32|32|32,255|52|35|0|0|0|0|32,0|97|99|99|101|108|32|32,0|32|32|32|32|32|49|48,0|32|32|32|32|32|32|32,0|32|32|32|32|32|32|32,112|35|0|8192|24953|25443|27749|8224,0,0,0,26,255,208
18,0,5,4,0,4,1,0,0,6|6|6|6|32|32|32|32,255|255|255|255|0|0|0|32,-1|1|-3|3|32|32|32|32,-2|-2|-3|-3|32|32|91|49,0|0|0|0|48|51|32|49,0|0|0|0|32|32|32|32,72|72|72|72|23865|35|0|8192,1,0,0,7,6,208
19,0,10,2,0,2,0,0,0,120|120|32|32|32|32|32|32,255|255|32|32|32|32|32|32,1|-1|35|0|0|0|0|32,7|7|101|109|121|103|114|111,0|0|100|32|32|32|49|48,0|0|32|32|32|32|32|32,142|142|8224|8224|12857|35|0|8192,0,0,0,7,6,208
20,0,0,4,0,4,0,0,0,121|121|121|121|32|32|32|32,255|255|255|255|32|32|32|32,4|-4|4|-4|0|0|0|32,4|4|-4|-4|102|102|115|101,0|0|0|0|32|32|49|48,0|0|0|0|32|32|32|32,100|100|100|100|13369|35|0|8192,0,0,0,6,255,208
21,0,0,8,0,8,0,0,0,1|1|1|1|1|1|1|1,255|255|255|255|255|255|255|255,3|-3|3|-3|5|-5|0|0,3|3|-3|-3|0|0|5|-5,0|0|0|0|0|0|0|0,0|0|0|0|0|0|0|0,99|99|99|99|99|99|99|99,0,0,0,6,255,208
22,0,50,4,0,4,0,0,0,136|136|136|136|32|32|32|32,255|255|255|255|32|32|32|32,0|-6|6|0|0|0|0|32,6|0|0|-6|111|32|32|32,0|0|0|0|32|32|49|49,0|0|0|0|32|32|32|32,75|56|18|94|14649|36|0|8192,0,0,0,11,1,208
23,40,8,2,0,2,0,0,0,1|1|32|32|32|32|32|32,255|255|32|32|32|32|32|32,-14|-14|48|32|36|0|0|0,0|0|108|97|117|110|99|104,-8|8|101|99|105|97|108|32,0|0|54|32|32|32|32|32,99|99|8224|8224|8224|12337|8241|36,0,0,0,13,255,192
24,0,8,1,0,1,0,0,0,4|32|49|49|55|32|32|32,255|32|32|32|32|32|32|32,0|32|32|32|49|48|50|32,6|0|0|0|0|32|120|109,0|120|98|111|117|110|99|101,0|32|32|32|49|49|57|32,91|8224|8224|8224|8224|8224|8224|12337,0,0,0,11,255,208
25,40,3,1,0,1,0,0,0,8|101|32|32|32|32|49|50,255|32|32|32|32|32|32|32,0|32|32|32|32|32|32|32,13|48|54|110|36|0|0|0,0|32|121|109|97|120|98|111,0|110|99|101|32|32|32|32,73|8243|8224|8224|8224|8224|8224|8224,0,0,0,13,255,192
26,30,2,1,0,5,0,0,0,112|112|112|112|112|105|110|103,255|255|255|255|255|109|121|116,0|-2|2|1|-1|32|114|101,-3|-3|-3|-3|-3|0|0|0,0|0|0|0|0|32|32|101,0|0|0|0|0|121|112|101,52|52|52|52|52|50|0|8192,1,0,0,7,6,208
27,0,0,1,0,1,0,0,0,4|58|32|105|110|116|101|103,8|114|59|32|32|32|32|32,0|32|32|40|42|32|80|79,-1|73|84|73|79|78|32|42,0|32|53|0|0|0|0|32,0|32|32|32|32|101|120|99,21|25465|8224|8224|14880|29472|28520|29810,0,0,0,9,1,112
28,0,0,8,0,8,0,0,0,1|1|1|1|0|0|0|0,8|8|8|8|4|4|4|4,3|-3|3|-3|0|4|-4|0,3|3|-3|-3|4|0|0|-4,3|-3|3|-3|0|4|-4|0,3|3|-3|-3|4|0|0|-4,21|21|21|21|20|20|20|20,0,0,0,12,1,112
29,10,20,1,3,1,0,0,0,128|32|32|32|32|101|120|99,255|44|101|121|99|99|32|32,0|58|32|115|104|111|114|116,1|110|116|59|32|40|42|32,0|73|88|69|68|32|65|67,0|69|76|69|82|65|84|73,271|22304|18753|21588|19785|8261|10538|25,0,0,0,8,255,208
30,0,5,8,3,8,0,0,0,2|2|2|2|2|2|2|2,255|255|255|255|255|255|255|255,0|0|1|-1|2|-2|3|-3,9|9|8|8|7|7|6|6,6|-6|6|-6|6|-6|6|-6,0|0|0|0|0|0|0|0,153|153|153|153|153|153|153|153,0,0,0,2,255,0
31,30,3,3,0,3,0,0,0,1|1|1|121|32|91|49|46,255|255|255|32|111|102|32|98,0|0|0|59|25|0|0|0,12|13|14|32|32|32|32|101,0|0|0|121|99|121|99|108,0|0|0|58|32|98|121|116,135|116|97|8192|8224|8224|24864|26990,0,0,0,8,255,144
32,40,4,4,0,4,0,0,0,1|1|1|1|0|32|32|32,255|255|255|255|103|114|32|32,-1|-1|1|1|32|32|32|58,13|14|13|14|97|121|91|49,0|0|0|0|93|32|111|102,0|0|0|0|100|59|25|0,135|97|135|97|29472|31337|8293|8224,0,0,0,8,255,144
33,50,5,5,0,5,0,0,0,1|1|1|1|1|32|32|108,255|255|255|255|255|109|32|32,0|0|0|0|0|98|121|116,12|13|14|15|16|0|0|32,0|0|0|0|0|97|110|105,0|0|0|0|0|101|32|32,135|116|116|116|97|0|8192|8224,0,0,0,8,255,144
34,60,3,3,0,3,0,0,0,2|2|2|116|101|59|25|0,255|255|255|32|32|32|32|32,0|0|0|105|119|104|101|110,14|12|13|101|32|58|32|98,0|0|0|59|25|0|0|0,0|0|0|32|32|32|32|115,101|139|120|8295|8224|14880|30496|29295,0,0,0,8,255,144
35,80,4,4,0,4,0,0,0,2|2|2|2|121|114|101|118,255|255|255|255|104|111|114|116,-1|-1|1|1|32|0|0|0,13|14|13|14|32|32|32|101,0|0|0|0|100|100|44|101,0|0|0|0|100|100|32|58,139|101|139|101|24891|31|0|8192,0,0,0,8,255,144
36,0,50,6,0,6,0,0,0,116|116|116|116|116|116|32|58,255|255|255|255|255|255|25|0,-6|6|5|-5|5|-5|32|32,0|0|5|5|-5|-5|100|97,-8|8|5|-5|5|-5|32|119,0|0|5|5|-5|-5|0|0,102|104|122|121|141|140|25959|8292,0,0,0,11,1,208
37,0,7,2,0,2,0,0,0,1|1|32|32|32|101|110|101,255|255|116|121|112|101|32|32,0|0|32|119|111|114|100|59,6|6|0|0|0|32|32|32,0|0|32|97|110|105|109|105,4|-4|32|32|32|32|32|58,227|227|15205|25|0|8192|8224|8224,0,0,0,26,255,208
38,0,7,2,0,2,0,0,0,1|1|100|59|29|0|0|0,255|255|32|32|32|32|32|101,0|0|101|118|101|108|32|32,-6|-6|32|58|32|115|104|111,0|0|105|110|116|59|29|0,4|-4|0|32|32|32|32|32,227|227|26990|8224|8224|8224|14880|29472,0,0,0,26,255,208
39,0,0,0,0,0,0,0,0,32|32|32|45|45|45|45|45,45|32|32|32|32|32|32|58,32|98|111|111|108|101|97|110,59|0|25|0|0|0|0|32,32|32|32|32|32|102|105|108,116|101|114|32|32|32|32|32,14880|25120|29817|15205|41|0|8192|8224,0,0,0,1,255,208
40,60,4,1,0,2,0,0,0,8|8|114|114|97|121|32|91,255|255|46|51|93|32|111|102,4|-4|121|116|101|59|41|0,10|10|0|32|32|32|32|32,0|0|105|108|108|32|32|32,0|0|32|32|32|58|32|97,68|69|12635|11822|14643|8285|26223|25120,0,0,0,1,255,208
41,120,2,2,0,2,0,0,0,8|8|32|32|32|32|32|32,255|255|32|32|32|32|101|110,5|-5|1|0|0|0|0|125,11|11|0|0|0|32|41|0,0|0|0|32|32|32|109|111,0|0|32|97|108|44|100|115,68|69|12333|23865|8224|31520|16672|15704,0,0,0,1,255,208
42,120,0,2,0,2,0,0,0,8|8|32|32|99|98|119|32,255|255|0|0|0|32|32|32,5|-5|118|32|32|98|120|44,11|11|0|0|0|0|0|32,0|0|0|0|0|32|32|32,0|0|118|32|32|97|108|44,68|69|26995|12589|23856|6|0|8192,0,0,0,1,255,208
43,130,4,1,0,1,0,0,0,5|32|32|32|109|111|118|32,255|99|120|44|100|115|58|91,0|105|45|48|54|93|32|32,7|123|32|67|72|61|101|120,0|99|32|32|67|76|61|101,0|99|99|32|32|125|0|0,94|27904|13|0|8192|8224|29295|8224,0,0,0,1,255,208
44,40,20,1,3,1,0,0,0,255|32|32|64|110|111|120|97,255|99|101|108|98|32|0|0,0|0|0|32|45|0|0|0,-1|32|32|32|109|111|118|32,0|100|104|44|100|115|58|91,0|105|45|48|52|93|32|32,565|17440|15688|30821|25443|8311|19524|25917,0,0,0,28,255,112
45,10,1,1,2,1,0,0,5,3|32|32|100|104|108|12|0,255|0|0|32|32|32|99|109,0|32|32|100|104|44|48|32,0|0|0|0|0|32|32|32,0|103|32|32|32|64|110|111,0|97|99|99|101|108|21|0,157|8192|8224|28003|8304|24864|11372|29540,0,0,24,13,255,112
46,40,1,1,0,1,0,0,0,6|101|32|32|32|64|88|97,255|99|101|108|82|101|118|115,0|0|0|0|0|32|32|32,10|100|100|32|32|97|120|44,0|115|58|91|115|105|43|53,0|93|21|0|0|0|0|32,7|28525|8310|25632|11368|29540|23354|26995,0,0,0,1,255,112
47,50,1,1,0,1,0,0,0,8|32|99|109|112|32|32|97,255|44|100|115|58|91|115|105,0|53|52|93|17|0|0|0,10|32|32|32|106|110|101|32,0|64|78|111|88|97|99|99,0|108|12|0|0|0|0|32,65|25409|25955|21100|30309|13370|27|0,0,0,0,1,255,144
48,10,1,1,3,1,0,0,5,4|32|100|115|58|91|115|105,255|48|54|93|5|0|0|0,0|32|32|32|110|101|50|8,0|-1|15|0|0|0|0|32,0|32|32|32|32|111|114|32,0|97|108|44|97|108|23|0,502|8192|8224|8224|27168|31342|16416|12610,0,0,0,13,255,208
49,0,4,2,0,2,0,0,0,1|1|0|0|0|32|32|32,255|255|32|109|111|118|32|115,-10|10|100|120|32|123|80|111,0|0|116|32|116|111|32|115,0|0|112|101|32|111|102|102,0|0|116|32|108|111|111|107,39|1|25455|29793|28521|32110|14|0,0,0,0,8,255,48
50,0,6,4,0,4,0,0,0,1|1|1|1|0|32|32|32,255|255|255|255|111|118|32|115,-9|9|9|-9|58|91|115|105,2|2|-2|-2|71|101|116|32,-2|2|2|-2|101|32|111|102,0|0|0|0|125|0|32|0,281|282|301|300|27936|30319|25632|11369,0,0,0,8,255,48
51,0,6,8,0,8,0,0,0,1|1|1|1|1|1|1|1,255|255|255|255|255|255|255|255,-6|6|6|-6|-9|9|0|0,6|6|-6|-6|0|0|9|-9,0|0|0|0|0|0|0|0,0|0|0|0|0|0|0|0,163|164|183|182|39|1|58|77,0,0,0,8,255,48
52,0,6,4,0,4,0,0,0,2|2|2|2|0|0|0|32,255|255|255|255|50|68|114|97,-9|9|9|-9|0|0|0|32,2|2|-2|-2|32|115|104|114,-2|2|2|-2|52|32|15|0,0|0|0|0|32|32|32|32,277|278|297|296|25203|15|0|8192,0,0,0,8,255,48
53,0,6,2,0,2,0,0,0,3|3|0|32|32|32|32|32,255|255|111|118|32|97|108|44,-10|10|58|91|115|105|93|110,0|0|0|0|0|32|32|32,0|0|32|105|110|99|32|115,0|0|15|0|0|0|0|32,102|104|27936|30319|25376|11372|27745|16,0,0,0,8,255,48
54,0,6,4,0,4,0,0,0,3|3|3|3|15|0|0|0,255|255|255|255|32|32|32|97,-6|6|6|-6|105|44|97|120,6|6|-6|-6|0|32|32|32,0|0|0|0|101|115|116|32,0|0|0|0|70|48|17|0,121|122|141|140|27168|31342|16416|12866,0,0,0,8,255,48
55,40,1,1,0,1,0,0,0,6|100|32|100|105|44|51|50,255|45|49|50|16|0|0|0,0|32|32|32|32|32|32|99,10|112|32|97|108|44|36|48,0|101|21|0|0|0|0|32,0|32|32|32|32|106|110|101,45|12866|28483|29806|28265|25973|0|0,0,0,0,1,255,112
56,20,1,1,0,1,0,0,0,2|105|110|117|101|58|20|0,255|0|0|32|32|32|32|32,-6|109|111|118|32|97|108|44,6|115|58|91|115|105|93|32,0|0|0|0|0|32|32|32,0|66|50|67|111|110|116|105,121|12901|10298|12|0|8192|8224|8224,0,0,0,1,255,208
57,20,1,1,0,1,0,0,0,2|32|32|109|111|118|32|99,255|44|97|108|16|0|0|0,6|32|32|32|32|32|32|97,6|100|32|97|108|44|36|48,0|32|15|0|0|0|0|32,0|32|32|32|32|97|100|100,122|11369|30817|17|0|8192|8224|8224,0,0,0,1,255,208
58,20,7,1,0,1,4,3,0,8|32|32|32|32|32|32|106,255|32|32|64|66|50|110|101,0|116|108|105|110|101|14|0,0|0|0|32|32|32|32|32,0|115|104|114|32|99|108|44,0|69|15|0|0|0|0|32,4|8224|29216|28773|27936|30319|25203|21,0,0,0,1,255,208
59,10,1,1,2,1,0,0,2,3|111|110|116|105|110|117|101,255|0|0|0|0|32|32|32,0|66|50|78|101|120|116|108,0|110|101|58|19|0|0|0,0|32|32|32|32|32|32|97,0|100|32|100|105|44|51|50,112|12849|20|0|8192|8224|8224|27936,0,0,0,13,255,208
60,60,2,2,0,2,0,0,0,4|4|0|32|32|32|32|32,255|255|114|32|32|97|108|44,0|0|23|0|0|0|0|32,10|10|32|32|32|106|110|122,-5|5|66|50|67|111|110|116,0|0|117|101|50|125|0|0,64|64|23|0|8192|8224|8224|28010,0,0,0,1,255,208
61,100,2,2,0,2,0,0,0,6|6|0|0|0|32|15|0,255|255|0|64|85|115|101|65,0|0|108|116|101|114|66|111,10|10|0|0|0|0|0|50,-5|5|0|0|0|32|32|32,0|0|32|109|111|118|32|115,76|76|31520|28496|28265|8308|28532|29472,0,0,0,1,255,208
62,10,1,1,2,1,0,0,2,2|112|32|108|111|99|97|116,255|111|110|125|40|0|0|0,0|32|32|32|32|32|32|109,0|118|32|115|105|44|100|115,0|91|115|105|93|32|32|123,0|101|116|32|115|104|97|112,112|26223|29542|29797|125|15|0|8192,0,0,0,13,255,208
63,10,1,1,2,1,0,0,2,1|0|0|97|15|0|0|0,255|32|32|32|32|32|32|115,0|98|32|97|104|44|97|104,0|0|0|0|0|32|22|0,0|0|0|32|32|32|32|32,0|106|109|112|32|64|66|49,168|28271|26996|30062|24933|12|0|8192,0,0,0,13,255,208
64,40,4,1,0,1,0,0,0,10|32|32|32|32|32|32|115,255|114|32|99|108|44|52|93,0|0|0|0|0|32|32|32,1|68|114|97|119|112|105|120,-20|111|110|116|84|111|112|49,10|58|18|0|0|0|0|32,207|28525|8310|24864|11372|29540|23354|26995,0,0,8,1,255,208
65,20,2,1,0,1,0,0,0,5|44|36|48|70|32|13|0,255|0|0|32|32|32|111|114,0|32|32|97|108|44|99|104,2|0|0|0|0|32|32|32,-20|111|118|32|32|101|115|58,10|100|105|93|44|97|108|104,207|0|8192|8224|28265|8291|29472|30313,0,0,8,1,255,208
66,0,0,8,0,8,0,0,0,128|121|187|187|187|187|187|187,255|255|255|255|255|255|255|255,0|0|0|-1|1|0|1|-1,1|1|1|1|1|1|0|0,0|0|0|-12|12|0|20|-20,0|0|0|20|20|-20|-10|-10,171|171|100|171|171|171|171|171,0,0,0,6,255,208
67,0,0,4,0,4,0,0,0,2|2|2|2|108|44|100|115,255|255|255|255|93|40|12|0,3|-3|3|-3|32|32|32|32,3|3|-3|-3|32|115|105|115,0|0|0|0|0|32|32|32,0|0|0|0|111|118|32|99,99|99|99|99|8192|8224|8224|24864,0,0,0,6,255,208
68,20,1,2,2,2,0,0,0,2|2|32|32|32|97|100|100,255|255|105|44|97|120|17|0,1|-1|0|32|32|32|32|32,2|2|101|115|116|32|99|108,8|-8|70|48|18|0|0|0,0|0|32|32|32|32|32|106,112|112|12610|17510|24946|10871|19|0,0,0,0,1,255,208
69,0,0,2,0,2,0,0,0,4|4|49|50|16|0|0|0,255|255|32|32|32|32|32|99,0|0|32|97|108|44|36|48,3|3|22|0|0|0|0|32,-6|6|32|32|32|106|110|101,0|0|66|49|102|67|111|110,260|260|25957|0|0|28672|16|0,0,0,0,6,255,208
70,10,1,1,2,1,0,0,3,2|32|20|0|0|0|0|32,255|32|32|32|32|109|111|118,0|97|108|44|100|115|58|91,0|105|93|32|17|0|0|0,0|32|32|32|64|66|49|102,-2|111|110|116|105|110|117|101,112|12|0|8192|8224|8224|26912|25454,0,0,0,13,255,208
71,0,0,8,3,8,0,0,0,1|1|1|1|1|1|1|1,8|8|8|8|8|8|8|8,2|-2|2|-2|3|-3|0|0,2|2|-2|-2|0|0|3|-3,2|-2|2|-2|3|-3|0|0,2|2|-2|-2|0|0|3|-3,214|214|214|214|214|214|214|214,0,0,0,12,12,112
72,60,3,3,0,3,0,0,0,4|3|3|106|122|32|32|64,255|255|255|110|101|120|116|108,0|-3|3|48|14|0|0|0,4|3|3|32|32|32|32|115,0|0|0|99|108|44|52|32,0|0|0|0|0|32|32|32,94|140|141|30825|28515|29806|28482|12660,0,0,0,13,255,192
73,0,2,8,9,8,0,0,0,2|2|2|2|2|2|2|2,10|10|10|10|10|10|10|10,-9|9|-9|9|-10|10|-10|10,6|-6|-6|6|-3|3|3|-3,0|0|0|0|0|0|0|0,0|0|0|0|0|0|0|0,172|172|172|172|172|172|172|172,0,0,0,0,255,112
74,0,3,2,0,2,0,0,0,1|175|99|32|32|115|105|32,255|255|0|0|0|32|32|32,-7|6|99|32|32|100|105|118,1|6|0|0|0|32|32|32,2|0|99|32|32|99|108|59,0|0|0|0|0|32|32|32,246|255|16416|29252|30561|26992|25464|28271,0,0,0,8,255,208
75,0,3,2,0,2,0,0,0,174|1|109|112|32|64|66|49,255|255|111|110|116|105|110|117,-6|7|16|0|0|0|0|32,6|1|64|66|49|102|78|101,0|-2|108|105|110|101|58|97,0|0|0|0|0|32|32|32,255|246|25700|25632|11369|12851|11568|12849,0,0,0,8,255,208
76,40,4,4,0,4,0,0,0,4|4|4|4|58|91|115|105,255|255|255|255|0|0|0|32,-5|-5|5|5|32|111|114|32,0|0|0|0|97|108|24|0,0|0|0|0|32|32|32|32,0|14|0|14|32|64|66|49,105|124|106|125|12901|25981|0|0,0,0,0,6,255,208
77,0,0,8,0,8,0,0,0,5|5|5|5|5|5|5|5,16|16|16|16|16|16|16|16,6|-6|6|-6|0|8|-8|0,6|6|-6|-6|8|0|0|-8,6|-6|6|-6|0|8|-8|0,6|6|-6|-6|8|0|0|-8,244|244|244|244|244|244|244|244,0,0,0,11,1,112
78,90,1,3,2,3,0,0,0,2|2|2|44|100|115|58|91,255|255|255|32|32|123|71|101,0|1|-1|104|97|112|101|32,4|3|3|115|101|116|125|32,0|0|0|0|0|32|32|32,0|0|0|109|111|118|32|100,225|225|225|26707|28769|8293|28524|24931,0,0,0,13,255,208
79,0,0,4,0,4,0,0,0,1|1|1|1|32|100|105|44,255|255|255|255|49|50|32|112,0|0|0|0|115|32|116|111,14|14|14|14|32|114|105|103,3|13|32|42|0|0|0|0,-18|-14|-12|-18|0|0|0|32,286|286|286|286|16416|12866|17254|28271,0,0,0,6,255,208
80,120,1,4,2,4,0,0,0,2|2|2|2|97|119|58|100,255|255|255|255|0|32|32|32,2|-1|2|-1|104|114|32|99,4|4|-4|-4|21|0|0|0,0|0|0|0|64|68|114|97,0|0|0|0|99|111|110|116,225|225|225|225|0|8192|8224|28525,0,0,0,13,255,208
81,80,2,8,0,8,0,0,0,1|1|1|1|1|1|1|1,255|255|255|255|255|255|255|255,-10|10|-7|7|0|-7|7|0,0|0|7|7|-10|-7|-7|10,0|0|0|0|0|0|0|0,0|0|0|0|0|0|0|0,77|58|182|163|1|183|164|39,0,0,0,6,255,208
82,30,4,3,0,3,0,0,0,1|1|1|32|105|110|99|32,255|255|255|32|10|0|0|0,0|-10|10|32|100|101|99|32,10|0|0|101|25|0|0|0,0|0|0|32|106|110|122|32,0|0|0|114|97|119|112|105,58|39|1|28783|25138|16|0|8192,0,0,0,6,255,208
83,40,4,2,0,2,0,0,0,1|1|0|0|0|32|32|32,255|255|32|109|111|118|32|97,5|-5|100|115|58|91|115|105,8|8|12|0|0|0|0|32,0|0|32|32|32|105|110|99,0|0|105|32|15|0|0|0,227|227|8224|27936|30319|25376|11372|27745,0,0,0,10,255,208
84,20,2,2,0,2,0,0,0,2|184|36|48|70|32|15|0,255|255|0|32|32|32|32|32,0|0|100|100|32|100|105|44,8|6|17|0|0|0|0|32,0|0|32|32|32|116|101|115,0|0|99|108|44|36|70|48,98|98|8192|8224|8224|27168|31342|16416,0,0,0,6,1,208
85,80,3,8,0,8,0,0,0,1|2|1|2|1|2|1|2,255|255|255|255|255|255|255|255,120|120|120|120|120|120|120|120,8|8|8|8|8|8|8|8,0|0|-12|-12|12|12|-24|-24,0|14|0|14|0|14|0|14,157|159|157|159|157|159|157|159,0,0,0,6,255,208
86,10,2,1,0,1,0,0,0,189|66|50|102|67|111|110|116,255|110|117|101|58|32|20|0,0|0|0|32|32|32|32|32,0|109|111|118|32|97|108|44,0|115|58|91|115|105|93|109,0|0|0|0|0|32|32|32,238|26162|28483|29806|28265|25973|14898|12,1,0,0,6,255,208
87,0,8,1,0,1,0,0,0,30|0|0|0|0|32|32|32,4|32|32|109|111|118|32|99,120|44|97|108|16|0|0|0,120|32|32|32|32|32|32|97,-40|100|32|97|108|44|36|48,-30|59|15|0|0|0|0|32,60034|8224|24864|25700|25632|11369|30817|17,0,0,0,1,255,208
88,30,3,3,0,3,0,0,0,252|251|251|48|22|0|0|0,255|255|255|32|32|32|32|106,120|120|120|64|66|50|102|110,10|10|10|108|105|110|101|59,-32|-32|-32|0|0|32|32|32,-24|0|28|115|104|114|32|99,60023|60024|60025|0|8192|8224|17472|24946,0,0,0,6,255,208
89,20,2,2,3,2,0,0,0,189|1|0|32|32|32|109|111,255|255|32|97|108|44|100|115,0|0|115|105|93|32|14|0,-1|-1|0|32|32|32|97|110,0|0|32|97|108|44|36|48,-1|-1|13|0|0|0|0|32,107|107|8224|24864|11372|26723|18|0,-1,0,0,6,255,208
90,0,0,8,3,8,0,0,0,5|5|5|5|5|5|5|5,16|16|16|16|16|16|16|16,1|-1|1|-1|0|2|-2|0,1|1|-1|-1|2|0|0|-2,6|-6|6|-6|0|8|-8|0,6|6|-6|-6|8|0|0|-8,214|214|214|214|214|214|214|214,0,0,0,11,1,112
91,40,4,4,0,4,0,0,0,3|1|1|3|0|0|0|32,255|255|255|255|32|106|109|112,0|-2|2|0|102|67|111|110,10|7|7|10|101|41|16|0,0|0|0|0|32|32|64|66,6|0|0|-6|120|116|108|105,60|201|202|60|8192|8224|8224|24864,0,0,0,6,255,208
92,0,10,2,0,2,0,0,0,192|1|32|32|32|32|32|109,255|255|32|97|108|44|100|115,0|0|115|105|93|0|15|0,8|8|0|32|32|32|32|32,0|0|114|32|32|97|108|44,0|0|24|0|0|0|0|32,65|65|27168|31342|16416|12866|17254|28271,0,0,0,27,255,208
93,0,10,2,0,2,0,0,0,193|2|0|64|78|79|68|82,255|255|66|79|84|84|79|77,0|0|8|0|0|0|0|64,8|8|73|69|78|68|58|32,0|0|0|0|0|32|32|32,0|0|112|111|112|32|32|100,64|64|0|8192|8224|8224|28525|8310,0,0,0,27,255,208
94,0,10,1,0,1,0,0,0,195|107|105|112|65|78|73|58,255|0|0|0|0|32|38|0,0|0|0|123|32|32|32|32,0|32|32|32|32|32|32|32,0|102|102|115|101|116|32|32,0|32|32|32|32|32|32|32,71|29542|29797|12589|27952|35|0|8192,1,0,0,7,6,208
95,0,10,4,0,4,0,0,0,196|197|4|4|32|32|32|32,255|255|121|121|32|32|32|45,-12|12|-6|6|0|0|0|32,0|0|0|0|32|32|32|32,0|0|0|0|32|32|48|49,0|0|0|0|32|32|32|32,45|7|45|7|13361|35|0|8192,0,0,0,27,1,208
96,0,10,2,0,2,0,0,0,196|4|32|32|32|32|32|32,255|121|32|32|32|32|32|45,-12|-6|35|0|0|0|0|32,0|0|99|32|32|32|32|32,0|0|32|32|32|32|48|53,0|0|32|32|32|32|32|32,45|45|8224|11552|12337|35|0|8192,0,0,0,27,1,208
97,0,10,2,0,2,0,0,0,197|4|32|32|32|32|32|32,255|121|32|32|32|32|32|45,12|6|35|0|0|0|0|32,0|0|99|97|32|32|32|32,0|0|32|32|32|32|48|55,0|0|32|32|32|32|32|32,7|7|8224|11552|14384|35|0|8192,0,0,0,27,1,208
98,20,0,1,0,8,0,0,0,2|2|2|2|2|2|2|2,255|255|255|255|255|255|255|255,0|0|0|0|0|0|0|0,14|14|14|14|14|14|14|14,-8|-4|0|4|8|4|0|-4,0|0|0|0|0|0|0|0,70|70|70|70|70|70|70|70,0,0,0,1,255,208
99,20,0,1,0,8,0,0,0,2|2|2|2|2|2|2|2,255|255|255|255|255|255|255|255,-2|-1|0|1|2|1|0|-1,14|14|14|14|14|14|14|14,-8|-4|0|4|8|4|0|-4,0|0|0|0|0|0|0|0,70|70|70|70|70|70|70|70,0,0,0,1,255,208
100,40,0,2,0,6,0,0,0,2|2|2|2|2|2|0|32,255|255|255|255|255|255|109|112,-2|2|-1|1|0|0|110|116,14|14|14|14|14|14|0|0,-8|8|-4|4|-2|2|50|78,0|0|0|0|0|0|101|58,70|70|70|70|70|70|25700|25632,0,0,0,1,255,208
101,10,6,1,0,1,0,0,0,2|32|32|109|111|118|32|97,255|44|100|115|58|91|115|105,0|32|15|0|0|0|0|32,12|32|32|32|32|111|114|32,0|97|108|44|97|108|23|0,0|0|0|32|32|32|32|32,252|31342|16416|12884|28483|29806|28265|25973,0,0,0,28,255,208
102,10,10,1,0,1,0,0,0,5|32|106|109|112|32|32|64,255|111|68|114|97|119|84|111,0|110|0|0|0|0|0|97,10|0|0|0|0|64|85|115,0|65|70|105|108|116|101|114,0|111|112|58|0|0|0|0,253|55|0|8192|8224|8224|27936|30319,0,0,0,27,255,208
103,10,16,1,0,1,0,0,0,10|115|104|97|112|101|32|111,255|102|115|101|116|32|108|111,0|107|117|112|32|108|111|99,8|116|105|111|110|125|40|0,0|0|0|32|32|32|32|32,0|109|111|118|32|115|105|44,254|23354|26995|8285|31520|25927|8308|26739,0,0,0,26,255,208
104,0,0,1,0,1,0,0,0,90|32|32|32|32|32|32|109,250|118|32|100|105|44|98|120,120|0|0|0|0|32|15|0,120|0|0|32|32|32|32|32,-24|115|117|98|32|97|104|44,24|104|0|0|0|0|0|118,98|0|8192|8224|8224|27168|28781|16416,0,0,8,1,255,208
105,0,0,1,0,1,0,0,0,2|32|32|32|64|84|49|102,255|114|97|119|58|119|14|0,0|0|0|32|32|32|32|32,4|115|104|114|32|99|108|44,0|111|21|0|0|0|0|32,0|32|64|68|114|97|119|112,61|28515|29806|28500|12656|14950|18|0,0,0,0,1,255,208
106,0,0,1,0,1,0,0,0,2|105|93|111|14|0|0|0,255|32|32|32|97|110|100|32,3|97|108|44|36|48|70|61,0|0|0|0|0|32|32|32,0|114|32|32|32|97|108|44,0|104|18|0|0|0|0|32,80|28525|8310|25888|14963|25691|23913|24876,0,0,0,1,255,208
107,20,0,1,0,8,0,0,0,2|2|2|2|2|2|2|2,255|255|255|255|255|255|255|255,-4|-2|0|2|4|2|0|-2,14|14|14|14|14|14|14|14,-8|-4|0|4|8|4|0|-4,0|0|0|0|0|0|0|0,70|70|70|70|70|70|70|70,0,0,0,1,255,208
108,40,0,2,0,6,0,0,0,2|2|2|2|2|2|20|0,255|255|255|255|255|255|32|32,-4|4|-2|2|-1|1|108|44,14|14|14|14|14|14|93|32,-8|8|-4|4|-2|2|32|32,0|0|0|0|0|0|32|115,70|70|70|70|70|70|27936|30319,0,0,0,1,255,208
109,80,3,8,0,8,0,0,0,1|1|1|1|1|1|1|1,255|255|255|255|255|255|255|255,0|0|0|0|0|0|0|0,12|13|14|15|16|17|18|19,0|0|0|0|0|0|0|0,0|0|0|0|0|0|0|0,135|116|116|116|116|116|116|97,0,0,0,8,255,144
110,30,3,1,0,1,0,0,4,3|0|0|32|32|32|32|32,255|97|100|100|32|100|105|44,0|50|48|45|49|50|16|0,0|0|0|32|32|32|32|32,0|99|109|112|32|97|108|44,0|48|70|32|22|0|0|0,214|8224|8224|27168|25966|16416|12628|17254,0,0,0,13,255,208
111,0,6,1,0,2,0,0,0,4|4|0|123|32|32|32|64,255|255|102|67|111|110|116|105,0|0|101|58|20|0|0|0,5|5|32|32|32|32|32|109,-4|4|32|97|108|44|100|115,0|0|115|105|93|110|17|0,72|72|8224|21568|26161|28483|29806|28265,1,0,0,5,255,208
112,10,4,1,0,1,0,0,0,1|99|32|115|105|32|15|0,255|0|0|32|32|32|32|32,0|109|111|118|32|99|108|44,8|108|16|0|0|0|0|32,-5|32|32|32|32|97|110|100,0|97|108|44|36|48|70|115,58|0|8192|8224|8224|24864|25700|25632,0,0,0,1,255,208
113,10,4,1,0,1,0,0,0,1|115|116|32|99|108|44|36,255|48|22|0|0|0|0|32,0|32|32|32|32|106|122|32,8|64|84|49|102|110|101|120,6|108|105|110|101|101|14|0,0|0|0|32|32|32|32|32,58|29288|25376|11372|8244|21|0|8192,0,0,0,1,255,208
114,40,0,1,0,1,0,0,0,2|49|102|58|18|0|0|0,255|32|32|32|109|111|118|32,0|97|108|44|100|115|58|91,14|105|93|0|14|0|0|0,0|32|32|32|97|110|100|32,0|97|108|44|36|48|70|59,142|0|8192|8224|29295|8224|24864|11372,0,0,0,1,255,144
115,10,1,1,2,1,0,0,3,2|58|91|100|105|93|44|97,255|101|10|0|0|0|0|32,0|32|105|110|99|32|32|115,0|97|10|0|0|0|0|32,-8|32|105|110|99|32|32|100,-2|32|10|0|0|0|0|32,112|25956|8291|25376|8300|25|0|8192,0,0,0,13,255,208
116,10,1,1,2,1,0,0,3,2|110|116|84|111|112|49|102,255|0|0|0|0|32|32|32,0|32|32|106|109|112|32|64,0|49|102|67|111|110|116|105,8|117|101|0|16|0|0|0,-2|32|32|32|64|84|49|102,112|29816|26988|25966|8250|19|0|8192,0,0,0,13,255,208
117,30,1,1,0,1,0,0,4,5|50|20|0|0|0|0|32,255|32|32|32|32|109|111|118,0|97|108|44|100|115|58|91,0|105|93|110|15|0|0|0,0|32|32|32|32|32|32|111,0|32|32|97|108|44|97|108,285|0|8192|8224|8224|27168|31342|16416,0,0,0,13,255,208
118,40,3,2,0,2,0,0,0,3|3|0|32|55|0|0|0,255|255|32|32|32|32|32|109,0|0|32|115|105|44|100|120,14|14|80|111|105|110|116|32,-6|6|32|115|104|97|112|101,0|0|102|102|115|101|116|32,143|144|28789|27680|25455|29793|28521|32110,0,0,0,13,255,192
119,80,3,1,0,1,0,0,0,4|44|50|54|40|0|0|0,255|32|32|32|32|32|32|109,-2|118|32|115|105|44|100|115,4|91|115|105|93|32|32|123,0|101|116|32|115|104|97|112,0|32|111|102|102|115|101|116,166|32|0|8192|8224|8224|27936|30319,0,0,0,10,255,144
120,80,4,1,0,1,0,0,0,4|97|116|105|111|110|125|32,255|0|0|0|0|32|32|32,2|32|32|97|100|100|32|100,4|44|49|50|32|123|49|50,0|112|105|120|101|108|115|32,0|111|32|116|104|101|32|114,166|29800|8317|0|0|8192|22|0,0,0,0,10,255,112
121,10,1,1,0,8,0,0,0,1|1|1|1|1|1|1|1,8|8|8|8|8|8|8|8,-2|-1|0|1|2|1|0|-1,13|14|15|14|13|14|15|14,-4|-2|0|2|4|2|0|-2,0|0|0|0|0|0|0|0,7304|7304|7304|7304|7304|7304|7304|7304,-1,0,0,4,255,112
122,30,3,3,0,3,0,0,0,2|1|1|32|32|97|108|44,255|255|255|91|115|105|93|98,0|0|0|0|0|32|32|32,12|12|12|32|32|97|108|44,0|-6|5|32|13|0|0|0,0|4|4|32|111|114|32|32,107|108|108|18|0|8192|8224|28525,0,0,0,1,255,112
123,0,5,8,1,8,0,0,0,1|1|1|1|1|1|1|1,255|255|255|255|255|255|255|255,-22|-22|-22|-22|-22|-22|-22|-22,0|0|0|0|0|0|0|0,0|-12|-24|-36|-48|-60|-72|-84,0|0|0|0|0|0|0|0,198|199|198|199|198|199|198|199,0,0,0,15,255,128
124,0,5,8,1,8,0,0,0,1|1|1|1|1|1|1|1,255|255|255|255|255|255|255|255,22|22|22|22|22|22|22|22,0|0|0|0|0|0|0|0,0|12|24|36|48|60|72|84,0|0|0|0|0|0|0|0,198|199|198|199|198|199|198|199,0,0,0,15,255,128
125,10,4,1,0,1,0,0,0,1|108|16|0|0|0|0|32,255|32|32|32|32|97|110|100,0|97|108|44|36|48|70|101,6|0|0|0|0|32|32|32,-8|32|32|97|100|100|32|100,0|44|97|120|17|0|0|0,58|8224|8224|29728|29541|8308|27747|9260,0,0,0,1,255,208
126,10,4,1,0,1,0,0,0,1|64|84|50|102|68|114|97,255|93|19|0|0|0|0|32,0|32|32|32|32|97|100|100,6|100|105|44|51|50|48|45,8|50|16|0|0|0|0|32,0|32|32|32|32|99|109|112,58|11372|12324|28486|22|0|8192|8224,0,0,0,1,255,208
127,50,5,5,2,5,0,0,0,3|3|3|3|3|0|0|0,255|255|255|255|255|0|0|123,0|-1|1|-2|2|102|67|111,3|2|2|1|1|101|58|0,0|0|0|0|0|32|32|32,0|0|0|0|0|118|32|97,112|112|112|112|112|17|0|8192,0,0,0,6,255,208
128,30,4,1,7,1,0,0,0,4|0|0|0|0|32|32|32,255|32|32|105|110|99|32|115,0|0|15|0|0|0|0|32,7|32|32|32|32|109|111|118,0|99|108|44|97|108|16|0,0|0|0|32|32|32|32|32,601|25710|24864|11372|12324|27974|15|0,0,0,3,13,11,128
129,30,4,1,3,1,0,0,0,1|0|0|0|0|32|32|32,255|32|32|116|101|115|116|32,0|108|44|36|70|48|22|0,0|0|0|32|32|32|32|32,-8|106|122|32|32|64|84|50,0|110|101|120|116|108|105|110,107|14|0|8192|8224|8224|29472|29288,0,0,5,13,12,128
130,0,0,1,0,4,0,0,0,1|1|1|1|105|120|99|111,255|255|255|255|112|50|102|58,14|14|14|14|0|32|32|32,0|0|0|0|32|97|108|44,0|0|0|0|115|105|93|99,-5|-5|-5|-5|0|32|32|32,286|287|286|288|12324|25414|13|0,0,0,0,6,255,208
131,10,4,1,0,1,0,0,0,2|0|0|32|32|32|109|111,255|32|32|101|115|58|91|100,0|93|44|97|108|32|10|0,6|0|0|32|32|32|105|110,0|32|32|115|105|101|10|0,0|0|0|32|32|32|105|110,61|25632|28009|10|0|8192|8224|25956,0,0,0,1,255,208
132,10,4,1,0,1,0,0,0,2|32|32|64|68|114|97|119,255|105|120|99|111|110|116|84,0|112|50|102|22|0|0|0,6|32|32|32|32|32|32|106,0|112|32|64|84|50|102|67,0|110|116|105|110|117|101|84,162|0|8192|8224|21568|26162|25934|29816,0,0,0,1,255,208
133,10,4,1,1,1,0,0,0,4|97|100|100|32|100|105|44,255|50|48|45|49|50|20|0,0|0|0|32|32|32|32|32,6|109|111|118|32|97|108|44,0|115|58|91|115|105|93|123,0|0|0|0|0|32|32|32,168|28448|8306|24864|11372|27745|24|0,0,0,0,1,255,208
134,60,4,3,0,3,0,0,0,2|1|1|105|110|117|101|50,255|255|255|0|0|0|0|32,0|5|-5|0|0|64|78|79,10|8|8|87|84|79|80|58,0|0|0|0|0|91|24|0,0|0|0|32|32|32|32|32,244|227|227|24951|8307|30064|26739|25701,0,0,0,1,255,208
135,60,4,3,0,3,0,0,0,2|1|1|32|112|111|112|32,255|255|255|32|12|0|0|0,0|5|-5|32|32|32|112|111,-10|-8|-8|97|120|32|16|0,0|0|0|32|32|32|32|32,0|0|0|32|32|97|120|44,244|227|227|0|8192|8224|8224|27754,0,0,0,1,255,208
136,120,3,2,2,2,0,0,0,6|6|0|0|0|32|32|32,255|255|99|109|112|32|32|97,0|0|49|56|50|0|23|0,6|6|0|32|32|32|32|32,0|0|101|32|32|64|78|79,0|14|65|87|66|79|84|84,117|136|0|26880|74|0|8192|8224,0,0,0,0,255,192
137,80,3,4,0,8,0,0,0,3|3|1|1|3|3|1|1,255|255|255|255|255|255|255|255,-10|-10|-8|-8|10|10|8|8,0|0|4|-4|0|0|4|-4,0|-12|0|0|0|12|0|0,0|0|0|0|0|0|0|0,244|244|244|244|244|244|244|244,0,0,0,1,255,208
138,120,4,6,0,6,0,0,0,3|3|2|2|1|1|52|56,255|255|255|255|255|255|116|104,0|0|3|-3|6|-6|32|108,-10|-10|-9|-9|-8|-8|32|42,0|0|0|0|0|0|0|116,0|12|0|0|0|0|32|32,244|244|245|245|244|244|8224|8224,0,0,0,1,255,208
139,0,5,8,1,8,0,0,0,1|1|1|1|1|1|1|2,255|255|255|255|255|255|255|255,0|0|0|0|0|0|0|0,8|8|8|8|8|8|8|8,0|0|0|0|0|0|0|0,0|14|28|42|56|70|84|98,192|191|192|191|192|191|192|191,0,0,0,15,255,128
140,0,5,8,0,8,0,0,0,1|1|1|1|1|1|1|2,255|255|255|255|255|255|255|255,-14|-14|-14|-14|-14|-14|-14|-14,-12|-12|-12|-12|-12|-12|-12|-12,0|-12|-24|-36|-48|-60|-72|-84,0|14|28|42|56|70|84|98,196|197|196|197|196|197|196|197,0,0,0,15,255,128
141,0,5,8,0,8,0,0,0,1|1|1|1|1|1|1|2,255|255|255|255|255|255|255|255,-14|-14|-14|-14|-14|-14|-14|-14,-12|-12|-12|-12|-12|-12|-12|-12,0|12|24|36|48|60|72|84,0|14|28|42|56|70|84|98,194|195|194|195|194|195|194|195,0,0,0,15,255,128
142,10,1,1,2,1,0,0,4,1|115|117|98|32|97|104|44,255|104|0|0|0|0|0|32,0|0|0|0|0|32|32|32,0|32|32|106|109|112|32|64,0|49|67|111|110|116|105|110,0|101|11|0|0|0|0|32,226|16960|17457|24946|14967|14|0|8192,0,0,0,13,255,208
143,10,0,1,0,2,1,1,7,1|1|0|32|32|32|32|32,8|8|101|112|32|109|111|118,0|0|15|0|0|0|0|32,0|0|64|66|49|67|111|110,-1|1|110|117|101|58|20|0,0|0|0|32|32|32|32|32,21|20|24864|11372|29540|23354|26995|25693,0,0,0,28,255,112
144,50,0,5,0,5,0,0,0,1|1|1|1|1|0|0|32,255|255|255|255|255|109|111|118,0|-1|1|-2|2|108|16|0,-1|-3|-3|-4|-4|32|32|32,0|0|0|0|0|97|108|44,0|0|0|0|0|0|0|0,304|304|304|304|304|25632|11369|30817,1,0,0,10,255,208
145,0,0,1,0,4,0,0,0,1|1|1|1|70|48|17|0,255|255|255|255|32|32|32|32,-14|-14|-14|-14|32|64|66|49,0|0|0|0|19|0|0|0,0|0|0|0|32|32|32|97,-14|-14|-14|-14|105|44|51|50,286|287|286|288|8192|8224|8224|25376,0,0,0,6,255,208
146,10,1,1,2,1,0,0,4,2|32|32|32|32|106|110|101,255|64|66|49|67|111|110|116,0|110|117|101|0|0|0|0,0|0|15|0|0|0|0|123,0|32|64|66|49|67|111|110,0|105|110|117|101|58|20|0,112|8192|8224|8224|27936|30319|24864|11372,0,0,0,13,255,208
147,30,7,1,2,1,0,0,0,1|66|49|67|111|110|116|105,1|117|101|50|58|59|12|0,0|0|0|32|32|32|32|32,0|105|110|99|32|115|105|32,0|0|0|0|0|32|32|32,0|32|32|109|111|118|32|99,228|27745|16|0|8192|8224|8224|24864,0,0,0,0,255,128
148,40,1,1,2,1,0,0,0,0|32|32|32|32|97|100|100,1|100|105|44|97|120|17|0,0|0|0|32|32|32|32|32,0|116|101|115|116|32|99|108,0|36|70|48|21|0|0|0,0|32|32|32|32|32|32|106,247|16416|12610|25966|29816|26988|25966|14,0,0,0,0,255,128
149,40,9,1,8,1,0,0,0,4|32|15|0|0|0|0|32,255|32|32|32|32|114|101|112,0|109|111|118|115|98|21|0,3|0|0|32|32|32|32|32,0|106|109|112|32|64|66|49,0|111|110|116|105|110|117|101,191|0|8192|8224|16960|20017|30821|27764,0,0,0,1,255,128
150,120,9,3,6,3,0,0,0,4|4|4|100|105|44|51|50,255|255|255|50|20|0|0|0,0|1|-1|32|32|32|32|109,3|2|2|97|108|44|100|115,0|0|0|105|93|32|11|0,0|0|0|32|32|32|32|32,191|191|191|494|65535|52|0|8192,0,0,0,1,255,128
151,0,5,8,1,8,0,0,0,1|1|1|1|1|1|1|1,255|255|255|255|255|255|255|255,22|22|22|22|22|22|22|22,0|0|0|0|0|0|0|0,0|12|24|36|48|60|72|84,0|0|0|0|0|0|0|0,198|199|198|199|198|199|198|199,0,0,0,0,255,128
152,0,5,8,1,8,0,0,0,1|1|1|1|1|1|1|1,255|255|255|255|255|255|255|255,-22|-22|-22|-22|-22|-22|-22|-22,0|0|0|0|0|0|0|0,0|-12|-24|-36|-48|-60|-72|-84,0|0|0|0|0|0|0|0,198|199|198|199|198|199|198|199,0,0,0,0,255,128
153,0,2,2,3,8,2,10,0,6|8|6|6|6|6|6|6,255|255|255|255|255|255|255|255,8|-8|10|-10|10|-10|13|-13,-12|-12|-13|-13|-10|-10|-6|-6,0|0|0|0|0|0|0|0,24|24|24|24|24|24|24|24,214|214|214|214|214|214|214|214,0,0,0,1,255,208
154,120,3,2,2,2,0,0,0,3|3|111|110|116|105|110|117,255|255|20|0|0|0|0|32,0|0|32|32|32|109|111|118,6|6|108|44|100|115|58|91,0|0|93|97|12|0|0|0,-14|0|32|32|32|32|32|105,117|136|28265|15|0|8192|8224|8224,0,0,0,26,255,192
155,0,3,1,0,1,0,0,0,2|32|32|32|32|97|110|100,255|97|108|44|36|48|70|94,0|0|0|0|0|32|32|32,10|32|32|97|100|100|32|100,0|44|97|120|17|0|0|0,0|32|32|32|32|32|32|116,59|8308|27747|9260|12358|15|0|8192,0,0,0,25,255,112
156,0,4,1,0,1,0,0,0,3|0|0|32|32|32|32|32,255|97|100|100|32|100|105|44,0|50|48|45|49|50|16|0,10|0|0|32|32|32|32|32,0|99|109|112|32|97|108|44,0|48|70|111|19|0|0|0,60|8224|8224|27168|25966|16416|28483|29806,0,0,0,25,255,112
157,0,4,1,0,1,0,0,0,4|32|32|64|67|111|110|116,255|110|117|101|58|48|20|0,0|0|0|32|32|32|32|32,10|109|111|118|32|97|108|44,0|115|58|91|115|105|93|119,0|0|0|0|0|32|32|32,165|28271|26996|30062|12901|8250|12|0,0,0,0,25,255,112
158,0,4,2,0,2,0,0,0,2|2|0|32|32|32|32|32,255|255|111|118|32|99|108|44,0|0|16|0|0|0|0|32,10|10|32|32|32|97|110|100,-6|6|108|44|36|48|70|101,0|0|0|0|0|32|32|32,59|59|25700|25632|11369|30817|17|0,0,0,0,25,255,112
159,0,5,3,0,3,0,0,0,3|1|1|0|0|0|0|32,255|255|255|32|32|106|122|32,0|0|0|101|120|116|108|105,10|10|10|0|0|0|0|32,0|-8|8|32|32|115|104|114,0|4|4|44|52|109|15|0,60|58|58|8224|29216|28773|27936|30319,0,0,0,25,255,112
160,0,5,3,0,3,0,0,0,4|1|1|111|110|116|105|110,255|255|255|0|0|0|0|32,0|0|0|78|101|120|116|108,10|10|10|58|19|0|0|0,0|-9|9|32|32|32|32|97,0|4|4|100|105|44|51|50,165|58|58|0|8192|8224|8224|27936,0,0,0,25,255,112
161,0,5,3,0,3,0,0,0,2|2|2|32|32|32|32|32,255|255|255|32|32|97|108|44,0|0|0|0|0|0|0|32,10|10|10|32|32|106|110|122,0|-10|10|111|110|116|105|110,0|4|4|125|15|0|0|0,59|59|59|8304|16416|20033|17737|17486,0,0,0,25,255,112
162,0,5,3,0,3,0,0,0,3|2|2|108|70|105|108|116,255|255|255|0|0|0|0|0,0|0|0|0|0|0|0|32,10|10|10|32|32|106|109|112,0|-10|10|111|110|116|105|110,0|4|4|97|10|0|0|0,60|59|59|24946|26231|26938|14|0,0,0,0,25,255,112
163,0,5,5,0,5,0,0,0,3|2|2|1|1|32|32|32,255|255|255|255|255|112|105|120,0|0|0|0|0|58|18|0,10|10|10|10|10|32|109|111,0|-10|10|-18|18|44|100|115,0|4|4|8|8|97|14|0,60|59|59|58|58|24864|11372|12324,0,0,0,25,255,112
164,0,5,5,0,5,0,0,0,3|2|2|2|2|0|0|0,255|255|255|255|255|111|118|32,0|0|0|0|0|100|105|93,10|10|10|10|10|0|0|0,0|-10|10|-20|20|110|99|32,0|4|4|8|8|0|0|0,60|59|59|59|59|29801|10|0,0,0,0,25,255,112
165,0,5,5,0,5,0,0,0,5|2|2|2|2|110|122|32,255|255|255|255|255|119|112|105,0|0|0|0|0|102|14|0,10|10|10|10|10|32|64|67,0|-10|10|-24|24|117|101|102,0|4|4|8|8|0|0|32,62|59|59|59|59|11372|29540|23354,0,0,0,25,255,112
166,0,3,1,0,1,0,0,0,2|99|32|115|105|101|15|0,255|0|0|32|32|32|32|32,0|109|111|118|32|99|108|44,10|108|16|0|0|0|0|32,0|32|32|32|32|97|110|100,0|97|108|44|36|48|70|32,59|0|8192|8224|8224|24864|25700|25632,0,0,0,25,255,112
167,0,3,2,0,2,0,0,0,1|1|116|32|99|108|44|36,255|255|16|0|0|0|0|32,-3|3|32|32|32|106|110|122,9|9|68|114|97|119|102|59,-4|4|0|0|0|32|32|32,0|0|32|97|100|100|32|100,201|202|11568|12849|16|0|8192|8224,0,0,0,25,255,112
168,0,4,3,0,3,0,0,0,1|1|1|32|32|32|32|32,255|255|255|101|32|64|67|111,-3|3|0|110|117|101|102|119,9|9|10|0|0|0|15|0,-4|4|0|123|32|32|32|64,0|0|0|116|105|110|117|101,201|202|58|8192|8224|8224|27936|30319,0,0,0,25,255,112
169,0,4,3,0,3,0,0,0,1|1|2|32|64|67|111|110,255|255|255|117|101|50|102|58,-7|7|0|0|0|32|32|32,7|7|10|105|110|99|32|115,-5|5|0|0|0|0|0|32,0|0|0|32|32|109|111|118,163|164|59|16|0|8192|8224|8224,0,0,0,25,255,112
170,0,5,5,0,5,0,0,0,1|1|1|1|1|32|32|97,255|255|255|255|255|44|97|120,-7|7|0|-3|3|32|32|32,7|7|10|9|9|115|116|32,-5|5|0|-4|4|48|20|0,0|0|0|0|0|32|32|32,163|164|58|201|202|26988|25966|8294,0,0,0,25,255,112
171,0,5,5,0,5,0,0,0,1|1|2|1|1|0|0|0,255|255|255|255|255|68|114|97,-7|7|0|-3|3|111|110|116,7|7|10|9|9|0|0|32,-5|5|0|-4|4|32|32|97,0|0|0|0|0|91|115|105,163|164|59|201|202|28257|8292|24864,0,0,0,25,255,112
172,0,5,3,0,3,0,0,0,3|3|1|97|108|44|99|104,255|255|255|0|0|32|32|32,-7|7|0|32|32|101|115|58,7|7|10|93|44|97|108|114,-5|5|0|0|0|32|32|32,0|0|0|32|32|115|105|105,121|122|58|8224|28265|8291|25632|8297,0,0,0,25,255,112
173,0,5,3,0,3,0,0,0,3|3|2|0|0|32|32|32,255|255|255|32|32|64|68|114,-7|7|0|105|120|99|111|110,7|7|10|0|0|0|0|32,-5|5|0|32|32|106|109|112,0|0|0|111|110|116|105|110,121|122|59|0|8192|8224|20032|30821,0,0,0,25,255,112
174,0,5,5,0,5,0,0,0,3|3|1|1|1|100|32|100,255|255|255|255|255|45|49|50,-7|7|0|-3|3|32|32|32,7|7|10|9|9|118|32|97,-5|5|0|-4|4|91|115|105,0|0|0|0|0|0|0|32,121|122|58|201|202|11372|27745|22,0,0,0,25,255,112
175,0,5,5,0,5,0,0,0,3|3|2|1|1|101|50|102,255|255|255|255|255|0|0|32,-7|7|0|-3|3|32|32|32,7|7|10|9|9|64|65|78,-5|5|0|-4|4|0|0|0,0|0|0|0|0|0|0|32,121|122|59|201|202|50372|50372|50372,0,0,0,25,255,112
176,0,5,5,0,5,0,0,0,3|3|2|2|2|32|69|78,255|255|255|255|255|45|32|68,-7|7|0|-3|3|32|50|120,7|7|10|9|9|109|121|32,-5|5|0|-4|4|-60|-60|-60,0|0|0|0|0|111|12|0,121|122|59|279|280|17742|22861|58,0,0,0,25,255,112
177,0,8,1,0,1,0,0,0,251|32|32|98|120|44|55|42,255|50|48|43|54|32|32|32,0|32|123|76|111|99|97|116,2|111|110|32|61|32|76|111,0|97|116|105|111|110|32|45,0|121|42|55|32|45|32|120,65|8224|10272|30821|13869|25900|11641|10551,1,0,0,10,255,208
178,0,8,2,0,2,0,0,0,251|251|115|104|32|97|120|32,255|255|42|32|78|101|101|100,-1|1|111|32|115|116|111|114,2|2|65|88|32|40|69|89,2|2|102|111|114|32|108|97,0|0|114|32|42|41|10|0,65|65|8224|30064|26739|25376|8312|0,1,0,0,10,255,208
179,0,8,1,0,1,0,0,0,252|97|117|108|116|32|86|97,255|117|101|115|32|82|101|97,0|121|42|42|42|42|41|109,4|0|0|0|0|113|52|0,0|0|0|32|32|32|99|109,0|32|32|97|120|44|45|49,64|8224|8224|8224|10792|16672|8280|29545,1,0,0,10,255,208
180,0,8,3,0,3,0,0,0,251|251|251|101|32|42|41|32,255|255|255|0|0|32|32|32,-2|2|0|32|32|64|78|79,2|2|2|87|84|79|80|101,-10|10|0|0|0|0|15|0,0|0|0|32|32|32|32|32,65|65|65|11368|26723|24|0|8192,1,0,0,10,255,208
181,0,8,2,0,2,0,0,0,252|252|101|114|84|111|112|91,255|255|0|0|0|0|11|0,-1|1|0|64|100|117|97|108,2|2|111|112|65|58|0|0,-7|7|0|32|55|0|0|0,9|9|32|32|32|32|32|109,75|75|11369|30820|31520|28496|28265|8308,1,0,0,10,255,208
182,0,8,4,0,4,0,0,0,251|251|250|250|117|112|32|108,255|255|255|255|105|111|110|125,0|0|0|0|0|32|32|32,3|3|3|3|111|118|32|115,-6|6|-6|6|58|91|115|105,-7|-7|7|7|71|101|116|32,598|599|617|618|29542|29797|8317|15,1,0,0,10,255,208
183,0,8,6,0,6,0,0,0,251|251|250|250|251|251|0|0,255|255|255|255|255|255|32|32,0|0|0|0|-1|1|32|97,3|3|3|3|2|2|0|0,-6|6|-6|6|-14|14|0|32,-7|-7|7|7|0|0|109|112,598|599|617|618|65|65|11|0,1,0,0,10,255,208
184,0,8,8,0,8,0,0,0,251|251|250|250|251|251|250|250,255|255|255|255|255|255|255|255,0|0|0|0|0|0|0|0,3|3|3|3|3|3|3|3,-18|-6|-18|-6|6|18|6|18,-7|-7|7|7|-7|-7|7|7,598|599|617|618|598|599|617|618,1,0,0,10,255,208
185,0,8,4,0,4,0,0,0,251|251|251|251|0|0|0|32,255|255|255|255|32|105|110|99,0|0|0|0|15|0|0|0,3|3|3|3|32|32|32|109,-6|6|-6|6|108|44|97|108,-7|-7|7|7|0|32|32|32,596|597|615|616|11372|12324|8262|15,1,0,0,10,255,208
186,0,8,6,0,6,0,0,0,251|251|251|251|251|251|0|32,255|255|255|255|255|255|101|115,0|0|0|0|-1|1|70|48,3|3|3|3|2|2|32|32,-6|6|-6|6|-14|14|32|64,-7|-7|7|7|0|0|19|0,596|597|615|616|65|65|25632|11369,1,0,0,10,255,208
187,0,8,8,0,8,0,0,0,251|251|251|251|251|251|251|251,255|255|255|255|255|255|255|255,0|0|0|0|0|0|0|0,3|3|3|3|3|3|3|3,-18|-6|-18|-6|6|18|6|18,-7|-7|7|7|-7|-7|7|7,596|597|615|616|596|597|615|616,1,0,0,10,255,208
188,0,0,1,0,3,0,0,0,1|0|0|44|100|115|58|91,255|255|255|120|16|0|0|0,101|101|101|32|64|84|49|67,14|14|14|105|110|117|101|50,0|0|0|0|0|0|0|32,4|4|4|32|32|105|110|99,289|293|293|0|8192|8224|8224|27936,0,0,0,6,255,112
189,0,0,1,0,3,0,0,0,1|1|0|97|110|100|32|97,255|255|255|48|70|119|15|0,101|101|101|32|32|32|32|32,14|14|14|100|32|100|105|44,0|0|0|0|0|0|0|32,4|4|4|32|32|116|101|115,289|289|293|12358|21|0|8192|8224,0,0,0,6,255,112
190,0,0,1,0,1,0,0,0,1|101|14|0|0|0|0|32,255|32|32|32|32|115|104|114,101|99|108|44|52|32|15|0,14|0|0|32|32|32|32|32,0|114|101|112|32|109|111|118,4|98|21|0|0|0|0|32,286|8224|27168|28781|16416|12628|28483|29806,0,0,0,6,255,112
191,0,0,1,0,4,0,0,0,1|2|1|0|105|110|101|58,255|255|255|255|0|32|32|32,101|101|101|101|100|100|32|100,14|14|14|14|48|45|49|50,0|0|0|0|0|32|32|32,4|4|4|4|111|118|32|97,286|287|286|288|8285|15|0|8192,0,0,0,6,255,112
192,0,0,1,0,2,0,0,0,1|2|0|32|32|32|32|32,255|255|110|122|32|64|84|49,101|101|110|116|105|110|117|101,14|14|0|0|0|0|0|102,0|0|0|0|0|32|32|32,4|4|32|109|111|118|32|115,286|287|31520|28496|28265|8308|28532|29472,0,0,0,6,255,112
193,0,0,2,0,8,0,0,0,2|2|1|1|0|0|1|1,255|255|255|255|255|255|255|255,101|101|101|101|101|101|101|101,14|14|14|14|14|14|14|14,-6|6|-6|6|-6|6|-6|6,4|4|4|4|4|4|4|4,287|287|286|286|288|288|286|286,0,0,0,6,255,112
194,0,0,1,0,4,0,0,0,2|4|2|0|32|32|32|32,255|255|255|255|32|100|105|44,101|101|101|101|83|104|97|112,14|14|14|14|99|97|116|105,0|0|0|0|40|0|0|0,4|4|4|4|32|32|32|97,290|291|290|292|31520|12849|28704|30825,0,0,0,6,255,112
195,0,0,3,0,6,0,0,0,1|1|1|2|0|0|0|0,255|255|255|255|255|255|32|32,101|101|101|101|101|101|32|64,14|14|14|14|14|14|105|110,0|-10|10|0|-10|10|0|32,4|4|4|4|4|4|114|97,286|289|289|287|293|293|29472|29288,0,0,0,6,255,112
196,0,0,3,0,6,0,0,0,0|2|2|1|1|1|111|118,255|255|255|255|255|255|0|32,101|101|101|101|101|101|111|110,14|14|14|14|14|14|20|0,0|-10|10|0|-10|10|32|32,4|4|4|4|4|4|108|44,293|287|287|289|286|286|8192|8224,0,0,0,6,255,112
197,0,0,3,0,6,0,0,0,2|1|1|4|0|0|111|118,255|255|255|255|255|255|16|0,101|101|101|101|101|101|32|32,14|14|14|14|14|14|108|44,0|-10|10|0|-10|10|0|0,4|4|4|4|4|4|32|97,290|289|289|291|293|293|8192|8224,0,0,0,6,255,112
198,0,0,3,0,6,0,0,0,2|2|2|4|1|1|32|32,255|255|255|255|255|255|84|50,101|101|101|101|101|101|0|0,14|14|14|14|14|14|32|97,0|-10|10|0|-10|10|51|50,4|4|4|4|4|4|0|0,290|287|287|291|286|286|11372|12324,0,0,0,6,255,112
199,0,9,3,0,3,0,0,0,4|2|1|50|67|111|110|116,255|255|255|101|0|0|0|0,120|120|120|0|0|0|0|123,8|8|8|64|84|50|67|111,0|0|0|110|117|101|58|0,-14|0|14|0|0|32|32|32,97|116|135|24864|11372|29540|23354|26995,1,0,0,14,255,160
200,0,8,4,0,4,0,0,0,4|2|2|1|101|50|58|120,255|255|255|255|0|32|32|32,120|120|120|120|110|99|32|115,9|9|8|8|0|0|0|32,0|0|0|0|32|109|111|118,-14|0|0|14|97|108|16|0,97|116|116|135|24864|25710|24864|11372,1,0,0,14,255,160
201,0,8,5,0,5,0,0,0,4|2|2|2|1|44|97|120,255|255|255|255|255|32|32|32,120|120|120|120|120|115|116|32,9|9|8|7|7|48|21|0,0|0|0|0|0|32|32|32,-14|0|0|0|14|64|84|50,97|116|116|116|135|0|8192|8224,1,0,0,14,255,160
202,0,7,6,0,6,0,0,0,4|2|2|2|2|1|32|32,255|255|255|255|255|255|32|105,120|120|120|120|120|120|110|116,9|9|8|7|6|6|41|32,0|0|0|0|0|0|101|109,-14|0|0|0|0|14|93|46,97|116|116|116|116|135|25716|29793,1,0,0,14,255,160
203,0,7,8,0,8,0,0,0,4|2|2|2|2|2|2|1,255|255|255|255|255|255|255|255,120|120|120|120|120|120|120|120,9|9|8|7|6|5|4|4,0|0|0|0|0|0|0|0,-14|0|0|0|0|0|0|14,97|116|116|116|116|116|116|135,1,0,0,14,255,160
204,0,7,8,0,8,0,0,0,4|2|2|1|4|2|2|1,255|255|255|255|255|255|255|255,-1|-1|-1|-1|1|1|1|1,14|14|13|13|14|14|13|13,0|0|0|0|0|0|0|0,-14|0|0|14|-14|0|0|14,97|116|116|135|97|116|116|135,1,0,0,14,255,160
205,0,7,8,0,8,0,0,0,4|2|1|4|2|1|4|2,255|255|255|255|255|255|255|255,-3|-3|-3|3|3|3|0|0,14|14|14|14|14|14|14|14,0|0|0|0|0|0|0|0,-14|0|14|-14|0|14|-18|-4,97|116|135|97|116|135|97|135,1,0,0,14,255,160
206,0,6,8,0,8,0,0,0,4|2|1|4|2|1|12|4,255|255|255|255|255|255|255|255,-3|-3|-3|3|3|3|0|0,14|14|14|14|14|14|14|14,0|0|0|0|0|0|0|0,-14|0|14|-14|0|14|-18|-4,97|116|135|97|116|135|101|139,1,0,0,14,255,160
207,0,6,8,0,8,0,0,0,4|2|4|2|12|4|4|2,255|255|255|255|255|255|255|255,-3|-3|3|3|0|0|0|0,14|14|14|14|14|14|13|13,0|0|0|0|0|0|0|0,0|14|0|14|-18|-4|-4|10,97|135|101|139|101|120|120|139,1,0,0,14,255,160
208,0,7,8,0,8,0,0,0,12|4|4|4|4|4|4|2,255|255|255|255|255|255|255|255,120|120|120|120|120|120|120|120,9|9|8|7|6|5|4|4,0|0|0|0|0|0|0|0,-14|0|0|0|0|0|0|14,101|120|120|120|120|120|120|139,1,0,0,14,255,160
209,0,7,8,0,8,0,0,0,12|4|4|2|12|4|4|2,255|255|255|255|255|255|255|255,-1|-1|-1|-1|1|1|1|1,14|14|13|13|14|14|13|13,0|0|0|0|0|0|0|0,-14|0|0|14|-14|0|0|14,101|120|120|139|101|120|120|139,1,0,0,14,255,160
210,0,4,1,0,1,0,0,0,3|108|105|110|107|110|117|109,255|61|101|118|101|110|116|100,0|116|41|32|97|110|100|108,10|0|0|0|0|32|32|32,0|32|32|32|32|32|32|32,0|101|110|101|109|121|91|116,227|23920|27694|28265|28267|28021|15676|30309,1,0,0,5,255,208
211,0,5,1,0,1,0,0,0,5|32|32|32|32|32|32|32,255|104|101|110|32|116|101|109,0|98|58|61|116|114|117|101,11|0|0|0|0|0|0|0,0|0|0|0|0|32|32|32,0|32|32|32|105|102|32|116,214|25200|29728|25960|8302|12|0|8192,1,0,0,5,255,208
212,0,4,1,0,1,0,0,0,3|32|32|32|32|32|32|32,98|114|101|112|101|97|116|32,0|101|109|112|58|61|114|97,10|100|111|109|40|101|118|101,0|116|100|97|116|50|43|49,0|101|118|101|110|116|100|97,227|25899|25974|29806|24932|8308|28277|26996,1,0,0,5,255,208
213,0,4,1,0,1,0,0,0,5|97|114|99|104|102|111|114,98|116|101|109|112|41|32|97,0|100|32|40|101|110|101|109,11|91|116|101|109|112|53|93,0|101|121|99|61|48|41|59,0|0|0|0|0|114|34|0,214|8192|8224|8224|8224|20000|30565|19536,1,0,0,5,255,208
214,0,5,2,0,2,0,0,0,3|3|109|112|59|101|10|0,98|98|0|32|32|32|32|32,0|0|101|110|100|97|17|0,10|10|0|32|32|32|32|32,-6|6|101|108|115|101|32|98,0|0|105|110|33|0|0|0,227|227|8224|8224|20000|30565|19536|25947,1,0,0,5,255,208
215,0,4,2,0,2,0,0,0,5|3|40|0|0|0|0|32,98|98|32|32|32|32|32|105,0|0|101|118|101|110|116|100,11|10|52|62|48|32|116|104,-2|-2|32|98|101|103|105|110,0|0|83|107|105|112|125|0,214|227|8192|8224|8224|8224|8224|30051,1,0,4,5,255,208
216,0,4,2,0,2,0,0,0,5|5|110|116|108|111|99|43,98|98|101|110|116|100|97|116,0|0|46|101|118|101|110|116,11|9|109|101|45|49|59|97,-2|-2|0|0|0|32|32|32,0|0|32|32|32|32|105|110,214|214|28261|27764|25455|25900|25974|29806,1,0,4,5,255,208
217,0,4,3,0,3,0,0,0,5|5|3|32|32|101|110|100,98|98|98|0|0|0|0|32,0|0|0|32|32|32|101|110,9|7|5|0|0|0|0|112,-2|-2|-2|0|0|32|32|32,0|0|0|32|32|32|32|32,214|214|227|0|27904|30|0|8192,1,0,5,5,255,208
218,0,4,4,0,4,0,0,0,5|3|3|3|118|101|58|61,98|98|98|98|59|111|0|0,0|0|-4|4|35|0|0|0,8|6|8|8|32|32|32|55,-2|-2|-2|-2|98|101|103|105,0|0|0|0|112|121|112|111,214|227|227|227|24932|15220|57|0,1,0,4,5,255,208
219,0,4,4,0,4,0,0,0,5|3|5|5|110|116|100|97,98|98|98|98|32|116|104|101,0|0|-4|4|112|121|50|112,8|6|8|8|101|118|101|110,-2|-2|-2|-2|50|32|101|108,0|0|0|0|0|0|0|32,214|227|214|214|8224|8224|8224|27936,1,0,1,5,255,208
220,0,4,4,0,4,0,0,0,5|3|5|5|110|100|59|116,98|98|98|98|0|59|57|0,0|0|-4|4|32|32|32|32,1|-1|0|0|58|32|105|102,-2|-2|-2|-2|97|103|97|115,0|0|0|0|114|101|113|60,214|227|214|214|28265|10339|24935|24940,1,0,4,5,255,208
221,0,1,1,0,2,0,0,0,1|1|90|0|0|0|0|32,98|98|32|32|32|55|57|32,0|0|98|101|103|105|110|32,20|20|97|116|98|97|114|91,-4|4|58|61|101|118|101|110,0|0|97|116|59|32|115|116,67|67|23410|23858|15674|30309|28261|25716,-1,0,0,20,255,112
222,0,1,1,0,4,0,0,0,1|1|1|1|101|110|116|100,98|98|98|98|32|101|110|100,-1|0|1|0|0|0|0|118,20|20|20|20|0|32|32|32,-6|0|6|0|48|32|58|32,0|0|0|0|110|32|123|83,67|67|67|67|28261|29556|26912|8294,-1,0,0,20,255,112
223,0,1,1,0,4,0,0,0,1|1|1|1|125|108|42|0,98|98|98|98|32|32|32|32,-2|0|2|0|32|32|32|32,20|20|20|20|32|116|119|111,-6|0|6|0|101|114|109|111,0|0|0|0|104|101|110|32,67|67|67|67|0|8192|8224|8224,-1,0,0,20,255,112
224,0,1,1,0,6,0,0,0,1|1|1|1|1|1|108|111,98|98|98|98|98|98|116|100,-1|0|0|1|0|0|0|0,20|20|20|20|20|20|32|32,-6|-2|2|6|2|-2|32|32,0|0|0|0|0|0|0|0,67|67|67|67|67|67|25888|25710,-1,0,0,20,255,112
225,0,1,1,0,8,0,0,0,1|1|1|1|1|1|1|1,98|98|98|98|98|98|98|98,-2|-1|0|1|2|1|0|-1,20|20|20|20|20|20|20|20,-8|-4|0|4|8|4|0|-4,0|0|0|0|0|0|0|0,67|67|67|67|67|67|67|67,-1,0,0,20,255,112
226,0,1,1,0,8,0,0,0,1|1|1|1|1|1|1|1,98|98|98|98|98|98|98|98,-2|-1|0|1|2|1|0|-1,20|20|20|20|20|20|20|20,-8|-4|0|4|8|4|0|-4,0|0|0|0|0|0|0|0,67|67|67|67|67|67|67|67,-1,0,0,20,255,112
227,0,2,1,0,4,0,0,0,2|2|2|2|69|65|80|79,98|98|98|98|0|0|0|32,-1|0|1|0|32|32|32|32,20|20|20|20|112|105|116|101,-6|0|6|0|49|93|58|61,0|0|0|0|116|100|97|116,70|70|70|70|8224|26739|29807|30061,-1,0,0,20,255,112
228,0,2,1,0,6,0,0,0,2|2|2|2|2|2|97|116,98|98|98|98|98|98|59|32,-1|0|0|1|0|0|108|116,20|20|20|20|20|20|49|93,-6|-2|2|6|2|-2|104|111,0|0|0|0|0|0|116|91,70|70|70|70|70|70|8192|8224,-1,0,0,20,255,112
229,0,2,1,0,8,0,0,0,2|2|2|2|2|2|2|2,98|98|98|98|98|98|98|98,-2|-1|0|1|2|1|0|-1,20|20|20|20|20|20|20|20,-8|-4|0|4|8|4|0|-4,0|0|0|0|0|0|0|0,70|70|70|70|70|70|70|70,-1,0,0,20,255,112
230,0,1,1,0,8,0,0,0,2|2|2|2|2|2|2|2,98|98|98|98|98|98|98|98,-2|-1|0|1|2|1|0|-1,20|20|20|20|20|20|20|20,-8|-4|0|4|8|4|0|-4,0|0|0|0|0|0|0|0,70|70|70|70|70|70|70|70,-1,0,0,20,255,112
231,0,0,1,0,8,0,0,0,2|2|2|2|2|2|2|2,98|98|98|98|98|98|98|98,-2|-1|0|1|2|1|0|-1,20|20|20|20|20|20|20|20,-8|-4|0|4|8|4|0|-4,0|0|0|0|0|0|0|0,70|70|70|70|70|70|70|70,-1,0,0,20,255,112
232,0,5,3,2,3,0,0,0,1|1|1|61|61|61|61|61,255|255|255|61|61|61|61|61,0|0|0|61|61|61|61|61,22|22|22|61|61|61|61|61,0|0|0|61|61|61|61|61,-22|-8|6|61|61|42|41|111,191|191|191|15658|15677|15677|15677|15677,0,0,0,15,255,128
233,0,5,4,2,4,0,0,0,1|1|1|1|61|77|65|73,255|255|255|255|79|80|61|61,0|0|0|0|61|61|61|61,22|22|22|22|61|61|61|61,0|0|0|0|61|61|61|61,-22|-8|6|20|61|61|61|61,191|191|191|191|10240|15658|15677|15677,0,0,0,15,255,128
234,0,5,6,2,6,0,0,0,1|1|1|1|1|2|61|61,255|255|255|255|255|255|61|61,0|0|0|0|0|0|61|61,22|22|22|22|22|-12|61|61,0|0|0|0|0|0|61|61,-22|-8|6|20|34|0|61|61,191|191|191|191|191|191|25856|5,0,0,0,15,255,128
235,0,5,7,2,7,0,0,0,1|1|1|1|1|2|2|99,255|255|255|255|255|255|255|32,0|0|0|0|0|0|0|0,22|22|22|22|22|-12|-12|0,0|0|0|0|0|0|0|112,-22|-8|6|20|34|0|-14|32,191|191|191|191|191|191|191|24900,0,0,0,15,255,128
236,0,5,6,2,6,0,0,0,1|1|1|1|2|2|110|115,255|255|255|255|101|101|101|59,0|0|0|0|-10|10|120|112,22|22|22|22|10|10|109|111,0|0|0|0|0|0|48|59,-22|-8|6|20|0|0|111|114,191|191|191|191|194|196|28516|20512,0,0,0,15,255,128
237,0,5,8,2,8,0,0,0,1|1|1|1|2|2|2|2,255|255|255|255|101|101|101|101,0|0|0|0|-10|10|-10|10,22|22|22|22|10|10|10|10,0|0|0|0|0|0|12|-12,-22|-8|6|20|0|0|14|14,191|191|191|191|194|196|194|196,0,0,0,15,255,128
238,0,5,6,2,6,0,0,0,3|1|1|1|2|2|66|108,103|103|103|103|101|101|0|0,0|0|0|0|-10|10|0|0,22|22|22|22|10|10|103|105,0|0|0|0|0|0|110|105,-22|-8|6|20|0|0|103|32,210|229|248|267|194|196|10094|15145,0,0,0,15,255,128
239,0,5,8,2,8,0,0,0,3|1|1|1|2|2|2|2,103|103|103|103|101|101|101|101,0|0|0|0|-10|10|-10|10,22|22|22|22|10|10|10|10,0|0|0|0|0|0|12|-12,-22|-8|6|20|0|0|14|14,210|229|248|267|194|196|194|196,0,0,0,15,255,128
240,0,5,8,2,8,0,0,0,3|1|1|1|2|2|2|2,103|103|103|103|101|101|101|101,0|0|0|0|-7|7|-7|7,22|22|22|22|10|10|10|10,0|0|0|0|0|0|12|-12,-22|-8|6|20|0|0|14|14,210|229|248|267|194|196|194|196,0,0,0,15,255,128
241,0,2,4,2,8,0,0,0,3|1|1|1|3|1|1|1,103|103|103|103|103|103|103|103,0|0|0|0|0|0|0|0,22|22|22|22|22|22|22|22,-8|-8|-8|-8|8|8|8|8,-22|-8|6|20|-22|-8|6|20,210|229|248|267|210|229|248|267,0,0,0,15,255,128
242,0,1,8,2,8,0,0,0,1|1|1|1|1|1|1|1,103|103|103|103|103|103|103|103,0|0|0|0|0|0|0|0,22|22|22|22|22|22|22|22,-8|-8|-8|-8|8|8|8|8,-22|-8|6|20|-22|-8|6|20,210|229|248|267|210|229|248|267,0,0,0,15,255,128
243,0,2,1,9,6,0,0,0,2|2|2|2|2|2|105|110,10|10|10|10|10|10|32|32,-10|10|-10|10|-12|12|41|41,4|-4|-4|4|0|0|42|61,0|0|0|0|0|0|61|61,0|0|0|0|0|0|61|61,172|172|172|172|172|172|15677|15677,0,0,0,0,255,112
244,0,2,1,9,8,0,0,0,2|2|2|2|2|2|2|2,10|10|10|10|10|10|10|10,-9|9|-9|9|-10|10|-10|10,6|-6|-6|6|-3|3|3|-3,0|0|0|0|0|0|0|0,0|0|0|0|0|0|0|0,172|172|172|172|172|172|172|172,0,0,0,0,255,112
245,0,1,1,9,6,0,0,0,2|2|2|2|2|2|115|32,10|10|10|10|10|10|84|121,-10|10|-10|10|-12|12|99|114,4|-4|-4|4|0|0|0|0,0|0|0|0|0|0|32|32,0|0|0|0|0|0|100|105,172|172|172|172|172|172|26214|25971,0,0,0,0,255,112
246,0,1,1,9,8,0,0,0,2|2|2|2|2|2|2|2,10|10|10|10|10|10|10|10,-9|9|-9|9|-10|10|-10|10,6|-6|-6|6|-3|3|3|-3,0|0|0|0|0|0|0|0,0|0|0|0|0|0|0|0,172|172|172|172|172|172|172|172,0,0,0,0,255,112
247,0,2,2,9,6,0,0,0,2|2|2|2|2|2|32|61,10|10|10|10|10|10|0|0,-10|10|-10|10|-12|12|69|110,4|-4|-4|4|0|0|53|48,0|0|0|0|0|0|0|0,0|0|0|0|0|0|32|32,172|172|172|172|172|172|17466|6,0,0,0,0,255,112
248,0,2,2,9,8,0,0,0,2|2|2|2|2|2|2|2,10|10|10|10|10|10|10|10,-9|9|-9|9|-10|10|-10|10,6|-6|-6|6|-3|3|3|-3,0|0|0|0|0|0|0|0,0|0|0|0|0|0|0|0,172|172|172|172|172|172|172|172,0,0,0,0,255,112
249,0,1,2,9,6,0,0,0,2|2|2|2|2|2|79|70,10|10|10|10|10|10|0|32,-10|10|-10|10|-12|12|100|100,4|-4|-4|4|0|0|0|0,0|0|0|0|0|0|0|0,0|0|0|0|0|0|32|109,172|172|172|172|172|172|8192|8224,0,0,0,0,255,112
250,0,1,2,9,8,0,0,0,2|2|2|2|2|2|2|2,10|10|10|10|10|10|10|10,-9|9|-9|9|-10|10|-10|10,6|-6|-6|6|-3|3|3|-3,0|0|0|0|0|0|0|0,0|0|0|0|0|0|0|0,172|172|172|172|172|172|172|172,0,0,0,0,255,112
251,0,2,4,9,8,0,0,0,2|2|2|2|2|2|2|2,10|10|10|10|10|10|10|10,-9|9|-9|9|-10|10|-10|10,6|-6|-6|6|-3|3|3|-3,0|0|0|0|0|0|0|0,0|0|0|0|0|0|0|0,172|172|172|172|172|172|172|172,0,0,0,0,255,112
252,0,3,6,9,6,0,0,0,2|2|2|2|2|2|32|32,10|10|10|10|10|10|0|0,-10|10|-10|10|-12|12|0|32,4|-4|-4|4|0|0|101|110,0|0|0|0|0|0|101|109,0|0|0|0|0|0|20|0,172|172|172|172|172|172|24950|27753,0,0,0,0,255,112
253,0,2,8,9,8,0,0,0,2|2|2|2|2|2|2|2,10|10|10|10|10|10|10|10,-9|9|-9|9|-10|10|-10|10,6|-6|-6|6|-3|3|3|-3,0|0|0|0|0|0|0|0,0|0|0|0|0|0|0|0,172|172|172|172|172|172|172|172,0,0,0,0,255,112
254,0,4,1,0,2,0,0,0,1|1|0|32|32|32|32|32,255|255|32|32|32|32|32|101,-10|10|59|32|0|0|0|0,0|0|38|0|0|0|0|32,0|0|32|32|32|32|54|56,0|0|32|98|101|103|105|110,39|1|8315|25938|27760|25441|8293|28229,0,0,0,25,255,112
255,0,6,2,0,2,0,0,0,1|1|32|32|32|32|32|32,255|255|114|32|116|101|109|112,-10|10|49|32|116|111|32|49,0|0|32|100|111|32|105|102,0|0|101|110|101|109|121|97,0|0|105|108|91|116|101|109,39|1|10545|24864|25710|66|0|8192,0,0,0,25,255,112
256,0,6,2,0,2,0,0,0,2|2|110|101|109|121|91|116,255|255|112|93|46|108|105|110,-10|10|117|109|61|101|118|101,0|0|100|97|116|52|41|32,0|0|32|40|101|118|101|110,0|0|97|116|52|61|48|41,40|2|0|8192|8224|8224|8224|8224,0,0,0,25,255,112
257,0,6,5,0,5,0,0,0,1|1|1|1|1|32|32|32,255|255|255|255|255|32|32|32,-9|9|9|-9|0|32|32|99,2|2|-2|-2|-10|110|101|119,-2|2|2|-2|0|101|110|101,0|0|0|0|0|53|48|41,281|282|301|300|77|8224|8224|8224,0,0,0,25,255,112
258,0,6,2,0,2,0,0,0,3|3|101|120|32|58|61|32,255|255|101|109|121|91|116|101,-10|10|93|46|101|120|59|32,0|0|0|0|0|32|32|32,0|0|32|32|32|32|32|32,0|0|32|32|32|32|32|101,41|3|25179|11869|31077|14880|8253|28261,0,0,0,25,255,112
259,0,6,3,0,3,0,0,0,3|3|1|32|32|32|32|32,255|255|255|32|32|32|32|32,-10|10|0|32|32|101|110|101,0|0|-10|118|97|105|108|91,0|0|0|112|93|58|61|49,0|0|0|0|0|0|0|32,41|3|77|8224|8224|8224|8224|28261,0,0,0,25,255,112
260,0,6,4,0,4,0,0,0,2|2|2|2|110|100|59|32,255|255|255|255|0|32|41|0,-9|9|9|-9|42|32|32|32,2|2|-2|-2|54|48|32|58,-2|2|2|-2|105|110|32|32,0|0|0|0|98|97|108|32,277|278|297|296|26478|32121|26|0,0,0,0,25,255,112
261,0,6,6,0,6,0,0,0,2|2|2|2|1|1|97|108,255|255|255|255|255|255|0|0,-9|9|9|-9|-10|10|32|32,2|2|-2|-2|0|0|116|101,-2|2|2|-2|0|0|102|97,0|0|0|0|0|0|0|0,277|278|297|296|39|1|8224|28518,0,0,0,25,255,112
262,0,6,6,0,6,0,0,0,2|2|2|2|3|3|0|0,255|255|255|255|255|255|32|32,-9|9|9|-9|-10|10|32|32,2|2|-2|-2|0|0|110|101,-2|2|2|-2|0|0|112|93,0|0|0|0|0|0|117|109,277|278|297|296|41|3|26740|28261,0,0,0,25,255,112
263,0,6,6,0,6,0,0,0,2|2|2|2|4|4|32|32,255|255|255|255|255|255|116|101,-9|9|9|-9|-10|10|116|114,2|2|-2|-2|0|0|0|0,-2|2|2|-2|0|0|32|32,0|0|0|0|0|0|32|32,277|278|297|296|203|222|24953|24950,0,0,0,25,255,112
264,0,6,6,0,6,0,0,0,2|2|2|2|5|5|98|58,255|255|255|255|255|255|20|0,-9|9|9|-9|-10|10|32|32,2|2|-2|-2|0|0|32|32,-2|2|2|-2|0|0|59|108,0|0|0|0|0|0|31|0,277|278|297|296|43|5|8224|8224,0,0,0,25,255,112
265,0,3,1,0,4,0,0,0,1|1|1|1|0|0|0|32,255|255|255|255|32|32|32|32,-9|9|9|-9|32|32|32|71,2|2|-2|-2|108|70|108|97,-2|2|2|-2|118|101|110|116,0|0|0|0|58|61|98|111,281|282|301|300|28261|25716|29793|10549,0,0,0,25,255,112
266,0,4,2,0,4,0,0,0,1|1|1|1|115|101|81|0,255|255|255|255|32|32|32|32,-9|9|9|-9|32|32|32|32,2|2|-2|-2|101|109|112|98,-2|2|2|-2|108|101|97|110,0|0|0|0|110|116|100|97,281|282|301|300|18208|28524|24930|18028,0,0,0,25,255,112
267,0,6,4,0,4,0,0,0,1|1|1|1|116|100|97|116,255|255|255|255|18|0|0|0,-9|9|9|-9|32|32|32|32,2|2|-2|-2|32|101|110|100,-2|2|2|-2|0|0|0|0,0|0|0|0|0|0|0|32,281|282|301|300|14880|25120|26469|28265,0,0,0,25,255,112
268,0,6,5,0,5,0,0,0,1|1|1|1|1|109|121|125,255|255|255|255|255|32|32|32,-6|6|6|-6|0|32|32|32,6|6|-6|-6|-10|32|116|101,-4|4|4|-4|0|32|116|111,0|0|0|0|0|100|111|32,163|164|183|182|77|8224|8224|8224,0,0,0,25,255,112
269,0,6,4,0,4,0,0,0,2|2|1|1|46|108|105|110,255|255|255|255|61|101|118|101,-9|9|6|-6|116|52|41|32,2|2|-6|-6|32|119|105|116,-2|2|4|-4|101|109|121|91,0|0|0|0|93|32|100|111,277|278|183|182|0|8192|8224|8224,0,0,0,25,255,112
270,0,6,5,0,5,0,0,0,2|2|1|1|1|114|117|101,255|255|255|255|255|0|0|32,-9|9|6|-6|0|32|32|32,2|2|-6|-6|-10|32|32|102,-2|2|4|-4|0|109|58|61,0|0|0|0|0|100|97|116,277|278|183|182|77|8224|8224|8224,0,0,0,25,255,112
271,0,6,5,0,5,0,0,0,2|2|2|2|1|100|97|116,255|255|255|255|255|0|0|0,-9|9|6|-6|0|32|32|32,2|2|-6|-6|-10|32|32|32,-2|2|4|-4|0|101|16|0,0|0|0|0|0|32|32|32,277|278|295|294|77|11323|0|0,0,0,0,25,255,112
272,0,6,7,0,7,0,0,0,2|2|2|2|1|1|1|110,255|255|255|255|255|255|255|108,-9|9|6|-6|0|-10|10|46,2|2|-6|-6|-10|0|0|0,-2|2|4|-4|0|0|0|32,0|0|0|0|0|0|0|32,277|278|295|294|77|39|1|27718,0,0,0,25,255,112
273,0,6,7,0,7,0,0,0,2|2|2|2|1|2|2|50,255|255|255|255|255|255|255|101,-9|9|6|-6|0|-2|2|0,2|2|-6|-6|-10|-9|-9|32,-2|2|4|-4|0|-4|4|32,0|0|0|0|0|0|0|101,277|278|295|294|77|298|299|10547,0,0,0,25,255,112
274,0,6,8,0,8,0,0,0,2|2|2|2|2|2|1|1,255|255|255|255|255|255|255|255,-9|9|6|-6|-2|2|-10|10,2|2|-6|-6|-9|-9|0|0,-2|2|4|-4|-4|4|0|0,0|0|0|0|0|0|0|0,277|278|295|294|298|299|39|1,0,0,0,25,255,112
275,0,6,8,0,8,0,0,0,2|2|2|2|2|2|2|2,255|255|255|255|255|255|255|255,-9|9|6|-6|-2|2|-10|10,2|2|-6|-6|-9|-9|0|0,-2|2|4|-4|-4|4|0|0,0|0|0|0|0|0|0|0,277|278|295|294|298|299|40|2,0,0,0,25,255,112
276,0,6,2,0,2,0,0,0,1|1|101|103|105|110|32|123,100|100|105|112|32|88|32|101,-13|13|110|116|115|32|105|102,0|0|111|116|32|105|110|32,-2|2|112|108|97|121|101|114,0|0|111|100|101|125|70|0,6|44|8224|8224|8224|8224|8224|8224,0,0,0,13,255,192
277,0,6,3,0,3,0,0,0,1|1|1|111|100|101|32|97,100|100|98|110|111|116|32|111,-13|13|0|108|97|121|101|114,0|0|13|105|111|110|32|116,-2|2|0|32|98|101|103|105,0|0|0|0|0|0|0|32,6|44|63|8224|8224|8224|8224|8224,0,0,0,13,255,192
278,0,6,4,0,4,0,0,0,1|1|1|1|97|116|41|59,100|100|98|98|0|32|32|32,-13|13|-2|2|32|32|32|32,0|0|13|13|101|110|100|59,-2|2|-4|4|0|32|32|32,0|0|0|0|32|32|32|32,6|44|224|223|0|29696|80|0,0,0,0,13,255,192
279,0,6,3,0,3,0,0,0,2|2|1|32|40|40|101|118,100|100|98|100|97|116|61|54,-13|13|0|110|100|32|116|119,0|0|13|97|121|101|114|109,-2|2|0|32|97|110|100|32,0|0|0|102|102|105|99|117,16|54|63|27749|12862|10537|29728|25960,0,0,0,13,255,192
280,0,6,4,0,4,0,0,0,2|2|1|1|101|103|105|110,100|100|98|98|111|116|104|105,-13|13|-2|2|118|101|110|116,0|0|13|13|58|61|98|111,-2|2|-4|4|110|40|101|118,0|0|0|0|97|116|50|41,16|54|224|223|8224|8224|8224|8224,0,0,0,13,255,192
281,0,6,6,0,6,0,0,0,2|2|2|2|1|1|116|59,100|100|100|100|98|98|109|112,-13|13|-13|13|-2|2|110|32,-1|-1|1|1|13|13|51|59,-2|2|-2|2|-4|4|32|32,4|4|-4|-4|0|0|32|32,16|54|16|54|224|223|25972|28781,0,0,0,13,255,192
282,0,6,6,0,6,0,0,0,3|3|3|3|1|1|0|111,100|100|100|100|98|98|32|32,-13|13|-13|13|-2|2|32|58,0|0|0|0|13|13|32|66,-2|2|-2|2|-4|4|117|110,-7|-7|7|7|0|0|40|101,105|106|124|125|224|223|28261|15204,0,0,0,13,255,192
283,0,6,6,0,6,0,0,0,3|3|3|3|2|1|32|32,100|100|100|100|98|98|116|32,-13|13|-13|13|0|0|115|32,0|0|0|0|13|-13|117|108,-2|2|-2|2|0|0|101|108,-7|-7|7|7|0|0|103|104,105|106|124|125|73|82|48|0,0,0,0,13,255,192
284,0,6,7,0,7,0,0,0,3|3|3|3|2|1|1|108,100|100|100|100|98|98|98|108,-13|13|-13|13|0|-2|2|110,0|0|0|0|13|-13|-13|101,-2|2|-2|2|0|-4|4|32,-7|-7|7|7|0|0|0|32,105|106|124|125|73|243|242|29806,0,0,0,13,255,192
285,0,6,7,0,7,0,0,0,3|3|3|3|2|2|2|32,100|100|100|100|98|98|98|32,-13|13|-13|13|0|-9|9|0,0|0|0|0|13|-9|-9|32,-2|2|-2|2|0|-9|9|98,-7|-7|7|7|0|0|0|0,105|106|124|125|73|130|131|25964,0,0,0,13,255,192
286,0,6,8,0,8,0,0,0,3|3|3|3|2|2|2|2,100|100|100|100|98|98|98|98,-13|13|-13|13|-9|9|-9|9,0|0|0|0|-9|-9|9|9,-2|2|-2|2|-9|9|-9|9,-7|-7|7|7|0|0|0|0,105|106|124|125|130|131|149|150,0,0,0,13,255,192
287,0,6,1,0,1,0,0,0,2|101|118|101|108|116|105|109,98|114|106|117|109|112|116|111,0|32|32|58|61|101|118|101,0|116|100|97|116|50|59|110,0|0|0|0|0|32|32|32,0|32|32|32|32|32|32|32,73|25710|26939|17|0|8192|8224|8224,1,0,0,13,255,192
288,0,6,3,0,3,0,0,0,2|1|1|32|32|32|32|32,98|98|98|32|32|32|105|102,0|-1|1|101|80|108|97|121,0|-1|-1|105|109|101|100|32,0|-4|4|110|18|0|0|0,0|0|0|32|32|32|32|32,73|63|63|25954|26983|110|41|0,1,0,0,13,255,192
289,0,6,4,0,4,0,0,0,1|1|1|1|101|108|116|105,98|98|98|98|61|40|101|118,-1|1|-2|2|97|116|61|49,0|0|-1|-1|0|0|0|32,-4|4|-8|8|32|32|32|32,0|0|0|0|32|32|32|108,63|63|63|63|25458|30063|29806|28516,1,0,0,13,255,192
290,0,6,5,0,5,0,0,0,1|1|1|1|1|0|0|32,98|98|98|98|98|32|32|32,-1|1|-2|2|0|32|32|108,-1|-1|-2|-2|0|105|109|101,-4|4|-8|8|0|116|111|32,0|0|0|0|0|118|101|110,63|63|63|63|63|8192|8224|8224,1,0,0,13,255,192
291,0,6,4,0,4,0,0,0,2|2|1|1|32|32|32|32,98|98|98|98|32|101|110|100,-1|1|-3|3|0|0|0|49,0|0|-1|-1|0|32|32|32,-4|4|-8|8|57|57|32|58,0|0|0|0|100|111|109|101,73|73|63|63|14963|10301|30309|28261,1,0,0,13,255,192
292,0,6,4,0,4,0,0,0,3|3|1|1|54|57|32|58,98|98|98|98|105|110|32|112,0|0|-2|2|114|105|110|118,1|1|-1|-1|114|97|98|108,-6|6|-8|8|101|118|101|110,0|0|0|0|59|32|112|108,143|144|63|63|28268|29285|25185|25964,1,0,0,13,255,192
293,0,6,4,0,4,0,0,0,3|3|2|2|0|0|0|105,98|98|98|98|0|32|32|32,0|0|-2|2|55|48|32|58,1|1|-1|-1|105|110|48|0,-6|6|-8|8|32|32|32|32,0|0|0|0|32|32|32|32,143|144|73|73|29806|24932|12916|12349,1,0,0,13,255,192
294,0,6,6,0,6,0,0,0,3|3|1|1|1|1|0|0,98|98|98|98|98|98|32|32,0|0|-1|1|-2|2|32|32,1|1|0|0|-1|-1|112|98,-6|6|-4|4|-8|8|101|59,0|0|0|0|0|0|32|32,143|144|63|63|63|63|8224|26144,1,0,0,13,255,192
295,0,6,6,0,6,0,0,0,3|3|2|2|1|1|109|112,98|98|98|98|98|98|112|98,0|0|-1|1|-3|3|97|114,1|1|0|0|-1|-1|116|101,-6|6|-4|4|-8|8|0|0,0|0|0|0|0|0|32|32,143|144|73|73|63|63|8294|28526,1,0,0,13,255,192
296,0,6,6,0,6,0,0,0,3|3|3|3|3|3|40|101,98|98|98|98|98|98|116|41,0|0|-3|-3|3|3|0|32,1|1|-2|-2|-2|-2|32|32,-6|6|-12|0|0|12|101|110,0|0|0|0|0|0|46|0,143|144|143|144|143|144|8224|8224,1,0,0,13,255,192
297,0,6,8,0,8,0,0,0,3|3|3|3|3|3|3|3,98|98|98|98|98|98|98|98,-1|-1|1|1|-3|-3|3|3,0|0|0|0|-2|-2|-2|-2,-12|0|0|12|-24|-12|12|24,0|0|0|0|0|0|0|0,143|144|143|144|143|144|143|144,1,0,0,13,255,192
298,80,20,8,3,8,0,0,0,128|128|128|128|128|128|128|128,255|255|255|255|255|255|255|255,0|0|1|-1|1|-1|1|-1,1|-1|1|1|-1|-1|0|0,0|0|0|0|0|0|0|0,0|0|0|0|0|0|0|0,271|271|271|271|271|271|271|271,0,0,0,8,255,208
299,0,90,1,3,1,0,0,0,99|0|0|0|0|32|32|32,255|32|32|32|32|32|32|32,120|32|32|32|32|32|32|69,2|101|110|116|74|117|109|112,-20|101|118|101|110|116|100|97,20|41|59|39|16|0|0|0,263|8224|8224|8224|8224|8224|25888|25710,0,0,160,0,255,208
300,0,7,2,0,2,0,0,0,1|1|32|32|55|49|32|58,255|255|102|32|109|97|112|121,-10|10|115|62|61|101|118|101,0|0|100|97|116|50|32|116,0|0|110|32|69|118|101|110,0|0|117|109|112|40|101|118,227|227|29793|15145|62|0|8192|8224,0,0,0,26,255,208
301,0,7,2,0,2,0,0,0,2|2|101|118|101|110|116|100,107|107|50|32|125|32|32|123,-10|10|116|104|105|110|107|32,0|0|105|115|32|119|97|115,0|0|110|99|111|114|114|101,0|0|125|32|0|0|0|0,601|601|0|8192|8224|8224|8224|12855,0,0,0,26,255,208
302,0,7,4,0,4,0,0,0,1|1|1|1|32|40|101|118,255|255|255|255|97|116|61|49,-9|9|9|-9|0|0|0|105,2|-2|2|-2|0|32|32|32,0|0|0|0|55|51|32|58,0|0|0|0|101|110|101|109,227|227|227|227|14880|8253|25896|25974,0,0,0,26,255,208
303,0,7,4,0,4,0,0,0,2|1|2|1|0|32|32|32,107|255|107|255|55|52|32|58,-9|9|9|-9|105|110|32|32,2|-2|2|-2|69|110|101|109,0|0|0|0|111|98|97|108,0|0|0|0|110|99|101|80,601|227|601|227|34|0|8192|8224,0,0,0,26,255,208
304,0,7,6,0,6,0,0,0,2|1|2|1|1|1|116|111,107|255|107|255|255|255|111|109,-9|9|9|-9|-10|10|4|0,2|-2|2|-2|0|0|0|32,0|0|0|0|0|0|13|0,0|0|0|0|0|0|110|111,601|227|601|227|227|227|8192|8224,0,0,0,26,255,208
305,0,7,7,0,7,0,0,0,2|1|2|1|2|2|1|32,107|255|107|255|107|107|255|0,-9|9|9|-9|-10|10|0|114,2|-2|2|-2|0|0|-10|121,0|0|0|0|0|0|0|0,0|0|0|0|0|0|0|116,601|227|601|227|601|601|227|26223,0,0,0,26,255,208
306,0,7,7,0,7,0,0,0,2|2|2|2|2|2|1|102,107|107|107|107|107|107|255|32,-9|9|9|-9|-10|10|0|32,2|-2|2|-2|0|0|-10|110,0|0|0|0|0|0|0|111,0|0|0|0|0|0|0|0,601|601|601|601|601|601|227|17,0,0,0,26,255,208
307,0,7,6,0,6,0,0,0,2|1|2|1|4|4|0|0,107|255|107|255|105|105|32|97,-9|9|9|-9|-6|6|50|53,2|-2|2|-2|0|0|32|32,0|0|0|0|0|0|0|0,0|0|0|0|0|0|0|0,601|227|601|227|582|582|28229|28005,0,0,0,26,255,208
308,0,7,6,0,6,0,0,0,2|2|2|2|4|4|47|0,107|107|107|107|105|105|32|32,-9|9|9|-9|-6|6|120|44,2|-2|2|-2|0|0|32|40,0|0|0|0|0|0|114|32,0|0|0|0|0|0|110|103,601|601|601|601|582|582|0|8192,0,0,0,26,255,208
309,0,7,8,0,8,0,0,0,2|1|2|1|1|1|4|4,107|255|107|255|255|255|105|105,-9|9|9|-9|-3|3|-6|6,2|-2|2|-2|-7|-7|0|0,0|0|0|0|0|0|0|0,0|0|0|0|0|0|0|0,601|227|601|227|227|227|582|582,0,0,0,26,255,208
310,0,7,8,0,8,0,0,0,2|2|2|2|1|1|4|4,107|107|107|107|255|255|105|105,-9|9|9|-9|-3|3|-6|6,2|-2|2|-2|-7|-7|0|0,0|0|0|0|0|0|0|0,0|0|0|0|0|0|0|0,601|601|601|601|227|227|582|582,0,0,0,26,255,208
311,0,11,1,0,1,0,0,0,1|0|0|0|0|32|32|32,90|32|32|109|111|118|32|119,120|114|100|32|112|116|114|32,120|122|44|115|105|0|13|0,-13|0|0|32|32|32|32|32,14|112|117|115|104|32|99|120,227|0|8192|8224|8224|27936|30319|24864,0,0,6,26,255,208
312,0,21,1,7,1,0,0,0,2|0|0|32|32|32|115|104,90|32|32|115|105|44|55|32,120|32|32|32|32|32|32|32,120|32|32|32|32|123|32|70,-18|110|100|32|69|110|101|109,20|32|111|102|102|115|101|116,601|23|0|8192|8224|25697|8292|29472,0,0,7,26,255,208
313,0,16,1,7,1,0,0,0,2|0|0|32|32|32|115|117,90|32|32|115|105|44|52|57,120|54|52|51|17|0|0|0,120|32|32|32|109|111|118|32,-24|116|101|109|112|119|51|44,24|105|0|0|0|0|0|32,601|0|8192|8224|28525|8310|24864|11384,0,0,8,26,255,208
314,0,8,1,7,1,0,0,0,2|32|32|32|109|111|118|32,90|100|115|58|91|115|105|43,120|52|93|44|97|120|0|0,120|0|0|32|42|0|0|0,-24|32|32|32|109|111|118|32,24|97|108|44|100|115|58|91,601|14379|23861|8224|8224|8224|8224|8315,0,0,8,26,255,208
315,0,16,2,7,2,0,0,0,2|2|32|32|111|114|32|32,90|90|108|44|97|108|16|0,120|120|0|32|32|32|106|122,120|120|32|78|111|88|97|99,-30|-18|108|114|6|0|0|0,24|24|32|32|99|98|119|109,601|601|26368|13|0|8192|8224|30067,0,0,8,26,255,208
316,0,8,2,7,2,0,0,0,2|2|118|32|32|100|105|44,45|45|4|0|0|0|0|101,120|120|59|50|0|0|0|0,120|120|20|0|0|0|0|32,-40|-8|116|101|109|112|58|61,24|24|110|100|111|109|40|49,601|601|0|0|25856|3|0|24832,0,0,8,26,255,208
317,0,16,3,7,3,0,0,0,2|2|2|99|15|0|0|0,45|45|90|32|106|108|101|32,120|120|120|97|99|99|101|108,120|120|120|0|0|48|35|0,-40|-8|-24|32|32|32|32|32,24|24|4|32|97|108|44|100,601|601|601|12337|8285|8224|8315|22594,0,0,8,26,255,208
318,0,8,1,5,1,0,0,0,4|98|119|108|14|0|0|0,90|32|32|32|32|32|109|111,120|32|98|120|44|112|120|97,120|0|0|0|0|32|32|32,-24|32|99|109|112|32|98|120,24|100|115|58|91|115|105|45,582|8285|8224|8315|19779|8272|22608|17708,0,0,8,26,255,208
319,0,16,2,5,2,0,0,0,4|4|64|73|110|99|69|88,90|90|16|0|0|0|0|32,120|120|32|32|32|32|32|99,120|120|32|97|120|44|48|97,-30|-18|0|0|0|32|32|32,24|24|32|32|32|106|103|101,582|582|17763|17240|14|0|8192|8224,0,0,8,26,255,208
320,0,8,2,5,2,0,0,0,4|4|32|32|32|32|32|32,45|45|109|112|32|97|120|44,120|120|20|0|0|0|0|32,120|120|32|32|32|32|32|106,-40|-8|32|78|111|88|97|99,24|24|108|41|16|0|0|0,582|582|8224|8224|16416|25924|17763|17240,0,0,8,26,255,208
321,0,16,3,5,3,0,0,0,4|4|4|98|121|116|101|32,45|45|90|32|100|115|58|91,120|120|120|49|48|93|20|0,120|120|120|32|32|32|32|32,-50|8|-24|106|109|112|32|78,24|24|4|99|99|101|108|41,582|582|582|8224|8224|18752|25454|22597,0,0,8,26,255,208
322,0,4,2,0,2,0,0,0,1|1|32|97|120|44|100|105,255|255|0|0|0|32|32|32,0|0|32|32|32|106|103|101,12|12|111|88|97|99|99|101,-5|5|31|0|0|0|0|32,0|0|32|32|32|32|32|105,225|225|29817|8293|29808|8306|29540|23354,0,0,0,26,255,208
323,0,5,3,0,3,0,0,0,1|1|1|99|101|108|58|32,255|255|255|0|0|0|0|0,0|-2|2|0|42|0|0|0,12|11|11|32|109|111|118|32,0|0|0|44|100|115|58|91,0|0|0|56|54|93|32|32,225|225|225|8315|19521|22845|25441|25955,0,0,0,26,255,208
324,0,5,4,0,4,0,0,0,1|1|1|1|32|32|32|97,255|255|255|255|16|0|0|0,-2|2|-4|4|106|122|32|32,11|11|12|12|97|99|99|101,0|0|0|0|0|0|0|32,0|0|0|0|119|44|0|0,225|225|225|225|8192|8224|30067|8290,0,0,0,26,255,208
325,0,6,5,0,5,0,0,0,1|1|1|1|1|44|97|120,255|255|255|255|255|101|110|100,0|-3|3|-6|6|0|0|111,12|11|11|9|9|32|32|32,0|0|0|0|0|61|114|97,0|0|0|0|0|49|49|41,225|225|225|225|225|0|24832|28019,0,0,0,26,255,208
326,0,6,6,0,6,0,0,0,1|1|1|1|1|1|0|32,255|255|255|255|255|255|78|111,-3|3|-6|6|0|0|0|0,11|11|9|9|12|12|0|0,0|0|0|0|-4|4|109|111,0|0|0|0|0|0|115|58,225|225|225|225|225|225|22594|17725,0,0,0,26,255,208
327,0,6,4,0,4,0,0,0,1|1|2|2|0|0|0|32,255|255|255|255|109|111|118|32,-6|6|0|0|121|32|38|0,9|9|11|11|32|32|32|32,0|0|8|-8|98|120|44|100,0|0|0|0|105|45|49|50,225|225|244|244|8272|22864|17708|8281,0,0,0,26,255,208
328,0,6,5,0,5,0,0,0,1|1|2|2|2|89|67|101,255|255|255|255|255|32|32|32,-5|5|3|-3|0|99|109|112,9|9|11|11|12|97|19|0,0|0|0|0|0|32|32|32,0|0|0|0|0|101|32|64,225|225|244|244|244|8192|8224|8224,0,0,0,26,255,208
329,0,6,6,0,6,0,0,0,1|1|3|3|2|2|32|99,255|255|255|255|255|255|100|105,-6|6|3|-3|0|0|32|32,9|9|11|11|12|12|103|101,0|0|0|0|-8|8|99|101,0|0|0|0|0|0|0|32,225|225|244|244|244|244|17241|14906,0,0,0,26,255,208
330,0,6,6,0,6,0,0,0,2|2|3|2|2|2|112|116,255|255|255|255|255|255|115|105,-6|6|3|-3|0|0|0|0,9|9|11|11|12|12|32|32,0|0|0|0|-8|8|111|89,0|0|0|0|0|0|13|0,244|244|244|244|244|244|22853|14915,0,0,0,26,255,208
331,0,6,7,0,7,0,0,0,2|2|3|2|2|2|3|0,255|255|255|255|255|255|255|32,-8|8|6|-6|3|-3|0|78,9|9|10|10|11|11|12|111,0|0|0|0|0|0|0|32,0|0|0|0|0|0|0|99,244|244|244|244|244|244|244|26995,0,0,0,26,255,208
332,0,6,8,0,8,0,0,0,5|2|2|2|2|2|2|2,255|255|255|255|255|255|255|255,0|-4|4|-6|6|0|-3|3,12|12|12|9|9|12|11|11,0|-4|4|0|0|0|0|0,0|-6|-6|0|0|9|0|0,244|244|244|244|244|226|226|226,0,0,0,26,255,208
333,0,8,1,0,1,0,0,0,2|32|32|98|120|44|116|101,255|112|109|97|112|120|111|102,0|32|32|32|123|67|97|108,-6|117|108|97|116|101|32|88,0|97|14|0|0|0|0|32,0|32|99|109|112|32|32|98,126|12845|30521|16|0|8192|8224|27754,1,0,0,16,255,208
334,0,8,2,0,2,0,0,0,2|2|32|32|99|109|112|32,255|255|120|44|51|48|48|104,-1|1|0|0|0|32|32|32,-7|-7|101|32|32|64|83|107,-5|5|65|78|73|99|0|0,0|0|0|100|21|0|0|0,126|126|10792|18208|29797|17696|8275|25970,1,0,0,16,255,208
335,0,8,3,0,3,0,0,0,2|2|2|101|115|44|86|71,255|255|255|114|101|101|110|83,-2|2|0|0|0|0|0|97,-7|-7|-5|0|0|32|32|32,-5|5|0|32|32|99|108|44,0|0|0|91|115|105|43|48,126|126|126|19523|24893|26990|32032|13,1,0,0,16,255,208
336,0,8,2,0,2,0,0,0,3|3|0|0|0|32|32|32,255|255|118|32|32|98|108|44,-1|1|58|91|115|105|43|48,-8|-8|32|32|123|32|66|76,-5|5|110|101|109|121|67|121,0|0|101|32|125|65|0|0,214|214|69|0|8192|8224|28003|8304,1,0,0,16,255,208
337,0,8,3,0,3,0,0,0,3|3|3|93|44|49|32|32,255|255|255|102|32|65|110|105,-2|2|0|105|118|101|61|48,-8|-8|-5|101|110|32|100|111,-5|5|0|116|32|97|110|105,0|0|0|101|32|125|14|0,214|214|214|28266|8293|16416|20302|20033,1,0,0,16,255,208
338,0,8,5,0,5,0,0,0,2|2|2|2|3|98|108|0,255|255|255|255|255|32|32|32,-2|2|-4|4|0|98|108|44,-7|-7|-7|-7|-5|105|43|53,-5|5|-8|8|0|32|73|102,0|0|0|0|0|65|110|105,126|126|126|126|214|26990|25409|26996,1,0,0,16,255,208
339,0,8,4,0,4,0,0,0,3|3|2|2|97|116|101|32,255|255|255|255|0|0|0|32,-2|2|-4|4|101|32|32|64,-7|-7|-7|-7|79|78|84|58,-5|5|-8|8|0|59|30|0,0|0|0|0|32|32|109|111,214|214|126|126|25972|28704|29300|25632,1,0,0,16,255,208
340,0,8,6,0,6,0,0,0,3|3|2|2|2|2|32|98,255|255|255|255|255|255|114|32,-2|2|-4|4|-1|1|43|52,-7|-7|-7|-7|-6|-6|0|0,-5|5|-8|8|-3|3|0|0,0|0|0|0|0|0|112|32,214|214|126|126|126|126|8192|9,1,0,0,16,255,208
341,0,8,4,0,4,0,0,0,3|3|3|3|0|0|0|32,255|255|255|255|112|32|32|98,-2|2|-4|4|32|32|32|32,-7|-7|-8|-8|32|32|123|32,-5|5|-8|8|110|101|109|121,0|0|0|0|101|61|65|110,214|214|214|214|25966|31085|31043|27747,1,0,0,16,255,208
342,0,8,4,0,4,0,0,0,2|2|5|5|99|108|101|41,255|255|255|255|14|0|0|0,-1|1|-1|1|106|108|101|32,-8|-8|-7|-7|65|68|68|109,-4|5|-5|5|0|32|32|32,0|0|0|0|32|98|108|44,126|126|263|263|23863|7|0|16384,1,0,0,16,255,208
343,0,8,6,0,6,0,0,0,2|2|5|5|2|2|91|115,255|255|255|255|255|255|98|108,-1|1|-1|1|-3|3|7|0,-8|-8|-7|-7|-7|-7|65|78,-4|5|-5|5|-5|5|0|32,0|0|0|0|0|0|32|98,126|126|263|263|126|126|8292|25120,1,0,0,16,255,208
344,0,8,1,0,1,0,0,0,2|49|32|125|63|0|0|0,255|32|32|32|109|111|118|32,0|100|120|44|100|115|58|91,6|105|43|98|120|43|48|55,0|32|40|42|32|83|73|32,0|32|83|104|97|112|101|32,126|29542|29797|31776|17440|8280|8253|26707,-1,0,0,16,255,208
345,0,8,2,0,2,0,0,0,2|2|0|32|32|32|99|109,255|255|32|100|120|44|57|57,-1|1|32|32|123|32|73|70,7|7|104|97|112|101|61|57,-5|5|32|116|104|101|110|32,0|0|101|109|121|32|107|105,126|126|29801|25971|26220|32032|18|0,-1,0,0,16,255,208
346,0,8,3,0,3,0,0,0,2|2|2|32|0|0|0|0,255|255|255|0|0|0|0|32,-2|2|0|101|99|32|32|100,7|7|5|0|0|0|0|32,-5|5|0|100|100|32|32|100,0|0|0|120|0|0|0|0,126|126|126|31488|8224|8317|28525|8310,-1,0,0,16,255,208
347,0,8,2,0,2,0,0,0,3|3|0|32|32|32|32|32,255|255|100|32|32|98|120|44,-1|1|109|112|109|97|112|120,8|8|115|32|32|32|123|67,-5|5|99|117|108|97|116|101,0|0|125|97|0|0|0|0,214|214|0|8192|8224|8224|28525|8310,-1,0,0,16,255,208
348,0,8,3,0,3,0,0,0,3|3|3|61|69|89|125|49,255|255|255|0|0|32|32|32,-2|2|0|111|118|32|32|99,8|8|5|120|14|0|0|0,-5|5|0|32|125|32|115|104,0|0|0|99|120|44|54|97,214|214|214|8224|8224|28525|8310|25632,-1,0,0,16,255,208
349,0,8,5,0,5,0,0,0,2|2|2|2|3|44|50|32,255|255|255|255|255|32|32|32,-2|2|-4|4|0|32|32|98,7|7|7|7|5|32|32|32,-5|5|-8|8|0|32|32|32,0|0|0|0|0|101|32|71,126|126|126|126|214|29793|28521|8302,-1,0,0,16,255,208
350,0,8,4,0,4,0,0,0,3|3|2|2|32|98|120|44,255|255|255|255|0|0|0|32,-2|2|-4|4|0|32|32|32,7|7|7|7|32|99|104|44,-5|5|-8|8|32|112|116|114,0|0|0|0|91|115|105|43,214|214|126|126|17981|27753|25972|8306,-1,0,0,16,255,208
351,0,8,6,0,6,0,0,0,3|3|2|2|2|2|48|125,255|255|255|255|255|255|32|32,-2|2|-4|4|-1|1|121|116,7|7|7|7|6|6|100|115,-5|5|-8|8|-3|3|51|93,0|0|0|0|0|0|0|101,214|214|126|126|126|126|25632|23923,-1,0,0,16,255,208
352,0,8,4,0,4,0,0,0,3|3|3|3|108|44|100|115,255|255|255|255|43|52|55|93,-2|2|-4|4|67|76|61|69,7|7|8|8|125|32|0|0,-5|5|-8|8|37|0|0|0,0|0|0|0|109|111|118|32,214|214|214|214|26995|13611|23858|8224,-1,0,0,16,255,208
353,0,8,4,0,4,0,0,0,2|2|5|5|43|0|0|0,255|255|255|255|99|109|112|32,-1|1|-1|1|49|32|32|32,8|8|7|7|32|32|32|32,-4|5|-5|5|115|105|122|101,0|0|0|0|32|76|97|114,126|126|263|263|8192|8224|25962|8224,-1,0,0,16,255,208
354,0,8,6,0,6,0,0,0,2|2|5|5|2|2|0|32,255|255|255|255|255|255|112|32,-1|1|-1|1|-3|3|51|103,8|8|7|7|7|7|32|32,-4|5|-5|5|-5|5|32|64,0|0|0|0|0|0|0|0,126|126|263|263|126|126|28525|8310,-1,0,0,16,255,208
355,0,2,1,0,2,0,0,0,1|1|111|110|125|0|0|0,255|255|0|0|12|0|0|0,-6|6|32|32|115|117|98|32,21|21|44|97|104|113|0|0,-2|2|0|117|110|99|-38|10,20|20|42|0|0|0|0|32,132|133|8224|8224|8224|8224|8224|26982,-1,0,0,20,255,112
356,0,2,1,0,4,0,0,0,1|1|1|1|116|62|48|41,255|255|255|255|0|0|0|32,-6|6|-7|7|32|32|32|32,21|21|21|21|32|32|102|105,-2|2|-4|4|102|97|100|101,20|20|20|20|40|101|118|101,132|133|132|133|27707|38|0|8192,-1,0,0,20,255,112
357,0,3,2,0,4,0,0,0,1|1|1|1|105|108|116|101,255|255|255|255|118|101|110|116,-6|6|-7|7|59|110|42|0,21|21|21|21|32|32|32|32,-2|2|-4|4|32|32|32|32,20|20|20|20|118|101|108|98,132|133|132|133|14963|25917|25974|29806,-1,0,0,20,255,112
358,0,3,2,0,6,0,0,0,1|1|1|1|1|1|32|32,255|255|255|255|255|255|108|102,-6|6|-7|7|-5|5|101|119,21|21|21|21|21|21|116|100,-2|2|-4|4|-1|1|0|0,20|20|20|20|20|20|32|32,132|133|132|133|132|133|25196|26994,-1,0,0,20,255,112
359,0,2,2,0,6,0,0,0,1|1|1|1|1|1|47|0,255|255|255|255|255|255|32|32,-6|6|-7|7|-5|5|32|32,21|21|21|21|21|21|101|114,-2|2|-4|4|-1|1|97|114,20|20|20|20|20|20|118|101,132|133|132|133|132|133|0|8192,-1,0,0,20,255,112
360,0,2,2,0,8,0,0,0,1|1|1|1|1|1|1|1,255|255|255|255|255|255|255|255,-6|6|-7|7|-8|8|-5|5,21|21|21|21|21|21|21|21,-2|2|-4|4|-6|6|-1|1,20|20|20|20|20|20|20|20,132|133|132|133|132|133|132|133,-1,0,0,20,255,112
361,0,1,2,0,8,0,0,0,1|1|1|1|1|1|1|1,255|255|255|255|255|255|255|255,-6|6|-7|7|-8|8|-5|5,21|21|21|21|21|21|21|21,-2|2|-4|4|-6|6|-1|1,20|20|20|20|20|20|20|20,132|133|132|133|132|133|132|133,-1,0,0,20,255,112
362,0,2,3,0,8,0,0,0,1|1|1|1|1|1|1|1,255|255|255|255|255|255|255|255,-6|6|-7|7|-8|8|-5|5,21|21|21|21|21|21|21|21,-2|2|-4|4|-6|6|-1|1,20|20|20|20|20|20|20|20,132|133|132|133|132|133|132|133,-1,0,0,20,255,112
363,0,2,2,0,6,0,0,0,2|2|2|2|2|2|32|111,255|255|255|255|255|255|100|111,-6|6|-7|7|-5|5|112|111,21|21|21|21|21|21|114|91,-2|2|-4|4|-1|1|104|101,20|20|20|20|20|20|0|32,151|152|151|152|151|152|8224|30309,-1,0,0,20,255,112
364,0,2,2,0,8,0,0,0,2|2|2|2|2|2|2|2,255|255|255|255|255|255|255|255,-6|6|-7|7|-8|8|-5|5,21|21|21|21|21|21|21|21,-2|2|-4|4|-6|6|-1|1,20|20|20|20|20|20|20|20,151|152|151|152|151|152|151|152,-1,0,0,20,255,112
365,0,1,2,0,8,0,0,0,2|2|2|2|2|2|2|2,255|255|255|255|255|255|255|255,-6|6|-7|7|-8|8|-5|5,21|21|21|21|21|21|21|21,-2|2|-4|4|-6|6|-1|1,20|20|20|20|20|20|20|20,151|152|151|152|151|152|151|152,-1,0,0,20,255,112
366,0,3,1,4,2,0,0,0,1|1|32|32|32|32|32|32,255|255|110|101|109|121|91|116,0|0|112|93|46|101|110|101,6|6|100|105|101|58|61|101,-4|4|110|116|100|97|116|59,0|0|0|0|0|32|32|32,233|233|8224|8224|25888|25710|8251|17,0,0,0,13,255,80
367,0,8,1,0,1,0,0,0,112|103|105|110|58|0|0|0,255|32|32|32|32|32|32|32,0|32|32|32|32|32|105|102,0|40|101|118|101|110|116|100,0|116|51|60|62|48|41|32,0|104|101|110|32|68|97|109,31|21093|29793|14949|25917|25974|29806|24932,1,0,0,7,6,80
368,0,9,2,0,2,0,0,0,112|112|32|32|32|32|105|102,255|255|101|118|101|110|116|100,1|-1|50|61|48|41|32|111,-1|-1|116|119|111|112|108|97,0|0|114|109|111|100|101|32,0|0|32|111|110|101|112|108,31|31|25441|26996|28271|29728|25960|8302,1,0,0,7,6,80
369,0,10,3,0,3,0,0,0,112|112|112|32|32|32|32|32,255|255|255|99|40|68|105|102,1|-1|0|117|108|116|121|76,-1|-1|0|108|44|101|118|101,0|0|0|97|116|41|59|53,0|0|0|0|0|32|32|32,31|31|31|8224|8224|26912|8294|26980,1,0,0,7,6,80
370,0,11,4,0,4,0,0,0,112|112|112|112|32|100|105|102,255|255|255|255|108|116|121|108,1|-1|0|0|58|61|49|59,-2|-2|0|0|0|32|32|32,0|0|-3|3|32|32|32|32,0|0|0|0|102|32|100|105,31|31|31|31|25964|25974|15980|12337,1,0,0,7,6,80
371,0,12,1,0,1,0,0,0,116|101|118|101|108|58|61|49,255|59|18|0|0|0|0|32,0|32|32|32|32|32|32|32,-2|32|32|32|32|101|110|100,0|105|16|0|0|0|0|32,0|32|32|32|32|32|32|32,32|25888|25710|59|46|0|8192|8224,1,0,0,7,6,80
372,0,12,2,0,4,0,0,0,112|116|112|116|69|110|101|109,255|255|255|255|111|98|97|108,-1|0|1|0|101|108|82|101,-3|-2|-3|-2|34|0|0|0,0|0|0|0|32|32|32|32,0|0|0|0|32|32|102|111,31|32|31|32|8241|28532|12576|12336,1,0,0,7,6,80
373,0,12,3,0,3,0,0,0,112|116|112|32|32|32|32|32,255|255|255|32|40|101|118|101,-1|0|1|97|116|52|61|48,-3|-2|-3|114|32|40|101|110,0|0|0|91|116|101|109|112,0|0|0|105|110|107|110|117,31|32|31|25716|29793|10548|29728|25960,1,0,0,7,6,80
374,0,12,3,0,3,0,0,0,112|113|112|32|32|32|32|101,255|255|255|121|91|116|101|109,-1|0|1|97|114|109|111|114,-4|-3|-4|116|58|61|101|118,0|0|0|100|97|116|59|32,0|0|0|0|0|32|32|32,31|32|31|8224|25888|25710|29499|59,1,0,0,7,6,80
375,0,12,2,0,2,0,0,0,113|113|105|110|32|32|32|32,255|255|66|97|99|107|103|114,0|0|110|100|32|50|32|67,-4|-4|110|111|116|32|98|101,-6|6|114|97|110|115|112|97,0|0|110|116|32|125|45|0,32|32|8224|8224|8224|8224|8224|8224,1,0,0,7,6,80
376,0,12,4,0,4,0,0,0,113|113|112|112|97|114|101|110,255|255|255|255|114|117|101|59,0|0|1|-1|0|32|32|32,-4|-4|-1|-1|32|32|32|32,-6|6|0|0|59|102|26|0,0|0|0|0|32|32|32|32,32|32|31|31|12597|13612|8242|8250,1,0,0,7,6,80
377,0,12,3,0,3,0,0,0,114|112|112|32|32|32|32|32,255|255|255|112|100|97|116|50,0|1|-1|118|101|110|116|100,-4|-1|-1|32|32|101|118|101,0|0|0|97|116|32|58|61,0|0|0|0|0|0|0|32,33|31|31|8224|8224|8224|25972|28781,1,0,0,7,6,80
378,0,11,1,0,2,0,0,0,3|3|118|101|110|116|100|97,255|255|58|61|48|59|47|0,2|-2|0|32|32|32|32|32,-1|-1|32|32|32|32|32|32,0|0|109|112|100|97|116|51,0|0|101|118|101|110|116|100,99|99|25888|25974|29806|24932|13940|15674,1,0,0,1,0,112
379,0,11,2,0,2,0,0,0,3|3|32|32|116|101|109|112,255|255|58|61|116|101|109|112,2|-2|116|59|42|0|0|0,-1|-1|32|32|32|32|32|32,0|0|32|32|32|32|101|110,0|0|121|100|97|116|94|91,99|99|28018|29295|15674|25972|28781|24932,1,0,0,1,0,112
380,0,11,4,0,4,0,0,0,3|3|2|2|32|32|101|110,255|255|255|255|97|116|94|91,3|-3|4|-4|103|114|97|112,-1|-1|-1|-1|49|93|58|61,0|0|0|0|100|97|116|50,0|0|0|0|0|0|0|32,99|99|99|99|8224|8224|24931|25971,1,0,0,1,0,112
381,0,11,6,0,6,0,0,0,3|3|2|2|2|2|32|32,255|255|255|255|255|255|32|32,3|-3|4|-4|5|-5|116|101,-1|-1|-2|-2|-3|-3|59|116,0|0|0|0|0|0|32|32,0|0|0|0|0|0|32|32,99|99|99|99|99|99|15152|26,1,0,0,1,0,112
382,0,11,1,0,2,0,0,0,4|4|58|32|116|101|109|112,255|255|53|48|59|109|26|0,2|-2|0|32|32|32|32|32,-1|-1|32|32|32|32|32|32,0|0|58|32|116|101|109|112,0|0|55|53|59|0|17|0,100|100|8224|8224|8224|8224|8224|8224,1,0,0,1,0,112
383,0,11,2,0,2,0,0,0,4|4|32|32|32|32|117|110,255|255|117|101|101|110|101|109,2|-2|61|116|114|117|101|59,-1|-1|0|0|0|32|32|32,0|0|32|32|32|32|32|32,0|0|99|114|101|97|116|101,100|100|25974|29806|28261|28005|10361|11312,1,0,0,1,0,112
384,0,11,3,0,4,0,0,0,4|2|4|2|32|32|32|32,255|255|255|255|117|101|101|110,2|3|-2|-3|61|102|97|108,-1|-4|-1|-4|30|0|0|0,0|0|0|0|32|32|32|32,0|0|0|0|32|32|105|102,100|99|100|99|8302|25954|26983|8302,1,0,0,1,0,112
385,0,11,4,0,4,0,0,0,4|2|4|2|110|101|109|121,255|255|255|255|108|91|98|93,2|3|-2|-3|125|103|41|0,-1|-4|-1|-4|32|32|32|32,0|0|0|0|32|32|32|32,0|0|0|0|109|121|91|98,100|99|100|99|15674|25972|28781|24932,1,0,0,1,0,112
386,0,11,2,0,2,0,0,0,8|8|32|32|32|32|123|101,255|255|109|121|91|98|93|46,2|-2|109|111|114|108|101|102,-2|-2|61|116|101|109|112|100,0|0|51|59|125|32|17|0,0|0|0|32|32|32|32|32,98|98|8224|8224|28261|15204|33|0,1,0,0,1,0,112
387,0,11,4,0,4,0,0,0,8|8|4|4|97|116|32|58,255|255|255|255|112|100|97|116,2|-2|4|-4|0|0|0|32,-2|-2|-4|-4|32|32|32|32,0|0|0|0|101|118|101|110,0|0|0|0|51|58|61|116,98|98|100|100|33|0|8192|8224,1,0,0,1,0,112
388,0,11,6,0,6,0,0,0,8|8|4|4|2|2|101|109,255|255|255|255|255|255|16|0,2|-2|4|-4|6|-6|32|32,-2|-2|-4|-4|-6|-6|32|101,0|0|0|0|0|0|0|0,0|0|0|0|0|0|0|32,98|98|100|100|99|99|29295|25955,1,0,0,1,0,112
389,0,11,1,0,2,0,0,0,3|3|57|57|59|42|32|0,255|255|0|32|32|32|32|32,2|-2|53|52|32|58|32|69,-1|-1|110|116|74|117|109|112,0|0|118|101|110|116|100|97,0|0|59|59|46|0|0|0,99|99|8224|8224|13621|14880|25120|26469,1,0,4,1,0,112
390,0,11,2,0,2,0,0,0,3|3|97|108|32|65|99|99,255|255|82|101|118|32|125|116,2|-2|0|0|0|32|32|32,-1|-1|32|32|32|32|32|32,0|0|105|102|32|101|118|101,0|0|100|97|116|51|62|55,99|99|28261|25888|25974|29806|24932|13428,1,0,4,1,0,112
391,0,11,4,0,4,0,0,0,3|3|2|2|93|59|34|0,255|255|255|255|32|32|32|32,3|-3|4|-4|32|32|32|32,-1|-1|-1|-1|116|101|109|112,0|0|0|0|116|111|32|49,0|0|0|0|111|32|78|0,99|99|99|99|8224|8224|8224|8224,1,0,4,1,0,112
392,0,11,6,0,6,0,0,0,3|3|2|2|2|2|32|40,255|255|255|255|255|255|116|101,3|-3|4|-4|5|-5|110|107,-1|-1|-2|-2|-3|-3|101|110,0|0|0|0|0|0|32|116,0|0|0|0|0|0|103|105,99|99|99|99|99|99|8224|8224,1,0,4,1,0,112
393,0,11,1,0,2,0,0,0,4|4|32|60|62|45|57|57,255|255|116|104|101|110|32|101,2|-2|109|121|91|116|101|109,-1|-1|46|120|97|99|99|101,0|0|61|101|118|101|110|116,0|0|116|59|70|0|0|0,100|100|8224|8224|8224|8224|8224|8224,1,0,5,1,0,112
394,0,11,2,0,2,0,0,0,4|4|32|32|116|104|101|110,255|255|110|101|109|121|91|116,2|-2|112|93|46|121|97|99,-1|-1|108|58|61|101|118|101,0|0|100|97|116|50|59|0,0|0|0|0|0|32|32|32,100|100|8224|8224|8224|28261|15204|16,1,0,5,1,0,112
395,0,11,3,0,4,0,0,0,4|2|4|2|36|0|0|0,255|255|255|255|32|32|32|32,2|3|-2|-3|32|98|101|103,-1|-4|-1|-4|32|71|114|111,0|0|0|0|32|66|111|116,0|0|0|0|125|80|41|0,100|99|100|99|8224|8224|8224|8224,1,0,5,1,0,112
396,0,11,4,0,4,0,0,0,4|2|4|2|32|40|48|44,255|255|255|255|45|0|0|0,2|3|-2|-3|32|32|32|32,-1|-4|-1|-4|32|32|32|105,0|0|0|0|48|32|116|104,0|0|0|0|110|101|109|121,100|99|100|99|8253|14641|15152|16,1,0,5,1,0,112
397,0,11,2,0,2,0,0,0,8|8|59|119|54|0|0|0,255|255|32|32|32|32|32|32,2|-2|32|58|32|98|101|103,-2|-2|32|32|83|117|112|101,0|0|110|101|109|121|50|53,0|0|117|109|112|32|58|61,98|98|29806|24932|15220|25888|25710|29499,1,0,6,1,0,112
398,0,11,4,0,4,0,0,0,8|8|4|4|32|58|32|98,255|255|255|255|32|32|32|32,2|-2|4|-4|110|103|101|32,-2|-2|-4|-4|99|104|32|69,0|0|0|0|125|120|34|0,0|0|0|0|32|32|32|32,98|98|100|100|28518|8306|25972|28781,1,0,6,1,0,112
399,0,11,6,0,6,0,0,0,8|8|4|4|2|2|32|32,255|255|255|255|255|255|32|32,2|-2|4|-4|6|-6|40|101,-2|-2|-4|-4|-6|-6|116|52,0|0|0|0|0|0|114|32,0|0|0|0|0|0|91|116,98|98|100|100|99|99|25917|25974,1,0,6,1,0,112
400,0,3,1,3,1,0,0,0,149|32|32|32|32|32|32|32,255|32|32|32|32|32|32|32,0|32|32|119|105|116|104|32,6|110|101|109|121|91|116|101,0|112|93|32|100|111|32|98,0|103|105|110|39|0|0|0,7035|8224|8224|8224|8224|8224|8224|8224,0,0,0,1,255,48
401,0,2,1,3,1,0,0,0,149|101|110|116|100|97|116|59,255|0|0|0|0|32|32|32,0|32|32|32|32|32|32|32,6|32|32|32|32|32|32|101,0|100|59|97|16|0|0|0,0|32|32|32|32|32|32|32,7035|8224|25888|25710|59|0|0|8192,0,0,0,1,255,48
402,0,4,1,3,1,0,0,0,150|98|101|103|105|110|32|32,98|32|123|32|82|101|112|108,0|99|101|32|69|110|101|109,6|32|125|0|63|0|0|0,0|32|32|32|32|32|32|32,0|32|32|32|32|32|102|111,7035|25972|28781|15674|8241|28532|12576|12336,0,0,0,1,255,48
403,0,3,1,3,1,0,0,0,150|108|91|116|101|109|112|93,98|62|49|41|32|97|110|100,0|0|0|0|0|32|32|32,6|32|32|32|32|32|32|32,0|32|32|32|32|40|40|101,0|101|109|121|91|116|101|109,7035|27694|28265|28267|28021|25917|25974|29806,0,0,0,1,255,48
404,0,2,1,3,1,0,0,0,150|116|52|61|48|41|41|105,98|0|0|0|0|32|32|32,0|32|32|32|32|32|32|32,6|32|32|32|116|104|101|110,0|98|101|103|105|110|44|0,0|0|0|32|32|32|32|32,7035|8224|8224|8224|8224|8224|25376|25970,0,0,0,1,255,48
405,0,5,1,3,1,0,0,0,151|48|44|50|53|41|59|108,98|0|0|0|0|32|32|32,0|32|32|32|32|32|32|32,6|32|32|32|32|32|32|101,0|101|109|121|91|98|93|46,0|120|32|58|61|32|101|110,7035|23417|25972|28781|11869|30821|27707|48,0,0,0,1,255,48
406,0,5,1,3,1,0,0,0,152|32|32|32|32|101|110|101,98|121|91|98|93|46|101|121,120|58|61|32|101|110|101|109,6|91|116|101|109|112|93|46,0|121|59|0|13|0|0|0,0|32|32|32|32|32|32|32,7035|8224|8224|2430|65535|34|0|8192,0,0,0,1,255,48
407,0,5,1,3,1,0,0,0,153|101|109|112|58|61|49|32,98|111|32|49|48|48|32|100,120|0|78|0|0|0|0|32,6|32|32|32|32|32|32|32,0|32|32|32|32|32|32|105,0|32|40|101|118|101|110|116,7035|13428|12349|8233|29295|10272|28261|28005,0,0,0,1,255,48
408,0,5,1,3,1,0,0,0,154|118|101|110|116|100|97|116,98|41|32|116|104|101|110|32,120|101|103|105|110|32|68|0,6|0|0|32|32|32|32|32,0|32|32|32|32|32|32|32,0|32|32|105|102|32|101|118,7035|25716|29793|15392|11582|14649|8224|26740,0,0,0,1,255,48
409,0,5,2,3,2,0,0,0,152|152|101|118|58|61|101|118,98|98|116|100|97|116|59|50,120|120|0|0|0|32|32|32,6|6|32|32|32|32|32|32,-7|7|32|32|32|105|102|32,0|0|101|110|116|100|97|116,7035|7035|14649|29728|25960|8302|28261|28005,0,0,0,1,255,48
410,0,5,3,3,3,0,0,0,152|152|153|116|100|97|116|50,98|98|98|0|0|0|0|32,120|120|120|32|32|32|32|32,6|6|6|32|32|32|32|105,-9|9|0|101|118|101|110|116,6|6|0|51|60|62|48|41,7035|7035|7035|30309|28261|25716|29793|15411,0,0,0,1,255,48
411,0,8,1,0,1,0,0,0,128|32|32|32|32|32|32|32,255|32|32|32|116|104|101|110,0|101|110|101|109|121|91|116,0|109|112|93|46|102|105|108,0|101|114|58|61|40|101|118,0|110|116|100|97|116|51|41,57|17|0|8192|8224|8224|8224|8224,1,0,0,7,6,80
412,0,6,1,0,1,0,0,0,128|32|32|32|32|32|32|32,255|101|110|100|59|58|32|0,0|0|0|32|32|32|32|32,0|32|50|56|32|58|32|116,0|112|101|110|101|109|121|111,0|101|114|58|61|102|97|108,57|24891|31|0|8192|8224|8224|8224,1,0,0,7,6,80
413,0,4,1,0,1,0,0,0,128|58|61|116|114|117|101|59,255|0|0|0|0|32|32|32,0|32|32|32|51|48|32|58,0|98|101|103|105|110|28|0,0|0|0|32|32|32|32|32,0|32|32|32|32|32|32|32,57|28769|31025|25956|24940|14969|12605|8251,1,0,0,7,6,80
414,0,10,2,0,2,0,0,0,128|128|32|109|97|112|49|121,255|255|108|97|121|109|97|120,0|0|49|59|28|0|0|0,-1|-1|32|32|32|32|32|32,9|-9|32|32|32|32|32|109,0|0|50|121|100|101|108|97,57|57|25659|31|0|8192|8224|8224,1,0,0,7,6,80
415,0,8,2,0,2,0,0,0,128|128|121|109|97|120|58|61,255|255|0|0|0|0|0|121,0|0|0|0|0|32|32|32,0|0|32|32|32|32|32|32,9|-9|32|66|97|99|107|77,0|0|101|58|61|101|118|101,57|57|15220|35|0|8192|8224|8224,1,0,0,7,6,80
416,0,6,1,0,1,0,0,0,113|50|58|61|101|118|101|110,255|100|97|116|50|59|41|0,0|0|0|32|32|32|32|32,-1|32|32|32|32|32|32|32,0|69|120|112|108|111|100|101,4|111|118|101|58|61|66|97,76|28525|25974|10802|12851|15152|35|0,1,0,0,7,6,80
417,0,4,1,0,1,0,0,0,113|99|107|109|111|118|101|51,255|61|101|118|101|110|116|100,0|116|51|59|16|0|0|0,-1|32|32|32|32|32|32|32,0|32|32|32|32|101|110|100,4|32|44|0|0|0|0|32,76|8224|8224|12595|14880|25120|26469|28265,1,0,0,7,6,80
418,0,5,1,0,1,0,0,0,114|79|118|101|114|114|105|100,255|32|125|32|34|0|0|0,0|32|32|32|32|32|32|32,-1|32|32|32|32|32|102|111,0|32|116|101|109|112|58|61,4|32|116|111|32|49|48|48,95|111|73|0|8192|8224|8224|8224,1,0,0,7,6,80
419,0,6,2,0,2,0,0,0,113|113|100|97|116|52|61|57,255|255|32|111|114|32|40|101,0|0|109|121|91|116|101|109,-1|-1|46|108|105|110|107|110,9|-9|61|101|118|101|110|116,0|0|116|52|41|32|116|104,76|76|0|8192|8224|8224|8224|8224,1,0,0,7,6,80
420,0,7,2,0,2,0,0,0,114|114|121|91|116|101|109|112,255|255|100|111|32|98|101|103,0|0|35|0|0|0|0|32,-1|-1|32|32|32|32|32|32,9|-9|32|32|32|32|32|102,0|0|113|91|49|93|58|61,95|95|25716|29793|15136|35|0|8192,1,0,0,7,6,80
421,0,9,4,0,4,0,0,0,114|114|128|128|50|93|58|61,255|255|255|255|116|100|97|116,0|0|0|0|0|0|0|32,-1|-1|-2|-2|32|32|32|32,9|-9|16|-16|32|32|32|102,0|0|0|0|51|93|58|61,95|95|57|57|15155|59|0|8192,1,0,0,7,6,80
422,0,8,1,0,2,0,0,0,128|128|32|116|101|109|112|50,255|255|61|32|49|32|116|111,-6|6|32|100|111|32|101|115,6|6|116|119|97|105|116|91,0|0|109|112|50|93|58|61,0|0|42|0|0|0|0|32,13|14|8224|8224|8224|8224|8224|26912,0,0,0,7,98,80
423,0,6,1,0,2,0,0,0,128|128|110|32|98|101|103|105,255|255|39|0|0|0|0|32,-6|6|32|32|32|32|32|32,6|6|32|32|32|32|32|32,0|0|117|110|99|104|102|114,0|0|58|61|101|118|101|110,13|14|15157|31|0|8192|8224|8224,0,0,0,7,98,80
424,0,8,2,0,2,0,0,0,128|128|119|97|105|116|58|61,255|255|20|0|0|0|0|32,-6|6|32|32|32|32|32|32,6|6|32|32|32|32|32|101,0|0|59|105|22|0|0|0,0|0|32|32|32|32|32|32,13|14|8224|8224|8224|25888|25710|24891,0,0,0,7,98,80
425,0,7,2,0,4,0,0,0,128|128|128|128|59|102|45|0,255|255|255|255|32|32|32|32,-5|5|-7|7|32|58|32|98,7|7|5|5|32|99|114|101,0|0|0|0|101|119|101|118,0|0|0|0|110|101|109|121,13|14|13|14|52|0|8192|8224,0,0,0,7,98,80
426,0,8,4,0,4,0,0,0,128|128|128|128|48|32|116|104,255|255|255|255|110|101|109|121,-5|5|-7|7|101|121|58|61,7|7|5|5|32|101|110|100,0|0|0|0|0|0|0|32,0|0|0|0|32|32|51|51,13|14|13|14|8224|8224|8315|28229,0,0,0,7,98,80
427,0,6,4,0,6,0,0,0,128|128|128|128|128|128|32|125,255|255|255|255|255|255|32|32,-5|5|-7|7|-6|6|32|32,7|7|5|5|6|6|111|116,0|0|0|0|0|0|118|101,0|0|0|0|0|0|53|49,13|14|13|14|13|14|24932|15732,0,0,0,7,98,80
428,0,7,6,0,6,0,0,0,128|128|128|128|128|128|100|101,255|255|255|255|255|255|101|112,-5|5|-7|7|-6|6|99|116,7|7|5|5|6|6|32|83,0|0|0|0|0|0|114|105,0|0|0|0|0|0|0|0,13|14|13|14|13|14|8224|26740,0,0,0,7,98,80
429,0,6,4,0,6,0,0,0,128|128|128|128|113|113|32|32,255|255|255|255|255|255|112|101,-5|5|-7|7|-6|6|101|77,7|7|5|5|6|6|116|104,0|0|0|0|0|0|105|110,0|0|0|0|0|0|32|32,13|14|13|14|96|115|25888|25974,0,0,0,7,98,80
430,0,5,4,0,4,0,0,0,113|113|113|113|100|97|116|58,255|255|255|255|59|0|20|0,-6|6|-7|7|32|32|32|32,6|6|5|5|32|32|32|101,0|0|0|0|108|115|101|97,0|0|0|0|0|32|32|32,96|115|96|115|25120|26469|28265|34,0,0,0,7,98,80
431,0,6,2,0,2,0,0,0,114|114|32|40|101|118|101|110,255|255|97|116|61|53|51|51,-7|7|97|110|100|0|63|0,7|7|0|32|32|32|32|32,0|0|32|32|32|32|32|32,0|0|40|40|112|111|114|116,15|53|23410|23857|12605|10545|28448|8306,0,0,0,7,98,80
432,0,5,2,0,8,0,0,0,114|114|114|114|114|114|114|114,255|255|255|255|255|255|255|255,-7|7|-9|9|-8|8|-6|6,7|7|5|5|6|6|8|8,0|0|0|0|0|0|0|0,0|0|0|0|0|0|0|0,15|53|15|53|15|53|15|53,0,0,0,7,98,80
433,0,2,1,0,2,0,0,0,149|149|58|61|56|50|57|43,255|255|110|100|111|109|40|54,-9|9|51|0|0|0|0|32,0|0|32|32|32|32|32|32,0|0|32|32|105|102|32|40,0|0|101|110|116|100|97|116,256|257|8233|28257|8292|30035|25968|21618,0,0,0,1,255,112
434,0,3,2,0,2,0,0,0,149|149|32|32|32|32|32|32,255|255|32|32|32|32|101|118,-9|9|116|100|97|116|58|61,0|0|56|43|83|117|112|101,0|0|121|114|105|97|110|83,0|0|99|105|97|108|115|91,256|257|28015|13608|11049|23857|25659|16,0,0,0,1,255,112
435,0,4,2,0,2,0,0,0,150|150|59|0|0|0|0|0,255|255|34|0|0|0|0|32,-9|9|32|32|32|32|32|32,0|0|32|32|102|111|114|32,0|0|109|112|58|61|49|32,0|0|32|49|48|48|32|100,256|257|0|8192|8224|8224|8224|8224,0,0,0,1,255,112
436,0,5,3,0,3,0,0,0,150|150|150|109|112|93|46|108,255|255|255|110|117|109|61|101,-9|9|0|116|100|97|116|52,0|0|-9|104|101|110|49|0,0|0|0|32|32|32|32|32,0|0|0|32|32|32|32|32,256|257|209|25966|31085|29787|28005|23920,0,0,0,1,255,112
437,0,6,4,0,4,0,0,0,150|150|150|150|17|0|0|0,255|255|255|255|32|32|32|32,-9|9|-9|9|32|32|101|110,0|0|0|0|0|0|0|32,0|0|0|0|32|32|32|32,0|0|14|14|110|100|59|48,256|257|256|257|8224|8224|13363|14880,0,0,0,1,255,112
438,0,6,3,0,3,0,0,0,151|151|150|117|115|105|99|32,255|255|255|101|32|125|42|0,-10|10|0|32|32|32|32|32,0|0|-9|32|32|32|32|32,0|0|0|102|32|102|105|114,0|0|0|97|109|101|111|118,256|257|209|8302|25954|26983|26222|63,0,0,0,1,255,112
439,0,6,4,0,4,0,0,0,151|151|150|150|115|105|99|102,255|255|255|255|58|61|32|116,-10|10|0|0|32|32|116|101,0|0|-9|9|108|117|109|101,0|0|0|0|114|95|109|117,0|0|0|0|111|108|117|109,256|257|209|208|8224|8224|8224|8224,0,0,0,1,255,112
440,0,6,4,0,4,0,0,0,152|152|151|151|32|32|32|32,255|255|255|255|110|100|59|117,-12|12|0|0|0|32|32|32,0|0|-11|-11|51|53|32|58,0|0|-6|6|105|110|32|32,0|0|0|0|80|108|97|121,256|257|209|209|8295|15229|42|0,0,0,0,1,255,112
441,0,6,4,0,4,0,0,0,153|153|151|151|105|114|115|116,255|255|255|255|111|118|101|114,-12|12|0|0|110|32|98|101,0|0|-11|-11|34|0|0|0,0|0|-6|6|32|32|32|32,0|0|0|0|32|32|32|32,256|257|209|209|25896|25974|29806|24932,0,0,0,1,255,112
442,0,6,5,0,5,0,0,0,151|151|151|151|151|32|32|32,255|255|255|255|255|116|32|109,0|-10|10|-10|10|99|116|105,-11|0|0|0|0|101|110|32,0|0|0|0|0|116|115|111,0|7|7|-7|-7|59|48|0,209|256|257|256|257|8224|8224|8224,0,0,0,1,255,112
443,0,6,6,0,6,0,0,0,151|151|151|151|151|154|109|101,255|255|255|255|255|255|117|109,0|-10|10|-10|10|0|0|0,-11|0|0|0|0|13|32|32,0|0|0|0|0|0|32|32,0|7|7|-7|-7|0|0|0,209|256|257|256|257|208|8224|8224,0,0,0,1,255,112
444,0,2,1,9,1,0,0,0,2|101|59|0|16|0|0|0,10|32|32|32|32|32|32|32,0|32|32|32|32|101|110|100,5|49|47|0|0|0|0|32,0|32|32|32|32|32|51|54,0|58|32|98|101|103|105|110,172|24933|31076|28532|28261|27748|30309|27749,0,0,0,0,255,112
445,0,2,1,0,1,0,0,0,1|0|0|32|32|32|32|32,255|32|51|55|32|58|32|98,0|103|105|110|32|108|101|118,9|108|101|110|101|109|121|102,0|101|113|117|101|110|99|121,0|58|61|32|101|118|101|110,39|29793|8251|28261|15204|35|0|8192,0,0,0,25,255,112
446,0,2,1,0,1,0,0,0,1|99|117|114|108|111|99|58,255|101|118|101|110|116|100|97,0|59|25|0|0|0|0|32,12|32|32|32|32|32|32|32,0|32|32|32|32|32|116|101,0|112|119|50|58|61|49|59,6|0|8192|8224|8224|8224|8224|8224,0,0,0,13,255,192
447,0,4,1,5,1,0,0,0,4|116|111|32|109|97|120|101,255|101|110|116|32|100|111|32,0|101|103|105|110|101|59|0,7|0|0|32|32|32|32|32,0|32|32|32|32|32|32|32,0|32|32|32|32|105|102|32,582|28261|29300|25445|29787|28005|30576|11869,0,0,0,26,255,208
448,0,3,1,0,1,0,0,0,2|32|116|104|101|110|37|0,255|0|0|32|32|32|32|32,0|32|32|32|32|32|32|32,10|32|32|32|32|32|32|32,0|101|109|112|119|50|58|61,0|101|109|112|119|45|49|59,126|0|8192|8224|8224|8224|8224|8224,1,0,0,16,255,208
449,0,2,1,0,1,0,0,0,1|32|32|32|32|32|32|32,255|32|32|32|101|118|101|110,0|108|111|99|58|61|116|101,14|112|119|50|59|53|16|0,0|0|0|32|32|32|32|32,0|32|32|32|32|32|32|101,99|17467|52|0|8192|8224|8224|8224,0,0,0,20,255,112
450,0,8,1,0,1,0,0,0,128|110|101|109|121|32|71|108,255|98|97|108|32|76|105|110,-7|110|117|109|32|67|104|97,20|103|101|32|125|0|71|0,0|0|0|32|32|32|32|32,0|32|32|32|32|32|32|32,171|8306|25972|28781|15674|8241|28532|12576,0,0,0,7,98,80
451,0,3,1,0,1,0,0,0,2|109|112|93|46|108|105|110,255|110|117|109|61|101|118|101,0|116|100|97|116|32|116|104,9|110|47|0|0|0|0|32,0|32|32|32|32|32|32|32,0|32|32|32|32|32|32|101,59|31085|29787|28005|23920|27694|28265|28267,0,0,0,1,255,48
452,0,4,1,0,1,0,0,0,1|0|0|32|32|32|32|32,255|32|32|32|32|32|32|101,0|100|59|42|47|0|0|0,10|32|32|32|32|32|32|32,0|48|32|58|32|98|101|103,0|110|32|32|32|32|123|32,27|28005|8313|28483|29806|28265|24949|8300,0,0,0,13,255,192
453,0,4,2,0,2,0,0,0,1|1|32|32|32|32|32|32,255|255|101|110|101|109|121|99,0|0|116|105|110|117|97|108,10|10|109|97|103|101|58|61,-4|4|117|101|59|110|16|0,12|12|0|32|32|32|32|32,20|20|8224|25888|25710|26427|17|0,0,0,0,13,255,112
454,0,8,1,0,1,0,0,0,5|110|32|0|0|0|0|32,255|32|32|32|32|32|32|32,0|32|32|32|32|105|102|32,11|118|101|110|116|100|97|116,0|48|32|116|104|101|110|32,0|0|0|0|0|32|32|32,262|8224|8224|8224|8224|26144|27753|25452,0,0,0,6,255,208
455,0,10,1,0,1,0,0,0,8|122|101|111|102|40|101|110,255|109|121|97|118|97|105|108,0|44|49|41|18|0|0|0,11|32|32|32|32|32|32|32,0|32|32|32|32|32|32|101,0|115|101|0|49|0|0|0,263|8224|8224|8224|8224|8224|8224|26144,0,0,0,6,255,208
456,0,12,1,0,1,0,0,0,10|101|110|101|109|121|97|118,255|105|108|91|120|93|58|61,0|59|16|0|0|0|0|32,11|32|32|32|32|32|32|32,0|32|32|101|110|100|59|111,0|0|0|0|0|32|32|32,264|8224|12852|14880|25120|25441|26475|28530,0,0,0,6,255,208
457,0,14,1,0,1,0,0,0,15|32|32|32|32|32|32|32,255|51|32|58|32|98|97|99,0|103|114|111|117|110|100|50,11|118|101|114|58|61|101|118,0|110|116|100|97|116|59|101,0|0|0|0|0|32|32|32,265|8224|13364|14880|25120|26469|28265|3,0,0,0,6,255,208
458,0,3,1,0,1,0,0,0,1|32|32|32|32|32|32|32,255|32|32|32|105|102|32|40,0|118|101|110|116|100|97|116,9|62|55|57|41|32|97|110,0|32|40|101|118|101|110|116,0|97|116|51|60|57|49|41,58|25960|8302|91|0|8192|8224|8224,0,0,0,25,255,112
459,0,2,1,0,1,0,0,0,4|32|116|101|109|112|50|58,255|49|59|32|32|116|101|109,0|51|58|61|49|48|48|59,9|116|101|109|112|52|58|61,0|59|32|101|118|101|110|116,0|97|116|52|58|61|78|101,59|23372|30309|28261|25716|29793|11571|12344,0,0,0,25,255,112
460,0,2,1,0,1,0,0,0,8|32|32|32|32|32|32|32,255|32|32|101|108|115|101|0,0|0|0|0|0|32|32|32,9|32|32|32|32|32|32|32,0|32|99|97|115|101|32|101,0|101|110|116|100|97|116|51,60|28262|60|0|8192|8224|8224|8224,0,0,0,25,255,112
461,0,2,3,0,3,0,0,0,6|5|5|112|50|58|61|49,255|255|255|116|101|109|112|51,0|-2|2|48|48|59|32|116,9|8|8|52|58|61|48|59,0|-2|2|100|59|97|60|0,0|0|0|32|32|32|32|32,59|279|280|8224|8242|8250|25954|26983,0,0,0,25,255,112
462,0,2,4,0,4,0,0,0,253|253|4|4|50|53|59|32,255|255|255|255|112|52|58|61,0|0|0|0|110|100|59|0,9|9|9|9|0|32|32|32,0|0|-10|10|32|32|32|32,-7|7|9|9|58|32|98|101,600|619|581|581|14898|12861|15158|29728,0,0,0,25,255,208
463,0,2,6,0,6,0,0,0,253|253|253|253|4|4|110|100,255|255|255|255|255|255|0|32,0|0|0|0|0|0|32|32,9|9|9|9|9|9|58|32,-6|-6|6|6|-14|14|116|101,-7|7|-7|7|9|9|49|59,600|619|600|619|581|581|29728|28005,0,0,0,25,255,208
464,0,5,1,0,1,0,0,0,2|32|32|32|32|32|32|32,98|32|32|32|32|57|57|32,0|32|98|101|103|105|110|32,0|101|109|112|50|58|61|49,0|32|32|116|101|109|112|51,0|61|49|48|48|59|32|116,66|13424|15674|15153|25888|25710|19515|17,1,0,0,13,255,192
465,0,3,1,0,1,0,0,0,6|110|100|59|0|0|0|0,98|0|40|0|0|0|0|32,0|32|32|32|32|32|32|32,0|32|32|32|102|111|114|32,0|101|109|112|58|61|116|101,0|112|50|32|116|111|32|116,73|13168|25632|25967|102|0|8192|8224,1,0,0,13,255,192
466,0,3,1,0,1,0,0,0,12|101|110|101|109|121|97|118,98|105|108|91|116|101|109|112,0|60|62|49|41|32|97|110,0|32|40|40|116|101|109|112,0|61|49|41|32|111|114|32,0|101|110|101|109|121|91|116,123|23920|27694|28265|28267|28021|25917|25974,1,0,0,13,255,192
467,0,3,2,0,2,0,0,0,10|10|110|46|66|0|0|0,98|98|32|32|32|32|32|32,0|0|32|32|32|32|32|32,0|0|102|32|101|118|101|110,-6|6|97|116|32|60|62|45,0|0|32|116|104|101|110|32,143|144|23417|25972|28781|11869|30821|14947,1,0,0,13,255,192
468,0,3,3,0,3,0,0,0,10|10|10|32|32|32|32|32,98|98|98|32|32|32|32|32,0|0|0|32|101|118|101|110,0|-1|-1|116|50|60|62|45,0|-12|12|116|104|101|110|32,0|0|0|109|121|91|116|101,73|73|73|14947|25917|25974|29806|24932,1,0,0,13,255,208
469,0,3,8,0,8,0,0,0,250|252|252|250|251|251|251|251,255|255|255|255|255|255|255|255,0|0|0|0|0|0|0|0,7|7|7|7|7|7|7|7,-18|-6|6|18|-18|-6|6|18,-7|-7|-7|-7|7|7|7|7,767|768|769|770|786|787|788|789,0,0,0,14,255,192
470,0,4,1,0,1,0,0,0,1|32|32|32|32|32|32|105,255|32|101|118|101|110|116|100,0|116|54|61|45|57|57|32,21|116|104|101|110|32|101|110,0|109|121|91|116|101|109|112,0|46|102|105|120|101|100|109,67|31077|15674|15152|70|0|8192|8224,-1,0,0,20,255,112
471,0,1,1,0,1,0,0,0,4|118|101|110|116|100|97|116,255|62|48|32|116|104|101|110,0|101|110|101|109|121|91|116,20|109|112|93|46|101|110|101,0|121|99|121|99|108|101|58,0|101|118|101|110|116|100|97,70|27707|72|0|8192|8224|8224|8224,-1,0,0,20,255,112
472,0,1,1,0,1,0,0,0,8|116|100|97|116|54|62|48,255|116|104|101|110|32|101|110,0|109|121|91|116|101|109|112,20|46|102|105|120|101|100|109,0|118|101|121|58|61|101|118,0|110|116|100|97|116|54|59,219|17|0|8192|8224|8224|8224|8224,-1,0,0,20,255,112
473,0,1,2,0,2,0,0,0,8|8|32|32|32|32|32|32,255|255|110|100|59|44|43|0,0|0|0|32|32|32|32|32,20|20|50|48|32|58|32|98,-4|4|105|110|32|32|32|32,0|0|69|110|101|109|121|32,218|218|27745|16672|25443|27749|32032|65,-1,0,0,20,255,112
474,0,1,4,0,4,0,0,0,6|6|6|6|118|101|110|116,255|255|255|255|62|55|57|32,0|0|0|0|32|101|118|101,3|1|3|1|116|52|58|61,-8|-8|8|8|76|91|101|118,0|0|0|0|97|116|51|45,578|578|578|578|8192|8224|8224|8224,1,0,0,20,255,208
475,0,1,8,0,8,0,0,0,6|6|6|6|6|6|6|6,255|255|255|255|255|255|255|255,0|0|0|0|0|0|0|0,4|2|0|-2|4|2|0|-2,-8|-8|-8|-8|8|8|8|8,0|0|0|0|0|0|0|0,578|578|578|578|578|578|578|578,1,0,0,20,255,208
476,0,2,1,9,1,0,0,0,3|109|61|101|118|101|110|116,10|97|116|52|41|32|111|114,0|40|101|118|101|110|116|100,5|116|52|61|48|41|41|32,0|0|0|0|0|32|32|32,0|32|32|32|32|32|32|32,172|8224|26740|28261|25120|26469|28265|43,0,0,0,0,255,112
477,0,2,2,9,2,0,0,0,4|4|32|105|102|32|101|118,10|10|116|100|97|116|60|62,-4|4|57|32|116|104|101|110,5|5|101|103|105|110|44|0,0|0|0|32|32|32|32|32,0|0|32|32|32|32|32|32,172|172|25966|31085|29787|28005|23920|25902,0,0,0,0,255,112
478,0,2,4,9,4,0,0,0,5|5|5|5|0|32|32|32,10|10|10|10|32|32|32|32,0|0|-1|1|32|101|110|101,5|5|5|5|101|109|112|93,-4|4|-6|6|99|119|58|61,0|0|0|0|101|118|101|110,172|172|172|172|53|0|8192|8224,0,0,0,0,255,112
479,0,2,5,9,5,0,0,0,6|6|6|6|6|109|112|93,10|10|10|10|10|119|109|97,0|0|0|-1|1|115|40|101,5|5|5|5|5|97|116|32,0|4|-4|-6|6|0|0|32,0|0|0|0|0|32|32|32,172|172|172|172|172|30309|28261|25716,0,0,0,0,255,112
480,0,2,7,9,7,0,0,0,7|7|7|7|7|7|7|32,10|10|10|10|10|10|10|32,0|0|0|-1|1|-2|2|91,5|5|5|5|5|5|5|120,0|4|-4|-6|6|-8|8|49,0|0|0|0|0|0|0|110,172|172|172|172|172|172|172|25697,0,0,0,0,255,112
481,0,2,8,9,8,0,0,0,8|8|8|8|8|8|8|8,10|10|10|10|10|10|10|10,0|0|0|-1|1|-2|2|0,6|5|5|5|5|5|5|7,0|4|-4|-6|6|-8|8|0,0|0|0|0|0|0|0|8,172|172|172|172|172|172|172|172,0,0,0,0,255,112
482,0,4,1,0,1,0,0,0,3|32|32|32|32|32|32|32,107|32|32|32|32|101|110|101,0|121|91|116|101|109|112|93,7|101|121|99|99|58|61|101,0|101|110|116|100|97|116|50,0|59|50|0|0|0|0|32,601|8224|8224|8224|8224|8224|8224|25888,0,0,0,26,255,208
483,0,2,1,0,1,0,0,0,4|61|97|98|115|40|101|118,105|110|116|100|97|116|50|41,0|115|53|0|0|0|0|32,7|32|32|32|32|32|32|32,0|32|32|32|32|32|32|101,0|101|109|121|91|116|101|109,582|25902|25465|30563|24941|14968|24893|29538,0,0,0,26,255,208
484,0,2,3,0,3,0,0,0,8|3|3|32|32|32|32|32,105|107|107|32|32|32|32|32,0|-1|1|32|101|118|101|110,7|7|7|116|50|62|48|32,0|-4|4|110|71|0|0|0,0|0|0|32|32|32|32|32,582|601|601|8224|8224|8224|28261|28005,0,0,0,26,255,208
485,0,2,3,0,3,0,0,0,8|8|8|101|108|115|101|32,105|105|105|109|121|91|116|101,0|0|0|46|101|121|99|99,7|6|6|58|61|45|49|59,0|-9|9|0|0|32|32|32,0|0|0|32|32|32|32|32,582|582|582|25710|59|0|0|8192,0,0,0,26,255,208
486,0,2,4,0,4,0,0,0,8|8|8|8|32|105|102|32,105|105|105|105|116|100|97|116,0|0|0|0|116|104|101|110,7|7|6|6|109|121|91|116,-4|4|-14|14|46|101|110|101,0|0|0|0|99|108|101|58,582|582|582|582|13684|11579|41|0,0,0,0,26,255,208
487,0,2,4,7,4,0,0,0,251|251|251|251|101|118|101|110,255|255|255|255|54|62|48|32,0|0|0|0|32|98|101|103,2|2|2|2|0|0|0|32,-6|6|-6|6|32|32|32|32,-7|-7|7|7|32|32|32|32,683|702|721|740|25972|28781|11869|28257,0,0,0,26,255,208
488,0,3,1,0,1,0,0,0,2|0|0|32|32|32|32|32,255|32|32|32|32|32|32|32,0|32|32|32|32|32|101|110,-4|109|121|91|116|101|109|112,0|46|97|110|105|109|105|110,0|61|101|118|101|110|116|100,126|15157|41|0|8192|8224|8224|8224,1,0,0,16,255,208
489,0,3,2,0,2,0,0,0,2|2|116|101|109|112|93|46,255|255|105|109|97|120|58|61,0|0|44|0|0|0|0|32,-4|-4|32|32|32|32|32|32,0|0|32|32|32|32|32|32,0|0|101|110|101|109|121|91,126|126|11869|28257|24937|29795|30313|14949,1,0,0,16,255,208
490,0,3,2,0,2,0,0,0,4|4|32|32|32|32|32|32,255|255|101|110|100|59|17|0,0|0|0|32|32|32|32|32,-4|-4|32|32|32|32|32|32,0|0|100|59|16|0|0|0,0|0|32|32|32|32|32|32,214|214|25888|25710|59|31|0|8192,1,0,0,16,255,208
491,0,3,4,0,4,0,0,0,5|5|2|2|100|51|111|118,255|255|255|255|49|59|31|0,0|0|0|0|32|32|32|32,-4|-4|-4|-4|32|58|32|98,0|0|-8|8|114|111|117|110,0|0|0|0|101|114|58|61,214|214|126|126|8224|8224|8224|13106,1,0,0,16,255,208
492,0,3,4,0,4,0,0,0,252|252|252|252|121|32|111|110,255|255|255|255|116|111|109|32,0|0|0|0|0|0|0|32,-3|-3|-3|-3|32|32|32|32,-6|6|-6|6|32|99|114|101,-7|-7|7|7|101|119|101|118,239|240|258|259|10272|11312|12341|15145,1,0,0,16,255,208
493,0,3,8,0,8,0,0,0,252|252|252|252|252|252|252|252,255|255|255|255|255|255|255|255,-1|-1|-1|-1|1|1|1|1,-3|-3|-3|-3|-3|-3|-3|-3,-6|6|-6|6|-6|6|-6|6,-7|-7|7|7|-7|-7|7|7,239|240|258|259|239|240|258|259,1,0,0,16,255,208
494,0,8,1,0,1,0,0,0,128|32|32|32|50|52|32|58,255|98|101|103|105|110|32|32,0|32|123|32|69|110|101|109,0|32|71|108|111|98|97|108,0|65|110|105|109|97|116|101,0|125|98|0|0|0|0|32,57|8224|8224|8224|8224|8224|28518|8306,1,0,0,7,6,80
495,0,9,2,0,2,0,0,0,128|128|105|102|32|101|110|101,255|255|91|116|101|109|112|93,0|0|105|110|107|110|117|109,-1|-1|118|101|110|116|100|97,9|-9|32|116|104|101|110|32,0|0|116|104|32|101|110|101,57|57|28005|23920|25632|8303|25954|26983,1,0,0,7,6,80
496,0,9,2,0,2,0,0,0,113|113|32|32|32|32|32|97,255|255|97|99|116|105|118|101,0|0|49|59|31|0|0|0,-1|-1|32|32|32|32|32|32,9|-9|32|32|32|32|32|32,0|0|110|105|119|104|101|110,76|76|15674|15152|41|0|8192|8224,1,0,0,7,6,80
497,0,9,2,0,2,0,0,0,114|114|101|110|116|100|97|116,255|255|48|32|116|104|101|110,0|0|101|103|105|110|61|0,-1|-1|0|32|32|32|32|32,9|-9|32|32|32|32|32|32,0|0|32|32|32|32|101|110,95|95|25465|25964|15674|30309|28261|25716,1,0,0,7,6,80
498,0,9,4,0,4,0,0,0,114|114|128|128|99|108|101|59,255|255|255|255|0|32|32|32,0|0|0|0|32|32|32|32,-1|-1|-2|-2|32|32|32|32,9|-9|16|-16|101|108|115|101,0|0|0|0|109|121|99|121,95|95|57|57|49|0|8192|8224,1,0,0,7,6,80
499,0,9,6,0,6,0,0,0,114|114|128|128|128|128|97|116,255|255|255|255|255|255|110|32,0|0|0|0|0|0|118|101,-1|-1|-2|-2|0|0|52|0,9|-9|16|-16|30|-30|32|32,0|0|0|0|0|0|32|32,95|95|57|57|57|57|29793|15667,1,0,0,7,6,80
500,0,3,1,0,1,0,0,0,149|105|32|101|108|115|101|0,255|0|0|0|0|32|32|32,0|32|32|32|32|32|32|32,6|32|32|32|32|105|102|32,0|118|101|110|116|100|97|116,0|61|50|32|116|104|101|110,241|26469|28265|24864|26990|25441|26996|25974,0,0,0,1,255,48
501,0,4,1,0,1,0,0,0,150|32|97|110|105|119|104|101,98|102|105|114|101|58|61|50,0|32|101|110|100|59|17|0,6|0|0|32|32|32|32|32,0|32|32|32|32|32|32|32,0|110|100|59|16|0|0|0,241|8224|8224|8224|8224|8224|25888|25710,0,0,0,1,255,48
502,0,5,1,0,1,0,0,0,152|58|32|98|101|103|105|110,98|32|32|32|123|32|69|110,0|109|121|32|71|108|111|98,6|108|32|68|97|109|97|103,0|32|99|104|97|110|103|101,0|125|34|0|0|0|0|32,241|8224|8224|8224|8224|8224|28518|8306,0,0,0,1,255,48
503,0,5,1,0,1,0,0,0,153|105|78|0|0|0|0|32,98|32|32|32|32|32|32|32,0|32|32|32|32|32|32|105,6|32|40|101|118|101|110|116,0|97|116|52|61|48|41|32,0|114|32|40|101|110|101|109,241|25972|28781|11869|26988|27502|30062|15725,0,0,0,1,255,48
504,0,5,2,0,2,0,0,0,152|152|103|105|110|0|48|0,98|98|0|32|32|32|32|32,0|0|32|32|32|32|32|32,6|6|32|101|110|101|109|121,-7|7|101|109|112|93|46|97,0|0|111|114|108|101|102|116,241|241|28261|25716|29793|8251|94|0,0,0,0,1,255,48
505,0,5,3,0,3,0,0,0,152|152|153|32|103|97|108|97,98|98|98|111|100|101|32|116,0|0|0|32|101|110|101|109,6|6|6|101|109|112|93|46,-9|9|0|111|114|108|101|102,6|6|0|114|111|117|110|100,241|241|241|24932|10868|25640|26217|26982,0,0,0,1,255,48
506,0,5,1,3,1,0,0,0,2|0|0|0|0|32|32|32,255|32|32|32|32|32|32|32,0|32|32|32|32|101|110|100,8|0|16|0|0|0|0|32,0|32|32|32|32|32|32|32,0|32|32|101|110|100|59|108,153|0|8192|8224|8224|8224|13874|14880,0,0,0,2,255,0
507,0,5,2,3,2,0,0,0,2|2|58|61|32|98|111|111,255|255|97|110|40|101|118|101,-2|2|100|97|116|41|59|101,8|8|0|0|0|32|32|32,0|0|32|32|50|55|32|58,0|0|101|103|105|110|32|32,153|153|28229|28005|8313|27719|25199|27745,0,0,0,2,255,0
508,0,4,2,3,4,0,0,0,2|2|2|2|32|32|32|32,255|255|255|255|32|32|105|102,-2|2|-1|1|110|116|100|97,7|7|8|8|57|32|116|104,0|0|0|0|118|101|110|116,0|0|0|0|58|61|78|101,153|153|153|153|25716|29793|11571|12344,0,0,0,2,255,0
509,0,4,2,3,6,0,0,0,2|2|2|2|2|2|154|6,255|255|255|255|255|255|0|32,-2|2|-4|4|-1|1|32|32,7|7|5|5|8|8|32|32,0|0|0|0|0|0|83|116,0|0|0|0|0|0|103|114,153|153|153|153|153|153|44|0,0,0,0,2,255,0
510,0,4,3,3,6,0,0,0,2|2|2|2|2|2|58|32,255|255|255|255|255|255|99|107,-2|2|0|-1|1|0|78|117,7|7|9|7|7|9|44|0,0|0|0|0|0|0|32|32,0|0|0|0|0|0|32|32,153|153|153|153|153|153|28783|24898,0,0,0,2,255,0
511,0,3,2,3,8,0,0,0,2|2|2|2|2|2|2|2,255|255|255|255|255|255|255|255,0|0|1|-1|2|-2|3|-3,9|9|8|8|7|7|6|6,6|-6|6|-6|6|-6|6|-6,0|0|0|0|0|0|0|0,153|153|153|153|153|153|153|153,0,0,0,2,255,0
512,0,4,4,3,8,0,0,0,2|2|2|2|2|2|2|2,255|255|255|255|255|255|255|255,0|0|1|-1|2|-2|3|-3,9|9|8|8|7|7|6|6,6|-6|6|-6|6|-6|6|-6,0|0|0|0|0|0|0|0,153|153|153|153|153|153|153|153,0,0,0,2,255,0
513,0,4,6,3,8,0,0,0,2|2|2|2|2|2|2|2,255|255|255|255|255|255|255|255,0|0|1|-1|2|-2|3|-3,9|9|8|8|7|7|6|6,6|-6|6|-6|6|-6|6|-6,0|0|0|0|0|0|0|0,153|153|153|153|153|153|153|153,0,0,0,2,255,0
514,0,5,8,3,8,0,0,0,2|2|2|2|2|2|2|2,255|255|255|255|255|255|255|255,0|0|1|-1|2|-2|3|-3,9|9|8|8|7|7|6|6,6|-6|6|-6|6|-6|6|-6,0|0|0|0|0|0|0|0,153|153|153|153|153|153|153|153,0,0,0,2,255,0
515,0,4,8,3,8,0,0,0,2|2|2|2|2|2|2|2,255|255|255|255|255|255|255|255,0|0|1|-1|2|-2|3|-3,9|9|8|8|7|7|6|6,6|-6|6|-6|6|-6|6|-6,0|0|0|0|0|0|0|0,153|153|153|153|153|153|153|153,0,0,0,2,255,0
516,0,3,8,3,8,0,0,0,2|2|2|2|2|2|2|2,255|255|255|255|255|255|255|255,0|0|1|-1|2|-2|3|-3,9|9|8|8|7|7|6|6,6|-6|6|-6|6|-6|6|-6,0|0|0|0|0|0|0|0,153|153|153|153|153|153|153|153,0,0,0,2,255,0
517,0,4,2,3,2,0,0,0,2|2|105|110|72|0|0|0,255|255|32|32|32|32|32|32,-6|6|32|32|32|32|32|76,2|2|100|67|111|109|112|83,0|0|112|101|115|40|101|115,0|0|112|101|115|49|44|101,153|153|29541|29489|31337|11365|26707|28769,0,0,0,2,255,0
518,0,4,2,3,2,0,0,0,2|2|78|0|0|0|0|32,255|255|32|32|32|32|32|32,-5|5|32|32|32|32|32|32,3|3|32|32|32|32|32|32,0|0|32|32|101|115|104|97,0|0|115|49|115|101|103|44,153|153|25968|12659|26223|10611|8251|8224,0,0,0,2,255,0
519,0,4,2,3,4,0,0,0,2|2|2|2|41|101|44|0,255|255|255|255|32|32|32|32,-7|7|-5|5|32|32|32|32,1|1|3|3|109|121|83|104,0|0|0|0|97|98|108|101,0|0|0|0|58|61|101|118,153|153|153|153|18|0|8192|8224,0,0,0,2,255,0
520,0,4,2,3,6,0,0,0,2|2|2|2|2|2|32|32,255|255|255|255|255|255|32|32,-7|7|-5|5|-7|7|118|101,1|1|3|3|-1|-1|62|48,0|0|0|0|0|0|98|101,0|0|0|0|0|0|0|0,153|153|153|153|153|153|8224|19488,0,0,0,2,255,0
521,0,4,2,3,6,0,0,0,2|2|2|2|2|2|44|101,255|255|255|255|255|255|50|115,-7|7|-5|5|-8|8|97|112,1|1|3|3|2|2|101|118,0|0|0|0|0|0|50|93,0|0|0|0|0|0|0|32,153|153|153|153|153|153|8224|8224,0,0,0,2,255,0
522,0,20,1,3,1,0,0,0,187|101|115|50|115|101|103|44,255|115|104|97|112|101|115|50,0|102|115|41|59|32|32|32,2|32|32|40|42|32|69|110,0|109|121|32|66|97|110|107,0|50|32|42|41|32|45|0,153|8192|8224|8224|8224|8224|8224|8224,0,0,0,2,255,0
523,0,20,7,3,7,0,0,0,187|2|2|2|2|2|2|118,255|255|255|255|255|255|255|59,0|-7|7|-5|5|-8|8|32,2|1|1|3|3|2|2|32,0|0|0|0|0|0|0|112,0|0|0|0|0|0|0|32,153|153|153|153|153|153|153|25974,0,0,0,2,255,0
524,0,30,1,3,1,0,0,0,187|105|110|111|72|0|0|0,255|32|32|32|32|32|32|32,0|32|32|32|32|32|32|76,2|97|100|67|111|109|112|83,0|97|112|101|115|40|101|115,0|97|112|101|115|51|44|101,153|28769|29541|29491|31337|11365|26707|28769,0,0,0,2,255,0
525,0,30,7,3,7,0,0,0,187|2|2|2|2|2|2|32,255|255|255|255|255|255|255|32,0|-7|7|-5|5|-8|8|32,2|1|1|3|3|2|2|32,0|0|0|0|0|0|0|97,0|0|0|0|0|0|0|44,153|153|153|153|153|153|153|8224,0,0,0,2,255,0
526,0,20,7,3,7,0,0,0,187|2|2|2|2|2|2|0,255|255|255|255|255|255|255|32,0|-7|7|-5|5|-8|8|32,-3|1|1|3|3|2|2|104,0|0|0|0|0|0|0|101,0|0|0|0|0|0|0|118,153|153|153|153|153|153|153|8224,1,0,0,2,255,0
527,0,15,7,3,7,0,0,0,187|2|2|2|2|2|2|32,255|255|255|255|255|255|255|32,0|-7|7|-5|5|-8|8|101,-1|1|1|3|3|2|2|48,0|0|0|0|0|0|0|101,0|0|0|0|0|0|0|0,153|153|153|153|153|153|153|19488,1,0,0,2,255,0
528,0,5,1,3,1,0,0,0,2|97|112|101|115|52|44|101,255|104|97|112|101|115|52|115,0|122|101|44|83|104|97|112,8|70|105|108|101|91|101|118,0|110|116|100|97|116|52|93,0|101|78|0|0|0|0|32,153|8224|8224|8224|8224|8224|8224|8224,0,0,0,2,255,0
529,0,4,3,3,6,0,0,0,2|2|2|2|2|2|103|44,255|255|255|255|255|255|115|52,-2|2|0|-1|1|0|32|32,7|7|9|7|7|9|69|110,0|0|0|0|0|0|110|107,0|0|0|0|0|0|45|0,153|153|153|153|153|153|8224|8224,0,0,0,2,255,0
530,0,5,8,3,8,0,0,0,2|2|2|2|2|2|2|2,255|255|255|255|255|255|255|255,0|0|1|-1|2|-2|3|-3,9|9|8|8|7|7|6|6,6|-6|6|-6|6|-6|6|-6,0|0|0|0|0|0|0|0,153|153|153|153|153|153|153|153,0,0,0,2,255,0
531,0,3,8,3,8,0,0,0,2|2|2|2|2|2|2|2,255|255|255|255|255|255|255|255,0|0|1|-1|2|-2|3|-3,9|9|8|8|7|7|6|6,6|-6|6|-6|6|-6|6|-6,0|0|0|0|0|0|0|0,153|153|153|153|153|153|153|153,0,0,0,2,255,0
532,0,15,1,3,1,0,0,0,187|101|97|116|101|110|101|119,255|118|101|110|116|101|110|101,0|121|32|40|48|44|50|53,-1|59|32|101|110|100|59|32,0|0|0|0|0|32|32|32,0|32|32|32|55|32|58|32,153|28500|8304|28229|28005|8313|8317|29283,1,0,0,2,255,0
533,0,30,7,3,7,0,0,0,187|2|2|2|2|2|2|41,255|255|255|255|255|255|255|32,0|-7|7|-5|5|-8|8|32,2|1|1|3|3|2|2|99,0|0|0|0|0|0|0|32,0|0|0|0|0|0|0|0,153|153|153|153|153|153|153|29779,0,0,0,2,255,0
534,0,3,1,3,1,0,0,0,2|97|30|0|0|0|0|32,255|32|32|32|32|32|49|48,0|58|123|32|71|114|111|117,8|100|32|69|110|101|109|121,0|50|32|125|32|32|17|0,0|0|0|32|32|32|32|32,153|8224|8224|25120|26469|28265|44|0,0,0,0,2,255,0
535,0,10,2,0,2,0,0,0,166|166|101|110|101|119|101|118,255|255|116|101|110|101|109|121,0|0|48|44|55|53|41|59,7|7|110|100|59|122|17|0,0|0|0|32|32|32|32|32,0|0|49|49|32|58|32|98,90|90|98|0|31488|8224|8224|8224,0,0,0,14,6,208
536,0,3,1,0,1,0,0,0,2|101|114|97|108|105|118|101,255|97|110|100|32|40|110|111,0|32|116|119|111|112|108|97,8|101|114|109|111|100|101|32,0|114|32|110|111|116|32|112,0|97|121|101|114|97|108|105,160|10562|8233|29295|10272|30309|28261|25716,0,0,0,5,255,160
537,0,2,1,0,1,0,0,0,2|105|50|0|0|0|0|32,255|32|32|32|32|32|32|32,0|32|32|105|102|32|97|108,8|112|108|97|121|101|114|115,0|111|110|101|32|111|114|32,0|101|118|101|110|116|100|97,160|10545|29728|25960|27758|34|0|8192,0,0,0,5,255,160
538,0,4,2,0,2,0,0,0,2|2|121|101|110|100|108|101,255|255|108|58|61|116|114|117,0|0|16|0|0|0|0|32,8|8|32|32|32|32|32|32,-8|8|32|101|108|115|101|0,0|0|0|0|0|32|32|32,160|160|8224|8224|26912|8294|28526|8308,0,0,0,5,255,160
539,0,3,2,0,2,0,0,0,2|2|110|101|35|0|0|0,255|255|32|32|32|32|32|32,0|0|32|32|32|114|101|97,8|8|116|111|101|110|100|108,-8|8|101|108|58|61|102|97,0|0|101|59|37|0|0|0,160|160|8224|8224|8224|8224|26144|28277,0,0,0,5,255,160
540,0,4,3,0,3,0,0,0,2|2|2|117|101|59|41|0,255|255|255|32|32|32|32|32,0|0|0|32|32|32|32|101,8|8|8|101|118|101|108|58,-10|10|0|117|101|59|32|108,5|5|-5|108|101|110|100|58,160|160|160|0|8192|8224|8224|8224,0,0,0,5,255,160
541,0,3,3,0,3,0,0,0,2|2|2|0|0|32|32|32,255|255|255|32|32|32|32|32,0|0|0|100|59|32|46|0,8|8|8|32|32|32|32|32,-10|10|0|50|32|58|32|98,5|5|-5|110|32|32|123|32,160|160|160|13344|13432|18208|28530|28277,0,0,0,5,255,160
542,0,4,4,0,4,0,0,0,2|2|2|2|32|32|32|32,255|255|255|255|99|97|115|101,0|0|0|0|110|116|100|97,8|8|8|8|102|0|30|0,-15|15|-8|8|32|32|32|32,5|5|-5|-5|32|32|32|32,160|160|160|160|28781|13431|15674|13618,0,0,0,5,255,160
543,0,5,5,0,5,0,0,0,2|2|2|2|2|32|32|32,255|255|255|255|255|112|119|52,0|0|0|0|0|32|30|0,8|8|8|8|8|32|32|32,-20|20|-12|12|0|32|32|32,8|8|-2|-2|-6|32|116|101,160|160|160|160|160|30|0|8192,0,0,0,5,255,160
544,0,5,6,0,6,0,0,0,2|2|2|2|2|2|119|52,255|255|255|255|255|255|17|0,0|0|0|0|0|0|32|32,8|8|8|8|8|8|32|32,-24|24|-18|18|-12|12|0|0,8|8|-2|-2|-6|-6|32|32,160|160|160|160|160|160|29793|14902,0,0,0,5,255,160
545,0,6,7,0,7,0,0,0,2|2|2|2|2|2|2|54,255|255|255|255|255|255|255|101,0|0|0|0|0|0|0|111,8|8|8|8|8|8|8|0,-24|24|-18|18|-12|12|0|32,8|8|-2|-2|-6|-6|-8|32,160|160|160|160|160|160|160|12845,0,0,0,5,255,160
546,0,6,8,0,8,0,0,0,2|2|2|2|2|2|2|2,255|255|255|255|255|255|255|255,0|0|0|0|0|0|0|0,8|8|8|8|8|8|8|8,-24|24|-18|18|-12|12|-5|5,8|8|-2|-2|-6|-6|-8|-8,160|160|160|160|160|160|160|160,0,0,0,5,255,160
547,0,2,1,0,2,0,0,0,2|2|32|32|32|32|99|114,255|255|116|101|110|101|119|101,-6|6|110|116|101|110|101|109,6|6|49|44|116|101|109|112,-6|6|41|59|32|105|110|99,0|0|110|101|109|121|91|98,159|161|12844|10548|30267|64|0|8192,0,0,0,5,255,160
548,0,3,2,0,2,0,0,0,2|2|110|101|119|101|118|101,255|255|101|110|101|109|121|40,-6|6|116|101|109|112|119|52,6|6|32|100|101|99|40|101,-6|6|109|121|91|98|93|46,0|0|44|50|56|41|59|32,159|161|8192|8224|8224|8224|8224|8224,0,0,0,5,255,160
549,0,3,2,0,4,0,0,0,2|2|2|2|121|40|51|44,255|255|255|255|119|52|41|59,-6|6|-7|7|40|101|110|101,6|6|5|5|93|46|101|120,-6|6|-6|6|59|32|100|101,0|0|0|0|101|109|121|91,159|161|159|161|15145|15|0|8192,0,0,0,5,255,160
550,0,3,3,0,3,0,0,0,2|2|2|32|32|32|32|32,255|255|255|51|32|58|32|69,-6|6|0|105|101|115|65|99,6|6|-8|101|58|61|102|97,-6|6|0|59|32|0|0|0,0|0|0|32|32|32|32|32,159|161|160|25966|26989|29541|25409|26996,0,0,0,5,255,160
551,0,3,4,0,4,0,0,0,2|2|2|2|32|32|49|53,255|255|255|255|101|103|105|110,-6|6|0|0|107|121|32|69,6|6|-8|-8|32|125|63|0,-6|6|-8|8|32|32|32|32,0|0|0|0|32|32|32|105,159|161|160|160|24932|12916|11581|12338,0,0,0,5,255,160
552,0,4,5,0,5,0,0,0,2|2|2|2|2|110|100|111,255|255|255|255|255|41|43|50,-6|6|6|-6|0|0|0|32,6|6|-6|-6|-8|32|32|32,-6|6|6|-6|0|101|97|116,0|0|0|0|0|118|101|110,159|161|159|161|160|10544|26171|16,0,0,0,5,255,160
553,0,4,6,0,6,0,0,0,2|2|2|2|2|2|0|0,255|255|255|255|255|255|32|32,-6|6|6|-6|0|0|101|103,6|6|-6|-6|-8|-8|0|32,-6|6|6|-6|-8|8|32|32,0|0|0|0|0|0|114|97,159|161|159|161|160|160|30063|28788,0,0,0,5,255,160
554,0,4,7,0,7,0,0,0,2|2|2|2|2|2|2|32,255|255|255|255|255|255|255|32,-6|6|6|-6|0|0|0|100,6|6|-6|-6|-8|-8|-8|93,-6|6|6|-6|-12|12|0|119,0|0|0|0|0|0|4|112,159|161|159|161|160|160|160|16,0,0,0,5,255,160
555,0,5,8,0,8,0,0,0,2|2|2|2|2|2|2|2,255|255|255|255|255|255|255|255,-6|6|6|-6|0|0|0|0,6|6|-6|-6|-8|-8|-8|-8,-6|6|6|-6|-16|16|-10|10,0|0|0|0|0|0|4|4,159|161|159|161|160|160|160|160,0,0,0,5,255,160
556,0,6,8,0,8,0,0,0,2|2|2|2|2|2|2|2,255|255|255|255|255|255|255|255,-6|6|6|-6|0|0|0|0,6|6|-6|-6|-8|-8|-8|8,-6|6|6|-6|-16|16|0|0,0|0|0|0|0|0|4|-4,159|161|159|161|160|160|160|160,0,0,0,5,255,160
557,0,6,8,0,8,0,0,0,2|2|2|2|2|2|2|2,255|255|255|255|255|255|255|255,-6|6|6|-6|0|0|-6|6,6|6|-6|-6|-8|-8|8|8,-6|6|6|-6|-16|16|0|0,0|0|0|0|0|0|-4|-4,159|161|159|161|160|160|159|161,0,0,0,5,255,160
558,0,3,1,0,1,0,0,0,2|32|32|32|32|99|114|101,255|116|101|110|101|119|101|118,0|110|116|101|110|101|109|121,8|40|48|44|48|41|59|32,0|0|0|0|0|32|32|32,0|32|32|32|32|32|32|32,160|26912|8294|15970|8240|26740|28261|25888,0,0,0,5,255,160
559,0,4,2,0,2,0,0,0,2|2|101|118|101|110|116|100,255|255|53|59|16|0|0|0,0|0|32|32|32|32|32|32,8|8|32|32|32|101|110|100,-8|8|0|0|0|0|0|32,0|0|0|0|0|32|32|32,160|160|14641|14880|25120|26469|28265|8224,0,0,0,5,255,160
560,0,4,4,0,4,0,0,0,2|2|2|2|101|32|125|32,255|255|255|255|0|32|32|32,0|0|0|0|32|32|-70|4,8|8|8|8|0|0|0|32,-15|15|-8|8|32|32|97|114,5|5|-5|-5|101|102|116|32,160|160|160|160|25915|0|0|28160,0,0,0,5,255,160
561,0,5,5,0,5,0,0,0,3|3|3|3|3|105|116|101,255|255|255|255|255|108|115|101,0|0|0|0|0|32|101|108,8|8|8|8|8|0|0|32,-20|20|-12|12|0|32|32|98,8|8|-2|-2|-6|65|58|61,160|160|160|160|160|29798|15674|13618,0,0,0,5,255,160
562,0,6,7,0,7,0,0,0,4|4|4|4|4|4|4|118,255|255|255|255|255|255|255|41,0|0|0|0|0|0|0|99,8|8|8|8|8|8|8|58,-24|24|-18|18|-12|12|0|0,8|8|-2|-2|-6|-6|-8|32,160|160|160|160|160|160|160|8224,0,0,0,5,255,160
563,0,6,8,0,8,0,0,0,6|6|6|6|6|6|6|6,255|255|255|255|255|255|255|255,0|0|0|0|0|0|0|0,8|8|8|8|8|8|8|8,-24|24|-18|18|-12|12|-5|5,8|8|-2|-2|-6|-6|-8|-8,160|160|160|160|160|160|160|160,0,0,0,5,255,160
564,0,3,1,1,1,0,0,0,2|109|32|116|104|101|110|32,255|110|99|40|84|111|116|97,0|101|110|101|109|121|41|59,8|32|123|68|101|115|116|114,0|99|116|105|111|110|32|114,0|116|105|111|125|32|7|0,157|8192|8224|28261|15204|0|0|24832,0,0,0,5,255,160
565,0,2,1,0,1,0,0,0,1|0|0|0|0|32|73|0,255|0|0|112|114|111|99|101,0|117|114|101|32|99|114|101,10|116|101|110|101|119|101|118,0|110|116|101|110|101|109|121,0|40|101|110|101|109|121|116,58|28517|29542|14880|25120|29817|15205|25888,0,0,0,25,255,112
566,0,3,2,0,2,0,0,0,1|1|41|59|17|0|0|0,255|255|97|98|101|108|32|32,-1|1|110|101|97|118|97|105,9|9|5|0|0|0|0|98,-4|4|105|110|33|0|0|0,0|0|119|105|116|104|32|101,58|58|25970|23395|30309|28261|27764|25455,0,0,0,25,255,112
567,0,2,2,0,2,0,0,0,1|1|101|109|112|119|58|61,255|255|101|110|116|100|97|116,-1|1|110|101|109|121|116|121,9|9|111|102|115|59|6|0,-4|4|0|32|32|32|97|115,0|0|13|0|0|0|0|32,58|58|27936|30319|25120|12332|15|0,0,0,0,25,255,112
568,0,3,3,0,3,0,0,0,1|1|1|0|0|32|32|32,255|255|255|109|111|118|32|101,-1|1|0|120|26|0|0|0,9|9|10|32|32|32|32|109,-4|4|0|100|105|44|101|110,0|0|0|97|118|97|105|108,58|58|58|0|8192|8224|8224|24864,0,0,0,25,255,112
569,0,2,3,0,3,0,0,0,1|1|1|0|0|0|0|103,255|255|255|0|0|32|32|32,-1|1|0|109|111|118|32|99,9|9|10|53|15|0|0|0,-4|4|0|32|32|32|32|109,0|0|0|100|120|44|99|120,58|58|58|14|0|8192|8224|8224,0,0,0,25,255,112
570,0,2,3,0,3,0,0,0,1|1|2|0|0|32|32|32,255|255|255|114|101|112|110|101,-1|1|0|97|115|98|19|0,9|9|10|32|32|32|32|32,-4|4|0|101|32|110|111|110,0|0|0|97|105|108|0|0,58|58|59|0|8192|8224|8224|29472,0,0,0,25,255,112
571,0,3,3,0,3,0,0,0,2|2|1|97|100|100|32|100,255|255|255|110|101|109|121|111,-1|1|0|101|116|32|14|0,9|9|10|32|32|32|32|32,-4|4|0|118|32|98|44|100,0|0|0|0|0|0|0|32,59|59|58|0|0|25856|23|0,0,0,0,25,255,112
572,0,3,3,0,3,0,0,0,2|2|2|91|98|93|41|59,255|255|255|0|0|58|11|0,-1|1|0|105|102|32|98|62,9|9|10|104|101|110|20|0,-4|4|0|32|32|32|101|110,0|0|0|97|118|97|105|108,59|59|59|28219|0|0|28160|31,0,0,0,25,255,112
573,0,4,5,0,5,0,0,0,2|2|2|1|1|57|57|32,255|255|255|255|255|98|101|103,-2|2|0|-1|1|0|0|32,8|8|10|9|9|99|97|115,-8|8|0|-2|2|109|121|111,0|0|0|0|0|32|111|102,279|280|59|58|58|12320|8224|8224,0,0,0,25,255,112
574,0,4,5,0,5,0,0,0,2|2|3|1|1|32|58|61,255|255|255|255|255|116|100|97,-2|2|0|-1|1|101|100|40,8|8|10|9|9|42|50|52,-8|8|0|-2|2|0|0|32,0|0|0|0|0|32|32|32,279|280|60|58|58|8224|25956|10339,0,0,0,25,255,112
575,0,3,7,0,7,0,0,0,2|2|1|1|1|1|1|0,255|255|255|255|255|255|255|32,-2|2|0|-1|1|-1|1|32,8|8|10|9|9|9|9|59,-8|8|0|-1|1|-7|7|32,0|0|0|0|0|0|0|53,279|280|58|58|58|58|58|23417,0,0,0,25,255,112
576,0,15,1,0,1,0,0,11,112|50|45|112|114|101|100|40,255|97|112|120|41|42|50|52,0|49|50|59|47|0|0|0,-3|32|32|32|32|32|32|32,0|32|32|32|32|32|32|32,0|32|32|32|32|32|100|101,171|28261|28005|23417|23906|25902|11385|24930,0,0,0,26,98,80
577,0,10,1,0,1,0,0,11,112|32|32|32|32|32|32|32,255|32|32|32|101|110|100|59,0|0|0|0|0|32|32|32,-3|32|32|53|48|32|32|32,0|32|32|32|98|101|103|105,0|32|105|102|32|98|97|99,171|28530|28277|13156|12664|29728|25960|29550,0,0,0,26,98,80
578,0,10,1,0,1,0,0,10,128|32|32|32|32|32|32|32,255|32|101|110|101|109|121|91,0|93|46|101|120|32|58|61,-3|101|118|101|110|116|100|97,0|50|45|112|114|101|100|40,0|97|112|120|41|42|50|52,171|8242|25|0|8192|8224|8224|8224,0,0,0,26,98,80
579,0,10,2,0,2,0,0,10,112|112|62|0|0|0|0|32,255|255|32|32|32|32|32|32,0|0|32|32|32|32|32|32,-3|-3|32|32|101|110|101|109,-6|6|98|93|46|101|120|32,0|0|32|101|118|101|110|116,171|171|27949|28769|13176|12842|11572|13362,0,0,0,26,98,80
580,0,10,2,0,2,0,0,9,128|128|32|32|32|32|32|32,255|255|32|32|32|32|32|32,0|0|99|40|101|110|101|109,-3|-3|98|93|46|101|121|44,-6|6|99|107|109|111|118|101,0|0|59|76|0|0|0|0,171|171|0|8192|8224|8224|8224|8224,0,0,0,26,98,80
581,0,10,3,0,3,0,0,9,128|128|112|103|114|111|117|110,255|255|255|49|98|32|116|104,-5|5|0|98|101|103|105|110,0|0|-3|0|0|32|32|32,-5|5|0|32|32|32|32|32,0|0|-3|32|32|32|32|32,171|171|171|10339|28261|28005|23417|23906,0,0,0,26,98,80
582,0,10,4,0,4,0,0,9,128|128|112|112|32|32|32|32,255|255|255|255|32|32|32|32,-5|5|-3|3|100|59|19|0,0|0|-3|-3|32|32|32|32,-5|5|-3|3|32|32|32|32,0|0|-3|-3|100|59|10|0,171|171|171|171|25888|25710|59|25,0,0,0,26,98,80
583,0,9,4,0,4,0,0,8,128|128|112|112|32|58|61|32,255|255|255|255|69|0|0|0,-5|5|-3|3|32|32|32|105,0|0|-3|-3|99|107|103|114,-5|5|-3|3|51|120|49|98,0|0|-3|-3|32|40|101|110,171|171|171|171|15732|12341|8233|26740,0,0,0,26,98,80
584,0,9,6,0,6,0,0,8,128|128|112|112|112|112|7|0,255|255|255|255|255|255|101|110,-5|5|-3|3|-3|3|0|32,0|0|-3|-3|3|3|32|32,-5|5|-3|3|-3|3|110|101,0|0|-3|-3|3|3|100|111,171|171|171|171|171|171|24941|27756,0,0,0,26,98,80
585,0,9,7,0,7,0,0,8,128|128|112|112|112|112|112|41,255|255|255|255|255|255|255|101,-5|5|-3|3|-3|3|0|0,0|0|-3|-3|3|3|-4|100,-5|5|-3|3|-3|3|0|48,0|0|-3|-3|3|3|-4|40,171|171|171|171|171|171|171|0,0,0,0,26,98,80
586,0,9,8,0,8,0,0,8,128|128|112|112|112|112|112|112,255|255|255|255|255|255|255|255,-5|5|-3|3|-3|3|0|0,0|0|-3|-3|3|3|-4|6,-5|5|-3|3|-3|3|0|0,0|0|-3|-3|3|3|-4|6,171|171|171|171|171|171|171|171,0,0,0,26,98,80
587,0,20,1,0,1,0,0,11,128|109|32|58|61|32|101|118,255|110|116|100|97|116|52|59,0|0|0|0|0|32|32|32,-3|110|101|109|121|91|98|93,0|102|105|120|101|100|109|111,-3|101|121|32|58|61|32|101,19|29806|24932|13940|8251|0|0|8192,0,0,0,26,98,80
588,0,20,1,0,2,0,0,11,128|128|5|0|0|0|0|32,255|255|100|59|4|0|0|0,-3|3|110|100|59|116|0|0,-3|-3|0|122|36|0|0|0,-3|3|114|111|99|101|100|117,-3|-3|32|101|118|101|110|116,19|19|10272|27168|28021|8304|8250|28535,0,0,0,26,98,80
589,0,20,2,0,2,0,0,11,128|128|0|32|32|32|116|101,255|255|119|32|58|32|119|111,-3|3|59|32|5|0|0|0,-3|-3|101|103|105|110|90|0,-3|3|0|32|32|32|105|102,-3|-3|117|109|112|61|54|53,19|19|26740|28261|25376|29301|28524|14947,0,0,0,26,98,80
590,0,20,2,0,2,0,0,10,116|116|103|105|110|32|114|101,255|255|114|110|108|111|99|58,-3|3|117|114|108|111|99|43,-3|-3|32|99|117|114|108|111,-3|3|61|106|117|109|112|59,-3|-3|110|100|59|101|12|0,19|19|8224|25972|28781|14967|12349|59,0,0,0,26,98,80
591,0,20,2,0,2,0,0,9,116|116|40|116|101|109|112|119,255|255|117|110|116|105|108|32,-4|4|101|110|116|114|101|99,-1|-1|101|109|112|119|93|46,-4|4|101|110|116|116|105|109,-1|-1|61|99|117|114|108|111,19|19|0|8192|8224|30309|28261|27764,0,0,0,26,98,80
592,0,20,2,0,2,0,0,8,116|116|110|100|59|32|0|0,255|255|0|102|22|0|0|0,-4|4|114|111|99|101|100|117,0|0|32|101|118|101|110|116,-4|4|115|116|101|109|59|44,0|0|0|0|0|118|97|114,19|19|8192|8224|25972|28781|14946|28514,0,0,0,26,98,80
593,0,20,2,0,2,0,0,7,113|113|117|110|99|116|105|111,255|255|115|101|97|114|99|104,-4|4|114|32|123|101|110|101,2|2|125|32|40|80|76|84,-4|4|101|32|58|32|98|121,2|2|41|32|58|32|98|111,19|19|15214|3|0|30208|29281|17,0,0,0,26,98,80
594,0,20,4,0,4,0,0,8,128|128|128|128|14|0|0|0,255|255|255|255|116|101|109|112,-4|4|-2|2|116|101|59|123,-2|-2|-4|-4|0|98|101|103,-4|4|-2|2|0|0|0|32,-2|-2|-4|-4|101|109|112|98,19|19|19|19|53|0|8192|8224,0,0,0,26,98,80
595,0,20,4,0,4,0,0,7,116|116|128|128|100|111|32|105,255|255|255|255|110|101|109|121,-4|4|-2|2|108|91|116|101,-2|-2|-4|-4|48|41|32|97,-4|4|-2|2|0|0|0|32,-2|-2|-4|-4|32|32|32|32,19|19|19|19|29787|28005|23920|24878,0,0,0,26,98,80
596,0,15,2,0,4,0,0,7,114|114|114|114|0|32|32|32,255|255|255|255|32|32|32|32,-4|4|-2|2|109|121|91|116,-2|-2|-4|-4|46|108|105|110,-4|4|-2|2|61|80|76|84,-2|-2|-4|-4|32|116|104|101,19|19|19|19|23|0|8192|8224,0,0,0,26,98,80
597,0,20,4,0,4,0,0,6,114|114|114|114|73|0|0|0,255|255|255|255|32|32|32|32,-4|4|-2|2|105|102|32|71,-2|-2|-4|-4|97|109|111|100,-4|4|-2|2|101|110|32|105,-2|-2|-4|-4|110|101|109|121,19|19|19|19|24950|30060|11365|28261,0,0,0,26,98,80
598,0,4,2,0,2,0,0,0,1|1|28|0|0|0|0|32,255|255|32|32|32|32|32|32,-10|10|116|101|109|112|98|58,0|0|114|117|101|59|32|101,0|0|59|32|21|0|0|0,0|0|32|32|32|115|101|97,285|285|29295|15674|25972|28781|15202|4,0,0,0,6,255,208
599,0,4,3,0,3,0,0,0,1|1|1|98|101|103|105|110,255|255|255|0|0|32|119|105,-10|10|0|101|118|101|110|116,0|0|-10|91|101|118|101|110,0|0|0|99|93|32|100|111,0|0|0|0|0|32|32|32,285|285|285|25888|25974|29806|31092|25968,0,0,0,6,255,208
600,0,5,4,0,4,0,0,0,1|1|1|1|83|116|97|114,255|255|255|255|118|101|110|116,-10|10|-10|10|51|50|48|59,0|0|0|0|0|32|32|32,0|0|0|0|50|32|58|32,3|3|-4|-4|110|0|28|0,285|285|285|285|8224|8224|8224|8224,0,0,0,6,255,208
601,0,5,4,0,4,0,0,0,1|1|1|1|0|32|32|32,255|255|255|255|32|32|32|32,-10|10|0|0|97|112|49|121,0|0|-10|10|121|109|97|120,0|0|0|0|28|0|0|0,0|0|0|0|32|32|32|32,285|285|285|285|28769|31026|25956|24940,0,0,0,6,255,208
602,0,5,6,0,6,0,0,0,1|1|1|1|1|1|32|32,255|255|255|255|255|255|100|101,-10|10|-10|10|0|0|58|61,0|0|0|0|-10|10|0|91,0|0|0|0|0|0|32|32,3|3|-4|-4|0|0|32|32,285|285|285|285|285|285|25917|25974,0,0,0,6,255,208
603,0,5,4,0,8,0,0,0,2|2|1|1|2|2|2|2,255|255|255|255|255|255|255|255,-10|10|0|0|-10|10|-10|10,0|0|-10|10|0|0|0|0,0|0|0|0|0|0|0|0,0|0|0|0|-8|-10|8|8,170|170|285|285|170|170|170|170,0,0,0,6,255,208
604,0,5,5,0,5,0,0,0,2|2|2|2|1|107|109|111,255|255|255|255|255|50|48|32,-10|10|-10|10|0|0|0|0,0|0|0|0|-10|32|32|32,0|0|0|0|0|32|32|32,-8|-8|8|8|0|108|111|100,170|170|170|170|285|28011|30319|10853,0,0,0,6,255,208
605,0,5,7,0,7,0,0,0,2|2|2|2|1|1|1|66,255|255|255|255|255|255|255|51,-10|10|-10|10|0|0|0|100,0|0|0|0|10|-10|-10|0,0|0|0|0|0|-3|3|32,-8|-8|8|8|0|0|0|32,170|170|170|170|285|285|285|25974,0,0,0,6,255,208
606,0,5,8,0,8,0,0,0,2|2|2|2|1|1|1|1,255|255|255|255|255|255|255|255,-10|10|-10|10|0|0|0|0,0|0|0|0|10|10|-10|-10,0|0|0|0|-3|3|-3|3,-8|-8|8|8|0|0|0|0,170|170|170|170|285|285|285|285,0,0,0,6,255,208
607,0,5,6,0,6,0,0,0,2|2|2|2|2|2|59|0,255|255|255|255|255|255|32|32,-10|10|-10|10|-10|10|32|32,0|0|0|0|0|0|49|121,0|0|0|0|0|0|61|51,-16|-16|0|0|16|16|0|32,170|170|170|170|170|170|27936|28769,0,0,0,6,255,208
608,0,5,8,0,8,0,0,0,2|2|2|2|2|2|1|1,255|255|255|255|255|255|255|255,-10|10|-10|10|-10|10|0|0,0|0|0|0|0|0|-10|-10,0|0|0|0|0|0|-3|3,-16|-16|0|0|16|16|0|0,170|170|170|170|170|170|285|285,0,0,0,6,255,208
609,0,8,1,0,1,0,0,11,128|32|32|109|97|112|50|121,255|101|108|97|121|109|97|120,0|61|50|59|27|0|0|0,10|32|32|32|32|32|32|32,0|32|32|32|32|32|32|66,3|99|107|109|111|118|101|51,19|15153|15|0|8192|8224|8224|8224,0,0,0,26,98,80
610,0,6,1,0,2,0,0,11,128|128|32|32|52|32|58|32,255|255|103|105|110|32|83|116,0|0|66|97|99|107|103|114,10|-2|110|100|115|58|61|116,0|0|101|59|33|0|0|0,3|-3|32|32|32|32|32|32,19|19|8224|8224|8224|24931|25971|25888,0,0,0,26,98,80
611,0,5,1,0,3,0,0,10,128|128|128|32|32|32|32|32,255|255|255|32|32|32|32|32,0|-3|3|32|58|32|83|116,10|-1|-1|97|99|107|103|114,0|3|3|100|78|117|-114|2,3|-1|-1|0|0|0|0|32,19|19|19|28277|26723|29286|29029|15674,0,0,0,26,98,80
612,0,6,2,0,2,0,0,10,128|128|32|32|32|32|108|97,255|255|99|104|119|97|105|116,0|0|101|108|97|117|110|99,10|-2|114|101|113|59|0|0,0|0|0|0|33|0|0|0,3|-3|32|32|32|32|105|102,19|19|28005|17529|29793|15699|28229|28005,0,0,0,26,98,80
613,0,10,3,0,3,0,0,9,128|128|128|32|98|101|103|105,255|255|255|0|0|0|0|32,0|-3|3|32|108|97|117|110,10|0|0|121|112|101|58|61,0|-3|3|117|110|99|104|116,3|0|0|32|109|111|100|32,19|19|19|41|0|8192|8224|8224,0,0,0,26,98,80
614,0,10,3,0,3,0,0,9,128|112|112|110|99|104|116|121,255|255|255|100|105|118|32|49,0|-3|3|59|19|0|0|0,10|0|0|32|32|32|101|110,0|-3|3|108|115|101|32|98,3|0|0|110|29|0|0|0,19|19|19|24940|28277|26723|31092|25968,0,0,0,26,98,80
615,0,10,2,0,4,0,0,9,128|128|128|128|32|32|32|32,255|255|255|255|99|104|115|112,-1|1|-3|3|108|58|61|48,10|10|0|0|0|0|0|32,-4|4|-3|3|101|110|100|59,3|3|0|0|0|0|44|0,19|19|19|19|28261|28005|11897|24952,0,0,0,26,98,80
616,0,8,2,0,4,0,0,8,128|128|112|112|112|119|93|46,255|255|255|255|101|108|59|105,-1|1|-3|3|0|32|32|32,12|12|0|0|101|109|121|46,-4|4|-3|3|101|108|58|61,3|3|0|0|121|100|97|116,19|19|19|19|11869|24953|25443|27749,0,0,0,26,98,80
617,0,15,5,0,5,0,0,8,128|128|112|112|128|110|98|111,255|255|255|255|255|61|45|49,-1|1|-3|3|0|32|120|109,12|12|0|0|-3|110|99|101,-4|4|-3|3|0|48|48|59,3|3|0|0|-3|98|111|117,19|19|19|19|19|15152|31008|24941,0,0,0,26,98,80
618,0,15,6,0,6,0,0,7,128|128|112|112|128|128|32|32,255|255|255|255|255|255|32|101,-1|1|-3|3|-2|2|97|119,12|12|0|0|-3|-3|98|101,-4|4|-3|3|-2|2|115|105,3|3|0|0|-3|-3|32|114,19|19|19|19|19|19|61|0,0,0,0,26,98,80
619,0,15,7,0,7,0,0,7,128|128|112|112|112|128|128|101,255|255|255|255|255|255|255|114,-1|0|1|-3|3|-2|2|101,12|12|12|0|0|-3|-3|91,-4|0|4|-3|3|-2|2|116,3|3|3|0|0|-3|-3|0,19|19|19|19|19|19|19|28261,0,0,0,26,98,80
620,0,1,1,0,8,0,0,0,4|4|4|4|4|4|4|4,255|255|255|255|255|255|255|255,-2|1|3|-2|4|-1|-3|1,6|8|5|7|5|9|5|7,20|-10|-20|20|-30|10|30|-20,30|40|10|20|10|50|20|30,255|255|255|255|255|255|255|255,0,0,0,10,255,128
621,0,1,1,20,1,0,0,0,99|32|98|101|103|105|110|32,20|110|101|109|121|99|121|99,0|101|58|61|49|59|32|97,8|105|97|99|116|105|118|101,0|61|48|59|32|97|110|105,0|97|120|58|61|48|59|32,9634|28257|30569|25960|26222|29289|14949|12349,0,0,0,10,255,128
622,0,0,8,0,8,0,0,0,4|4|4|4|2|2|2|2,8|8|8|8|8|8|8|8,2|-2|2|-2|3|-3|0|0,2|2|-2|-2|0|0|3|-3,2|-2|2|-2|3|-3|0|0,2|2|-2|-2|0|0|3|-3,21|21|21|21|20|20|20|20,0,0,0,12,1,112
623,0,40,3,1,8,0,0,0,4|4|4|4|4|4|4|4,255|255|255|255|255|255|255|255,-2|1|3|-2|4|-1|-3|1,6|8|5|7|5|9|5|7,80|-40|-80|80|-120|40|120|-80,60|80|20|40|80|100|10|60,109|109|109|109|109|109|109|109,0,0,0,10,255,80
624,0,40,1,0,4,0,0,0,1|1|1|1|101|110|100|59,255|255|255|255|0|115|23|0,0|0|0|0|32|32|32|32,8|7|9|6|116|97|114|116,0|0|0|0|48|32|116|104,0|0|0|0|0|0|0|32,304|304|304|304|8253|29811|29281|30836,0,0,0,10,255,80
625,0,4,1,1,1,0,0,0,2|41|45|115|116|97|114|116,255|99|43|49|9|0|0|0,0|32|32|32|32|32|101|108,8|101|20|0|0|0|0|32,0|32|32|32|101|120|32|58,0|32|115|116|97|114|116|120,109|59|0|0|25344|23|0|8192,0,0,0,5,255,80
626,0,4,2,1,2,0,0,0,2|2|116|104|101|110|45|0,255|255|0|32|32|32|32|32,0|0|32|58|61|32|115|116,8|8|116|121|43|114|97|110,12|-12|109|40|115|116|97|114,14|14|99|42|50|41|45|115,109|109|25465|12587|9|0|8192|8224,0,0,0,5,255,80
627,0,4,3,1,3,0,0,0,2|2|2|58|61|32|115|116,255|255|255|121|43|49|59|83,1|-1|0|0|0|44|18|0,8|8|8|32|32|32|32|32,12|-12|0|32|58|61|32|120,14|14|0|101|59|41|18|0,109|109|109|8224|31077|8291|15674|31008,0,0,0,5,255,80
628,0,4,4,1,4,0,0,0,2|2|2|2|32|58|61|32,255|255|255|255|99|101|108|59,1|-1|0|0|0|32|32|32,8|8|8|8|99|99|32|58,26|-26|12|-12|97|99|99|101,14|14|14|14|0|0|0|32,109|109|109|109|8311|15674|24864|29538,0,0,0,5,255,80
629,0,4,5,1,5,0,0,0,2|2|2|2|2|99|99|119,255|255|255|255|255|0|0|32,2|-2|1|-1|0|121|99|99,8|8|8|8|8|97|98|115,26|-26|12|-12|0|41|59|32,14|14|14|14|0|119|109|97,109|109|109|109|109|48|0|8192,0,0,0,5,255,80
630,0,4,6,1,6,0,0,0,2|2|2|2|2|2|99|97,255|255|255|255|255|255|101|108,3|-3|2|-2|1|-1|99|97,8|8|8|8|8|8|59|110,40|-40|26|-26|12|-12|32|32,20|20|14|14|14|14|121|99,109|109|109|109|109|109|24931|25700,0,0,0,5,255,80
631,0,4,7,1,7,0,0,0,2|2|2|2|2|2|2|0,255|255|255|255|255|255|255|0,3|-3|2|-2|1|-1|0|112,8|8|8|8|8|8|8|102,40|-40|26|-26|12|-12|0|0,20|20|14|14|14|14|0|32,109|109|109|109|109|109|109|81,0,0,0,5,255,80
632,0,4,6,1,6,0,0,0,2|2|2|2|2|2|32|101,255|255|255|255|255|255|61|32,2|-2|1|-1|0|0|115|101,8|8|8|8|8|8|101|118,40|-40|26|-26|12|-12|104|101,20|20|14|14|14|14|118|58,109|109|109|109|109|109|14966|30781,0,0,0,5,255,80
633,0,4,7,1,7,0,0,0,2|2|2|2|2|2|2|32,255|255|255|255|255|255|255|114,2|-2|1|-1|2|-2|0|48,8|8|8|8|8|8|10|105,40|-40|26|-26|12|-12|0|45,20|20|14|14|14|14|0|32,109|109|109|109|109|109|109|31077,0,0,0,5,255,80
634,0,4,8,1,8,0,0,0,2|2|2|2|2|2|2|2,255|255|255|255|255|255|255|255,2|-2|1|-1|2|-2|0|0,8|8|8|8|8|8|10|10,40|-40|26|-26|12|-12|-7|7,20|20|14|14|14|14|0|0,109|109|109|109|109|109|109|109,0,0,0,5,255,80
635,0,4,8,1,8,0,0,0,2|2|2|2|2|2|2|2,255|255|255|255|255|255|255|255,-3|3|1|-1|2|-2|1|-1,8|8|8|8|8|8|10|10,40|-40|26|-26|12|-12|-7|7,20|20|14|14|14|14|0|0,109|109|109|109|109|109|109|109,0,0,0,5,255,80
636,0,12,1,0,1,0,0,0,171|111|47|0|0|0|0|32,255|32|32|32|32|32|32|105,0|32|116|117|114|91|97|93,0|50|53|50|32|116|104|101,0|32|101|115|104|111|116|119,0|105|116|91|97|93|58|61,103|27749|25971|65|0|8192|8224|8224,1,0,0,10,255,16
637,0,10,1,0,1,0,0,0,171|101|110|32|101|115|104|111,255|119|97|105|116|91|97|93,0|61|50|48|32|101|108|115,0|32|101|115|104|111|116|119,0|105|116|91|97|93|58|61,0|53|53|59|43|0|0|0,103|8224|8224|28518|8306|14945|12605|29728,1,0,0,10,255,16
638,0,8,1,0,1,0,0,0,171|103|114|97|112|104|105|99,255|97|93|59|17|0|0|0,0|32|32|32|32|32|115|105,0|101|58|61|101|115|105|122,0|59|16|0|0|0|0|32,0|32|32|32|108|105|110|107,103|14957|12349|23867|56|0|8192|8224,1,0,0,10,255,16
639,0,8,2,0,2,0,0,0,171|171|100|97|109|97|103|101,255|255|61|116|114|117|101|32,-1|1|115|101|32|101|100|97,0|0|103|101|100|58|61|102,-6|6|115|101|59|114|25|0,0|0|0|32|32|32|32|32,103|103|25721|25961|15674|25957|25966|31085,1,0,0,10,255,16
640,0,6,2,0,2,0,0,0,171|171|32|32|101|110|101|109,255|255|102|114|101|113|91|49,-1|1|58|61|32|101|110|101,0|0|100|97|116|115|94|91,-6|6|109|112|119|93|46|102,0|0|113|91|49|93|59|0,103|103|8192|8224|8224|28261|28005|11897,1,0,0,10,255,16
641,0,6,3,0,3,0,0,0,171|171|171|115|94|91|116|101,255|255|255|93|46|102|114|101,-2|2|0|93|59|0|48|0,0|0|0|32|32|32|32|32,-6|6|0|109|121|46|102|114,-1|-1|0|51|93|32|58|61,103|103|103|24932|29556|23390|25972|28781,1,0,0,10,255,16
642,0,5,2,0,4,0,0,0,171|171|171|171|0|0|0|32,255|255|255|255|101|100|97|110,-2|2|-1|1|58|61|32|100,0|0|0|0|20|0|0|0,-6|6|-4|4|32|32|101|100,-1|-1|0|0|32|32|58|61,103|103|103|103|0|8192|8224|8224,1,0,0,10,255,16
643,0,7,4,0,4,0,0,0,171|171|171|171|0|0|0|97,255|255|255|255|0|32|32|32,-2|2|-1|1|120|101|100|109,0|0|0|0|32|58|61|32,-6|6|-4|4|0|0|0|116,-1|-1|0|0|0|32|32|32,103|103|103|103|15674|12324|15152|0,1,0,0,10,255,16
644,0,5,3,0,3,0,0,0,171|171|171|97|108|117|101|62,255|255|255|97|110|100|32|40,-1|1|0|117|101|60|49|48,0|0|0|41|32|116|104|101,-6|6|0|101|103|105|110|49,-1|-1|0|0|0|32|32|32,103|103|103|25632|26217|26982|30051|29804,1,0,0,10,255,16
645,0,5,4,0,4,0,0,0,171|171|171|171|48|32|58|32,255|255|255|255|119|58|61|114,-2|2|0|0|40|118|97|108,0|0|0|0|46|55|53|41,-10|10|-6|6|0|0|0|32,-4|-4|-2|-2|49|32|58|32,103|103|103|103|27745|25973|8251|8224,1,0,0,10,255,16
646,0,5,5,0,5,0,0,0,171|171|171|171|171|120|32|49,255|255|255|255|255|0|0|32,-2|2|0|0|0|32|58|32,0|0|0|0|0|58|61|118,-10|10|-6|6|0|32|32|32,-4|-4|-2|-2|0|32|32|32,103|103|103|103|103|31520|30752|12576,1,0,0,10,255,16
647,0,4,1,0,1,0,0,0,1|101|109|112|119|58|61|118,255|108|117|101|43|118|97|108,0|101|32|115|104|114|32|51,12|32|32|32|32|32|32|32,0|32|32|123|32|120|32|49,0|51|51|51|32|125|53|0,228|8192|8224|8224|8244|8250|25972|28781,0,0,0,6,255,32
648,0,7,1,0,1,0,0,0,2|114|32|49|59|32|32|32,107|32|32|32|32|32|32|123,0|120|32|49|46|53|32|125,8|0|0|0|0|32|32|32,0|32|53|32|58|32|116|101,0|112|119|58|61|118|97|108,601|29472|27752|12576|8251|8224|8224|8224,0,0,0,6,255,32
649,0,6,1,0,1,0,0,0,2|0|0|0|0|32|32|32,107|32|54|32|58|32|116|101,0|112|119|58|61|118|97|108,8|101|32|115|104|108|32|49,0|118|97|108|117|101|32|115,0|114|32|49|59|32|32|32,601|30752|13088|32032|52|0|8192|8224,0,0,0,6,255,32
650,0,6,3,0,3,0,0,0,2|1|1|117|101|32|115|104,107|255|255|59|32|32|32|32,0|-10|10|32|32|32|32|32,8|0|0|32|120|32|52|32,0|0|0|0|0|0|0|32,0|0|0|32|57|44|49|48,601|228|228|30576|15674|24950|30060|8293,0,0,0,6,255,32
651,0,6,4,0,4,0,0,0,2|1|1|1|32|32|123|32,107|255|255|255|125|93|9|0,0|-9|9|0|32|32|32|32,8|2|2|-10|38|0|0|0,0|0|0|0|32|32|105|102,0|0|0|0|112|119|62|49,601|228|228|228|8302|25972|28781|14967,0,0,0,6,255,32
652,0,6,5,0,5,0,0,0,2|1|1|1|1|108|117|101,107|255|255|255|255|112|119|59,0|-9|9|-8|8|32|32|32,8|2|2|-3|-3|32|101|108,0|0|0|0|0|0|0|32,0|0|0|0|0|118|97|108,601|228|228|228|228|0|0|25856,0,0,0,6,255,32
653,0,6,3,0,3,0,0,0,4|1|1|110|26|0|0|0,105|255|255|32|32|32|105|102,0|-10|10|109|111|114|62|48,7|0|0|101|110|32|98|101,0|0|0|32|0|0|0|0,0|0|0|0|0|0|0|32,582|228|228|8294|29281|28525|15474|12862,0,0,0,6,255,32
654,0,6,5,0,5,0,0,0,4|1|1|1|1|0|0|0,105|255|255|255|255|32|32|32,0|-9|9|-8|8|100|105|102,7|2|2|-3|-3|116|121|108,0|0|0|0|0|111|102|102,0|0|0|0|0|32|32|32,582|228|228|228|228|28781|14967|24893,0,0,0,6,255,32
655,0,6,6,0,6,0,0,0,4|1|1|1|1|2|32|32,105|255|255|255|255|107|116|101,0|-9|9|-8|8|0|111|117,7|2|2|-3|-3|-8|111|114,0|0|0|0|0|0|43|49,0|0|0|0|0|0|0|32,582|228|228|228|228|601|28781|14967,0,0,0,6,255,32
656,0,6,5,0,5,0,0,0,4|2|2|2|2|32|58|32,105|107|107|107|107|58|61|114,0|-6|6|-8|8|97|114|109,7|6|6|-3|-3|50|41|59,0|0|0|0|0|32|32|32,0|0|0|0|0|46|50|32,582|601|601|601|601|8224|8224|8244,0,0,0,6,255,32
657,0,6,7,0,7,0,0,0,4|4|4|2|2|1|1|114,105|105|105|107|107|255|255|32,0|-6|6|-6|6|-10|10|46,7|6|6|-6|-6|0|0|0,0|0|0|0|0|0|0|32,0|0|0|0|0|0|0|112,582|582|582|601|601|228|228|12586,0,0,0,6,255,32
658,0,2,2,0,2,0,0,0,1|1|56|32|125|0|52|0,255|255|0|32|32|32|32|32,0|0|54|32|58|32|116|101,12|12|119|58|61|97|114|109,-6|6|32|115|104|108|32|49,4|4|32|32|32|32|32|32,108|108|8224|31520|30752|8242|8224|125,0,0,0,20,255,112
659,0,6,1,0,1,0,0,0,3|101|109|112|119|58|61|97,255|109|111|114|32|115|104|108,0|49|43|97|114|109|111|114,2|32|32|32|32|32|32|32,-10|123|32|120|51|32|32|32,0|105|52|0|0|0|0|32,88|8224|8224|8248|8250|25972|28781|14967,0,0,20,26,255,48
660,0,5,1,0,1,0,0,0,3|32|32|32|32|32|32|32,255|32|32|123|32|120|52|32,0|32|125|56|52|0|0|0,2|32|32|32|32|32|32|32,-30|44|49|48|32|58|32|116,0|109|112|119|58|61|97|114,88|8306|26739|8300|15155|8224|8224|8224,0,0,30,26,255,48
661,0,5,2,0,2,0,0,0,3|3|0|32|32|32|32|32,255|255|101|110|100|59|0|0,0|0|0|0|36|0|0|0,2|-2|32|32|32|32|32|32,-30|-30|32|116|101|109|112|119,0|0|53|52|32|116|104|101,88|88|28781|14967|12861|13365|29755|0,0,0,30,26,255,48
662,0,5,2,0,2,0,0,0,3|3|100|32|101|108|115|101,255|255|101|109|112|119|58|61,0|0|53|59|0|0|0|0,2|2|23|0|0|0|0|32,-30|-20|32|32|32|32|97|114,0|0|114|108|101|102|116|32,88|88|28005|104|65535|17|0|26112,0,0,30,26,255,48
663,0,5,3,0,3,0,0,0,3|3|3|0|0|105|102|32,255|255|255|115|104|91|49|44,0|0|0|122|32|116|104|101,2|2|-2|101|103|105|110|105,-30|-20|-30|0|0|32|32|32,0|0|0|97|100|97|116|97,88|88|88|25968|23411|23928|29486|14952,0,0,30,26,255,48
664,0,7,2,0,2,0,0,0,3|3|0|32|32|32|116|101,255|255|119|58|61|120|42|50,0|120|50|56|59|110|30|0,1|120|0|32|32|32|114|101,-17|-7|49|44|120|93|58|61,-35|-5|109|112|119|43|77|101,88|88|20273|29542|26939|7|0|8192,0,0,4,26,255,48
665,0,7,2,0,2,0,0,0,3|3|42|77|97|116|99|104,255|255|42|41|17|0|0|0,0|120|111|114|32|120|58|61,1|120|116|111|32|55|49|32,-20|-10|26|0|0|0|0|105,-30|0|109|97|112|115|104|91,88|88|31293|29728|25960|8302|25954|26983,0,0,5,26,255,48
666,0,6,2,0,2,0,0,0,3|3|49|41|32|97|110|100,255|255|111|116|32|115|104|97,0|120|98|108|97|110|107|32,1|120|101|110|32|98|101|103,-26|-13|35|0|0|0|0|32,-30|0|32|109|101|103|97|100,88|88|11870|26739|28769|29541|30811|11869,0,0,6,26,255,48
667,0,5,2,0,2,0,0,0,3|3|0|0|0|32|32|32,255|255|58|61|49|59|32|102,0|120|32|121|121|58|61|49,1|120|111|32|40|50|52|42,-30|-20|41|32|115|104|114|32,-30|0|100|111|32|105|102|32,88|88|23397|31097|15709|8240|26740|28261,0,0,7,26,255,48
668,0,6,3,0,3,0,0,0,3|3|3|32|32|109|101|103,255|255|255|116|97|50|94|46,0|120|120|112|101|115|91|120,1|120|120|105|108|108|58|61,-24|-7|-19|0|0|0|0|32,-30|0|0|116|101|109|112|119,88|88|88|13362|12842|11064|10548|8251,0,0,6,26,255,48
669,0,6,4,0,4,0,0,0,3|3|3|3|101|109|112|119,255|255|255|255|97|83|104|50,1|-1|120|120|52|59|24|0,1|1|120|120|32|32|101|110,-24|-24|-7|-19|115|101|32|114,-30|-30|0|0|44|120|93|58,88|88|88|88|24832|7|0|8192,0,0,6,26,255,48
670,0,0,1,3,8,0,0,0,3|3|3|3|3|3|3|3,255|255|255|255|255|255|255|255,0|4|6|4|0|-4|-6|-4,6|4|0|-4|-6|-4|0|4,0|4|6|4|0|-4|-6|-4,-6|-4|0|4|6|4|0|-4,126|126|126|126|126|126|126|126,0,0,0,26,255,208
671,0,2,1,0,1,0,0,0,1|48|41|32|97|110|100|32,255|111|116|32|115|104|97|112,0|98|108|97|110|107|32|116,0|101|110|32|98|101|103|105,0|118|35|0|0|0|0|32,0|32|32|109|101|103|97|100,246|13153|11870|26739|28769|29541|30811|11869,-1,0,0,26,255,32
672,0,8,4,0,8,0,0,0,4|2|2|1|4|2|2|1,255|255|255|255|255|255|255|255,120|120|120|120|120|120|120|120,7|7|6|6|6|6|5|5,0|0|0|0|0|0|0|0,-14|0|0|14|-14|0|0|14,97|116|116|135|101|120|120|139,1,0,0,14,255,208
673,0,3,2,0,2,0,0,0,1|1|97|100|97|116|97|51,255|255|115|104|97|112|101|115,0|0|93|46|102|105|108|108,8|8|121|59|24|0|0|0,-16|15|32|32|32|116|101|109,0|0|58|61|120|42|32|40,58|58|11064|10548|25659|33|0|8192,0,0,0,8,255,208
674,0,3,3,0,3,0,0,0,1|1|1|77|101|103|97|83,255|255|255|102|115|43|52|59,0|0|0|0|0|32|32|32,8|8|8|32|101|108|115|101,-16|15|0|102|91|51|44|120,0|0|-4|48|59|44|0|0,58|58|58|0|8192|8224|28261|15204,0,0,0,8,255,208
675,0,3,4,0,4,0,0,0,1|1|1|1|0|99|108|111,255|255|255|255|72|80|102|105,0|0|0|0|0|0|0|0,8|8|8|8|0|0|0|32,-19|18|-15|14|107|114|101|97,0|0|-2|-2|108|102|105|108,58|58|58|58|12588|10804|12339|10544,0,0,0,8,255,208
676,0,3,5,0,5,0,0,0,1|1|1|1|1|32|32|32,255|255|255|255|255|77|65|80,0|0|0|0|0|69|82|32,8|8|8|8|8|0|0|0,-19|18|-15|14|0|99|107|119,0|0|-2|-2|-4|84|69|77,58|58|58|58|58|26229|12588|10804,0,0,0,8,255,208
677,0,3,7,0,7,0,0,0,1|1|1|1|1|1|1|32,255|255|255|255|255|255|255|102,0|0|0|0|0|0|0|32,8|8|8|8|8|8|8|111,-19|18|-15|14|-11|10|0|0,0|0|-2|-2|-4|-4|-6|109,58|58|58|58|58|58|58|24941,0,0,0,8,255,208
678,0,3,7,0,7,0,0,0,1|1|1|1|1|1|1|102,255|255|255|255|255|255|255|105,0|0|0|0|0|0|0|111,8|8|8|8|8|8|8|59,-19|18|-15|14|-6|5|0|0,0|0|-2|-2|-4|-4|-6|99,58|58|58|58|58|58|58|24941,0,0,0,8,255,208
679,0,3,3,0,6,0,0,0,1|1|1|1|1|1|49|59,255|255|255|255|255|255|32|32,0|0|0|0|0|0|40|42,8|8|8|8|8|-8|85|77,-16|15|0|-16|15|0|42|41,0|0|-4|0|0|4|98|108,58|58|134|58|58|77|18000|19529,0,0,0,8,255,208
680,0,3,4,0,8,0,0,0,1|1|1|1|1|1|1|1,255|255|255|255|255|255|255|255,0|0|0|0|0|0|0|0,8|8|8|8|-8|-8|8|8,-19|18|-15|14|-3|2|-6|5,0|0|-2|-2|4|4|-2|-2,58|58|58|58|58|58|58|58,0,0,0,8,255,208
681,0,3,3,0,6,0,0,0,1|1|173|1|1|1|102|91,255|255|255|255|255|255|117|102,0|0|0|0|0|0|99|93,8|8|8|8|8|-8|40|98,-16|15|0|-16|15|0|59|32,0|0|-4|0|0|4|0|0,58|58|241|58|58|77|29291|24933,0,0,0,8,255,208
682,0,3,2,0,8,0,0,0,173|173|1|1|1|1|1|1,255|255|255|255|255|255|255|255,0|0|0|0|0|0|0|0,8|8|8|8|8|8|8|8,-16|15|-5|4|-5|4|-5|4,0|0|0|0|0|0|0|0,241|241|58|58|58|58|58|58,0,0,0,8,255,208
683,0,3,5,0,5,0,0,0,1|1|1|1|173|49|53|42,255|255|255|255|255|125|43|0,0|0|0|0|0|111|114|32,8|8|8|8|8|116|111|32,-19|18|-15|14|0|111|32|102,0|0|-2|-2|-4|61|49|32,58|58|58|58|241|26469|28265|69,0,0,0,8,255,208
684,0,3,2,0,2,0,0,0,1|1|109|97|105|110|109|97,255|255|121|44|120|93|58|61,-6|6|102|91|51|44|109|97,6|6|117|102|91|98|117|102,-16|15|99|93|93|59|32|105,0|0|40|98|117|102|108|111,163|164|28261|15204|0|0|26624|16,0,0,0,8,255,208
685,0,3,3,0,3,0,0,0,1|1|1|119|18|0|0|0,255|255|255|108|111|115|101|40,-6|6|0|80|70|73|76|69,6|6|-8|115|0|0|0|0,-16|15|0|0|0|0|0|123,0|0|4|77|65|80|32|78,163|164|77|8241|10538|25|0|8192,0,0,0,8,255,208
686,0,3,4,0,4,0,0,0,1|1|1|1|101|103|105|110,255|255|255|255|0|32|102|111,-6|6|-7|7|61|49|32|116,6|6|4|4|32|100|111|32,-16|15|-16|15|110|32|114|101,0|0|0|0|44|107|41|59,163|164|281|282|12641|11870|24941|28265,0,0,0,8,255,208
687,0,3,6,0,6,0,0,0,1|1|1|1|1|1|41|93,255|255|255|255|255|255|5|0,-6|6|-7|7|-8|8|100|59,6|6|3|3|0|0|18|0,-16|15|-16|15|-16|15|77|65,0|0|0|0|0|0|69|82,163|164|281|282|39|1|28518|8306,0,0,0,8,255,208
688,0,3,8,0,8,0,0,0,1|1|1|1|1|1|1|1,255|255|255|255|255|255|255|255,-6|6|-7|7|-8|8|-3|3,6|6|3|3|0|0|7|7,-16|15|-16|15|-16|15|-16|15,0|0|0|0|0|0|0|0,163|164|281|282|39|1|201|202,0,0,0,8,255,208
689,0,3,4,0,4,0,0,0,3|3|1|1|59|32|101|110,255|255|255|255|0|0|0|32,-6|6|-3|3|0|0|0|0,6|6|7|7|0|0|0|101,-16|15|-16|15|0|40|42|32,0|0|0|0|78|85|77|66,121|122|201|202|25|0|8192|28518,0,0,0,8,255,208
690,0,3,6,0,6,0,0,0,3|3|1|1|1|1|81|0,255|255|255|255|255|255|114|32,-6|6|-3|3|-7|7|111|32,6|6|7|7|3|3|98|101,-16|15|-16|15|-16|15|97|100,0|0|0|0|0|0|32|109,121|122|201|202|281|282|28265|24941,0,0,0,8,255,208
691,0,3,4,0,4,0,0,0,3|3|3|3|41|93|59|32,255|255|255|255|6|0|0|0,-7|7|-4|4|100|59|125|114,4|4|7|7|0|103|72|0,-16|15|-16|15|42|32|78|111,0|0|0|0|84|104|101|32,98|98|98|98|26912|8307|30049|28532,0,0,0,8,255,208
692,0,3,6,0,6,0,0,0,3|3|3|3|3|3|105|116,255|255|255|255|255|255|99|111,-7|7|-4|4|-8|8|109|97,4|4|7|7|1|1|0|0,-16|15|-16|15|-16|15|108|117,0|0|0|0|0|0|116|104,98|98|98|98|98|98|29285|26912,0,0,0,8,255,208
693,0,3,2,0,2,0,0,0,173|173|32|116|104|101|32|102,255|255|109|117|108|97|32|40,-6|6|80|83|72|45|49|41,6|6|54|56|46|110|76|0,-16|15|0|32|32|32|84|104,0|0|44|32|119|101|39|108,241|241|28532|24941|26996|24931|27756|8313,0,0,0,8,255,208
694,0,3,3,0,3,0,0,0,173|173|173|101|32|101|120|97,255|255|255|111|102|102|115|101,-6|6|0|111|99|97|116|105,6|6|-7|105|110|116|111|105,-16|15|0|0|0|32|32|32,0|0|0|32|115|104|97|112,241|241|241|8549|21536|26984|8307|24941,0,0,0,8,255,208
695,0,5,1,0,2,0,0,0,174|175|42|41|0|0|0|0,255|255|30|0|0|0|0|123,-6|6|98|117|103|105|110|102,6|6|39|77|97|112|32|102,-16|15|101|32|100|111|110|101,0|0|41|59|125|111|38|0,255|255|8234|28229|8292|26223|26144|28265,0,0,0,8,255,208
696,0,8,2,0,2,0,0,0,174|175|46|68|65|84|32|42,255|255|20|0|0|0|0|101,-6|6|59|32|123|76|111|97,6|6|101|115|116|114|117|99,-16|15|125|0|0|0|0|0,0|0|4|0|0|0|0|101,255|255|0|0|29696|0|0|27648,0,0,0,8,255,208
697,0,8,3,0,3,0,0,0,174|175|1|101|110|101|109|121,255|255|255|118|97|114|32|101,-6|6|0|121|32|58|32|115,6|6|-8|108|101|101|110|101,-16|15|0|121|112|101|32|41,0|0|0|0|0|0|0|118,255|255|111|8192|8224|25972|28781|14880,0,0,0,8,255,208
698,0,8,4,0,4,0,0,0,174|175|1|1|0|32|32|32,255|255|255|255|40|83|117|112,-6|6|-6|6|99|97|100|101,6|6|-6|-6|62|48|41|32,-16|15|-15|14|83|117|112|101,0|0|0|0|105|97|110|41,255|255|111|111|28005|30576|13629|13363,0,0,0,8,255,208
699,0,8,5,0,5,0,0,0,174|175|1|1|1|0|0|32,255|255|255|255|255|32|32|32,-6|6|-6|6|0|101|109|112,6|6|-6|-6|-8|48|41|32,-16|15|-15|14|0|32|32|32,0|0|0|0|0|98|101|103,255|255|111|111|111|28229|28005|17529,0,0,0,8,255,208
700,0,8,6,0,6,0,0,0,174|175|1|1|1|1|32|32,255|255|255|255|255|255|115|101,-6|6|-6|6|0|0|45|0,6|6|-6|-6|-8|-8|69|110,-16|15|-15|14|-4|3|83|32,0|0|0|0|0|0|109|121,255|255|111|111|111|111|29757|28005,0,0,0,8,255,208
701,0,8,7,0,7,0,0,0,174|175|1|1|1|1|1|0,255|255|255|255|255|255|255|32,-6|6|-6|6|-3|3|0|101,6|6|-6|-6|-7|-7|-8|115,-16|15|-15|14|-9|8|0|93,0|0|0|0|0|0|0|104,255|255|111|111|111|111|111|30574,0,0,0,8,255,208
702,0,8,7,0,7,0,0,0,174|175|1|1|1|1|1|97,255|255|255|255|255|255|255|115,-6|6|-6|6|-3|3|0|59,6|6|-6|-6|-7|-7|8|110,-16|15|-15|14|-9|8|0|32,0|0|0|0|0|0|0|32,255|255|111|111|111|111|111|27746,0,0,0,8,255,208
703,0,8,5,0,5,0,0,0,174|175|174|175|1|121|101|114,255|255|255|255|255|102|125|114,-6|6|-6|6|0|58|30|0,6|6|6|6|-8|32|32|32,-16|15|-19|18|0|105|113|117,0|0|12|12|0|121|32|116,255|255|255|255|111|47|0|8192,0,0,0,8,255,208
704,0,8,7,0,7,0,0,0,174|175|174|175|1|1|1|101,255|255|255|255|255|255|255|102,-6|6|-6|6|0|-3|3|110,6|6|6|6|8|-7|-7|0,-16|15|-19|18|0|-9|8|32,0|0|12|12|0|0|0|104,255|255|255|255|111|111|111|21,0,0,0,8,255,208
705,0,8,8,0,8,0,0,0,174|175|174|175|1|1|1|1,255|255|255|255|255|255|255|255,-6|6|-6|6|0|-6|6|0,6|6|6|6|8|-6|-6|-8,-16|15|-19|18|0|-9|8|0,0|0|12|12|0|0|0|0,255|255|255|255|111|111|111|111,0,0,0,8,255,208
706,0,1,5,20,5,0,0,0,99|99|99|99|99|32|32|32,20|20|20|20|20|32|32|32,0|-1|1|-2|2|104|97|112,8|7|7|5|5|58|61|32,0|0|0|0|0|101|115|49,0|0|0|0|0|0|0|0,9634|9634|9634|9634|9634|8224|8242|8250,0,0,0,10,255,128
707,0,11,8,1,8,0,0,0,20|20|20|20|20|20|20|20,255|255|255|255|255|255|255|255,120|120|120|120|120|120|120|120,120|120|120|120|120|120|120|120,14|0|-14|0|9|9|-9|-9,0|14|0|-14|9|-9|-9|9,227|227|227|227|227|227|227|227,0,0,0,26,255,208
708,70,2,7,0,7,0,0,0,189|189|189|189|189|189|189|97,255|255|255|255|255|255|255|59,0|-1|1|-2|2|-3|3|32,1|0|0|0|0|-1|-1|32,0|0|0|0|0|0|0|112,0|0|0|0|0|0|0|32,238|238|238|238|238|238|238|0,1,0,0,6,255,208
709,0,9,8,0,8,0,0,8,114|114|114|114|114|114|114|114,255|255|255|255|255|255|255|255,-5|5|-3|3|-3|3|0|0,0|0|-3|-3|3|3|-4|6,-5|5|-3|3|-3|3|0|0,0|0|-3|-3|3|3|-4|6,171|171|171|171|171|171|171|171,0,0,0,26,98,208
710,10,0,1,3,1,0,0,0,128|101|109|121|100|97|116|115,255|91|116|101|109|112|119|93,0|59|0|0|0|0|0|32,1|0|0|0|0|32|32|32,0|32|109|97|112|111|102|102,0|101|116|58|61|48|59|110,271|0|28160|44|0|8192|8224|8224,0,0,0,8,255,208
711,0,6,8,0,8,0,0,0,12|12|6|6|6|6|6|6,255|255|255|255|255|255|255|255,0|0|0|0|0|0|0|0,8|8|8|8|8|8|8|8,-24|24|-18|18|-12|12|-5|5,8|8|-2|-2|-6|-6|-8|-8,160|160|160|160|160|160|160|160,0,0,0,5,255,96
712,0,3,1,0,1,0,0,0,3|110|116|121|112|101|59|32,255|0|0|0|0|32|32|32,0|32|116|101|109|112|52|58,10|101|120|112|108|111|115|105,0|110|116|121|112|101|59|51,0|0|0|0|0|32|32|32,72|28261|28005|26489|28530|28277|14948|29757,0,0,0,13,255,208
713,0,3,2,0,2,0,0,0,3|3|29|0|0|0|0|32,255|255|32|32|101|120|112|108,0|0|117|109|32|58|61|32,10|10|109|112|52|32|115|104,-6|6|49|59|0|0|0|0,0|0|23|0|0|0|0|32,72|72|24940|28277|26723|29286|29029|15674,0,0,0,13,255,208
714,0,3,3,0,3,0,0,0,3|3|3|32|32|32|32|32,255|255|255|32|32|32|102|114,0|0|0|99|111|117|110|116,10|10|10|58|61|49|50|59,-6|6|0|0|0|32|32|32,0|0|-4|32|32|32|32|32,72|72|72|15204|8317|0|0|8192,0,0,0,13,255,208
715,0,3,4,0,4,0,0,0,3|3|3|3|118|97|108|40,255|255|255|255|40|115|44|52,0|0|0|0|116|101|109|112,10|10|10|10|30|0|0|0,-6|6|3|-3|32|32|32|32,0|0|-4|-4|32|32|32|32,72|72|72|72|29736|28005|10608|25915,0,0,0,13,255,208
716,0,3,3,0,3,0,0,0,3|3|8|32|101|110|100|59,255|255|255|0|0|59|22|0,0|0|0|123|32|32|32|39,10|10|10|58|32|99|97|115,-6|6|0|91|52|93|32|111,0|0|-4|0|0|0|0|32,72|72|12|8224|8224|10016|10049|14880,0,0,0,13,255,208
717,0,3,4,0,4,0,0,0,3|3|5|5|103|97|59|32,255|255|255|255|47|0|0|0,0|0|0|0|32|32|32|32,10|10|10|10|32|39|66|39,-6|6|4|-4|103|97|50|53,0|0|-4|-4|97|114|40|52,72|72|12|12|12588|14649|12332|15145,0,0,0,13,255,208
718,0,4,2,0,2,0,0,0,2|2|125|111|0|0|0|0,255|255|27|0|0|0|0|123,0|0|32|39|90|39|32|58,12|12|101|103|105|110|32|116,-8|10|112|119|50|58|61|49,0|0|21|0|0|0|0|32,262|262|8224|8224|8224|8224|8224|25970,0,0,0,5,255,208
719,0,5,3,0,3,0,0,7,3|3|3|32|32|32|32|32,255|255|255|118|103|97|115|99,0|-4|4|110|50|94|58|61,-8|5|5|115|99|114|101|101,0|0|0|32|30|0|0|0,0|0|0|32|32|32|32|32,166|166|166|8224|8224|26144|24940|25965,0,0,0,26,255,208
720,0,10,1,0,1,0,0,0,8|32|32|32|32|32|32|32,255|32|32|32|32|32|32|115,0|111|119|118|103|97|59|0,10|0|0|0|0|32|32|32,-20|32|32|32|32|32|32|32,-15|32|32|32|32|32|32|100,60022|29736|28005|30576|10546|26939|30|0,0,0,0,13,255,208
721,0,5,8,1,8,0,0,0,5|5|4|4|4|4|4|4,255|255|255|255|255|255|255|255,0|0|0|0|0|0|0|0,22|22|22|22|22|22|22|22,0|0|0|0|0|0|0|0,0|-14|-28|-42|-56|-70|-84|-98,192|191|192|191|192|191|192|191,0,0,0,15,255,128
722,0,5,8,0,8,0,0,0,5|5|4|4|4|4|4|4,255|255|255|255|255|255|255|255,-12|-12|-12|-12|-12|-12|-12|-12,14|14|14|14|14|14|14|14,0|-12|-24|-36|-48|-60|-72|-84,0|-14|-28|-42|-56|-70|-84|-98,194|195|194|195|194|195|194|195,0,0,0,15,255,128
723,0,5,8,0,8,0,0,0,5|5|4|4|4|4|4|4,255|255|255|255|255|255|255|255,12|12|12|12|12|12|12|12,14|14|14|14|14|14|14|14,0|12|24|36|48|60|72|84,0|-14|-28|-42|-56|-70|-84|-98,196|197|196|197|196|197|196|197,0,0,0,15,255,128
724,0,5,8,1,8,0,0,0,5|5|4|4|4|4|4|4,255|255|255|255|255|255|255|255,-22|-22|-22|-22|-22|-22|-22|-22,0|0|0|0|0|0|0|0,0|-12|-24|-36|-48|-60|-72|-84,0|0|0|0|0|0|0|0,198|199|198|199|198|199|198|199,0,0,0,15,255,128
725,0,5,8,1,8,0,0,0,5|5|4|4|4|4|4|4,255|255|255|255|255|255|255|255,22|22|22|22|22|22|22|22,0|0|0|0|0|0|0|0,0|12|24|36|48|60|72|84,0|0|0|0|0|0|0|0,198|199|198|199|198|199|198|199,0,0,0,15,255,128
726,0,5,1,1,1,0,0,0,2|102|97|108|115|101|59|114,255|0|0|0|0|99|45|0,0|0|0|123|109|97|120|101,10|101|109|105|101|115|58|61,0|57|57|57|59|125|32|98,0|110|117|115|108|101|118|101,50|29301|25970|29806|15674|24934|29548|15205,0,0,0,26,255,208
727,0,5,2,0,2,0,0,0,1|1|99|111|114|100|70|105,255|255|44|99|104|97|114|40,-7|7|109|112|41|41|59|32,7|7|110|105|116|101|112|105,-5|5|100|101|40|116|101|109,0|0|59|100|54|0|0|0,121|122|29728|28005|14960|12605|29728|8303,0,0,0,5,255,208
728,0,4,1,0,1,0,0,0,1|70|105|108|101|44|108|101,255|101|108|110|97|109|101|91,0|101|109|112|93|41|59|97,9|0|0|0|0|114|101|97,0|40|82|101|99|111|114|100,0|105|108|101|44|99|104|97,48|30316|26220|27753|28261|28021|10537|8251,0,0,0,13,255,208
729,0,5,6,0,6,0,0,0,4|4|4|4|4|4|32|100,255|255|255|255|255|255|40|82,-7|7|-10|10|-7|7|105|108,7|7|0|0|-7|-7|40|112,-5|5|-5|5|-5|5|116|101,0|0|0|0|0|0|59|0,121|122|102|104|140|141|12605|29728,0,0,0,5,255,208
730,0,4,2,0,8,0,0,7,2|2|2|2|2|2|2|2,255|255|255|255|255|255|255|255,-7|7|-5|5|-7|7|-9|9,7|7|9|9|7|7|5|5,-5|5|-5|5|-5|5|-5|5,0|0|0|0|0|0|0|0,247|247|247|247|247|247|247|247,0,0,0,5,255,32
731,0,3,3,0,3,0,0,0,3|3|8|40|82|101|99|111,255|255|255|105|108|101|44|99,0|0|0|40|116|101|109|112,10|10|10|32|114|101|97|100,-8|8|0|99|111|114|100|70,10|10|-4|44|99|104|97|114,72|72|12|10537|25915|31|0|27648,0,0,0,13,255,208
732,0,3,5,0,5,0,0,0,3|3|3|3|5|112|44|116,255|255|255|255|255|59|41|0,0|0|0|0|0|97|100|40,10|10|10|10|10|100|70|105,-8|8|-10|10|0|97|114|40,10|10|12|10|-4|101|109|111,72|72|72|72|12|15145|0|0,0,0,0,13,255,208
733,0,3,3,0,3,0,0,0,3|3|12|116|114|117|101|59,255|255|255|0|0|118|28|0,0|0|0|123|100|101|98|117,10|10|10|102|111|40|39|68,-8|8|0|32|108|111|97|100,10|10|-4|39|41|59|125|32,72|72|11|25710|25888|29548|8293|36,0,0,0,13,255,208
734,0,3,5,0,5,0,0,0,3|3|3|3|12|44|64|98,255|255|255|255|255|48|44|50,0|0|0|0|0|41|59|118,10|10|10|10|10|0|0|0,-8|8|-10|10|0|0|0|0,10|10|12|10|-4|116|102|105,72|72|72|72|11|19500|30309|27749,0,0,0,13,255,208
735,0,3,2,0,2,0,0,0,12|12|76|102|105|108|101|44,255|255|108|112|111|115|91|108,0|0|102|105|108|101|110|117,10|10|50|45|49|93|41|59,-6|6|0|0|0|123|97|115,-4|-4|103|110|40|84|101|109,11|11|11365|19751|18753|19790|16705|11866,0,0,0,13,255,208
736,0,20,2,0,2,0,0,0,10|10|105|116|101|40|84|101,255|255|70|73|76|69|44|49,0|0|125|99|0|0|0|0,10|10|34|0|0|0|0|98,0|0|99|107|114|101|97|100,0|-2|86|76|102|105|108|101,7030|7029|24434|24941|26224|27753|11365|10545,0,0,0,13,255,112
737,0,30,5,0,5,0,0,7,20|2|2|2|2|105|108|101,255|255|255|255|255|95|115|104,0|-2|2|-3|3|108|101|44,2|2|2|0|0|0|0|0,0|0|0|0|0|107|114|101,0|0|0|0|0|76|102|105,9028|247|247|247|247|15145|27|0,0,0,0,13,255,112
738,0,2,1,0,1,0,0,0,1|101|44|109|97|112|120|50,255|50|41|59|27|0|0|0,0|98|108|111|99|107|114|101,10|100|40|76|86|76|102|105,0|101|44|109|97|112|120|51,0|50|41|59|0|0|0|0,20|35|0|25088|28524|27491|25970|25697,0,0,0,13,255,112
739,0,2,2,0,2,0,0,0,1|1|121|109|97|120|44|50,255|255|64|0|0|0|0|102,0|0|32|120|58|61|49|32,10|10|32|108|101|118|101|108,-9|9|101|109|121|109|97|120,12|12|111|32|98|108|111|99,20|20|10340|22092|26188|27753|11365|25964,0,0,0,13,255,112
740,0,3,2,0,2,0,0,0,1|1|0|0|0|32|30|0,255|255|0|98|108|111|99|107,0|0|97|100|40|76|86|76,10|10|108|101|44|109|97|120,-3|3|101|110|116|44|50|41,0|0|58|0|0|0|0|102,20|20|15674|8241|28532|27936|30817|30309,0,0,0,13,255,112
741,0,3,3,0,3,0,0,0,1|1|1|76|102|105|108|101,255|255|255|101|110|116|114|101,0|0|0|93|44|49|49|41,10|10|10|0|0|0|0|101,-9|9|0|116|114|101|99|91,12|12|0|93|46|101|118|101,20|20|21|15674|13622|12341|15152|8224,0,0,0,13,255,112
742,0,3,3,0,3,0,0,0,1|1|1|116|32|105|110|32,255|255|255|101|125|111|0|0,0|0|0|32|29|0|0|0,10|10|10|101|98|117|103|105,-15|15|0|40|39|76|101|118,14|14|0|108|111|97|100|101,20|20|21|0|0|8192|15|0,0,0,0,13,255,112
743,0,3,4,0,4,0,0,0,1|1|1|1|0|32|18|0,255|255|255|255|42|32|77|65,0|0|0|0|77|66|69|82,10|10|10|10|41|111|78|0,-11|11|-4|4|111|114|32|122,14|14|0|0|116|111|32|49,20|20|21|21|26983|8302|25970|25697,0,0,0,13,255,112
744,0,3,4,0,4,0,0,0,1|1|1|1|58|61|98|121,255|255|255|255|41|32|115|104,0|0|0|0|98|121|116|101,10|10|10|10|59|101|110|100,-17|17|-4|4|0|0|0|32,14|14|0|0|0|32|102|111,21|21|21|21|8303|12339|8240|28516,0,0,0,13,255,112
745,0,3,3,0,3,0,0,0,1|1|1|49|32|116|111|32,255|255|255|100|111|32|98|101,0|0|0|32|114|101|97|100,10|10|10|107|41|59|32|109,-18|18|0|100|97|116|97|49,14|14|0|97|105|110|109|97,22|22|21|15674|31074|25972|27432|15145,0,0,0,13,255,112
746,0,3,4,0,4,0,0,0,1|1|1|1|0|32|0|0,255|255|255|255|18|0|0|0,0|0|0|0|77|65|80|32,10|10|10|10|69|82|32|50,-22|22|-9|9|78|0|0|0,14|14|12|12|32|122|58|61,22|22|20|20|25632|8303|25954|26983,0,0,0,13,255,112
747,0,3,5,0,5,0,0,0,1|1|1|1|1|91|50|44,255|255|255|255|255|121|116|101,0|0|0|0|0|104|108|32,10|10|10|10|10|101|40|107,-22|22|-16|16|0|100|59|32,14|14|12|12|0|32|25|0,22|22|22|22|20|12605|29728|8303,0,0,0,13,255,112
748,0,3,6,0,6,0,0,0,1|1|1|1|1|1|120|58,255|255|255|255|255|255|49|52,0|0|0|0|0|0|103|105,10|10|10|10|10|10|40|102,-22|22|-16|16|-9|9|101|103,14|14|12|12|12|12|94|46,22|22|22|22|20|20|15674|31074,0,0,0,13,255,112
749,0,4,1,0,1,0,0,0,3|32|101|110|100|59|0|0,255|0|0|32|0|0|0|0,120|112|18|0|0|0|0|40,120|32|77|65|80|32|78|85,-24|66|69|82|32|51|32|42,0|0|78|0|0|0|0|102,88|31264|15674|8240|28532|12576|14130|25632,0,0,168,26,255,32
750,0,3,2,2,6,0,0,0,1|1|1|1|1|1|109|97,255|255|101|101|101|101|122|93,0|0|10|10|-10|-10|40|107,22|22|10|10|10|10|56|43,0|0|0|-12|12|0|50|41,-8|6|0|14|14|0|0|0,191|191|196|196|194|194|8306|14969,0,0,0,15,255,128
751,0,0,2,0,4,0,0,0,1|1|0|0|0|0|0|32,255|255|255|255|120|58|61|49,101|101|101|101|49|53|32|100,14|14|14|14|103|105|110|32,-9|8|-9|8|40|102|44|107,10|10|10|10|101|103|97|100,286|286|286|286|28265|24941|23408|11385,0,0,0,6,255,208
752,0,0,4,0,4,0,0,0,1|1|1|1|0|0|0|32,255|255|255|255|1|0|0|0,101|101|101|101|0|0|0|100,14|14|14|14|0|123|100|101,-14|13|-6|5|110|102|111|40,14|14|10|10|100|105|110|103,120|120|116|116|0|0|29696|63,0,0,0,6,255,208
753,0,0,2,0,2,0,0,0,1|1|79|75|85|80|32|84,255|255|76|69|32|45|32|69,0|0|104|32|109|97|112|32,10|10|32|100|105|114|101|99,-11|11|121|32|97|102|116|101,10|10|108|101|118|101|108|32,49|49|0|25088|28524|27491|25970|25697,0,0,0,6,255,208
754,0,0,1,0,1,0,0,0,251|122|101|111|102|40|109|97,255|115|104|41|41|59|43|0,101|0|0|123|98|108|111|99,14|119|114|105|116|101|40|84,-1|109|112|70|73|76|69|44,10|97|112|115|104|44|115|105,116|26223|27944|28769|26739|10537|32059|38,0,0,0,6,255,208
755,0,4,2,0,6,0,0,0,112|112|112|112|112|112|116|101,255|255|255|255|255|255|115|101,0|0|0|0|0|0|104|41,0|0|0|0|0|0|0|97,-17|16|-23|22|-29|28|32|32,10|10|12|12|14|14|32|32,31|31|31|31|31|31|25445|8308,1,0,0,7,0,208
756,0,3,2,0,2,0,0,0,251|251|111|114|100|101|114|125,98|98|0|0|0|32|32|32,0|0|118|32|100|120|44|100,28|28|0|0|0|0|0|83,-6|6|0|0|0|32|32|32,0|0|118|32|115|105|44|116,143|144|12|0|8192|8224|28525|8310,0,0,0,13,255,208
757,0,2,2,0,4,0,0,0,251|251|251|251|44|49|50|56,98|98|98|98|0|0|0|104,-8|-8|8|8|0|32|32|32,28|28|28|28|97|120|44|116,-6|6|-6|6|50|0|12|0,0|0|0|0|32|32|109|111,143|144|143|144|12|0|8192|8224,0,0,0,13,255,208
758,0,3,4,0,4,0,0,0,251|251|251|251|105|102|116|108,98|98|98|98|8|0|0|0,-8|-8|8|8|108|111|100|115,28|28|28|28|0|0|0|32,-6|6|-6|6|104|103|32|97,0|0|0|0|8|0|0|0,143|144|143|144|28023|18|0|8192,0,0,0,13,255,208
759,0,3,4,0,4,0,0,0,251|251|251|251|0|0|0|0,98|98|98|98|0|32|32|32,0|0|0|0|100|115|44|100,28|28|28|28|0|0|0|101,-18|-6|6|18|0|0|0|0,0|0|0|0|0|0|0|40,748|749|750|751|28769|29541|17454|21569,0,0,0,13,255,208
760,0,3,4,0,4,0,0,0,251|251|251|251|102|115|40|109,98|98|98|98|97|116|97|49,0|0|0|0|97|112|101|115,28|28|28|28|0|0|0|77,-6|6|-6|6|104|50|79|102,0|0|14|14|102|115|40|109,143|144|143|144|11870|26739|28769|29541,0,0,0,13,255,208
761,0,2,4,0,6,0,0,0,251|251|251|251|251|251|40|109,98|98|98|98|98|98|97|51,-14|-14|14|14|0|0|101|115,28|28|28|28|28|28|0|32,-6|6|-6|6|-6|6|101|115,0|0|0|0|0|0|40|83,143|144|143|144|143|144|21317|11047,0,0,0,13,255,208
762,0,3,6,0,6,0,0,0,251|251|251|251|251|251|59|0,98|98|98|98|98|98|24|0,-14|-14|14|14|0|0|32|122,28|28|28|28|28|28|32|54,-6|6|-6|6|-6|6|98|101,0|0|0|0|0|0|0|0,143|144|143|144|143|144|20552|26982,0,0,0,13,255,208
763,0,3,8,0,8,0,0,0,251|251|251|251|251|251|251|251,98|98|98|98|98|98|98|98,-20|-20|20|20|8|8|-8|-8,28|28|28|28|28|28|28|28,-6|6|-6|6|-6|6|-6|6,0|0|0|0|0|0|0|0,143|144|143|144|143|144|143|144,0,0,0,13,255,208
764,0,3,8,0,8,0,0,0,251|251|251|251|251|251|251|251,98|98|98|98|98|98|98|98,-20|-20|20|20|4|4|-4|-4,28|28|28|28|28|28|28|28,-6|6|-6|6|-6|6|-6|6,0|0|0|0|0|0|0|0,143|144|143|144|143|144|143|144,0,0,0,13,255,208
765,0,3,8,0,8,0,0,0,251|251|251|251|251|251|251|251,98|98|98|98|98|98|98|98,-8|-8|8|8|8|8|-8|-8,28|28|28|28|0|0|0|0,-6|6|-6|6|-6|6|-6|6,0|0|0|0|0|0|0|0,143|144|143|144|143|144|143|144,1,0,0,13,255,208
766,0,3,8,0,8,0,0,0,251|251|251|251|251|251|251|251,98|98|98|98|98|98|98|98,0|0|0|0|6|6|-6|-6,28|28|28|28|0|0|0|0,-18|-6|6|18|-6|6|-6|6,0|0|0|0|0|0|0|0,748|749|750|751|143|144|143|144,1,0,0,13,255,208
767,0,4,1,0,1,0,0,9,2|57|32|116|104|101|110|32,255|101|103|105|110|32|116|101,0|112|119|58|61|118|103|97,2|99|114|101|101|110|115|101,0|59|32|116|101|109|112|119,0|58|61|48|59|32|101|110,501|0|0|28416|20|0|8192|8224,1,0,0,16,255,208
768,0,4,2,0,2,0,0,0,1|1|13|0|0|0|0|32,255|255|32|109|111|118|32|100,-1|1|100|115|18|0|0|0,2|2|32|32|32|109|111|118,0|0|115|44|115|101|103|65,0|0|48|32|17|0|0|0,501|501|27936|30319|29472|11369|25972|28781,1,0,0,16,255,208
769,0,4,3,0,3,0,0,0,1|1|1|101|109|112|119|50,255|255|255|0|0|58|16|0,-2|2|0|32|32|32|32|109,2|2|2|100|115|44|116|101,0|0|0|110|0|0|0|0,0|0|0|0|0|0|0|32,501|501|501|25376|11384|12344|12|0,1,0,0,16,255,208
770,0,4,4,0,4,0,0,0,1|1|1|1|32|32|32|100,255|255|255|255|48|70|51|100,-4|-3|4|3|0|32|32|32,2|2|2|2|115|119|0|0,0|0|0|0|13|0|0|0,0|0|0|0|32|109|111|118,501|501|501|501|0|8192|8224|8224,1,0,0,16,255,208
771,0,4,4,0,4,0,0,0,1|1|1|1|0|111|33|0,255|255|255|255|32|32|32|32,-5|-2|5|2|32|32|32|32,2|2|2|2|105|110|99|40,0|0|0|0|119|50|44|51,0|0|0|0|33|0|0|0,501|501|501|501|8224|8224|8224|8224,1,0,0,16,255,208
772,0,4,5,0,5,0,0,0,1|1|1|1|1|0|0|32,255|255|255|255|255|32|32|32,-5|-2|5|2|0|110|100|59,2|2|2|2|2|109|40|0,0|0|0|0|0|32|32|32,0|0|0|0|0|32|32|32,501|501|501|501|501|27506|24903|25965,1,0,0,16,255,208
773,0,4,6,0,6,0,0,0,1|1|1|1|1|1|32|32,255|255|255|255|255|255|85|112,0|-5|-2|5|2|0|114|101,2|2|2|2|2|2|0|0,0|0|0|0|0|0|32|32,-12|0|0|0|0|0|105|102,501|501|501|501|501|501|8302|31060,1,0,0,16,255,208
774,0,4,3,0,3,0,0,0,1|1|2|32|32|32|32|32,255|255|255|32|32|32|101|110,-2|2|0|0|0|0|0|32,2|2|2|32|32|32|32|32,0|0|0|100|59|116|13|0,0|0|0|32|32|32|32|32,501|501|520|15204|0|0|29952|39,1,0,0,16,255,208
775,0,4,2,0,2,0,0,0,2|2|32|67|111|110|115|116,255|255|116|80|108|97|121|32,-1|1|101|110|32|98|101|103,2|2|24|0|0|0|0|32,0|0|32|32|32|32|32|32,0|0|101|116|78|101|116|66,520|520|10544|8251|34|0|8192|8224,1,0,0,16,255,208
776,0,4,4,0,4,0,0,0,2|2|1|1|118|103|97|115,255|255|255|255|110|94|59|111,-1|1|-3|3|0|61|35|0,2|2|2|2|32|32|32|32,0|0|0|0|32|118|97|108,0|0|0|0|121|40|115|44,520|520|501|501|30832|31276|15145|31,1,0,0,16,255,208
777,0,4,3,0,3,0,0,0,2|2|2|99|40|116|101|109,255|255|255|102|97|108|115|101,-2|2|0|0|0|0|0|41,2|2|2|0|0|32|32|32,0|0|0|32|32|32|32|102,0|0|0|122|58|61|48|32,520|520|520|25632|8303|26217|28192|29807,1,0,0,16,255,208
778,0,0,2,1,4,0,0,0,251|251|251|251|114|101|115|115,255|255|255|255|104|101|110|32,101|101|101|101|110|111|23|0,14|14|14|14|32|32|32|32,-6|6|-6|6|32|32|32|32,10|10|10|10|119|50|58|61,558|561|559|562|8224|8224|8224|8224,0,0,0,6,255,208
779,0,3,1,18,1,0,0,0,2|0|0|32|32|32|32|32,255|32|32|32|32|32|32|32,0|101|109|112|119|58|61|115,-1|103|40|118|103|97|115|99,0|101|101|110|50|94|41|59,-8|0|0|0|0|102|27|0,598|8192|8224|8224|8224|8224|8224|8224,1,0,0,25,255,208
780,40,3,4,11,8,0,0,0,250|250|251|251|250|250|250|250,11|11|11|11|11|11|11|11,0|0|0|0|0|0|0|0,11|11|11|11|11|11|11|11,-6|6|-6|6|-6|6|-6|6,-7|-7|7|7|-7|-7|7|7,672|691|710|729|672|691|710|729,-1,0,0,4,255,112
781,0,7,2,0,2,0,0,0,251|250|32|32|32|32|32|32,255|255|32|32|119|97|105|116,0|0|116|114|97|99|101|59,12|12|0|0|0|32|32|32,0|0|32|32|32|32|32|32,-7|7|102|111|114|32|121|58,185|186|8303|14641|8249|28516|25120|26469,0,0,0,13,255,208
782,0,6,2,0,2,0,0,0,251|250|32|32|32|32|32|32,255|255|105|102|32|122|61|51,0|0|32|116|104|101|110|32,14|14|103|105|110|32|116|101,0|0|119|58|61|118|103|97,-7|7|114|101|101|110|115|101,189|190|28005|30576|14898|12349|8251|28261,0,0,0,13,255,208
783,0,6,2,0,4,0,0,0,251|250|251|250|32|32|32|32,255|255|255|255|32|32|32|32,0|0|0|0|18|0|0|0,16|16|16|16|32|109|111|118,-5|-5|5|5|115|101|103|65,-7|7|-7|7|14|0|0|0,185|186|185|186|25120|11384|12338|27952,0,0,0,13,255,208
784,0,8,4,0,4,0,0,0,251|250|251|250|58|0|17|0,255|255|255|255|32|32|32|109,0|0|0|0|105|44|116|101,16|16|16|16|17|0|0|0,-9|-9|9|9|32|109|111|118,-7|7|-7|7|116|101|109|112,185|186|185|186|17|0|8192|8224,0,0,0,13,255,208
785,0,7,4,0,4,0,0,0,251|250|251|250|32|32|32|109,255|255|255|255|120|44|100|115,0|0|0|0|0|32|32|32,16|16|16|16|32|100|115|44,-6|-6|6|6|119|0|13|0,-7|7|-7|7|32|32|32|114,185|186|185|186|13|0|8192|8224,0,0,0,13,255,208
786,0,7,4,0,8,0,0,0,251|250|251|250|251|250|251|250,255|255|255|255|255|255|255|255,0|0|0|0|0|0|0|0,16|16|16|16|16|16|16|16,-6|-6|6|6|-9|-9|9|9,-7|7|-7|7|-7|7|-7|7,185|186|185|186|185|186|185|186,0,0,0,13,255,208
787,0,7,6,0,6,0,0,0,251|250|251|250|251|250|97|115,255|255|255|255|255|255|101|103,0|0|0|0|0|0|32|32,16|16|16|16|16|16|111|118,-9|-9|9|9|0|0|0|32,-7|7|-7|7|-3|11|32|100,185|186|185|186|185|186|24864|25700,0,0,0,13,255,208
788,0,7,6,0,6,0,0,0,251|250|251|250|251|251|100|100,255|255|255|255|255|255|51|44,0|0|0|0|0|0|0|0,16|16|16|16|16|16|101|99,-9|-9|9|9|0|0|0|0,-7|7|-7|7|-3|11|110|122,185|186|185|186|189|190|8224|8224,0,0,0,13,255,208
789,0,7,6,0,6,0,0,0,251|251|251|251|251|250|33|0,255|255|255|255|255|255|32|32,0|0|0|0|0|0|32|32,16|16|16|16|16|16|99|40,-9|-9|9|9|0|0|44|51,-7|7|-7|7|-3|11|0|0,189|190|189|190|185|186|8224|8224,0,0,0,13,255,208
790,0,7,8,0,8,0,0,0,251|250|251|250|251|250|251|250,255|255|255|255|255|255|255|255,0|0|0|0|0|0|0|0,16|16|16|16|16|16|16|16,-11|-11|11|11|-4|-4|4|4,-7|7|-7|7|-3|11|-3|11,185|186|185|186|185|186|185|186,0,0,0,13,255,208
791,0,7,8,0,8,0,0,0,251|251|251|251|251|250|251|250,255|255|255|255|255|255|255|255,0|0|0|0|0|0|0|0,16|16|16|16|16|16|16|16,-11|-11|11|11|-4|-4|4|4,-7|7|-7|7|-3|11|-3|11,189|190|189|190|189|190|189|190,0,0,0,13,255,208
792,0,2,1,0,8,0,0,0,3|3|3|3|3|3|3|3,255|255|255|255|255|255|255|255,-1|1|-1|-2|2|2|0|0,0|2|1|0|0|1|1|-1,0|0|0|0|0|0|0|0,0|0|0|0|0|0|0|0,23|24|25|26|23|24|25|26,0,0,88,13,255,176
793,160,10,4,8,2,0,0,0,251|251|103|105|110|32|105|102,255|255|111|116|32|73|115|78,0|0|119|111|114|107|71|97,2|2|32|116|104|101|110|32,0|0|100|101|98|108|97|99,0|0|49|48|41|59|32|99,252|271|15158|29472|28520|30327|24935|8251,0,0,0,30,255,176
794,500,20,5,1,5,0,0,0,251|251|251|251|251|111|108|111,255|255|255|255|255|97|108|101,0|0|0|0|0|91|56|93,0|0|0|0|0|97|116|101,0|6|6|-6|-6|115|102|97,7|7|-7|7|-7|111|108|111,663|661|657|659|655|0|0|23296,1,0,0,30,198,208
795,100,5,2,0,2,0,0,0,1|1|111|116|32|73|115|78,255|255|119|111|114|107|71|97,0|0|32|116|104|101|110|32,0|0|103|105|110|32|102|97,-2|4|98|108|97|99|107|40,0|0|41|59|32|101|110|100,620|620|0|8192|8224|17959|8231|8250,1,0,0,30,255,128
796,150,5,3,0,3,0,0,0,1|1|1|32|32|32|32|105,255|255|255|111|116|32|73|115,0|0|0|119|111|114|107|71,0|0|0|32|116|104|101|110,-4|6|1|103|105|110|42|0,0|0|-2|32|32|32|32|32,620|620|620|26144|25697|30565|26984|25972,1,0,0,30,255,128
797,100,5,2,0,2,0,0,0,2|2|48|41|59|0|16|0,255|255|0|32|32|32|32|32,0|0|32|32|32|32|32|101,0|0|59|110|33|0|0|0,-5|6|32|32|32|32|32|32,0|0|32|32|32|99|108|114,621|621|29472|28520|30327|24935|8251|28261,1,0,0,30,255,128
798,50,5,1,0,1,0,0,0,3|87|39|32|58|32|105|102,255|110|111|116|32|67|111|110,0|116|97|110|116|80|108|97,0|32|116|104|101|110|32|98,0|103|105|110|35|0|0|0,0|32|32|32|32|32|32|32,622|28192|29807|17696|17235|29264|29541|25971,1,0,0,30,255,128
799,150,5,3,0,3,0,0,0,3|1|1|32|32|32|32|32,255|255|255|101|107|101|121|59,0|-1|1|0|0|32|32|32,0|0|0|32|119|97|114|110,0|-2|4|99|111|108|58|61,0|0|0|49|54|43|53|59,622|620|620|26478|28515|25452|24936|26478,1,0,0,30,255,128
800,150,5,3,0,3,0,0,0,3|2|2|101|108|97|121|58,255|255|255|49|39|0|0|0,0|-1|1|32|32|32|32|32,0|0|0|101|108|119|97|114,0|-5|6|103|100|105|115|112,0|0|0|58|61|40|115|91,622|621|621|15145|28|0|8192|8224,1,0,0,30,255,128
801,100,5,2,0,2,0,0,0,3|3|110|101|115|58|61|48,255|255|40|0|0|0|0|32,0|0|32|32|32|32|118|97,0|0|99|111|112|121|40|115,-5|5|44|50|41|44|102|114,0|0|101|99|111|117|110|116,627|627|10618|28475|22|0|8192|8224,1,0,0,30,255,128
802,200,5,4,0,4,0,0,0,3|3|1|1|49|0|0|0,255|255|255|255|32|32|32|32,0|0|-1|1|105|110|103|114,0|0|0|0|98|111|111|108,-5|5|-6|8|102|114|97|109,0|0|0|0|110|116|109|97,627|627|621|621|15145|43|0|8192,1,0,0,30,255,128
803,200,5,4,0,4,0,0,0,3|3|2|2|61|102|114|97,255|255|255|255|117|110|116|109,0|0|0|0|111|100|32|49,0|0|-1|-1|0|0|0|59,-5|5|-13|13|0|32|32|32,0|0|0|0|114|101|112|101,627|627|622|622|8224|8224|8224|8224,1,0,0,30,255,128
804,300,5,6,0,6,0,0,0,3|3|2|2|1|1|41|59,255|255|255|255|255|255|33|0,0|0|0|0|0|0|32|32,0|0|-1|-1|-1|-1|102|32,-5|5|-13|13|-16|18|39|35,0|0|0|0|0|0|32|98,627|627|622|622|621|621|8224|8224,1,0,0,30,255,128
805,400,5,8,0,8,0,0,0,3|3|2|2|1|1|1|1,255|255|255|255|255|255|255|255,0|0|0|0|0|0|0|0,0|0|-1|-1|-1|-1|-2|-2,-5|5|-13|13|-16|18|-20|22,0|0|0|0|0|0|0|0,627|627|622|622|621|621|621|621,1,0,0,30,255,128
806,80,7,1,0,1,0,0,0,3|32|32|32|32|32|32|101,255|100|59|111|22|0|0|0,0|32|32|32|32|32|32|32,7|110|116|105|108|32|115|91,0|93|61|39|35|39|59|101,0|0|0|0|0|40|19|0,522|8192|8224|8224|8224|26948|28787|24940,0,0,0,30,11,128
807,160,9,2,0,2,0,0,0,3|3|110|101|119|107|101|121,255|255|102|97|108|115|101|59,-4|4|0|0|0|32|32|32,6|6|32|32|101|110|100|59,0|0|0|0|0|32|32|32,0|0|32|32|32|32|101|110,521|523|0|28416|15|0|8192|8224,0,0,0,30,11,128
808,240,11,3,0,3,0,0,0,3|3|3|32|32|32|32|32,255|255|255|32|32|32|32|32,-4|4|0|105|110|105|116|105,6|6|7|105|102|102|105|99,0|0|0|121|60|51|32|116,0|0|0|32|98|101|103|105,521|523|522|8192|8224|8224|8224|8224,0,0,0,30,11,128
809,240,12,3,0,3,0,0,0,3|3|5|51|41|44|109|97,255|255|255|101|118|101|108|44,-4|4|0|0|33|0|0|0,6|6|7|32|32|32|32|32,0|0|0|32|32|32|32|32,0|0|0|112|115|101|99|116,521|523|541|30066|15205|19|0|8192,0,0,0,30,11,128
810,240,13,3,0,3,0,0,0,5|5|3|0|0|0|0|32,255|255|255|32|32|32|32|32,-4|4|0|100|59|39|0|0,6|6|7|98|72|0|0|0,0|0|0|32|32|39|104|39,0|0|0|98|101|103|105|110,540|542|522|29801|24937|25708|26217|26982,0,0,0,30,11,128
811,240,14,3,0,3,0,0,0,5|5|5|121|112|116|108|110,255|255|255|76|102|105|108|101,-4|4|0|59|32|101|110|100,6|6|7|0|0|0|0|0,0|0|0|0|0|32|32|32,0|0|0|39|32|58|32|98,540|542|541|0|8192|8224|8224|8224,0,0,0,30,11,128
812,400,15,5,0,5,0,0,0,5|5|5|3|3|97|109|101,255|255|255|255|255|32|82|101,-3|3|0|-5|5|116|83|121,6|6|7|5|5|0|0|0,0|0|0|0|0|32|32|32,0|0|0|0|0|100|59|59,540|542|541|521|523|8192|8224|10016,0,0,0,30,11,128
813,400,16,5,0,5,0,0,0,5|5|5|5|5|32|32|32,255|255|255|255|255|32|69|83,-3|3|-5|5|0|115|101|100,6|6|5|5|7|115|101|59,0|0|0|0|0|32|32|32,0|0|0|0|0|32|32|101,540|542|540|542|541|15|0|31488,0,0,0,30,11,128
814,320,17,4,0,4,0,0,0,5|5|251|251|32|32|32|32,255|255|255|255|32|32|32|32,-4|4|0|0|97|100|112|105,6|6|7|7|112|121|40|115,0|0|0|0|57|41|44|102,0|0|-6|8|41|59|31|0,540|542|527|546|8224|8224|8224|8224,0,0,0,30,11,128
815,480,18,6,0,6,0,0,0,5|5|251|251|3|3|0|32,255|255|255|255|255|255|32|32,-4|4|0|0|-5|5|70|97,6|6|7|7|5|5|114|40,0|0|0|0|0|0|0|0,0|0|-6|8|0|0|32|32,540|542|527|546|521|523|25445|30063,0,0,0,30,11,128
816,640,19,8,0,8,0,0,0,5|5|251|251|5|5|3|3,255|255|255|255|255|255|255|255,-3|3|0|0|-5|5|-7|7,6|6|7|7|5|5|4|4,0|0|0|0|0|0|0|0,0|0|-6|8|0|0|0|0,540|542|527|546|540|542|521|523,0,0,0,30,11,128
817,10,1,1,2,1,0,0,5,8|52|44|51|41|44|116|101,255|112|44|122|41|59|67|0,0|0|0|32|32|32|32|32,0|32|32|32|32|32|32|32,0|32|105|102|32|76|101|118,0|108|84|105|109|101|114|32,502|8292|19496|30309|27749|26964|25965|17266,0,0,0,13,255,208
818,0,0,0,0,0,0,0,0,32|98|101|103|105|110|32|0,0|0|0|32|32|32|32|32,32|32|32|32|32|32|32|32,32|32|32|109|97|105|110|108,101|118|101|108|58|61|116|101,109|112|59|109|34|0|0|0,8192|8224|8224|8224|8224|8224|8224|8224,0,0,0,0,255,240
1000,0,0,0,0,0,0,0,0,108|101|32|32|32|32|50|48,32|32|32|32|32|32|32|32,32|32|32|32|32|32|32|32,48|53|35|0|0|0|0|32,97|110|105|32|32|32|32|32,32|32|32|32|32|32|50|49,8224|8224|8224|8224|8224|8224|8224|8224,0,0,0,0,255,240
1001,10,7,1,7,2,0,0,0,3|3|32|32|32|32|91|50,255|255|50|52|32|50|54|32,-3|3|32|51|48|32|32|32,5|5|55|32|48|57|32|49,0|0|49|51|32|49|53|0,0|0|0|0|0|32|32|32,663|663|8224|8224|8224|8224|13088|8242,0,0,0,28,255,208
1002,10,6,1,7,3,0,0,0,3|3|3|57|32|50|49|32,255|255|255|50|53|109|48|0,-3|0|3|32|32|32|32|32,4|5|4|32|32|32|32|32,0|0|0|52|50|32|52|52,0|0|0|32|52|56|32|53,663|663|663|8247|14642|13088|8241|13107,0,0,0,28,255,208
1003,10,5,1,7,5,0,0,0,3|3|3|3|3|32|32|32,255|255|255|255|255|52|32|53,-5|-3|0|3|5|54|48|93,0|4|5|4|0|32|51|57,0|0|0|0|0|51|32|52,0|0|0|0|0|0|0|32,663|663|663|663|663|8224|8224|12854,0,0,0,28,255,208
1004,10,4,1,7,7,0,0,0,3|3|3|3|3|3|3|32,255|255|255|255|255|255|255|32,-5|5|-3|3|0|3|-3|51,0|0|4|-4|5|4|-4|32,0|0|0|0|0|0|0|32,0|0|0|0|0|0|0|32,663|663|663|663|663|663|663|13366,0,0,0,28,255,208
1005,10,4,1,7,8,0,0,0,3|3|3|3|3|3|3|3,255|255|255|255|255|255|255|255,-5|5|-3|3|0|0|3|-3,0|0|4|-4|5|-5|4|-4,0|0|0|0|0|0|0|0,0|0|0|0|0|0|0|0,663|663|663|663|663|663|663|663,0,0,0,28,255,208
1006,20,6,2,7,8,0,0,0,3|3|3|3|3|3|3|3,255|255|255|255|255|255|255|255,-5|5|-3|3|0|0|3|-3,0|0|4|-4|5|-5|4|-4,0|0|0|0|0|0|0|0,0|0|0|0|0|0|0|0,663|663|663|663|663|663|663|663,0,0,0,28,255,208
1007,30,8,3,7,8,0,0,0,3|3|3|3|3|3|3|3,255|255|255|255|255|255|255|255,-5|5|-3|3|0|0|3|-3,0|0|4|-4|5|-5|4|-4,0|0|0|0|0|0|0|0,0|0|0|0|0|0|0|0,663|663|663|663|663|663|663|663,0,0,0,28,255,208
1008,40,10,4,7,8,0,0,0,3|3|3|3|3|3|3|3,255|255|255|255|255|255|255|255,-5|5|-3|3|0|0|3|-3,0|0|4|-4|5|-5|4|-4,0|0|0|0|0|0|0|0,0|0|0|0|0|0|0|0,663|663|663|663|663|663|663|663,0,0,0,28,255,208
1009,80,12,8,7,8,0,0,0,3|3|3|3|3|3|3|3,255|255|255|255|255|255|255|255,-5|5|-3|3|0|0|3|-3,0|0|4|-4|5|-5|4|-4,0|0|0|0|0|0|0|0,0|0|0|0|0|0|0|0,663|663|663|663|663|663|663|663,0,0,0,28,255,208
1010,80,15,8,7,8,0,0,13,3|3|3|3|3|3|3|3,255|255|255|255|255|255|255|255,-5|5|-3|3|0|0|3|-3,0|0|4|-4|5|-5|4|-4,0|0|0|0|0|0|0|0,0|0|0|0|0|0|0|0,663|663|663|663|663|663|663|663,0,0,0,28,255,208
1011,80,17,8,7,8,0,0,10,3|3|3|3|3|3|3|3,255|255|255|255|255|255|255|255,-5|5|-3|3|0|0|3|-3,0|0|4|-4|5|-5|4|-4,0|0|0|0|0|0|0|0,0|0|0|0|0|0|0|0,663|663|663|663|663|663|663|663,0,0,0,28,255,208
1012,40,20,1,0,1,0,0,0,6|56|35|0|0|0|0|32,255|100|108|101|118|101|108|32,0|32|32|32|32|32|56|53,6|32|32|32|32|32|32|32,0|32|32|32|32|32|32|32,0|48|35|0|0|0|0|32,564|28257|8297|8224|8224|8224|8224|13880,0,0,0,28,255,112
1013,40,5,1,0,1,0,0,0,2|1|2|1|2|1|1|1,255|8|8|8|8|8|8|8,0|0|3|5|-3|-5|-6|6,5|-2|0|0|0|0|0|0,0|0|0|4|0|-4|-4|4,0|0|0|0|0|0|0|0,625|21|21|20|21|20|20|20,0,0,0,28,255,112
1014,40,5,1,0,2,0,0,0,2|2|1|1|2|2|2|2,255|255|8|8|8|8|8|8,0|0|6|-6|0|8|-8|0,5|5|-6|-6|8|0|0|-8,-3|3|6|-6|0|8|-8|0,0|0|-6|-6|8|0|0|-8,625|625|21|21|20|20|20|20,0,0,0,28,255,112
1015,40,4,1,0,6,0,0,0,2|2|2|2|2|2|0|32,255|255|255|255|255|255|32|32,0|0|0|0|0|0|91|57,5|5|5|5|5|5|53|93,-3|3|-1|1|-2|2|32|32,0|0|0|0|0|0|32|56,625|625|625|625|625|625|26723|24951,0,0,0,28,255,112
1016,40,6,1,0,1,0,0,0,3|1|1|1|1|1|1|1,255|8|8|8|8|8|8|8,0|-2|2|-2|3|-3|0|0,7|2|-2|-2|0|0|3|-3,0|-2|2|-2|3|-3|0|0,0|2|-2|-2|0|0|3|-3,626|21|21|21|20|20|20|20,0,0,0,28,255,112
1017,40,4,1,0,2,0,0,0,2|2|32|32|32|32|32|32,255|255|35|0|0|0|0|32,0|0|99|99|101|108|32|32,7|7|32|32|32|32|49|48,-3|3|32|32|32|32|32|32,0|0|32|32|32|32|32|32,626|626|0|8192|24953|25443|27749|8224,0,0,0,28,255,112
1018,40,6,1,1,1,0,0,0,5|6|6|6|32|32|32|32,255|255|255|255|0|0|0|32,0|1|-3|3|32|32|32|32,8|-2|-3|-3|32|32|91|49,0|0|0|0|48|51|32|49,0|0|0|0|32|32|32|32,623|72|72|72|23865|35|0|8192,0,0,0,28,255,112
1019,40,5,1,1,2,0,0,0,5|5|32|32|32|32|32|32,255|255|32|32|32|32|32|32,0|0|35|0|0|0|0|32,8|8|101|109|121|103|114|111,-5|5|100|32|32|32|49|48,0|0|32|32|32|32|32|32,623|623|8224|8224|12857|35|0|8192,0,0,0,28,255,112
1020,40,4,1,1,4,0,0,0,5|5|5|5|32|32|32|32,255|255|255|255|32|32|32|32,0|0|0|0|0|0|0|32,8|8|8|8|102|102|115|101,-2|8|-8|2|32|32|49|48,0|0|0|0|32|32|32|32,623|623|623|623|13369|35|0|8192,0,0,0,28,255,112
1021,160,8,4,2,8,0,0,0,251|251|251|251|251|251|251|251,255|255|255|255|255|255|255|255,0|0|0|0|0|0|0|0,9|9|9|9|9|9|9|9,-8|4|-8|4|-4|8|-4|8,-7|-7|7|7|-7|-7|7|7,555|517|574|536|555|517|574|536,0,0,0,28,255,112
1022,160,6,4,2,8,0,0,0,251|251|251|251|251|251|251|251,255|255|255|255|255|255|255|255,0|0|0|0|0|0|0|0,9|9|9|9|9|9|9|9,-8|4|-8|4|-4|8|-4|8,-7|-7|7|7|-7|-7|7|7,555|517|574|536|555|517|574|536,0,0,0,28,255,112
1023,320,12,8,0,8,0,0,0,251|251|251|251|251|251|251|251,255|255|255|255|255|255|255|255,0|0|0|0|0|0|0|0,10|10|10|10|10|10|10|10,-18|-6|6|18|-18|-6|6|18,-7|-7|-7|-7|7|7|7|7,509|510|511|512|528|529|530|531,0,0,0,28,255,112
1024,280,150,4,0,4,0,0,0,251|251|251|251|55|32|32|32,255|255|255|255|32|32|32|32,0|0|0|0|49|48|50|32,5|5|5|5|0|32|120|109,-6|6|-6|6|117|110|99|101,-7|-7|7|7|49|49|57|32,610|611|629|630|8224|8224|8224|12337,0,0,0,28,255,112
1025,0,3,4,2,8,0,0,0,3|1|1|1|3|1|1|1,103|103|103|103|103|103|103|103,0|0|0|0|0|0|0|0,22|22|22|22|22|22|22|22,-8|-8|-8|-8|8|8|8|8,-22|-8|6|20|-22|-8|6|20,210|229|248|267|210|229|248|267,0,0,0,15,255,128
1026,30,2,1,0,5,0,0,0,112|112|112|112|112|105|110|103,255|255|255|255|255|109|121|116,0|-2|2|1|-1|32|114|101,-3|-3|-3|-3|-3|0|0|0,0|0|0|0|0|32|32|101,0|0|0|0|0|121|112|101,52|52|52|52|52|50|0|8192,1,0,0,7,6,208
1027,0,0,1,0,1,0,0,0,4|58|32|105|110|116|101|103,8|114|59|32|32|32|32|32,0|32|32|40|42|32|80|79,-1|73|84|73|79|78|32|42,0|32|53|0|0|0|0|32,0|32|32|32|32|101|120|99,21|25465|8224|8224|14880|29472|28520|29810,0,0,0,9,1,112
1028,0,0,8,0,8,0,0,0,1|1|1|1|0|0|0|0,8|8|8|8|4|4|4|4,3|-3|3|-3|0|4|-4|0,3|3|-3|-3|4|0|0|-4,3|-3|3|-3|0|4|-4|0,3|3|-3|-3|4|0|0|-4,21|21|21|21|20|20|20|20,0,0,0,12,1,112
1029,10,20,1,3,1,0,0,0,128|32|32|32|32|101|120|99,255|44|101|121|99|99|32|32,0|58|32|115|104|111|114|116,1|110|116|59|32|40|42|32,0|73|88|69|68|32|65|67,0|69|76|69|82|65|84|73,271|22304|18753|21588|19785|8261|10538|25,0,0,0,8,255,208
1030,40,1,2,2,4,0,0,0,2|2|2|2|2|2|2|2,255|255|255|255|255|255|255|255,116|124|116|124|2|-2|3|-3,12|12|12|12|7|7|6|6,-4|4|-4|4|6|-6|6|-6,0|0|0|0|0|0|0|0,206|206|207|207|153|153|153|153,0,0,0,8,255,208
1031,30,3,3,0,3,0,0,0,1|1|1|121|32|91|49|46,255|255|255|32|111|102|32|98,0|0|0|59|25|0|0|0,12|13|14|32|32|32|32|101,0|0|0|121|99|121|99|108,0|0|0|58|32|98|121|116,135|116|97|8192|8224|8224|24864|26990,0,0,0,8,255,144
1032,40,4,4,0,4,0,0,0,1|1|1|1|0|32|32|32,255|255|255|255|103|114|32|32,-1|-1|1|1|32|32|32|58,13|14|13|14|97|121|91|49,0|0|0|0|93|32|111|102,0|0|0|0|100|59|25|0,135|97|135|97|29472|31337|8293|8224,0,0,0,8,255,144
1033,50,5,5,0,5,0,0,0,1|1|1|1|1|32|32|108,255|255|255|255|255|109|32|32,0|0|0|0|0|98|121|116,12|13|14|15|16|0|0|32,0|0|0|0|0|97|110|105,0|0|0|0|0|101|32|32,135|116|116|116|97|0|8192|8224,0,0,0,8,255,144
1034,60,3,3,0,3,0,0,0,2|2|2|116|101|59|25|0,255|255|255|32|32|32|32|32,0|0|0|105|119|104|101|110,14|12|13|101|32|58|32|98,0|0|0|59|25|0|0|0,0|0|0|32|32|32|32|115,101|139|120|8295|8224|14880|30496|29295,0,0,0,8,255,144
1035,80,4,4,0,4,0,0,0,2|2|2|2|121|114|101|118,255|255|255|255|104|111|114|116,-1|-1|1|1|32|0|0|0,13|14|13|14|32|32|32|101,0|0|0|0|100|100|44|101,0|0|0|0|100|100|32|58,139|101|139|101|24891|31|0|8192,0,0,0,8,255,144
1036,0,50,6,0,6,0,0,0,116|116|116|116|116|116|32|58,255|255|255|255|255|255|25|0,-6|6|5|-5|5|-5|32|32,0|0|5|5|-5|-5|100|97,-8|8|5|-5|5|-5|32|119,0|0|5|5|-5|-5|0|0,102|104|122|121|141|140|25959|8292,0,0,0,11,1,208
1037,0,7,2,0,2,0,0,0,1|1|32|32|32|101|110|101,255|255|116|121|112|101|32|32,0|0|32|119|111|114|100|59,6|6|0|0|0|32|32|32,0|0|32|97|110|105|109|105,4|-4|32|32|32|32|32|58,227|227|15205|25|0|8192|8224|8224,0,0,0,26,255,208
1038,0,7,2,0,2,0,0,0,1|1|100|59|29|0|0|0,255|255|32|32|32|32|32|101,0|0|101|118|101|108|32|32,-6|-6|32|58|32|115|104|111,0|0|105|110|116|59|29|0,4|-4|0|32|32|32|32|32,227|227|26990|8224|8224|8224|14880|29472,0,0,0,26,255,208
1039,0,0,0,0,0,0,0,0,32|32|32|45|45|45|45|45,45|32|32|32|32|32|32|58,32|98|111|111|108|101|97|110,59|0|25|0|0|0|0|32,32|32|32|32|32|102|105|108,116|101|114|32|32|32|32|32,14880|25120|29817|15205|41|0|8192|8224,0,0,0,1,255,208
1040,60,4,1,0,2,0,0,0,8|8|114|114|97|121|32|91,255|255|46|51|93|32|111|102,4|-4|121|116|101|59|41|0,10|10|0|32|32|32|32|32,0|0|105|108|108|32|32|32,0|0|32|32|32|58|32|97,68|69|12635|11822|14643|8285|26223|25120,0,0,0,1,255,208
1041,120,2,2,0,2,0,0,0,8|8|32|32|32|32|32|32,255|255|32|32|32|32|101|110,5|-5|1|0|0|0|0|125,11|11|0|0|0|32|41|0,0|0|0|32|32|32|109|111,0|0|32|97|108|44|100|115,68|69|12333|23865|8224|31520|16672|15704,0,0,0,1,255,208
1042,120,0,2,0,2,0,0,0,8|8|32|32|99|98|119|32,255|255|0|0|0|32|32|32,5|-5|118|32|32|98|120|44,11|11|0|0|0|0|0|32,0|0|0|0|0|32|32|32,0|0|118|32|32|97|108|44,68|69|26995|12589|23856|6|0|8192,0,0,0,1,255,208
1043,130,4,1,0,1,0,0,0,5|32|32|32|109|111|118|32,255|99|120|44|100|115|58|91,0|105|45|48|54|93|32|32,7|123|32|67|72|61|101|120,0|99|32|32|67|76|61|101,0|99|99|32|32|125|0|0,94|27904|13|0|8192|8224|29295|8224,0,0,0,1,255,208
1044,160,6,1,0,1,0,0,0,15|32|32|64|110|111|120|97,255|99|101|108|98|32|0|0,0|0|0|32|45|0|0|0,8|32|32|32|109|111|118|32,0|100|104|44|100|115|58|91,0|105|45|48|52|93|32|32,94|17440|15688|30821|25443|8311|19524|25917,0,0,0,1,255,208
1045,30,1,1,0,1,0,0,0,4|32|32|100|104|108|12|0,255|0|0|32|32|32|99|109,0|32|32|100|104|44|48|32,11|0|0|0|0|32|32|32,0|103|32|32|32|64|110|111,0|97|99|99|101|108|21|0,64|8192|8224|28003|8304|24864|11372|29540,0,0,0,1,255,112
1046,40,1,1,0,1,0,0,0,6|101|32|32|32|64|88|97,255|99|101|108|82|101|118|115,0|0|0|0|0|32|32|32,10|100|100|32|32|97|120|44,0|115|58|91|115|105|43|53,0|93|21|0|0|0|0|32,7|28525|8310|25632|11368|29540|23354|26995,0,0,0,1,255,112
1047,50,1,1,0,1,0,0,0,8|32|99|109|112|32|32|97,255|44|100|115|58|91|115|105,0|53|52|93|17|0|0|0,10|32|32|32|106|110|101|32,0|64|78|111|88|97|99|99,0|108|12|0|0|0|0|32,65|25409|25955|21100|30309|13370|27|0,0,0,0,1,255,144
1048,30,3,1,0,1,0,0,0,7|32|100|115|58|91|115|105,255|48|54|93|5|0|0|0,0|32|32|32|110|101|50|8,16|-1|15|0|0|0|0|32,0|32|32|32|32|111|114|32,0|97|108|44|97|108|23|0,208|8192|8224|8224|27168|31342|16416|12610,0,0,0,1,255,208
1049,0,4,2,0,2,0,0,0,1|1|0|0|0|32|32|32,255|255|32|109|111|118|32|115,-10|10|100|120|32|123|80|111,0|0|116|32|116|111|32|115,0|0|112|101|32|111|102|102,0|0|116|32|108|111|111|107,39|1|25455|29793|28521|32110|14|0,0,0,0,8,255,48
1050,0,6,4,0,4,0,0,0,1|1|1|1|0|32|32|32,255|255|255|255|111|118|32|115,-9|9|9|-9|58|91|115|105,2|2|-2|-2|71|101|116|32,-2|2|2|-2|101|32|111|102,0|0|0|0|125|0|32|0,281|282|301|300|27936|30319|25632|11369,0,0,0,8,255,48
1051,0,6,8,0,8,0,0,0,1|1|1|1|1|1|1|1,255|255|255|255|255|255|255|255,-6|6|6|-6|-9|9|0|0,6|6|-6|-6|0|0|9|-9,0|0|0|0|0|0|0|0,0|0|0|0|0|0|0|0,163|164|183|182|39|1|58|77,0,0,0,8,255,48
1052,0,6,4,0,4,0,0,0,2|2|2|2|0|0|0|32,255|255|255|255|50|68|114|97,-9|9|9|-9|0|0|0|32,2|2|-2|-2|32|115|104|114,-2|2|2|-2|52|32|15|0,0|0|0|0|32|32|32|32,277|278|297|296|25203|15|0|8192,0,0,0,8,255,48
1053,0,6,2,0,2,0,0,0,3|3|0|32|32|32|32|32,255|255|111|118|32|97|108|44,-10|10|58|91|115|105|93|110,0|0|0|0|0|32|32|32,0|0|32|105|110|99|32|115,0|0|15|0|0|0|0|32,102|104|27936|30319|25376|11372|27745|16,0,0,0,8,255,48
1054,0,6,4,0,4,0,0,0,3|3|3|3|15|0|0|0,255|255|255|255|32|32|32|97,-6|6|6|-6|105|44|97|120,6|6|-6|-6|0|32|32|32,0|0|0|0|101|115|116|32,0|0|0|0|70|48|17|0,121|122|141|140|27168|31342|16416|12866,0,0,0,8,255,48
1055,40,1,1,0,1,0,0,0,6|100|32|100|105|44|51|50,255|45|49|50|16|0|0|0,0|32|32|32|32|32|32|99,10|112|32|97|108|44|36|48,0|101|21|0|0|0|0|32,0|32|32|32|32|106|110|101,45|12866|28483|29806|28265|25973|0|0,0,0,0,1,255,112
1056,20,1,1,0,1,0,0,0,2|105|110|117|101|58|20|0,255|0|0|32|32|32|32|32,-6|109|111|118|32|97|108|44,6|115|58|91|115|105|93|32,0|0|0|0|0|32|32|32,0|66|50|67|111|110|116|105,121|12901|10298|12|0|8192|8224|8224,0,0,0,1,255,208
1057,20,1,1,0,1,0,0,0,2|32|32|109|111|118|32|99,255|44|97|108|16|0|0|0,6|32|32|32|32|32|32|97,6|100|32|97|108|44|36|48,0|32|15|0|0|0|0|32,0|32|32|32|32|97|100|100,122|11369|30817|17|0|8192|8224|8224,0,0,0,1,255,208
1058,20,7,1,0,1,4,3,0,8|32|32|32|32|32|32|106,255|32|32|64|66|50|110|101,0|116|108|105|110|101|14|0,0|0|0|32|32|32|32|32,0|115|104|114|32|99|108|44,0|69|15|0|0|0|0|32,4|8224|29216|28773|27936|30319|25203|21,0,0,0,1,255,208
1059,10,1,1,2,1,0,0,2,3|111|110|116|105|110|117|101,255|0|0|0|0|32|32|32,0|66|50|78|101|120|116|108,0|110|101|58|19|0|0|0,0|32|32|32|32|32|32|97,0|100|32|100|105|44|51|50,112|12849|20|0|8192|8224|8224|27936,0,0,0,13,255,208
1060,60,2,2,0,2,0,0,0,4|4|0|32|32|32|32|32,255|255|114|32|32|97|108|44,0|0|23|0|0|0|0|32,10|10|32|32|32|106|110|122,-5|5|66|50|67|111|110|116,0|0|117|101|50|125|0|0,64|64|23|0|8192|8224|8224|28010,0,0,0,1,255,208
1061,100,2,2,0,2,0,0,0,6|6|0|0|0|32|15|0,255|255|0|64|85|115|101|65,0|0|108|116|101|114|66|111,10|10|0|0|0|0|0|50,-5|5|0|0|0|32|32|32,0|0|32|109|111|118|32|115,76|76|31520|28496|28265|8308|28532|29472,0,0,0,1,255,208
1062,10,1,1,2,1,0,0,2,2|112|32|108|111|99|97|116,255|111|110|125|40|0|0|0,0|32|32|32|32|32|32|109,0|118|32|115|105|44|100|115,0|91|115|105|93|32|32|123,0|101|116|32|115|104|97|112,112|26223|29542|29797|125|15|0|8192,0,0,0,13,255,208
1063,10,1,1,2,1,0,0,2,1|0|0|97|15|0|0|0,255|32|32|32|32|32|32|115,0|98|32|97|104|44|97|104,0|0|0|0|0|32|22|0,0|0|0|32|32|32|32|32,0|106|109|112|32|64|66|49,168|28271|26996|30062|24933|12|0|8192,0,0,0,13,255,208
1064,40,4,1,0,1,0,0,0,10|32|32|32|32|32|32|115,255|114|32|99|108|44|52|93,0|0|0|0|0|32|32|32,1|68|114|97|119|112|105|120,-20|111|110|116|84|111|112|49,10|58|18|0|0|0|0|32,207|28525|8310|24864|11372|29540|23354|26995,0,0,8,1,255,208
1065,20,2,1,0,1,0,0,0,5|44|36|48|70|32|13|0,255|0|0|32|32|32|111|114,0|32|32|97|108|44|99|104,2|0|0|0|0|32|32|32,-20|111|118|32|32|101|115|58,10|100|105|93|44|97|108|104,207|0|8192|8224|28265|8291|29472|30313,0,0,8,1,255,208
1066,0,0,8,0,8,0,0,0,128|121|187|187|187|187|187|187,255|255|255|255|255|255|255|255,0|0|0|-1|1|0|1|-1,1|1|1|1|1|1|0|0,0|0|0|-12|12|0|20|-20,0|0|0|20|20|-20|-10|-10,171|171|100|171|171|171|171|171,0,0,0,6,255,208
1067,0,0,4,0,4,0,0,0,2|2|2|2|108|44|100|115,255|255|255|255|93|40|12|0,3|-3|3|-3|32|32|32|32,3|3|-3|-3|32|115|105|115,0|0|0|0|0|32|32|32,0|0|0|0|111|118|32|99,99|99|99|99|8192|8224|8224|24864,0,0,0,6,255,208
1068,20,1,2,2,2,0,0,0,2|2|32|32|32|97|100|100,255|255|105|44|97|120|17|0,1|-1|0|32|32|32|32|32,2|2|101|115|116|32|99|108,8|-8|70|48|18|0|0|0,0|0|32|32|32|32|32|106,112|112|12610|17510|24946|10871|19|0,0,0,0,1,255,208
1069,0,0,2,0,2,0,0,0,4|4|49|50|16|0|0|0,255|255|32|32|32|32|32|99,0|0|32|97|108|44|36|48,3|3|22|0|0|0|0|32,-6|6|32|32|32|106|110|101,0|0|66|49|102|67|111|110,260|260|25957|0|0|28672|16|0,0,0,0,6,255,208
1070,10,1,1,2,1,0,0,3,2|32|20|0|0|0|0|32,255|32|32|32|32|109|111|118,0|97|108|44|100|115|58|91,0|105|93|32|17|0|0|0,0|32|32|32|64|66|49|102,-2|111|110|116|105|110|117|101,112|12|0|8192|8224|8224|26912|25454,0,0,0,13,255,208
1071,0,0,8,3,8,0,0,0,1|1|1|1|1|1|1|1,8|8|8|8|8|8|8|8,2|-2|2|-2|3|-3|0|0,2|2|-2|-2|0|0|3|-3,2|-2|2|-2|3|-3|0|0,2|2|-2|-2|0|0|3|-3,214|214|214|214|214|214|214|214,0,0,0,12,12,112
1072,60,3,3,0,3,0,0,0,4|3|3|106|122|32|32|64,255|255|255|110|101|120|116|108,0|-3|3|48|14|0|0|0,4|3|3|32|32|32|32|115,0|0|0|99|108|44|52|32,0|0|0|0|0|32|32|32,94|140|141|30825|28515|29806|28482|12660,0,0,0,13,255,192
1073,0,2,8,9,8,0,0,0,2|2|2|2|2|2|2|2,10|10|10|10|10|10|10|10,-9|9|-9|9|-10|10|-10|10,6|-6|-6|6|-3|3|3|-3,0|0|0|0|0|0|0|0,0|0|0|0|0|0|0|0,172|172|172|172|172|172|172|172,0,0,0,0,255,112
1074,0,3,2,0,2,0,0,0,1|175|99|32|32|115|105|32,255|255|0|0|0|32|32|32,-7|6|99|32|32|100|105|118,1|6|0|0|0|32|32|32,2|0|99|32|32|99|108|59,0|0|0|0|0|32|32|32,246|255|16416|29252|30561|26992|25464|28271,0,0,0,8,255,208
1075,0,3,2,0,2,0,0,0,174|1|109|112|32|64|66|49,255|255|111|110|116|105|110|117,-6|7|16|0|0|0|0|32,6|1|64|66|49|102|78|101,0|-2|108|105|110|101|58|97,0|0|0|0|0|32|32|32,255|246|25700|25632|11369|12851|11568|12849,0,0,0,8,255,208
1076,40,4,4,0,4,0,0,0,4|4|4|4|58|91|115|105,255|255|255|255|0|0|0|32,-5|-5|5|5|32|111|114|32,0|0|0|0|97|108|24|0,0|0|0|0|32|32|32|32,0|14|0|14|32|64|66|49,105|124|106|125|12901|25981|0|0,0,0,0,6,255,208
1077,0,0,8,0,8,0,0,0,5|5|5|5|5|5|5|5,16|16|16|16|16|16|16|16,6|-6|6|-6|0|8|-8|0,6|6|-6|-6|8|0|0|-8,6|-6|6|-6|0|8|-8|0,6|6|-6|-6|8|0|0|-8,244|244|244|244|244|244|244|244,0,0,0,11,1,112
1078,90,1,3,2,3,0,0,0,2|2|2|44|100|115|58|91,255|255|255|32|32|123|71|101,0|1|-1|104|97|112|101|32,4|3|3|115|101|116|125|32,0|0|0|0|0|32|32|32,0|0|0|109|111|118|32|100,225|225|225|26707|28769|8293|28524|24931,0,0,0,13,255,208
1079,0,0,4,0,4,0,0,0,1|1|1|1|32|100|105|44,255|255|255|255|49|50|32|112,0|0|0|0|115|32|116|111,14|14|14|14|32|114|105|103,3|13|32|42|0|0|0|0,-18|-14|-12|-18|0|0|0|32,286|286|286|286|16416|12866|17254|28271,0,0,0,6,255,208
1080,120,1,4,2,4,0,0,0,2|2|2|2|97|119|58|100,255|255|255|255|0|32|32|32,2|-1|2|-1|104|114|32|99,4|4|-4|-4|21|0|0|0,0|0|0|0|64|68|114|97,0|0|0|0|99|111|110|116,225|225|225|225|0|8192|8224|28525,0,0,0,13,255,208
1081,80,2,8,0,8,0,0,0,1|1|1|1|1|1|1|1,255|255|255|255|255|255|255|255,-10|10|-7|7|0|-7|7|0,0|0|7|7|-10|-7|-7|10,0|0|0|0|0|0|0|0,0|0|0|0|0|0|0|0,77|58|182|163|1|183|164|39,0,0,0,6,255,208
1082,30,4,3,0,3,0,0,0,1|1|1|32|105|110|99|32,255|255|255|32|10|0|0|0,0|-10|10|32|100|101|99|32,10|0|0|101|25|0|0|0,0|0|0|32|106|110|122|32,0|0|0|114|97|119|112|105,58|39|1|28783|25138|16|0|8192,0,0,0,6,255,208
1083,40,4,2,0,2,0,0,0,1|1|0|0|0|32|32|32,255|255|32|109|111|118|32|97,5|-5|100|115|58|91|115|105,8|8|12|0|0|0|0|32,0|0|32|32|32|105|110|99,0|0|105|32|15|0|0|0,227|227|8224|27936|30319|25376|11372|27745,0,0,0,10,255,208
1084,20,2,2,0,2,0,0,0,2|184|36|48|70|32|15|0,255|255|0|32|32|32|32|32,0|0|100|100|32|100|105|44,8|6|17|0|0|0|0|32,0|0|32|32|32|116|101|115,0|0|99|108|44|36|70|48,98|98|8192|8224|8224|27168|31342|16416,0,0,0,6,1,208
1085,80,3,8,0,8,0,0,0,1|2|1|2|1|2|1|2,255|255|255|255|255|255|255|255,120|120|120|120|120|120|120|120,8|8|8|8|8|8|8|8,0|0|-12|-12|12|12|-24|-24,0|14|0|14|0|14|0|14,157|159|157|159|157|159|157|159,0,0,0,6,255,208
1086,10,2,1,0,1,0,0,0,189|66|50|102|67|111|110|116,255|110|117|101|58|32|20|0,0|0|0|32|32|32|32|32,0|109|111|118|32|97|108|44,0|115|58|91|115|105|93|109,0|0|0|0|0|32|32|32,238|26162|28483|29806|28265|25973|14898|12,1,0,0,6,255,208
1087,0,8,1,0,1,0,0,0,30|0|0|0|0|32|32|32,4|32|32|109|111|118|32|99,120|44|97|108|16|0|0|0,120|32|32|32|32|32|32|97,-40|100|32|97|108|44|36|48,-30|59|15|0|0|0|0|32,60034|8224|24864|25700|25632|11369|30817|17,0,0,0,1,255,208
1088,30,3,3,0,3,0,0,0,20|20|20|48|22|0|0|0,255|255|255|32|32|32|32|106,120|120|120|64|66|50|102|110,10|10|10|108|105|110|101|59,-32|-32|-32|0|0|32|32|32,-24|0|28|115|104|114|32|99,60023|60024|60025|0|8192|8224|17472|24946,0,0,0,6,255,208
1089,20,2,2,3,2,0,0,0,189|1|0|32|32|32|109|111,255|255|32|97|108|44|100|115,0|0|115|105|93|32|14|0,-1|-1|0|32|32|32|97|110,0|0|32|97|108|44|36|48,-1|-1|13|0|0|0|0|32,107|107|8224|24864|11372|26723|18|0,-1,0,0,6,255,208
1090,0,0,8,3,8,0,0,0,5|5|5|5|5|5|5|5,16|16|16|16|16|16|16|16,1|-1|1|-1|0|2|-2|0,1|1|-1|-1|2|0|0|-2,6|-6|6|-6|0|8|-8|0,6|6|-6|-6|8|0|0|-8,214|214|214|214|214|214|214|214,0,0,0,11,1,112
1091,40,4,4,0,4,0,0,0,3|1|1|3|0|0|0|32,255|255|255|255|32|106|109|112,0|-2|2|0|102|67|111|110,10|7|7|10|101|41|16|0,0|0|0|0|32|32|64|66,6|0|0|-6|120|116|108|105,60|201|202|60|8192|8224|8224|24864,0,0,0,6,255,208
1092,0,10,2,0,2,0,0,0,192|1|32|32|32|32|32|109,255|255|32|97|108|44|100|115,0|0|115|105|93|0|15|0,8|8|0|32|32|32|32|32,0|0|114|32|32|97|108|44,0|0|24|0|0|0|0|32,65|65|27168|31342|16416|12866|17254|28271,0,0,0,27,255,208
1093,0,10,2,0,2,0,0,0,193|2|0|64|78|79|68|82,255|255|66|79|84|84|79|77,0|0|8|0|0|0|0|64,8|8|73|69|78|68|58|32,0|0|0|0|0|32|32|32,0|0|112|111|112|32|32|100,64|64|0|8192|8224|8224|28525|8310,0,0,0,27,255,208
1094,0,10,1,0,1,0,0,0,195|107|105|112|65|78|73|58,255|0|0|0|0|32|38|0,0|0|0|123|32|32|32|32,0|32|32|32|32|32|32|32,0|102|102|115|101|116|32|32,0|32|32|32|32|32|32|32,71|29542|29797|12589|27952|35|0|8192,1,0,0,7,6,208
1095,0,10,4,0,4,0,0,0,196|197|4|4|32|32|32|32,255|255|121|121|32|32|32|45,-12|12|-6|6|0|0|0|32,0|0|0|0|32|32|32|32,0|0|0|0|32|32|48|49,0|0|0|0|32|32|32|32,45|7|45|7|13361|35|0|8192,0,0,0,27,1,208
1096,0,10,2,0,2,0,0,0,196|4|32|32|32|32|32|32,255|121|32|32|32|32|32|45,-12|-6|35|0|0|0|0|32,0|0|99|32|32|32|32|32,0|0|32|32|32|32|48|53,0|0|32|32|32|32|32|32,45|45|8224|11552|12337|35|0|8192,0,0,0,27,1,208
1097,0,10,2,0,2,0,0,0,197|4|32|32|32|32|32|32,255|121|32|32|32|32|32|45,12|6|35|0|0|0|0|32,0|0|99|97|32|32|32|32,0|0|32|32|32|32|48|55,0|0|32|32|32|32|32|32,7|7|8224|11552|14384|35|0|8192,0,0,0,27,1,208
1098,20,0,1,0,8,0,0,0,2|2|2|2|2|2|2|2,255|255|255|255|255|255|255|255,0|0|0|0|0|0|0|0,14|14|14|14|14|14|14|14,-8|-4|0|4|8|4|0|-4,0|0|0|0|0|0|0|0,70|70|70|70|70|70|70|70,0,0,0,1,255,208
1099,20,0,1,0,8,0,0,0,2|2|2|2|2|2|2|2,255|255|255|255|255|255|255|255,-2|-1|0|1|2|1|0|-1,14|14|14|14|14|14|14|14,-8|-4|0|4|8|4|0|-4,0|0|0|0|0|0|0|0,70|70|70|70|70|70|70|70,0,0,0,1,255,208
1100,40,0,2,0,6,0,0,0,2|2|2|2|2|2|0|32,255|255|255|255|255|255|109|112,-2|2|-1|1|0|0|110|116,14|14|14|14|14|14|0|0,-8|8|-4|4|-2|2|50|78,0|0|0|0|0|0|101|58,70|70|70|70|70|70|25700|25632,0,0,0,1,255,208
1101,10,6,1,0,1,0,0,0,2|32|32|109|111|118|32|97,255|44|100|115|58|91|115|105,0|32|15|0|0|0|0|32,12|32|32|32|32|111|114|32,0|97|108|44|97|108|23|0,0|0|0|32|32|32|32|32,252|31342|16416|12884|28483|29806|28265|25973,0,0,0,28,255,208
1102,10,10,1,0,1,0,0,0,5|32|106|109|112|32|32|64,255|111|68|114|97|119|84|111,0|110|0|0|0|0|0|97,10|0|0|0|0|64|85|115,0|65|70|105|108|116|101|114,0|111|112|58|0|0|0|0,253|55|0|8192|8224|8224|27936|30319,0,0,0,27,255,208
1103,10,16,1,0,1,0,0,0,10|115|104|97|112|101|32|111,255|102|115|101|116|32|108|111,0|107|117|112|32|108|111|99,8|116|105|111|110|125|40|0,0|0|0|32|32|32|32|32,0|109|111|118|32|115|105|44,254|23354|26995|8285|31520|25927|8308|26739,0,0,0,26,255,208
1104,0,0,1,0,1,0,0,0,90|32|32|32|32|32|32|109,250|118|32|100|105|44|98|120,120|0|0|0|0|32|15|0,120|0|0|32|32|32|32|32,-24|115|117|98|32|97|104|44,24|104|0|0|0|0|0|118,98|0|8192|8224|8224|27168|28781|16416,0,0,8,1,255,208
1105,0,0,1,0,1,0,0,0,2|32|32|32|64|84|49|102,255|114|97|119|58|119|14|0,0|0|0|32|32|32|32|32,4|115|104|114|32|99|108|44,0|111|21|0|0|0|0|32,0|32|64|68|114|97|119|112,61|28515|29806|28500|12656|14950|18|0,0,0,0,1,255,208
1106,0,0,1,0,1,0,0,0,2|105|93|111|14|0|0|0,255|32|32|32|97|110|100|32,3|97|108|44|36|48|70|61,0|0|0|0|0|32|32|32,0|114|32|32|32|97|108|44,0|104|18|0|0|0|0|32,80|28525|8310|25888|14963|25691|23913|24876,0,0,0,1,255,208
1107,20,0,1,0,8,0,0,0,2|2|2|2|2|2|2|2,255|255|255|255|255|255|255|255,-4|-2|0|2|4|2|0|-2,14|14|14|14|14|14|14|14,-8|-4|0|4|8|4|0|-4,0|0|0|0|0|0|0|0,70|70|70|70|70|70|70|70,0,0,0,1,255,208
1108,40,0,2,0,6,0,0,0,2|2|2|2|2|2|20|0,255|255|255|255|255|255|32|32,-4|4|-2|2|-1|1|108|44,14|14|14|14|14|14|93|32,-8|8|-4|4|-2|2|32|32,0|0|0|0|0|0|32|115,70|70|70|70|70|70|27936|30319,0,0,0,1,255,208
1109,80,3,8,0,8,0,0,0,1|1|1|1|1|1|1|1,255|255|255|255|255|255|255|255,0|0|0|0|0|0|0|0,12|13|14|15|16|17|18|19,0|0|0|0|0|0|0|0,0|0|0|0|0|0|0|0,135|116|116|116|116|116|116|97,0,0,0,8,255,144
1110,30,3,1,0,1,0,0,4,3|0|0|32|32|32|32|32,255|97|100|100|32|100|105|44,0|50|48|45|49|50|16|0,0|0|0|32|32|32|32|32,0|99|109|112|32|97|108|44,0|48|70|32|22|0|0|0,214|8224|8224|27168|25966|16416|12628|17254,0,0,0,13,255,208
1111,0,6,1,0,2,0,0,0,4|4|0|123|32|32|32|64,255|255|102|67|111|110|116|105,0|0|101|58|20|0|0|0,5|5|32|32|32|32|32|109,-4|4|32|97|108|44|100|115,0|0|115|105|93|110|17|0,72|72|8224|21568|26161|28483|29806|28265,1,0,0,5,255,208
1112,10,4,1,0,1,0,0,0,1|99|32|115|105|32|15|0,255|0|0|32|32|32|32|32,0|109|111|118|32|99|108|44,8|108|16|0|0|0|0|32,-5|32|32|32|32|97|110|100,0|97|108|44|36|48|70|115,58|0|8192|8224|8224|24864|25700|25632,0,0,0,1,255,208
1113,10,4,1,0,1,0,0,0,1|115|116|32|99|108|44|36,255|48|22|0|0|0|0|32,0|32|32|32|32|106|122|32,8|64|84|49|102|110|101|120,6|108|105|110|101|101|14|0,0|0|0|32|32|32|32|32,58|29288|25376|11372|8244|21|0|8192,0,0,0,1,255,208
1114,40,0,1,0,1,0,0,0,2|49|102|58|18|0|0|0,255|32|32|32|109|111|118|32,0|97|108|44|100|115|58|91,14|105|93|0|14|0|0|0,0|32|32|32|97|110|100|32,0|97|108|44|36|48|70|59,142|0|8192|8224|29295|8224|24864|11372,0,0,0,1,255,144
1115,10,1,1,2,1,0,0,3,2|58|91|100|105|93|44|97,255|101|10|0|0|0|0|32,0|32|105|110|99|32|32|115,0|97|10|0|0|0|0|32,-8|32|105|110|99|32|32|100,-2|32|10|0|0|0|0|32,112|25956|8291|25376|8300|25|0|8192,0,0,0,13,255,208
1116,10,1,1,2,1,0,0,3,2|110|116|84|111|112|49|102,255|0|0|0|0|32|32|32,0|32|32|106|109|112|32|64,0|49|102|67|111|110|116|105,8|117|101|0|16|0|0|0,-2|32|32|32|64|84|49|102,112|29816|26988|25966|8250|19|0|8192,0,0,0,13,255,208
1117,30,1,1,0,1,0,0,4,5|50|20|0|0|0|0|32,255|32|32|32|32|109|111|118,0|97|108|44|100|115|58|91,0|105|93|110|15|0|0|0,0|32|32|32|32|32|32|111,0|32|32|97|108|44|97|108,285|0|8192|8224|8224|27168|31342|16416,0,0,0,13,255,208
1118,40,3,2,0,2,0,0,0,3|3|0|32|55|0|0|0,255|255|32|32|32|32|32|109,0|0|32|115|105|44|100|120,14|14|80|111|105|110|116|32,-6|6|32|115|104|97|112|101,0|0|102|102|115|101|116|32,143|144|28789|27680|25455|29793|28521|32110,0,0,0,13,255,192
1119,80,3,1,0,1,0,0,0,4|44|50|54|40|0|0|0,255|32|32|32|32|32|32|109,-2|118|32|115|105|44|100|115,4|91|115|105|93|32|32|123,0|101|116|32|115|104|97|112,0|32|111|102|102|115|101|116,166|32|0|8192|8224|8224|27936|30319,0,0,0,10,255,144
1120,80,4,1,0,1,0,0,0,4|97|116|105|111|110|125|32,255|0|0|0|0|32|32|32,2|32|32|97|100|100|32|100,4|44|49|50|32|123|49|50,0|112|105|120|101|108|115|32,0|111|32|116|104|101|32|114,166|29800|8317|0|0|8192|22|0,0,0,0,10,255,112
1121,10,1,1,0,8,0,0,0,1|1|1|1|1|1|1|1,8|8|8|8|8|8|8|8,-2|-1|0|1|2|1|0|-1,13|14|15|14|13|14|15|14,-4|-2|0|2|4|2|0|-2,0|0|0|0|0|0|0|0,7304|7304|7304|7304|7304|7304|7304|7304,-1,0,0,4,255,112
1122,30,3,3,0,3,0,0,0,2|1|1|32|32|97|108|44,255|255|255|91|115|105|93|98,0|0|0|0|0|32|32|32,12|12|12|32|32|97|108|44,0|-6|5|32|13|0|0|0,0|4|4|32|111|114|32|32,107|108|108|18|0|8192|8224|28525,0,0,0,1,255,112
1123,0,5,8,1,8,0,0,0,1|1|1|1|1|1|1|1,255|255|255|255|255|255|255|255,-22|-22|-22|-22|-22|-22|-22|-22,0|0|0|0|0|0|0|0,0|-12|-24|-36|-48|-60|-72|-84,0|0|0|0|0|0|0|0,198|199|198|199|198|199|198|199,0,0,0,15,255,128
1124,0,5,8,1,8,0,0,0,1|1|1|1|1|1|1|1,255|255|255|255|255|255|255|255,22|22|22|22|22|22|22|22,0|0|0|0|0|0|0|0,0|12|24|36|48|60|72|84,0|0|0|0|0|0|0|0,198|199|198|199|198|199|198|199,0,0,0,15,255,128
1125,10,4,1,0,1,0,0,0,1|108|16|0|0|0|0|32,255|32|32|32|32|97|110|100,0|97|108|44|36|48|70|101,6|0|0|0|0|32|32|32,-8|32|32|97|100|100|32|100,0|44|97|120|17|0|0|0,58|8224|8224|29728|29541|8308|27747|9260,0,0,0,1,255,208
1126,10,4,1,0,1,0,0,0,1|64|84|50|102|68|114|97,255|93|19|0|0|0|0|32,0|32|32|32|32|97|100|100,6|100|105|44|51|50|48|45,8|50|16|0|0|0|0|32,0|32|32|32|32|99|109|112,58|11372|12324|28486|22|0|8192|8224,0,0,0,1,255,208
1127,50,5,5,2,5,0,0,0,3|3|3|3|3|0|0|0,255|255|255|255|255|0|0|123,0|-1|1|-2|2|102|67|111,3|2|2|1|1|101|58|0,0|0|0|0|0|32|32|32,0|0|0|0|0|118|32|97,112|112|112|112|112|17|0|8192,0,0,0,6,255,208
1128,30,4,1,7,1,0,0,0,4|0|0|0|0|32|32|32,255|32|32|105|110|99|32|115,0|0|15|0|0|0|0|32,7|32|32|32|32|109|111|118,0|99|108|44|97|108|16|0,0|0|0|32|32|32|32|32,601|25710|24864|11372|12324|27974|15|0,0,0,3,13,11,128
1129,30,4,1,3,1,0,0,0,1|0|0|0|0|32|32|32,255|32|32|116|101|115|116|32,0|108|44|36|70|48|22|0,0|0|0|32|32|32|32|32,-8|106|122|32|32|64|84|50,0|110|101|120|116|108|105|110,107|14|0|8192|8224|8224|29472|29288,0,0,5,13,12,128
1130,0,0,1,0,4,0,0,0,1|1|1|1|105|120|99|111,255|255|255|255|112|50|102|58,14|14|14|14|0|32|32|32,0|0|0|0|32|97|108|44,0|0|0|0|115|105|93|99,-5|-5|-5|-5|0|32|32|32,286|287|286|288|12324|25414|13|0,0,0,0,6,255,208
1131,10,4,1,0,1,0,0,0,2|0|0|32|32|32|109|111,255|32|32|101|115|58|91|100,0|93|44|97|108|32|10|0,6|0|0|32|32|32|105|110,0|32|32|115|105|101|10|0,0|0|0|32|32|32|105|110,61|25632|28009|10|0|8192|8224|25956,0,0,0,1,255,208
1132,10,4,1,0,1,0,0,0,2|32|32|64|68|114|97|119,255|105|120|99|111|110|116|84,0|112|50|102|22|0|0|0,6|32|32|32|32|32|32|106,0|112|32|64|84|50|102|67,0|110|116|105|110|117|101|84,162|0|8192|8224|21568|26162|25934|29816,0,0,0,1,255,208
1133,10,4,1,1,1,0,0,0,4|97|100|100|32|100|105|44,255|50|48|45|49|50|20|0,0|0|0|32|32|32|32|32,6|109|111|118|32|97|108|44,0|115|58|91|115|105|93|123,0|0|0|0|0|32|32|32,168|28448|8306|24864|11372|27745|24|0,0,0,0,1,255,208
1134,60,4,3,0,3,0,0,0,2|1|1|105|110|117|101|50,255|255|255|0|0|0|0|32,0|5|-5|0|0|64|78|79,10|8|8|87|84|79|80|58,0|0|0|0|0|91|24|0,0|0|0|32|32|32|32|32,244|227|227|24951|8307|30064|26739|25701,0,0,0,1,255,208
1135,60,4,3,0,3,0,0,0,2|1|1|32|112|111|112|32,255|255|255|32|12|0|0|0,0|5|-5|32|32|32|112|111,-10|-8|-8|97|120|32|16|0,0|0|0|32|32|32|32|32,0|0|0|32|32|97|120|44,244|227|227|0|8192|8224|8224|27754,0,0,0,1,255,208
1136,120,3,2,2,2,0,0,0,6|6|0|0|0|32|32|32,255|255|99|109|112|32|32|97,0|0|49|56|50|0|23|0,6|6|0|32|32|32|32|32,0|0|101|32|32|64|78|79,0|14|65|87|66|79|84|84,117|136|0|26880|74|0|8192|8224,0,0,0,0,255,192
1137,80,3,4,0,8,0,0,0,3|3|1|1|3|3|1|1,255|255|255|255|255|255|255|255,-10|-10|-8|-8|10|10|8|8,0|0|4|-4|0|0|4|-4,0|-12|0|0|0|12|0|0,0|0|0|0|0|0|0|0,244|244|244|244|244|244|244|244,0,0,0,1,255,208
1138,120,4,6,0,6,0,0,0,3|3|2|2|1|1|52|56,255|255|255|255|255|255|116|104,0|0|3|-3|6|-6|32|108,-10|-10|-9|-9|-8|-8|32|42,0|0|0|0|0|0|0|116,0|12|0|0|0|0|32|32,244|244|245|245|244|244|8224|8224,0,0,0,1,255,208
1139,0,5,8,1,8,0,0,0,1|1|1|1|1|1|1|2,255|255|255|255|255|255|255|255,0|0|0|0|0|0|0|0,8|8|8|8|8|8|8|8,0|0|0|0|0|0|0|0,0|14|28|42|56|70|84|98,192|191|192|191|192|191|192|191,0,0,0,15,255,128
1140,0,5,8,0,8,0,0,0,1|1|1|1|1|1|1|2,255|255|255|255|255|255|255|255,-14|-14|-14|-14|-14|-14|-14|-14,-12|-12|-12|-12|-12|-12|-12|-12,0|-12|-24|-36|-48|-60|-72|-84,0|14|28|42|56|70|84|98,196|197|196|197|196|197|196|197,0,0,0,15,255,128
1141,0,5,8,0,8,0,0,0,1|1|1|1|1|1|1|2,255|255|255|255|255|255|255|255,-14|-14|-14|-14|-14|-14|-14|-14,-12|-12|-12|-12|-12|-12|-12|-12,0|12|24|36|48|60|72|84,0|14|28|42|56|70|84|98,194|195|194|195|194|195|194|195,0,0,0,15,255,128
1142,10,1,1,2,1,0,0,4,1|115|117|98|32|97|104|44,255|104|0|0|0|0|0|32,0|0|0|0|0|32|32|32,0|32|32|106|109|112|32|64,0|49|67|111|110|116|105|110,0|101|11|0|0|0|0|32,226|16960|17457|24946|14967|14|0|8192,0,0,0,13,255,208
1143,10,0,1,0,2,1,1,7,1|1|0|32|32|32|32|32,8|8|101|112|32|109|111|118,0|0|15|0|0|0|0|32,0|0|64|66|49|67|111|110,-1|1|110|117|101|58|20|0,0|0|0|32|32|32|32|32,21|20|24864|11372|29540|23354|26995|25693,0,0,0,28,255,112
1144,50,0,5,0,5,0,0,0,1|1|1|1|1|0|0|32,255|255|255|255|255|109|111|118,0|-1|1|-2|2|108|16|0,-1|-3|-3|-4|-4|32|32|32,0|0|0|0|0|97|108|44,0|0|0|0|0|0|0|0,304|304|304|304|304|25632|11369|30817,1,0,0,10,255,208
1145,0,0,1,0,4,0,0,0,1|1|1|1|70|48|17|0,255|255|255|255|32|32|32|32,-14|-14|-14|-14|32|64|66|49,0|0|0|0|19|0|0|0,0|0|0|0|32|32|32|97,-14|-14|-14|-14|105|44|51|50,286|287|286|288|8192|8224|8224|25376,0,0,0,6,255,208
1146,10,1,1,2,1,0,0,4,2|32|32|32|32|106|110|101,255|64|66|49|67|111|110|116,0|110|117|101|0|0|0|0,0|0|15|0|0|0|0|123,0|32|64|66|49|67|111|110,0|105|110|117|101|58|20|0,112|8192|8224|8224|27936|30319|24864|11372,0,0,0,13,255,208
1147,30,7,1,2,1,0,0,0,1|66|49|67|111|110|116|105,1|117|101|50|58|59|12|0,0|0|0|32|32|32|32|32,0|105|110|99|32|115|105|32,0|0|0|0|0|32|32|32,0|32|32|109|111|118|32|99,228|27745|16|0|8192|8224|8224|24864,0,0,0,0,255,128
1148,40,1,1,2,1,0,0,0,0|32|32|32|32|97|100|100,1|100|105|44|97|120|17|0,0|0|0|32|32|32|32|32,0|116|101|115|116|32|99|108,0|36|70|48|21|0|0|0,0|32|32|32|32|32|32|106,247|16416|12610|25966|29816|26988|25966|14,0,0,0,0,255,128
1149,40,9,1,8,1,0,0,0,4|32|15|0|0|0|0|32,255|32|32|32|32|114|101|112,0|109|111|118|115|98|21|0,3|0|0|32|32|32|32|32,0|106|109|112|32|64|66|49,0|111|110|116|105|110|117|101,191|0|8192|8224|16960|20017|30821|27764,0,0,0,1,255,128
1150,120,9,3,6,3,0,0,0,4|4|4|100|105|44|51|50,255|255|255|50|20|0|0|0,0|1|-1|32|32|32|32|109,3|2|2|97|108|44|100|115,0|0|0|105|93|32|11|0,0|0|0|32|32|32|32|32,191|191|191|494|65535|52|0|8192,0,0,0,1,255,128
1151,0,5,8,1,8,0,0,0,1|1|1|1|1|1|1|1,255|255|255|255|255|255|255|255,22|22|22|22|22|22|22|22,0|0|0|0|0|0|0|0,0|12|24|36|48|60|72|84,0|0|0|0|0|0|0|0,198|199|198|199|198|199|198|199,0,0,0,0,255,128
1152,0,5,8,1,8,0,0,0,1|1|1|1|1|1|1|1,255|255|255|255|255|255|255|255,-22|-22|-22|-22|-22|-22|-22|-22,0|0|0|0|0|0|0|0,0|-12|-24|-36|-48|-60|-72|-84,0|0|0|0|0|0|0|0,198|199|198|199|198|199|198|199,0,0,0,0,255,128
1153,0,2,2,3,8,2,10,0,6|8|6|6|6|6|6|6,255|255|255|255|255|255|255|255,8|-8|10|-10|10|-10|13|-13,-12|-12|-13|-13|-10|-10|-6|-6,0|0|0|0|0|0|0|0,24|24|24|24|24|24|24|24,214|214|214|214|214|214|214|214,0,0,0,1,255,208
1154,120,3,2,2,2,0,0,0,3|3|111|110|116|105|110|117,255|255|20|0|0|0|0|32,0|0|32|32|32|109|111|118,6|6|108|44|100|115|58|91,0|0|93|97|12|0|0|0,-14|0|32|32|32|32|32|105,117|136|28265|15|0|8192|8224|8224,0,0,0,26,255,192
1155,0,3,1,0,1,0,0,0,2|32|32|32|32|97|110|100,255|97|108|44|36|48|70|94,0|0|0|0|0|32|32|32,10|32|32|97|100|100|32|100,0|44|97|120|17|0|0|0,0|32|32|32|32|32|32|116,59|8308|27747|9260|12358|15|0|8192,0,0,0,25,255,112
1156,0,4,1,0,1,0,0,0,3|0|0|32|32|32|32|32,255|97|100|100|32|100|105|44,0|50|48|45|49|50|16|0,10|0|0|32|32|32|32|32,0|99|109|112|32|97|108|44,0|48|70|111|19|0|0|0,60|8224|8224|27168|25966|16416|28483|29806,0,0,0,25,255,112
1157,0,4,1,0,1,0,0,0,4|32|32|64|67|111|110|116,255|110|117|101|58|48|20|0,0|0|0|32|32|32|32|32,10|109|111|118|32|97|108|44,0|115|58|91|115|105|93|119,0|0|0|0|0|32|32|32,165|28271|26996|30062|12901|8250|12|0,0,0,0,25,255,112
1158,0,4,2,0,2,0,0,0,2|2|0|32|32|32|32|32,255|255|111|118|32|99|108|44,0|0|16|0|0|0|0|32,10|10|32|32|32|97|110|100,-6|6|108|44|36|48|70|101,0|0|0|0|0|32|32|32,59|59|25700|25632|11369|30817|17|0,0,0,0,25,255,112
1159,0,5,3,0,3,0,0,0,3|1|1|0|0|0|0|32,255|255|255|32|32|106|122|32,0|0|0|101|120|116|108|105,10|10|10|0|0|0|0|32,0|-8|8|32|32|115|104|114,0|4|4|44|52|109|15|0,60|58|58|8224|29216|28773|27936|30319,0,0,0,25,255,112
1160,0,5,3,0,3,0,0,0,4|1|1|111|110|116|105|110,255|255|255|0|0|0|0|32,0|0|0|78|101|120|116|108,10|10|10|58|19|0|0|0,0|-9|9|32|32|32|32|97,0|4|4|100|105|44|51|50,165|58|58|0|8192|8224|8224|27936,0,0,0,25,255,112
1161,0,5,3,0,3,0,0,0,2|2|2|32|32|32|32|32,255|255|255|32|32|97|108|44,0|0|0|0|0|0|0|32,10|10|10|32|32|106|110|122,0|-10|10|111|110|116|105|110,0|4|4|125|15|0|0|0,59|59|59|8304|16416|20033|17737|17486,0,0,0,25,255,112
1162,0,5,3,0,3,0,0,0,3|2|2|108|70|105|108|116,255|255|255|0|0|0|0|0,0|0|0|0|0|0|0|32,10|10|10|32|32|106|109|112,0|-10|10|111|110|116|105|110,0|4|4|97|10|0|0|0,60|59|59|24946|26231|26938|14|0,0,0,0,25,255,112
1163,0,5,5,0,5,0,0,0,3|2|2|1|1|32|32|32,255|255|255|255|255|112|105|120,0|0|0|0|0|58|18|0,10|10|10|10|10|32|109|111,0|-10|10|-18|18|44|100|115,0|4|4|8|8|97|14|0,60|59|59|58|58|24864|11372|12324,0,0,0,25,255,112
1164,0,5,5,0,5,0,0,0,3|2|2|2|2|0|0|0,255|255|255|255|255|111|118|32,0|0|0|0|0|100|105|93,10|10|10|10|10|0|0|0,0|-10|10|-20|20|110|99|32,0|4|4|8|8|0|0|0,60|59|59|59|59|29801|10|0,0,0,0,25,255,112
1165,0,5,5,0,5,0,0,0,5|2|2|2|2|110|122|32,255|255|255|255|255|119|112|105,0|0|0|0|0|102|14|0,10|10|10|10|10|32|64|67,0|-10|10|-24|24|117|101|102,0|4|4|8|8|0|0|32,62|59|59|59|59|11372|29540|23354,0,0,0,25,255,112
1166,0,3,1,0,1,0,0,0,2|99|32|115|105|101|15|0,255|0|0|32|32|32|32|32,0|109|111|118|32|99|108|44,10|108|16|0|0|0|0|32,0|32|32|32|32|97|110|100,0|97|108|44|36|48|70|32,59|0|8192|8224|8224|24864|25700|25632,0,0,0,25,255,112
1167,0,3,2,0,2,0,0,0,1|1|116|32|99|108|44|36,255|255|16|0|0|0|0|32,-3|3|32|32|32|106|110|122,9|9|68|114|97|119|102|59,-4|4|0|0|0|32|32|32,0|0|32|97|100|100|32|100,201|202|11568|12849|16|0|8192|8224,0,0,0,25,255,112
1168,0,4,3,0,3,0,0,0,1|1|1|32|32|32|32|32,255|255|255|101|32|64|67|111,-3|3|0|110|117|101|102|119,9|9|10|0|0|0|15|0,-4|4|0|123|32|32|32|64,0|0|0|116|105|110|117|101,201|202|58|8192|8224|8224|27936|30319,0,0,0,25,255,112
1169,0,4,3,0,3,0,0,0,1|1|2|32|64|67|111|110,255|255|255|117|101|50|102|58,-7|7|0|0|0|32|32|32,7|7|10|105|110|99|32|115,-5|5|0|0|0|0|0|32,0|0|0|32|32|109|111|118,163|164|59|16|0|8192|8224|8224,0,0,0,25,255,112
1170,0,5,5,0,5,0,0,0,1|1|1|1|1|32|32|97,255|255|255|255|255|44|97|120,-7|7|0|-3|3|32|32|32,7|7|10|9|9|115|116|32,-5|5|0|-4|4|48|20|0,0|0|0|0|0|32|32|32,163|164|58|201|202|26988|25966|8294,0,0,0,25,255,112
1171,0,5,5,0,5,0,0,0,1|1|2|1|1|0|0|0,255|255|255|255|255|68|114|97,-7|7|0|-3|3|111|110|116,7|7|10|9|9|0|0|32,-5|5|0|-4|4|32|32|97,0|0|0|0|0|91|115|105,163|164|59|201|202|28257|8292|24864,0,0,0,25,255,112
1172,0,5,3,0,3,0,0,0,3|3|1|97|108|44|99|104,255|255|255|0|0|32|32|32,-7|7|0|32|32|101|115|58,7|7|10|93|44|97|108|114,-5|5|0|0|0|32|32|32,0|0|0|32|32|115|105|105,121|122|58|8224|28265|8291|25632|8297,0,0,0,25,255,112
1173,0,5,3,0,3,0,0,0,3|3|2|0|0|32|32|32,255|255|255|32|32|64|68|114,-7|7|0|105|120|99|111|110,7|7|10|0|0|0|0|32,-5|5|0|32|32|106|109|112,0|0|0|111|110|116|105|110,121|122|59|0|8192|8224|20032|30821,0,0,0,25,255,112
1174,0,5,5,0,5,0,0,0,3|3|1|1|1|100|32|100,255|255|255|255|255|45|49|50,-7|7|0|-3|3|32|32|32,7|7|10|9|9|118|32|97,-5|5|0|-4|4|91|115|105,0|0|0|0|0|0|0|32,121|122|58|201|202|11372|27745|22,0,0,0,25,255,112
1175,0,5,5,0,5,0,0,0,3|3|2|1|1|101|50|102,255|255|255|255|255|0|0|32,-7|7|0|-3|3|32|32|32,7|7|10|9|9|64|65|78,-5|5|0|-4|4|0|0|0,0|0|0|0|0|0|0|32,121|122|59|201|202|50372|50372|50372,0,0,0,25,255,112
1176,0,5,5,0,5,0,0,0,3|3|2|2|2|32|69|78,255|255|255|255|255|45|32|68,-7|7|0|-3|3|32|50|120,7|7|10|9|9|109|121|32,-5|5|0|-4|4|-60|-60|-60,0|0|0|0|0|111|12|0,121|122|59|279|280|17742|22861|58,0,0,0,25,255,112
1177,0,8,1,0,1,0,0,0,251|32|32|98|120|44|55|42,255|50|48|43|54|32|32|32,0|32|123|76|111|99|97|116,2|111|110|32|61|32|76|111,0|97|116|105|111|110|32|45,0|121|42|55|32|45|32|120,65|8224|10272|30821|13869|25900|11641|10551,1,0,0,10,255,208
1178,0,8,2,0,2,0,0,0,251|251|115|104|32|97|120|32,255|255|42|32|78|101|101|100,-1|1|111|32|115|116|111|114,2|2|65|88|32|40|69|89,2|2|102|111|114|32|108|97,0|0|114|32|42|41|10|0,65|65|8224|30064|26739|25376|8312|0,1,0,0,10,255,208
1179,0,8,1,0,1,0,0,0,252|97|117|108|116|32|86|97,255|117|101|115|32|82|101|97,0|121|42|42|42|42|41|109,4|0|0|0|0|113|52|0,0|0|0|32|32|32|99|109,0|32|32|97|120|44|45|49,64|8224|8224|8224|10792|16672|8280|29545,1,0,0,10,255,208
1180,0,8,3,0,3,0,0,0,251|251|251|101|32|42|41|32,255|255|255|0|0|32|32|32,-2|2|0|32|32|64|78|79,2|2|2|87|84|79|80|101,-10|10|0|0|0|0|15|0,0|0|0|32|32|32|32|32,65|65|65|11368|26723|24|0|8192,1,0,0,10,255,208
1181,0,8,2,0,2,0,0,0,252|252|101|114|84|111|112|91,255|255|0|0|0|0|11|0,-1|1|0|64|100|117|97|108,2|2|111|112|65|58|0|0,-7|7|0|32|55|0|0|0,9|9|32|32|32|32|32|109,75|75|11369|30820|31520|28496|28265|8308,1,0,0,10,255,208
1182,0,8,4,0,4,0,0,0,251|251|250|250|117|112|32|108,255|255|255|255|105|111|110|125,0|0|0|0|0|32|32|32,3|3|3|3|111|118|32|115,-6|6|-6|6|58|91|115|105,-7|-7|7|7|71|101|116|32,598|599|617|618|29542|29797|8317|15,1,0,0,10,255,208
1183,0,8,6,0,6,0,0,0,251|251|250|250|251|251|0|0,255|255|255|255|255|255|32|32,0|0|0|0|-1|1|32|97,3|3|3|3|2|2|0|0,-6|6|-6|6|-14|14|0|32,-7|-7|7|7|0|0|109|112,598|599|617|618|65|65|11|0,1,0,0,10,255,208
1184,0,8,8,0,8,0,0,0,251|251|250|250|251|251|250|250,255|255|255|255|255|255|255|255,0|0|0|0|0|0|0|0,3|3|3|3|3|3|3|3,-18|-6|-18|-6|6|18|6|18,-7|-7|7|7|-7|-7|7|7,598|599|617|618|598|599|617|618,1,0,0,10,255,208
1185,0,8,4,0,4,0,0,0,251|251|251|251|0|0|0|32,255|255|255|255|32|105|110|99,0|0|0|0|15|0|0|0,3|3|3|3|32|32|32|109,-6|6|-6|6|108|44|97|108,-7|-7|7|7|0|32|32|32,596|597|615|616|11372|12324|8262|15,1,0,0,10,255,208
1186,0,8,6,0,6,0,0,0,251|251|251|251|251|251|0|32,255|255|255|255|255|255|101|115,0|0|0|0|-1|1|70|48,3|3|3|3|2|2|32|32,-6|6|-6|6|-14|14|32|64,-7|-7|7|7|0|0|19|0,596|597|615|616|65|65|25632|11369,1,0,0,10,255,208
1187,0,8,8,0,8,0,0,0,251|251|251|251|251|251|251|251,255|255|255|255|255|255|255|255,0|0|0|0|0|0|0|0,3|3|3|3|3|3|3|3,-18|-6|-18|-6|6|18|6|18,-7|-7|7|7|-7|-7|7|7,596|597|615|616|596|597|615|616,1,0,0,10,255,208
1188,0,0,1,0,3,0,0,0,1|0|0|44|100|115|58|91,255|255|255|120|16|0|0|0,101|101|101|32|64|84|49|67,14|14|14|105|110|117|101|50,0|0|0|0|0|0|0|32,4|4|4|32|32|105|110|99,289|293|293|0|8192|8224|8224|27936,0,0,0,6,255,112
1189,0,0,1,0,3,0,0,0,1|1|0|97|110|100|32|97,255|255|255|48|70|119|15|0,101|101|101|32|32|32|32|32,14|14|14|100|32|100|105|44,0|0|0|0|0|0|0|32,4|4|4|32|32|116|101|115,289|289|293|12358|21|0|8192|8224,0,0,0,6,255,112
1190,0,0,1,0,1,0,0,0,1|101|14|0|0|0|0|32,255|32|32|32|32|115|104|114,101|99|108|44|52|32|15|0,14|0|0|32|32|32|32|32,0|114|101|112|32|109|111|118,4|98|21|0|0|0|0|32,286|8224|27168|28781|16416|12628|28483|29806,0,0,0,6,255,112
1191,0,0,1,0,4,0,0,0,1|2|1|0|105|110|101|58,255|255|255|255|0|32|32|32,101|101|101|101|100|100|32|100,14|14|14|14|48|45|49|50,0|0|0|0|0|32|32|32,4|4|4|4|111|118|32|97,286|287|286|288|8285|15|0|8192,0,0,0,6,255,112
1192,0,0,1,0,2,0,0,0,1|2|0|32|32|32|32|32,255|255|110|122|32|64|84|49,101|101|110|116|105|110|117|101,14|14|0|0|0|0|0|102,0|0|0|0|0|32|32|32,4|4|32|109|111|118|32|115,286|287|31520|28496|28265|8308|28532|29472,0,0,0,6,255,112
1193,0,0,2,0,8,0,0,0,2|2|1|1|0|0|1|1,255|255|255|255|255|255|255|255,101|101|101|101|101|101|101|101,14|14|14|14|14|14|14|14,-6|6|-6|6|-6|6|-6|6,4|4|4|4|4|4|4|4,287|287|286|286|288|288|286|286,0,0,0,6,255,112
1194,0,0,1,0,4,0,0,0,2|4|2|0|32|32|32|32,255|255|255|255|32|100|105|44,101|101|101|101|83|104|97|112,14|14|14|14|99|97|116|105,0|0|0|0|40|0|0|0,4|4|4|4|32|32|32|97,290|291|290|292|31520|12849|28704|30825,0,0,0,6,255,112
1195,0,0,3,0,6,0,0,0,1|1|1|2|0|0|0|0,255|255|255|255|255|255|32|32,101|101|101|101|101|101|32|64,14|14|14|14|14|14|105|110,0|-10|10|0|-10|10|0|32,4|4|4|4|4|4|114|97,286|289|289|287|293|293|29472|29288,0,0,0,6,255,112
1196,0,0,3,0,6,0,0,0,0|2|2|1|1|1|111|118,255|255|255|255|255|255|0|32,101|101|101|101|101|101|111|110,14|14|14|14|14|14|20|0,0|-10|10|0|-10|10|32|32,4|4|4|4|4|4|108|44,293|287|287|289|286|286|8192|8224,0,0,0,6,255,112
1197,0,0,3,0,6,0,0,0,2|1|1|4|0|0|111|118,255|255|255|255|255|255|16|0,101|101|101|101|101|101|32|32,14|14|14|14|14|14|108|44,0|-10|10|0|-10|10|0|0,4|4|4|4|4|4|32|97,290|289|289|291|293|293|8192|8224,0,0,0,6,255,112
1198,0,0,3,0,6,0,0,0,2|2|2|4|1|1|32|32,255|255|255|255|255|255|84|50,101|101|101|101|101|101|0|0,14|14|14|14|14|14|32|97,0|-10|10|0|-10|10|51|50,4|4|4|4|4|4|0|0,290|287|287|291|286|286|11372|12324,0,0,0,6,255,112
1199,0,9,3,0,3,0,0,0,4|2|1|50|67|111|110|116,255|255|255|101|0|0|0|0,120|120|120|0|0|0|0|123,8|8|8|64|84|50|67|111,0|0|0|110|117|101|58|0,-14|0|14|0|0|32|32|32,97|116|135|24864|11372|29540|23354|26995,1,0,0,14,255,160
1200,0,8,4,0,4,0,0,0,4|2|2|1|101|50|58|120,255|255|255|255|0|32|32|32,120|120|120|120|110|99|32|115,9|9|8|8|0|0|0|32,0|0|0|0|32|109|111|118,-14|0|0|14|97|108|16|0,97|116|116|135|24864|25710|24864|11372,1,0,0,14,255,160
1201,0,8,5,0,5,0,0,0,4|2|2|2|1|44|97|120,255|255|255|255|255|32|32|32,120|120|120|120|120|115|116|32,9|9|8|7|7|48|21|0,0|0|0|0|0|32|32|32,-14|0|0|0|14|64|84|50,97|116|116|116|135|0|8192|8224,1,0,0,14,255,160
1202,0,7,6,0,6,0,0,0,4|2|2|2|2|1|32|32,255|255|255|255|255|255|32|105,120|120|120|120|120|120|110|116,9|9|8|7|6|6|41|32,0|0|0|0|0|0|101|109,-14|0|0|0|0|14|93|46,97|116|116|116|116|135|25716|29793,1,0,0,14,255,160
1203,0,7,8,0,8,0,0,0,4|2|2|2|2|2|2|1,255|255|255|255|255|255|255|255,120|120|120|120|120|120|120|120,9|9|8|7|6|5|4|4,0|0|0|0|0|0|0|0,-14|0|0|0|0|0|0|14,97|116|116|116|116|116|116|135,1,0,0,14,255,160
1204,0,7,8,0,8,0,0,0,4|2|2|1|4|2|2|1,255|255|255|255|255|255|255|255,-1|-1|-1|-1|1|1|1|1,14|14|13|13|14|14|13|13,0|0|0|0|0|0|0|0,-14|0|0|14|-14|0|0|14,97|116|116|135|97|116|116|135,1,0,0,14,255,160
1205,0,7,8,0,8,0,0,0,4|2|1|4|2|1|4|2,255|255|255|255|255|255|255|255,-3|-3|-3|3|3|3|0|0,14|14|14|14|14|14|14|14,0|0|0|0|0|0|0|0,-14|0|14|-14|0|14|-18|-4,97|116|135|97|116|135|97|135,1,0,0,14,255,160
1206,0,6,8,0,8,0,0,0,4|2|1|4|2|1|12|4,255|255|255|255|255|255|255|255,-3|-3|-3|3|3|3|0|0,14|14|14|14|14|14|14|14,0|0|0|0|0|0|0|0,-14|0|14|-14|0|14|-18|-4,97|116|135|97|116|135|101|139,1,0,0,14,255,160
1207,0,6,8,0,8,0,0,0,4|2|4|2|12|4|4|2,255|255|255|255|255|255|255|255,-3|-3|3|3|0|0|0|0,14|14|14|14|14|14|13|13,0|0|0|0|0|0|0|0,0|14|0|14|-18|-4|-4|10,97|135|101|139|101|120|120|139,1,0,0,14,255,160
1208,0,7,8,0,8,0,0,0,12|4|4|4|4|4|4|2,255|255|255|255|255|255|255|255,120|120|120|120|120|120|120|120,9|9|8|7|6|5|4|4,0|0|0|0|0|0|0|0,-14|0|0|0|0|0|0|14,101|120|120|120|120|120|120|139,1,0,0,14,255,160
1209,0,7,8,0,8,0,0,0,12|4|4|2|12|4|4|2,255|255|255|255|255|255|255|255,-1|-1|-1|-1|1|1|1|1,14|14|13|13|14|14|13|13,0|0|0|0|0|0|0|0,-14|0|0|14|-14|0|0|14,101|120|120|139|101|120|120|139,1,0,0,14,255,160
1210,0,4,1,0,1,0,0,0,3|108|105|110|107|110|117|109,255|61|101|118|101|110|116|100,0|116|41|32|97|110|100|108,10|0|0|0|0|32|32|32,0|32|32|32|32|32|32|32,0|101|110|101|109|121|91|116,227|23920|27694|28265|28267|28021|15676|30309,1,0,0,5,255,208
1211,0,5,1,0,1,0,0,0,5|32|32|32|32|32|32|32,255|104|101|110|32|116|101|109,0|98|58|61|116|114|117|101,11|0|0|0|0|0|0|0,0|0|0|0|0|32|32|32,0|32|32|32|105|102|32|116,214|25200|29728|25960|8302|12|0|8192,1,0,0,5,255,208
1212,0,4,1,0,1,0,0,0,3|32|32|32|32|32|32|32,98|114|101|112|101|97|116|32,0|101|109|112|58|61|114|97,10|100|111|109|40|101|118|101,0|116|100|97|116|50|43|49,0|101|118|101|110|116|100|97,227|25899|25974|29806|24932|8308|28277|26996,1,0,0,5,255,208
1213,0,4,1,0,1,0,0,0,5|97|114|99|104|102|111|114,98|116|101|109|112|41|32|97,0|100|32|40|101|110|101|109,11|91|116|101|109|112|53|93,0|101|121|99|61|48|41|59,0|0|0|0|0|114|34|0,214|8192|8224|8224|8224|20000|30565|19536,1,0,0,5,255,208
1214,0,5,2,0,2,0,0,0,3|3|109|112|59|101|10|0,98|98|0|32|32|32|32|32,0|0|101|110|100|97|17|0,10|10|0|32|32|32|32|32,-6|6|101|108|115|101|32|98,0|0|105|110|33|0|0|0,227|227|8224|8224|20000|30565|19536|25947,1,0,0,5,255,208
1215,0,4,2,0,2,0,0,0,5|3|40|0|0|0|0|32,98|98|32|32|32|32|32|105,0|0|101|118|101|110|116|100,11|10|52|62|48|32|116|104,-2|-2|32|98|101|103|105|110,0|0|83|107|105|112|125|0,214|227|8192|8224|8224|8224|8224|30051,1,0,4,5,255,208
1216,0,4,2,0,2,0,0,0,5|5|110|116|108|111|99|43,98|98|101|110|116|100|97|116,0|0|46|101|118|101|110|116,11|9|109|101|45|49|59|97,-2|-2|0|0|0|32|32|32,0|0|32|32|32|32|105|110,214|214|28261|27764|25455|25900|25974|29806,1,0,4,5,255,208
1217,0,4,3,0,3,0,0,0,5|5|3|32|32|101|110|100,98|98|98|0|0|0|0|32,0|0|0|32|32|32|101|110,9|7|5|0|0|0|0|112,-2|-2|-2|0|0|32|32|32,0|0|0|32|32|32|32|32,214|214|227|0|27904|30|0|8192,1,0,5,5,255,208
1218,0,4,4,0,4,0,0,0,5|3|3|3|118|101|58|61,98|98|98|98|59|111|0|0,0|0|-4|4|35|0|0|0,8|6|8|8|32|32|32|55,-2|-2|-2|-2|98|101|103|105,0|0|0|0|112|121|112|111,214|227|227|227|24932|15220|57|0,1,0,4,5,255,208
1219,0,4,4,0,4,0,0,0,5|3|5|5|110|116|100|97,98|98|98|98|32|116|104|101,0|0|-4|4|112|121|50|112,8|6|8|8|101|118|101|110,-2|-2|-2|-2|50|32|101|108,0|0|0|0|0|0|0|32,214|227|214|214|8224|8224|8224|27936,1,0,1,5,255,208
1220,0,4,4,0,4,0,0,0,5|3|5|5|110|100|59|116,98|98|98|98|0|59|57|0,0|0|-4|4|32|32|32|32,1|-1|0|0|58|32|105|102,-2|-2|-2|-2|97|103|97|115,0|0|0|0|114|101|113|60,214|227|214|214|28265|10339|24935|24940,1,0,4,5,255,208
1221,0,1,1,0,2,0,0,0,1|1|90|0|0|0|0|32,98|98|32|32|32|55|57|32,0|0|98|101|103|105|110|32,20|20|97|116|98|97|114|91,-4|4|58|61|101|118|101|110,0|0|97|116|59|32|115|116,67|67|23410|23858|15674|30309|28261|25716,-1,0,0,20,255,112
1222,0,1,1,0,4,0,0,0,1|1|1|1|101|110|116|100,98|98|98|98|32|101|110|100,-1|0|1|0|0|0|0|118,20|20|20|20|0|32|32|32,-6|0|6|0|48|32|58|32,0|0|0|0|110|32|123|83,67|67|67|67|28261|29556|26912|8294,-1,0,0,20,255,112
1223,0,1,1,0,4,0,0,0,1|1|1|1|125|108|42|0,98|98|98|98|32|32|32|32,-2|0|2|0|32|32|32|32,20|20|20|20|32|116|119|111,-6|0|6|0|101|114|109|111,0|0|0|0|104|101|110|32,67|67|67|67|0|8192|8224|8224,-1,0,0,20,255,112
1224,0,1,1,0,6,0,0,0,1|1|1|1|1|1|108|111,98|98|98|98|98|98|116|100,-1|0|0|1|0|0|0|0,20|20|20|20|20|20|32|32,-6|-2|2|6|2|-2|32|32,0|0|0|0|0|0|0|0,67|67|67|67|67|67|25888|25710,-1,0,0,20,255,112
1225,0,1,1,0,8,0,0,0,1|1|1|1|1|1|1|1,98|98|98|98|98|98|98|98,-2|-1|0|1|2|1|0|-1,20|20|20|20|20|20|20|20,-8|-4|0|4|8|4|0|-4,0|0|0|0|0|0|0|0,67|67|67|67|67|67|67|67,-1,0,0,20,255,112
1226,0,1,1,0,8,0,0,0,1|1|1|1|1|1|1|1,98|98|98|98|98|98|98|98,-2|-1|0|1|2|1|0|-1,20|20|20|20|20|20|20|20,-8|-4|0|4|8|4|0|-4,0|0|0|0|0|0|0|0,67|67|67|67|67|67|67|67,-1,0,0,20,255,112
1227,0,2,1,0,4,0,0,0,2|2|2|2|69|65|80|79,98|98|98|98|0|0|0|32,-1|0|1|0|32|32|32|32,20|20|20|20|112|105|116|101,-6|0|6|0|49|93|58|61,0|0|0|0|116|100|97|116,70|70|70|70|8224|26739|29807|30061,-1,0,0,20,255,112
1228,0,2,1,0,6,0,0,0,2|2|2|2|2|2|97|116,98|98|98|98|98|98|59|32,-1|0|0|1|0|0|108|116,20|20|20|20|20|20|49|93,-6|-2|2|6|2|-2|104|111,0|0|0|0|0|0|116|91,70|70|70|70|70|70|8192|8224,-1,0,0,20,255,112
1229,0,2,1,0,8,0,0,0,2|2|2|2|2|2|2|2,98|98|98|98|98|98|98|98,-2|-1|0|1|2|1|0|-1,20|20|20|20|20|20|20|20,-8|-4|0|4|8|4|0|-4,0|0|0|0|0|0|0|0,70|70|70|70|70|70|70|70,-1,0,0,20,255,112
1230,0,1,1,0,8,0,0,0,2|2|2|2|2|2|2|2,98|98|98|98|98|98|98|98,-2|-1|0|1|2|1|0|-1,20|20|20|20|20|20|20|20,-8|-4|0|4|8|4|0|-4,0|0|0|0|0|0|0|0,70|70|70|70|70|70|70|70,-1,0,0,20,255,112
1231,0,0,1,0,8,0,0,0,2|2|2|2|2|2|2|2,98|98|98|98|98|98|98|98,-2|-1|0|1|2|1|0|-1,20|20|20|20|20|20|20|20,-8|-4|0|4|8|4|0|-4,0|0|0|0|0|0|0|0,70|70|70|70|70|70|70|70,-1,0,0,20,255,112
1232,0,5,3,2,3,0,0,0,1|1|1|61|61|61|61|61,255|255|255|61|61|61|61|61,0|0|0|61|61|61|61|61,22|22|22|61|61|61|61|61,0|0|0|61|61|61|61|61,-22|-8|6|61|61|42|41|111,191|191|191|15658|15677|15677|15677|15677,0,0,0,15,255,128
1233,0,5,4,2,4,0,0,0,1|1|1|1|61|77|65|73,255|255|255|255|79|80|61|61,0|0|0|0|61|61|61|61,22|22|22|22|61|61|61|61,0|0|0|0|61|61|61|61,-22|-8|6|20|61|61|61|61,191|191|191|191|10240|15658|15677|15677,0,0,0,15,255,128
1234,0,5,6,2,6,0,0,0,1|1|1|1|1|2|61|61,255|255|255|255|255|255|61|61,0|0|0|0|0|0|61|61,22|22|22|22|22|-12|61|61,0|0|0|0|0|0|61|61,-22|-8|6|20|34|0|61|61,191|191|191|191|191|191|25856|5,0,0,0,15,255,128
1235,0,5,7,2,7,0,0,0,1|1|1|1|1|2|2|99,255|255|255|255|255|255|255|32,0|0|0|0|0|0|0|0,22|22|22|22|22|-12|-12|0,0|0|0|0|0|0|0|112,-22|-8|6|20|34|0|-14|32,191|191|191|191|191|191|191|24900,0,0,0,15,255,128
1236,0,5,6,2,6,0,0,0,1|1|1|1|2|2|110|115,255|255|255|255|101|101|101|59,0|0|0|0|-10|10|120|112,22|22|22|22|10|10|109|111,0|0|0|0|0|0|48|59,-22|-8|6|20|0|0|111|114,191|191|191|191|194|196|28516|20512,0,0,0,15,255,128
1237,0,5,8,2,8,0,0,0,1|1|1|1|2|2|2|2,255|255|255|255|101|101|101|101,0|0|0|0|-10|10|-10|10,22|22|22|22|10|10|10|10,0|0|0|0|0|0|12|-12,-22|-8|6|20|0|0|14|14,191|191|191|191|194|196|194|196,0,0,0,15,255,128
1238,0,5,6,2,6,0,0,0,3|1|1|1|2|2|66|108,103|103|103|103|101|101|0|0,0|0|0|0|-10|10|0|0,22|22|22|22|10|10|103|105,0|0|0|0|0|0|110|105,-22|-8|6|20|0|0|103|32,210|229|248|267|194|196|10094|15145,0,0,0,15,255,128
1239,0,5,8,2,8,0,0,0,3|1|1|1|2|2|2|2,103|103|103|103|101|101|101|101,0|0|0|0|-10|10|-10|10,22|22|22|22|10|10|10|10,0|0|0|0|0|0|12|-12,-22|-8|6|20|0|0|14|14,210|229|248|267|194|196|194|196,0,0,0,15,255,128
1240,0,5,8,2,8,0,0,0,3|1|1|1|2|2|2|2,103|103|103|103|101|101|101|101,0|0|0|0|-7|7|-7|7,22|22|22|22|10|10|10|10,0|0|0|0|0|0|12|-12,-22|-8|6|20|0|0|14|14,210|229|248|267|194|196|194|196,0,0,0,15,255,128
1241,0,2,4,2,8,0,0,0,3|1|1|1|3|1|1|1,103|103|103|103|103|103|103|103,0|0|0|0|0|0|0|0,22|22|22|22|22|22|22|22,-8|-8|-8|-8|8|8|8|8,-22|-8|6|20|-22|-8|6|20,210|229|248|267|210|229|248|267,0,0,0,15,255,128
1242,0,1,8,2,8,0,0,0,1|1|1|1|1|1|1|1,103|103|103|103|103|103|103|103,0|0|0|0|0|0|0|0,22|22|22|22|22|22|22|22,-8|-8|-8|-8|8|8|8|8,-22|-8|6|20|-22|-8|6|20,210|229|248|267|210|229|248|267,0,0,0,15,255,128
1243,0,2,1,9,6,0,0,0,2|2|2|2|2|2|105|110,10|10|10|10|10|10|32|32,-10|10|-10|10|-12|12|41|41,4|-4|-4|4|0|0|42|61,0|0|0|0|0|0|61|61,0|0|0|0|0|0|61|61,172|172|172|172|172|172|15677|15677,0,0,0,0,255,112
1244,0,2,1,9,8,0,0,0,2|2|2|2|2|2|2|2,10|10|10|10|10|10|10|10,-9|9|-9|9|-10|10|-10|10,6|-6|-6|6|-3|3|3|-3,0|0|0|0|0|0|0|0,0|0|0|0|0|0|0|0,172|172|172|172|172|172|172|172,0,0,0,0,255,112
1245,0,1,1,9,6,0,0,0,2|2|2|2|2|2|115|32,10|10|10|10|10|10|84|121,-10|10|-10|10|-12|12|99|114,4|-4|-4|4|0|0|0|0,0|0|0|0|0|0|32|32,0|0|0|0|0|0|100|105,172|172|172|172|172|172|26214|25971,0,0,0,0,255,112
1246,0,1,1,9,8,0,0,0,2|2|2|2|2|2|2|2,10|10|10|10|10|10|10|10,-9|9|-9|9|-10|10|-10|10,6|-6|-6|6|-3|3|3|-3,0|0|0|0|0|0|0|0,0|0|0|0|0|0|0|0,172|172|172|172|172|172|172|172,0,0,0,0,255,112
1247,0,2,2,9,6,0,0,0,2|2|2|2|2|2|32|61,10|10|10|10|10|10|0|0,-10|10|-10|10|-12|12|69|110,4|-4|-4|4|0|0|53|48,0|0|0|0|0|0|0|0,0|0|0|0|0|0|32|32,172|172|172|172|172|172|17466|6,0,0,0,0,255,112
1248,0,2,2,9,8,0,0,0,2|2|2|2|2|2|2|2,10|10|10|10|10|10|10|10,-9|9|-9|9|-10|10|-10|10,6|-6|-6|6|-3|3|3|-3,0|0|0|0|0|0|0|0,0|0|0|0|0|0|0|0,172|172|172|172|172|172|172|172,0,0,0,0,255,112
1249,0,1,2,9,6,0,0,0,2|2|2|2|2|2|79|70,10|10|10|10|10|10|0|32,-10|10|-10|10|-12|12|100|100,4|-4|-4|4|0|0|0|0,0|0|0|0|0|0|0|0,0|0|0|0|0|0|32|109,172|172|172|172|172|172|8192|8224,0,0,0,0,255,112
1250,0,1,2,9,8,0,0,0,2|2|2|2|2|2|2|2,10|10|10|10|10|10|10|10,-9|9|-9|9|-10|10|-10|10,6|-6|-6|6|-3|3|3|-3,0|0|0|0|0|0|0|0,0|0|0|0|0|0|0|0,172|172|172|172|172|172|172|172,0,0,0,0,255,112
1251,0,2,4,9,8,0,0,0,2|2|2|2|2|2|2|2,10|10|10|10|10|10|10|10,-9|9|-9|9|-10|10|-10|10,6|-6|-6|6|-3|3|3|-3,0|0|0|0|0|0|0|0,0|0|0|0|0|0|0|0,172|172|172|172|172|172|172|172,0,0,0,0,255,112
1252,0,3,6,9,6,0,0,0,2|2|2|2|2|2|32|32,10|10|10|10|10|10|0|0,-10|10|-10|10|-12|12|0|32,4|-4|-4|4|0|0|101|110,0|0|0|0|0|0|101|109,0|0|0|0|0|0|20|0,172|172|172|172|172|172|24950|27753,0,0,0,0,255,112
1253,0,2,8,9,8,0,0,0,2|2|2|2|2|2|2|2,10|10|10|10|10|10|10|10,-9|9|-9|9|-10|10|-10|10,6|-6|-6|6|-3|3|3|-3,0|0|0|0|0|0|0|0,0|0|0|0|0|0|0|0,172|172|172|172|172|172|172|172,0,0,0,0,255,112
1254,0,4,1,0,2,0,0,0,1|1|0|32|32|32|32|32,255|255|32|32|32|32|32|101,-10|10|59|32|0|0|0|0,0|0|38|0|0|0|0|32,0|0|32|32|32|32|54|56,0|0|32|98|101|103|105|110,39|1|8315|25938|27760|25441|8293|28229,0,0,0,25,255,112
1255,0,6,2,0,2,0,0,0,1|1|32|32|32|32|32|32,255|255|114|32|116|101|109|112,-10|10|49|32|116|111|32|49,0|0|32|100|111|32|105|102,0|0|101|110|101|109|121|97,0|0|105|108|91|116|101|109,39|1|10545|24864|25710|66|0|8192,0,0,0,25,255,112
1256,0,6,2,0,2,0,0,0,2|2|110|101|109|121|91|116,255|255|112|93|46|108|105|110,-10|10|117|109|61|101|118|101,0|0|100|97|116|52|41|32,0|0|32|40|101|118|101|110,0|0|97|116|52|61|48|41,40|2|0|8192|8224|8224|8224|8224,0,0,0,25,255,112
1257,0,6,5,0,5,0,0,0,1|1|1|1|1|32|32|32,255|255|255|255|255|32|32|32,-9|9|9|-9|0|32|32|99,2|2|-2|-2|-10|110|101|119,-2|2|2|-2|0|101|110|101,0|0|0|0|0|53|48|41,281|282|301|300|77|8224|8224|8224,0,0,0,25,255,112
1258,0,6,2,0,2,0,0,0,3|3|101|120|32|58|61|32,255|255|101|109|121|91|116|101,-10|10|93|46|101|120|59|32,0|0|0|0|0|32|32|32,0|0|32|32|32|32|32|32,0|0|32|32|32|32|32|101,41|3|25179|11869|31077|14880|8253|28261,0,0,0,25,255,112
1259,0,6,3,0,3,0,0,0,3|3|1|32|32|32|32|32,255|255|255|32|32|32|32|32,-10|10|0|32|32|101|110|101,0|0|-10|118|97|105|108|91,0|0|0|112|93|58|61|49,0|0|0|0|0|0|0|32,41|3|77|8224|8224|8224|8224|28261,0,0,0,25,255,112
1260,0,6,4,0,4,0,0,0,2|2|2|2|110|100|59|32,255|255|255|255|0|32|41|0,-9|9|9|-9|42|32|32|32,2|2|-2|-2|54|48|32|58,-2|2|2|-2|105|110|32|32,0|0|0|0|98|97|108|32,277|278|297|296|26478|32121|26|0,0,0,0,25,255,112
1261,0,6,6,0,6,0,0,0,2|2|2|2|1|1|97|108,255|255|255|255|255|255|0|0,-9|9|9|-9|-10|10|32|32,2|2|-2|-2|0|0|116|101,-2|2|2|-2|0|0|102|97,0|0|0|0|0|0|0|0,277|278|297|296|39|1|8224|28518,0,0,0,25,255,112
1262,0,6,6,0,6,0,0,0,2|2|2|2|3|3|0|0,255|255|255|255|255|255|32|32,-9|9|9|-9|-10|10|32|32,2|2|-2|-2|0|0|110|101,-2|2|2|-2|0|0|112|93,0|0|0|0|0|0|117|109,277|278|297|296|41|3|26740|28261,0,0,0,25,255,112
1263,0,6,6,0,6,0,0,0,2|2|2|2|4|4|32|32,255|255|255|255|255|255|116|101,-9|9|9|-9|-10|10|116|114,2|2|-2|-2|0|0|0|0,-2|2|2|-2|0|0|32|32,0|0|0|0|0|0|32|32,277|278|297|296|203|222|24953|24950,0,0,0,25,255,112
1264,0,6,6,0,6,0,0,0,2|2|2|2|5|5|98|58,255|255|255|255|255|255|20|0,-9|9|9|-9|-10|10|32|32,2|2|-2|-2|0|0|32|32,-2|2|2|-2|0|0|59|108,0|0|0|0|0|0|31|0,277|278|297|296|43|5|8224|8224,0,0,0,25,255,112
1265,0,3,1,0,4,0,0,0,1|1|1|1|0|0|0|32,255|255|255|255|32|32|32|32,-9|9|9|-9|32|32|32|71,2|2|-2|-2|108|70|108|97,-2|2|2|-2|118|101|110|116,0|0|0|0|58|61|98|111,281|282|301|300|28261|25716|29793|10549,0,0,0,25,255,112
1266,0,4,2,0,4,0,0,0,1|1|1|1|115|101|81|0,255|255|255|255|32|32|32|32,-9|9|9|-9|32|32|32|32,2|2|-2|-2|101|109|112|98,-2|2|2|-2|108|101|97|110,0|0|0|0|110|116|100|97,281|282|301|300|18208|28524|24930|18028,0,0,0,25,255,112
1267,0,6,4,0,4,0,0,0,1|1|1|1|116|100|97|116,255|255|255|255|18|0|0|0,-9|9|9|-9|32|32|32|32,2|2|-2|-2|32|101|110|100,-2|2|2|-2|0|0|0|0,0|0|0|0|0|0|0|32,281|282|301|300|14880|25120|26469|28265,0,0,0,25,255,112
1268,0,6,5,0,5,0,0,0,1|1|1|1|1|109|121|125,255|255|255|255|255|32|32|32,-6|6|6|-6|0|32|32|32,6|6|-6|-6|-10|32|116|101,-4|4|4|-4|0|32|116|111,0|0|0|0|0|100|111|32,163|164|183|182|77|8224|8224|8224,0,0,0,25,255,112
1269,0,6,4,0,4,0,0,0,2|2|1|1|46|108|105|110,255|255|255|255|61|101|118|101,-9|9|6|-6|116|52|41|32,2|2|-6|-6|32|119|105|116,-2|2|4|-4|101|109|121|91,0|0|0|0|93|32|100|111,277|278|183|182|0|8192|8224|8224,0,0,0,25,255,112
1270,0,6,5,0,5,0,0,0,2|2|1|1|1|114|117|101,255|255|255|255|255|0|0|32,-9|9|6|-6|0|32|32|32,2|2|-6|-6|-10|32|32|102,-2|2|4|-4|0|109|58|61,0|0|0|0|0|100|97|116,277|278|183|182|77|8224|8224|8224,0,0,0,25,255,112
1271,0,6,5,0,5,0,0,0,2|2|2|2|1|100|97|116,255|255|255|255|255|0|0|0,-9|9|6|-6|0|32|32|32,2|2|-6|-6|-10|32|32|32,-2|2|4|-4|0|101|16|0,0|0|0|0|0|32|32|32,277|278|295|294|77|11323|0|0,0,0,0,25,255,112
1272,0,6,7,0,7,0,0,0,2|2|2|2|1|1|1|110,255|255|255|255|255|255|255|108,-9|9|6|-6|0|-10|10|46,2|2|-6|-6|-10|0|0|0,-2|2|4|-4|0|0|0|32,0|0|0|0|0|0|0|32,277|278|295|294|77|39|1|27718,0,0,0,25,255,112
1273,0,6,7,0,7,0,0,0,2|2|2|2|1|2|2|50,255|255|255|255|255|255|255|101,-9|9|6|-6|0|-2|2|0,2|2|-6|-6|-10|-9|-9|32,-2|2|4|-4|0|-4|4|32,0|0|0|0|0|0|0|101,277|278|295|294|77|298|299|10547,0,0,0,25,255,112
1274,0,6,8,0,8,0,0,0,2|2|2|2|2|2|1|1,255|255|255|255|255|255|255|255,-9|9|6|-6|-2|2|-10|10,2|2|-6|-6|-9|-9|0|0,-2|2|4|-4|-4|4|0|0,0|0|0|0|0|0|0|0,277|278|295|294|298|299|39|1,0,0,0,25,255,112
1275,0,6,8,0,8,0,0,0,2|2|2|2|2|2|2|2,255|255|255|255|255|255|255|255,-9|9|6|-6|-2|2|-10|10,2|2|-6|-6|-9|-9|0|0,-2|2|4|-4|-4|4|0|0,0|0|0|0|0|0|0|0,277|278|295|294|298|299|40|2,0,0,0,25,255,112
1276,0,6,2,0,2,0,0,0,1|1|101|103|105|110|32|123,100|100|105|112|32|88|32|101,-13|13|110|116|115|32|105|102,0|0|111|116|32|105|110|32,-2|2|112|108|97|121|101|114,0|0|111|100|101|125|70|0,6|44|8224|8224|8224|8224|8224|8224,0,0,0,13,255,192
1277,0,6,3,0,3,0,0,0,1|1|1|111|100|101|32|97,100|100|98|110|111|116|32|111,-13|13|0|108|97|121|101|114,0|0|13|105|111|110|32|116,-2|2|0|32|98|101|103|105,0|0|0|0|0|0|0|32,6|44|63|8224|8224|8224|8224|8224,0,0,0,13,255,192
1278,0,6,4,0,4,0,0,0,1|1|1|1|97|116|41|59,100|100|98|98|0|32|32|32,-13|13|-2|2|32|32|32|32,0|0|13|13|101|110|100|59,-2|2|-4|4|0|32|32|32,0|0|0|0|32|32|32|32,6|44|224|223|0|29696|80|0,0,0,0,13,255,192
1279,0,6,3,0,3,0,0,0,2|2|1|32|40|40|101|118,100|100|98|100|97|116|61|54,-13|13|0|110|100|32|116|119,0|0|13|97|121|101|114|109,-2|2|0|32|97|110|100|32,0|0|0|102|102|105|99|117,16|54|63|27749|12862|10537|29728|25960,0,0,0,13,255,192
1280,0,6,4,0,4,0,0,0,2|2|1|1|101|103|105|110,100|100|98|98|111|116|104|105,-13|13|-2|2|118|101|110|116,0|0|13|13|58|61|98|111,-2|2|-4|4|110|40|101|118,0|0|0|0|97|116|50|41,16|54|224|223|8224|8224|8224|8224,0,0,0,13,255,192
1281,0,6,6,0,6,0,0,0,2|2|2|2|1|1|116|59,100|100|100|100|98|98|109|112,-13|13|-13|13|-2|2|110|32,-1|-1|1|1|13|13|51|59,-2|2|-2|2|-4|4|32|32,4|4|-4|-4|0|0|32|32,16|54|16|54|224|223|25972|28781,0,0,0,13,255,192
1282,0,6,6,0,6,0,0,0,3|3|3|3|1|1|0|111,100|100|100|100|98|98|32|32,-13|13|-13|13|-2|2|32|58,0|0|0|0|13|13|32|66,-2|2|-2|2|-4|4|117|110,-7|-7|7|7|0|0|40|101,105|106|124|125|224|223|28261|15204,0,0,0,13,255,192
1283,0,6,6,0,6,0,0,0,3|3|3|3|2|1|32|32,100|100|100|100|98|98|116|32,-13|13|-13|13|0|0|115|32,0|0|0|0|13|-13|117|108,-2|2|-2|2|0|0|101|108,-7|-7|7|7|0|0|103|104,105|106|124|125|73|82|48|0,0,0,0,13,255,192
1284,0,6,7,0,7,0,0,0,3|3|3|3|2|1|1|108,100|100|100|100|98|98|98|108,-13|13|-13|13|0|-2|2|110,0|0|0|0|13|-13|-13|101,-2|2|-2|2|0|-4|4|32,-7|-7|7|7|0|0|0|32,105|106|124|125|73|243|242|29806,0,0,0,13,255,192
1285,0,6,7,0,7,0,0,0,3|3|3|3|2|2|2|32,100|100|100|100|98|98|98|32,-13|13|-13|13|0|-9|9|0,0|0|0|0|13|-9|-9|32,-2|2|-2|2|0|-9|9|98,-7|-7|7|7|0|0|0|0,105|106|124|125|73|130|131|25964,0,0,0,13,255,192
1286,0,6,8,0,8,0,0,0,3|3|3|3|2|2|2|2,100|100|100|100|98|98|98|98,-13|13|-13|13|-9|9|-9|9,0|0|0|0|-9|-9|9|9,-2|2|-2|2|-9|9|-9|9,-7|-7|7|7|0|0|0|0,105|106|124|125|130|131|149|150,0,0,0,13,255,192
1287,0,6,1,0,1,0,0,0,2|101|118|101|108|116|105|109,98|114|106|117|109|112|116|111,0|32|32|58|61|101|118|101,0|116|100|97|116|50|59|110,0|0|0|0|0|32|32|32,0|32|32|32|32|32|32|32,73|25710|26939|17|0|8192|8224|8224,1,0,0,13,255,192
1288,0,6,3,0,3,0,0,0,2|1|1|32|32|32|32|32,98|98|98|32|32|32|105|102,0|-1|1|101|80|108|97|121,0|-1|-1|105|109|101|100|32,0|-4|4|110|18|0|0|0,0|0|0|32|32|32|32|32,73|63|63|25954|26983|110|41|0,1,0,0,13,255,192
1289,0,6,4,0,4,0,0,0,1|1|1|1|101|108|116|105,98|98|98|98|61|40|101|118,-1|1|-2|2|97|116|61|49,0|0|-1|-1|0|0|0|32,-4|4|-8|8|32|32|32|32,0|0|0|0|32|32|32|108,63|63|63|63|25458|30063|29806|28516,1,0,0,13,255,192
1290,0,6,5,0,5,0,0,0,1|1|1|1|1|0|0|32,98|98|98|98|98|32|32|32,-1|1|-2|2|0|32|32|108,-1|-1|-2|-2|0|105|109|101,-4|4|-8|8|0|116|111|32,0|0|0|0|0|118|101|110,63|63|63|63|63|8192|8224|8224,1,0,0,13,255,192
1291,0,6,4,0,4,0,0,0,2|2|1|1|32|32|32|32,98|98|98|98|32|101|110|100,-1|1|-3|3|0|0|0|49,0|0|-1|-1|0|32|32|32,-4|4|-8|8|57|57|32|58,0|0|0|0|100|111|109|101,73|73|63|63|14963|10301|30309|28261,1,0,0,13,255,192
1292,0,6,4,0,4,0,0,0,3|3|1|1|54|57|32|58,98|98|98|98|105|110|32|112,0|0|-2|2|114|105|110|118,1|1|-1|-1|114|97|98|108,-6|6|-8|8|101|118|101|110,0|0|0|0|59|32|112|108,143|144|63|63|28268|29285|25185|25964,1,0,0,13,255,192
1293,0,6,4,0,4,0,0,0,3|3|2|2|0|0|0|105,98|98|98|98|0|32|32|32,0|0|-2|2|55|48|32|58,1|1|-1|-1|105|110|48|0,-6|6|-8|8|32|32|32|32,0|0|0|0|32|32|32|32,143|144|73|73|29806|24932|12916|12349,1,0,0,13,255,192
1294,0,6,6,0,6,0,0,0,3|3|1|1|1|1|0|0,98|98|98|98|98|98|32|32,0|0|-1|1|-2|2|32|32,1|1|0|0|-1|-1|112|98,-6|6|-4|4|-8|8|101|59,0|0|0|0|0|0|32|32,143|144|63|63|63|63|8224|26144,1,0,0,13,255,192
1295,0,6,6,0,6,0,0,0,3|3|2|2|1|1|109|112,98|98|98|98|98|98|112|98,0|0|-1|1|-3|3|97|114,1|1|0|0|-1|-1|116|101,-6|6|-4|4|-8|8|0|0,0|0|0|0|0|0|32|32,143|144|73|73|63|63|8294|28526,1,0,0,13,255,192
1296,0,6,6,0,6,0,0,0,3|3|3|3|3|3|40|101,98|98|98|98|98|98|116|41,0|0|-3|-3|3|3|0|32,1|1|-2|-2|-2|-2|32|32,-6|6|-12|0|0|12|101|110,0|0|0|0|0|0|46|0,143|144|143|144|143|144|8224|8224,1,0,0,13,255,192
1297,0,6,8,0,8,0,0,0,3|3|3|3|3|3|3|3,98|98|98|98|98|98|98|98,-1|-1|1|1|-3|-3|3|3,0|0|0|0|-2|-2|-2|-2,-12|0|0|12|-24|-12|12|24,0|0|0|0|0|0|0|0,143|144|143|144|143|144|143|144,1,0,0,13,255,192
1298,80,20,8,3,8,0,0,0,128|128|128|128|128|128|128|128,255|255|255|255|255|255|255|255,0|0|1|-1|1|-1|1|-1,1|-1|1|1|-1|-1|0|0,0|0|0|0|0|0|0|0,0|0|0|0|0|0|0|0,271|271|271|271|271|271|271|271,0,0,0,8,255,208
1299,0,90,1,3,1,0,0,0,99|0|0|0|0|32|32|32,255|32|32|32|32|32|32|32,120|32|32|32|32|32|32|69,2|101|110|116|74|117|109|112,-20|101|118|101|110|116|100|97,20|41|59|39|16|0|0|0,263|8224|8224|8224|8224|8224|25888|25710,0,0,160,0,255,208
1300,0,7,2,0,2,0,0,0,1|1|32|32|55|49|32|58,255|255|102|32|109|97|112|121,-10|10|115|62|61|101|118|101,0|0|100|97|116|50|32|116,0|0|110|32|69|118|101|110,0|0|117|109|112|40|101|118,227|227|29793|15145|62|0|8192|8224,0,0,0,26,255,208
1301,0,7,2,0,2,0,0,0,2|2|101|118|101|110|116|100,107|107|50|32|125|32|32|123,-10|10|116|104|105|110|107|32,0|0|105|115|32|119|97|115,0|0|110|99|111|114|114|101,0|0|125|32|0|0|0|0,601|601|0|8192|8224|8224|8224|12855,0,0,0,26,255,208
1302,0,7,4,0,4,0,0,0,1|1|1|1|32|40|101|118,255|255|255|255|97|116|61|49,-9|9|9|-9|0|0|0|105,2|-2|2|-2|0|32|32|32,0|0|0|0|55|51|32|58,0|0|0|0|101|110|101|109,227|227|227|227|14880|8253|25896|25974,0,0,0,26,255,208
1303,0,7,4,0,4,0,0,0,2|1|2|1|0|32|32|32,107|255|107|255|55|52|32|58,-9|9|9|-9|105|110|32|32,2|-2|2|-2|69|110|101|109,0|0|0|0|111|98|97|108,0|0|0|0|110|99|101|80,601|227|601|227|34|0|8192|8224,0,0,0,26,255,208
1304,0,7,6,0,6,0,0,0,2|1|2|1|1|1|116|111,107|255|107|255|255|255|111|109,-9|9|9|-9|-10|10|4|0,2|-2|2|-2|0|0|0|32,0|0|0|0|0|0|13|0,0|0|0|0|0|0|110|111,601|227|601|227|227|227|8192|8224,0,0,0,26,255,208
1305,0,7,7,0,7,0,0,0,2|1|2|1|2|2|1|32,107|255|107|255|107|107|255|0,-9|9|9|-9|-10|10|0|114,2|-2|2|-2|0|0|-10|121,0|0|0|0|0|0|0|0,0|0|0|0|0|0|0|116,601|227|601|227|601|601|227|26223,0,0,0,26,255,208
1306,0,7,7,0,7,0,0,0,2|2|2|2|2|2|1|102,107|107|107|107|107|107|255|32,-9|9|9|-9|-10|10|0|32,2|-2|2|-2|0|0|-10|110,0|0|0|0|0|0|0|111,0|0|0|0|0|0|0|0,601|601|601|601|601|601|227|17,0,0,0,26,255,208
1307,0,7,6,0,6,0,0,0,2|1|2|1|4|4|0|0,107|255|107|255|105|105|32|97,-9|9|9|-9|-6|6|50|53,2|-2|2|-2|0|0|32|32,0|0|0|0|0|0|0|0,0|0|0|0|0|0|0|0,601|227|601|227|582|582|28229|28005,0,0,0,26,255,208
1308,0,7,6,0,6,0,0,0,2|2|2|2|4|4|47|0,107|107|107|107|105|105|32|32,-9|9|9|-9|-6|6|120|44,2|-2|2|-2|0|0|32|40,0|0|0|0|0|0|114|32,0|0|0|0|0|0|110|103,601|601|601|601|582|582|0|8192,0,0,0,26,255,208
1309,0,7,8,0,8,0,0,0,2|1|2|1|1|1|4|4,107|255|107|255|255|255|105|105,-9|9|9|-9|-3|3|-6|6,2|-2|2|-2|-7|-7|0|0,0|0|0|0|0|0|0|0,0|0|0|0|0|0|0|0,601|227|601|227|227|227|582|582,0,0,0,26,255,208
1310,0,7,8,0,8,0,0,0,2|2|2|2|1|1|4|4,107|107|107|107|255|255|105|105,-9|9|9|-9|-3|3|-6|6,2|-2|2|-2|-7|-7|0|0,0|0|0|0|0|0|0|0,0|0|0|0|0|0|0|0,601|601|601|601|227|227|582|582,0,0,0,26,255,208
1311,0,11,1,0,1,0,0,0,1|0|0|0|0|32|32|32,90|32|32|109|111|118|32|119,120|114|100|32|112|116|114|32,120|122|44|115|105|0|13|0,-13|0|0|32|32|32|32|32,14|112|117|115|104|32|99|120,227|0|8192|8224|8224|27936|30319|24864,0,0,6,26,255,208
1312,0,21,1,7,1,0,0,0,2|0|0|32|32|32|115|104,90|32|32|115|105|44|55|32,120|32|32|32|32|32|32|32,120|32|32|32|32|123|32|70,-18|110|100|32|69|110|101|109,20|32|111|102|102|115|101|116,601|23|0|8192|8224|25697|8292|29472,0,0,7,26,255,208
1313,0,16,1,7,1,0,0,0,2|0|0|32|32|32|115|117,90|32|32|115|105|44|52|57,120|54|52|51|17|0|0|0,120|32|32|32|109|111|118|32,-24|116|101|109|112|119|51|44,24|105|0|0|0|0|0|32,601|0|8192|8224|28525|8310|24864|11384,0,0,8,26,255,208
1314,0,8,1,7,1,0,0,0,2|32|32|32|109|111|118|32,90|100|115|58|91|115|105|43,120|52|93|44|97|120|0|0,120|0|0|32|42|0|0|0,-24|32|32|32|109|111|118|32,24|97|108|44|100|115|58|91,601|14379|23861|8224|8224|8224|8224|8315,0,0,8,26,255,208
1315,0,16,2,7,2,0,0,0,2|2|32|32|111|114|32|32,90|90|108|44|97|108|16|0,120|120|0|32|32|32|106|122,120|120|32|78|111|88|97|99,-30|-18|108|114|6|0|0|0,24|24|32|32|99|98|119|109,601|601|26368|13|0|8192|8224|30067,0,0,8,26,255,208
1316,0,8,2,7,2,0,0,0,2|2|118|32|32|100|105|44,45|45|4|0|0|0|0|101,120|120|59|50|0|0|0|0,120|120|20|0|0|0|0|32,-40|-8|116|101|109|112|58|61,24|24|110|100|111|109|40|49,601|601|0|0|25856|3|0|24832,0,0,8,26,255,208
1317,0,16,3,7,3,0,0,0,2|2|2|99|15|0|0|0,45|45|90|32|106|108|101|32,120|120|120|97|99|99|101|108,120|120|120|0|0|48|35|0,-40|-8|-24|32|32|32|32|32,24|24|4|32|97|108|44|100,601|601|601|12337|8285|8224|8315|22594,0,0,8,26,255,208
1318,0,8,1,5,1,0,0,0,4|98|119|108|14|0|0|0,90|32|32|32|32|32|109|111,120|32|98|120|44|112|120|97,120|0|0|0|0|32|32|32,-24|32|99|109|112|32|98|120,24|100|115|58|91|115|105|45,582|8285|8224|8315|19779|8272|22608|17708,0,0,8,26,255,208
1319,0,16,2,5,2,0,0,0,4|4|64|73|110|99|69|88,90|90|16|0|0|0|0|32,120|120|32|32|32|32|32|99,120|120|32|97|120|44|48|97,-30|-18|0|0|0|32|32|32,24|24|32|32|32|106|103|101,582|582|17763|17240|14|0|8192|8224,0,0,8,26,255,208
1320,0,8,2,5,2,0,0,0,4|4|32|32|32|32|32|32,45|45|109|112|32|97|120|44,120|120|20|0|0|0|0|32,120|120|32|32|32|32|32|106,-40|-8|32|78|111|88|97|99,24|24|108|41|16|0|0|0,582|582|8224|8224|16416|25924|17763|17240,0,0,8,26,255,208
1321,0,16,3,5,3,0,0,0,4|4|4|98|121|116|101|32,45|45|90|32|100|115|58|91,120|120|120|49|48|93|20|0,120|120|120|32|32|32|32|32,-50|8|-24|106|109|112|32|78,24|24|4|99|99|101|108|41,582|582|582|8224|8224|18752|25454|22597,0,0,8,26,255,208
1322,0,4,2,0,2,0,0,0,1|1|32|97|120|44|100|105,255|255|0|0|0|32|32|32,0|0|32|32|32|106|103|101,12|12|111|88|97|99|99|101,-5|5|31|0|0|0|0|32,0|0|32|32|32|32|32|105,225|225|29817|8293|29808|8306|29540|23354,0,0,0,26,255,208
1323,0,5,3,0,3,0,0,0,1|1|1|99|101|108|58|32,255|255|255|0|0|0|0|0,0|-2|2|0|42|0|0|0,12|11|11|32|109|111|118|32,0|0|0|44|100|115|58|91,0|0|0|56|54|93|32|32,225|225|225|8315|19521|22845|25441|25955,0,0,0,26,255,208
1324,0,5,4,0,4,0,0,0,1|1|1|1|32|32|32|97,255|255|255|255|16|0|0|0,-2|2|-4|4|106|122|32|32,11|11|12|12|97|99|99|101,0|0|0|0|0|0|0|32,0|0|0|0|119|44|0|0,225|225|225|225|8192|8224|30067|8290,0,0,0,26,255,208
1325,0,6,5,0,5,0,0,0,1|1|1|1|1|44|97|120,255|255|255|255|255|101|110|100,0|-3|3|-6|6|0|0|111,12|11|11|9|9|32|32|32,0|0|0|0|0|61|114|97,0|0|0|0|0|49|49|41,225|225|225|225|225|0|24832|28019,0,0,0,26,255,208
1326,0,6,6,0,6,0,0,0,1|1|1|1|1|1|0|32,255|255|255|255|255|255|78|111,-3|3|-6|6|0|0|0|0,11|11|9|9|12|12|0|0,0|0|0|0|-4|4|109|111,0|0|0|0|0|0|115|58,225|225|225|225|225|225|22594|17725,0,0,0,26,255,208
1327,0,6,4,0,4,0,0,0,1|1|2|2|0|0|0|32,255|255|255|255|109|111|118|32,-6|6|0|0|121|32|38|0,9|9|11|11|32|32|32|32,0|0|8|-8|98|120|44|100,0|0|0|0|105|45|49|50,225|225|244|244|8272|22864|17708|8281,0,0,0,26,255,208
1328,0,6,5,0,5,0,0,0,1|1|2|2|2|89|67|101,255|255|255|255|255|32|32|32,-5|5|3|-3|0|99|109|112,9|9|11|11|12|97|19|0,0|0|0|0|0|32|32|32,0|0|0|0|0|101|32|64,225|225|244|244|244|8192|8224|8224,0,0,0,26,255,208
1329,0,6,6,0,6,0,0,0,1|1|3|3|2|2|32|99,255|255|255|255|255|255|100|105,-6|6|3|-3|0|0|32|32,9|9|11|11|12|12|103|101,0|0|0|0|-8|8|99|101,0|0|0|0|0|0|0|32,225|225|244|244|244|244|17241|14906,0,0,0,26,255,208
1330,0,6,6,0,6,0,0,0,2|2|3|2|2|2|112|116,255|255|255|255|255|255|115|105,-6|6|3|-3|0|0|0|0,9|9|11|11|12|12|32|32,0|0|0|0|-8|8|111|89,0|0|0|0|0|0|13|0,244|244|244|244|244|244|22853|14915,0,0,0,26,255,208
1331,0,6,7,0,7,0,0,0,2|2|3|2|2|2|3|0,255|255|255|255|255|255|255|32,-8|8|6|-6|3|-3|0|78,9|9|10|10|11|11|12|111,0|0|0|0|0|0|0|32,0|0|0|0|0|0|0|99,244|244|244|244|244|244|244|26995,0,0,0,26,255,208
1332,0,6,8,0,8,0,0,0,5|2|2|2|2|2|2|2,255|255|255|255|255|255|255|255,0|-4|4|-6|6|0|-3|3,12|12|12|9|9|12|11|11,0|-4|4|0|0|0|0|0,0|-6|-6|0|0|9|0|0,244|244|244|244|244|226|226|226,0,0,0,26,255,208
1333,0,8,1,0,1,0,0,0,2|32|32|98|120|44|116|101,255|112|109|97|112|120|111|102,0|32|32|32|123|67|97|108,-6|117|108|97|116|101|32|88,0|97|14|0|0|0|0|32,0|32|99|109|112|32|32|98,126|12845|30521|16|0|8192|8224|27754,1,0,0,16,255,208
1334,0,8,2,0,2,0,0,0,2|2|32|32|99|109|112|32,255|255|120|44|51|48|48|104,-1|1|0|0|0|32|32|32,-7|-7|101|32|32|64|83|107,-5|5|65|78|73|99|0|0,0|0|0|100|21|0|0|0,126|126|10792|18208|29797|17696|8275|25970,1,0,0,16,255,208
1335,0,8,3,0,3,0,0,0,2|2|2|101|115|44|86|71,255|255|255|114|101|101|110|83,-2|2|0|0|0|0|0|97,-7|-7|-5|0|0|32|32|32,-5|5|0|32|32|99|108|44,0|0|0|91|115|105|43|48,126|126|126|19523|24893|26990|32032|13,1,0,0,16,255,208
1336,0,8,2,0,2,0,0,0,3|3|0|0|0|32|32|32,255|255|118|32|32|98|108|44,-1|1|58|91|115|105|43|48,-8|-8|32|32|123|32|66|76,-5|5|110|101|109|121|67|121,0|0|101|32|125|65|0|0,214|214|69|0|8192|8224|28003|8304,1,0,0,16,255,208
1337,0,8,3,0,3,0,0,0,3|3|3|93|44|49|32|32,255|255|255|102|32|65|110|105,-2|2|0|105|118|101|61|48,-8|-8|-5|101|110|32|100|111,-5|5|0|116|32|97|110|105,0|0|0|101|32|125|14|0,214|214|214|28266|8293|16416|20302|20033,1,0,0,16,255,208
1338,0,8,5,0,5,0,0,0,2|2|2|2|3|98|108|0,255|255|255|255|255|32|32|32,-2|2|-4|4|0|98|108|44,-7|-7|-7|-7|-5|105|43|53,-5|5|-8|8|0|32|73|102,0|0|0|0|0|65|110|105,126|126|126|126|214|26990|25409|26996,1,0,0,16,255,208
1339,0,8,4,0,4,0,0,0,3|3|2|2|97|116|101|32,255|255|255|255|0|0|0|32,-2|2|-4|4|101|32|32|64,-7|-7|-7|-7|79|78|84|58,-5|5|-8|8|0|59|30|0,0|0|0|0|32|32|109|111,214|214|126|126|25972|28704|29300|25632,1,0,0,16,255,208
1340,0,8,6,0,6,0,0,0,3|3|2|2|2|2|32|98,255|255|255|255|255|255|114|32,-2|2|-4|4|-1|1|43|52,-7|-7|-7|-7|-6|-6|0|0,-5|5|-8|8|-3|3|0|0,0|0|0|0|0|0|112|32,214|214|126|126|126|126|8192|9,1,0,0,16,255,208
1341,0,8,4,0,4,0,0,0,3|3|3|3|0|0|0|32,255|255|255|255|112|32|32|98,-2|2|-4|4|32|32|32|32,-7|-7|-8|-8|32|32|123|32,-5|5|-8|8|110|101|109|121,0|0|0|0|101|61|65|110,214|214|214|214|25966|31085|31043|27747,1,0,0,16,255,208
1342,0,8,4,0,4,0,0,0,2|2|5|5|99|108|101|41,255|255|255|255|14|0|0|0,-1|1|-1|1|106|108|101|32,-8|-8|-7|-7|65|68|68|109,-4|5|-5|5|0|32|32|32,0|0|0|0|32|98|108|44,126|126|263|263|23863|7|0|16384,1,0,0,16,255,208
1343,0,8,6,0,6,0,0,0,2|2|5|5|2|2|91|115,255|255|255|255|255|255|98|108,-1|1|-1|1|-3|3|7|0,-8|-8|-7|-7|-7|-7|65|78,-4|5|-5|5|-5|5|0|32,0|0|0|0|0|0|32|98,126|126|263|263|126|126|8292|25120,1,0,0,16,255,208
1344,0,8,1,0,1,0,0,0,2|49|32|125|63|0|0|0,255|32|32|32|109|111|118|32,0|100|120|44|100|115|58|91,6|105|43|98|120|43|48|55,0|32|40|42|32|83|73|32,0|32|83|104|97|112|101|32,126|29542|29797|31776|17440|8280|8253|26707,-1,0,0,16,255,208
1345,0,8,2,0,2,0,0,0,2|2|0|32|32|32|99|109,255|255|32|100|120|44|57|57,-1|1|32|32|123|32|73|70,7|7|104|97|112|101|61|57,-5|5|32|116|104|101|110|32,0|0|101|109|121|32|107|105,126|126|29801|25971|26220|32032|18|0,-1,0,0,16,255,208
1346,0,8,3,0,3,0,0,0,2|2|2|32|0|0|0|0,255|255|255|0|0|0|0|32,-2|2|0|101|99|32|32|100,7|7|5|0|0|0|0|32,-5|5|0|100|100|32|32|100,0|0|0|120|0|0|0|0,126|126|126|31488|8224|8317|28525|8310,-1,0,0,16,255,208
1347,0,8,2,0,2,0,0,0,3|3|0|32|32|32|32|32,255|255|100|32|32|98|120|44,-1|1|109|112|109|97|112|120,8|8|115|32|32|32|123|67,-5|5|99|117|108|97|116|101,0|0|125|97|0|0|0|0,214|214|0|8192|8224|8224|28525|8310,-1,0,0,16,255,208
1348,0,8,3,0,3,0,0,0,3|3|3|61|69|89|125|49,255|255|255|0|0|32|32|32,-2|2|0|111|118|32|32|99,8|8|5|120|14|0|0|0,-5|5|0|32|125|32|115|104,0|0|0|99|120|44|54|97,214|214|214|8224|8224|28525|8310|25632,-1,0,0,16,255,208
1349,0,8,5,0,5,0,0,0,2|2|2|2|3|44|50|32,255|255|255|255|255|32|32|32,-2|2|-4|4|0|32|32|98,7|7|7|7|5|32|32|32,-5|5|-8|8|0|32|32|32,0|0|0|0|0|101|32|71,126|126|126|126|214|29793|28521|8302,-1,0,0,16,255,208
1350,0,8,4,0,4,0,0,0,3|3|2|2|32|98|120|44,255|255|255|255|0|0|0|32,-2|2|-4|4|0|32|32|32,7|7|7|7|32|99|104|44,-5|5|-8|8|32|112|116|114,0|0|0|0|91|115|105|43,214|214|126|126|17981|27753|25972|8306,-1,0,0,16,255,208
1351,0,8,6,0,6,0,0,0,3|3|2|2|2|2|48|125,255|255|255|255|255|255|32|32,-2|2|-4|4|-1|1|121|116,7|7|7|7|6|6|100|115,-5|5|-8|8|-3|3|51|93,0|0|0|0|0|0|0|101,214|214|126|126|126|126|25632|23923,-1,0,0,16,255,208
1352,0,8,4,0,4,0,0,0,3|3|3|3|108|44|100|115,255|255|255|255|43|52|55|93,-2|2|-4|4|67|76|61|69,7|7|8|8|125|32|0|0,-5|5|-8|8|37|0|0|0,0|0|0|0|109|111|118|32,214|214|214|214|26995|13611|23858|8224,-1,0,0,16,255,208
1353,0,8,4,0,4,0,0,0,2|2|5|5|43|0|0|0,255|255|255|255|99|109|112|32,-1|1|-1|1|49|32|32|32,8|8|7|7|32|32|32|32,-4|5|-5|5|115|105|122|101,0|0|0|0|32|76|97|114,126|126|263|263|8192|8224|25962|8224,-1,0,0,16,255,208
1354,0,8,6,0,6,0,0,0,2|2|5|5|2|2|0|32,255|255|255|255|255|255|112|32,-1|1|-1|1|-3|3|51|103,8|8|7|7|7|7|32|32,-4|5|-5|5|-5|5|32|64,0|0|0|0|0|0|0|0,126|126|263|263|126|126|28525|8310,-1,0,0,16,255,208
1355,0,2,1,0,2,0,0,0,1|1|111|110|125|0|0|0,255|255|0|0|12|0|0|0,-6|6|32|32|115|117|98|32,21|21|44|97|104|113|0|0,-2|2|0|117|110|99|-38|10,20|20|42|0|0|0|0|32,132|133|8224|8224|8224|8224|8224|26982,-1,0,0,20,255,112
1356,0,2,1,0,4,0,0,0,1|1|1|1|116|62|48|41,255|255|255|255|0|0|0|32,-6|6|-7|7|32|32|32|32,21|21|21|21|32|32|102|105,-2|2|-4|4|102|97|100|101,20|20|20|20|40|101|118|101,132|133|132|133|27707|38|0|8192,-1,0,0,20,255,112
1357,0,3,2,0,4,0,0,0,1|1|1|1|105|108|116|101,255|255|255|255|118|101|110|116,-6|6|-7|7|59|110|42|0,21|21|21|21|32|32|32|32,-2|2|-4|4|32|32|32|32,20|20|20|20|118|101|108|98,132|133|132|133|14963|25917|25974|29806,-1,0,0,20,255,112
1358,0,3,2,0,6,0,0,0,1|1|1|1|1|1|32|32,255|255|255|255|255|255|108|102,-6|6|-7|7|-5|5|101|119,21|21|21|21|21|21|116|100,-2|2|-4|4|-1|1|0|0,20|20|20|20|20|20|32|32,132|133|132|133|132|133|25196|26994,-1,0,0,20,255,112
1359,0,2,2,0,6,0,0,0,1|1|1|1|1|1|47|0,255|255|255|255|255|255|32|32,-6|6|-7|7|-5|5|32|32,21|21|21|21|21|21|101|114,-2|2|-4|4|-1|1|97|114,20|20|20|20|20|20|118|101,132|133|132|133|132|133|0|8192,-1,0,0,20,255,112
1360,0,2,2,0,8,0,0,0,1|1|1|1|1|1|1|1,255|255|255|255|255|255|255|255,-6|6|-7|7|-8|8|-5|5,21|21|21|21|21|21|21|21,-2|2|-4|4|-6|6|-1|1,20|20|20|20|20|20|20|20,132|133|132|133|132|133|132|133,-1,0,0,20,255,112
1361,0,1,2,0,8,0,0,0,1|1|1|1|1|1|1|1,255|255|255|255|255|255|255|255,-6|6|-7|7|-8|8|-5|5,21|21|21|21|21|21|21|21,-2|2|-4|4|-6|6|-1|1,20|20|20|20|20|20|20|20,132|133|132|133|132|133|132|133,-1,0,0,20,255,112
1362,0,2,3,0,8,0,0,0,1|1|1|1|1|1|1|1,255|255|255|255|255|255|255|255,-6|6|-7|7|-8|8|-5|5,21|21|21|21|21|21|21|21,-2|2|-4|4|-6|6|-1|1,20|20|20|20|20|20|20|20,132|133|132|133|132|133|132|133,-1,0,0,20,255,112
1363,0,2,2,0,6,0,0,0,2|2|2|2|2|2|32|111,255|255|255|255|255|255|100|111,-6|6|-7|7|-5|5|112|111,21|21|21|21|21|21|114|91,-2|2|-4|4|-1|1|104|101,20|20|20|20|20|20|0|32,151|152|151|152|151|152|8224|30309,-1,0,0,20,255,112
1364,0,2,2,0,8,0,0,0,2|2|2|2|2|2|2|2,255|255|255|255|255|255|255|255,-6|6|-7|7|-8|8|-5|5,21|21|21|21|21|21|21|21,-2|2|-4|4|-6|6|-1|1,20|20|20|20|20|20|20|20,151|152|151|152|151|152|151|152,-1,0,0,20,255,112
1365,0,1,2,0,8,0,0,0,2|2|2|2|2|2|2|2,255|255|255|255|255|255|255|255,-6|6|-7|7|-8|8|-5|5,21|21|21|21|21|21|21|21,-2|2|-4|4|-6|6|-1|1,20|20|20|20|20|20|20|20,151|152|151|152|151|152|151|152,-1,0,0,20,255,112
1366,0,3,1,4,2,0,0,0,1|1|32|32|32|32|32|32,255|255|110|101|109|121|91|116,0|0|112|93|46|101|110|101,6|6|100|105|101|58|61|101,-4|4|110|116|100|97|116|59,0|0|0|0|0|32|32|32,233|233|8224|8224|25888|25710|8251|17,0,0,0,13,255,80
1367,0,8,1,0,1,0,0,0,112|103|105|110|58|0|0|0,255|32|32|32|32|32|32|32,0|32|32|32|32|32|105|102,0|40|101|118|101|110|116|100,0|116|51|60|62|48|41|32,0|104|101|110|32|68|97|109,31|21093|29793|14949|25917|25974|29806|24932,1,0,0,7,6,80
1368,0,9,2,0,2,0,0,0,112|112|32|32|32|32|105|102,255|255|101|118|101|110|116|100,1|-1|50|61|48|41|32|111,-1|-1|116|119|111|112|108|97,0|0|114|109|111|100|101|32,0|0|32|111|110|101|112|108,31|31|25441|26996|28271|29728|25960|8302,1,0,0,7,6,80
1369,0,10,3,0,3,0,0,0,112|112|112|32|32|32|32|32,255|255|255|99|40|68|105|102,1|-1|0|117|108|116|121|76,-1|-1|0|108|44|101|118|101,0|0|0|97|116|41|59|53,0|0|0|0|0|32|32|32,31|31|31|8224|8224|26912|8294|26980,1,0,0,7,6,80
1370,0,11,4,0,4,0,0,0,112|112|112|112|32|100|105|102,255|255|255|255|108|116|121|108,1|-1|0|0|58|61|49|59,-2|-2|0|0|0|32|32|32,0|0|-3|3|32|32|32|32,0|0|0|0|102|32|100|105,31|31|31|31|25964|25974|15980|12337,1,0,0,7,6,80
1371,0,12,1,0,1,0,0,0,116|101|118|101|108|58|61|49,255|59|18|0|0|0|0|32,0|32|32|32|32|32|32|32,-2|32|32|32|32|101|110|100,0|105|16|0|0|0|0|32,0|32|32|32|32|32|32|32,32|25888|25710|59|46|0|8192|8224,1,0,0,7,6,80
1372,0,12,2,0,4,0,0,0,112|116|112|116|69|110|101|109,255|255|255|255|111|98|97|108,-1|0|1|0|101|108|82|101,-3|-2|-3|-2|34|0|0|0,0|0|0|0|32|32|32|32,0|0|0|0|32|32|102|111,31|32|31|32|8241|28532|12576|12336,1,0,0,7,6,80
1373,0,12,3,0,3,0,0,0,112|116|112|32|32|32|32|32,255|255|255|32|40|101|118|101,-1|0|1|97|116|52|61|48,-3|-2|-3|114|32|40|101|110,0|0|0|91|116|101|109|112,0|0|0|105|110|107|110|117,31|32|31|25716|29793|10548|29728|25960,1,0,0,7,6,80
1374,0,12,3,0,3,0,0,0,112|113|112|32|32|32|32|101,255|255|255|121|91|116|101|109,-1|0|1|97|114|109|111|114,-4|-3|-4|116|58|61|101|118,0|0|0|100|97|116|59|32,0|0|0|0|0|32|32|32,31|32|31|8224|25888|25710|29499|59,1,0,0,7,6,80
1375,0,12,2,0,2,0,0,0,113|113|105|110|32|32|32|32,255|255|66|97|99|107|103|114,0|0|110|100|32|50|32|67,-4|-4|110|111|116|32|98|101,-6|6|114|97|110|115|112|97,0|0|110|116|32|125|45|0,32|32|8224|8224|8224|8224|8224|8224,1,0,0,7,6,80
1376,0,12,4,0,4,0,0,0,113|113|112|112|97|114|101|110,255|255|255|255|114|117|101|59,0|0|1|-1|0|32|32|32,-4|-4|-1|-1|32|32|32|32,-6|6|0|0|59|102|26|0,0|0|0|0|32|32|32|32,32|32|31|31|12597|13612|8242|8250,1,0,0,7,6,80
1377,0,12,3,0,3,0,0,0,114|112|112|32|32|32|32|32,255|255|255|112|100|97|116|50,0|1|-1|118|101|110|116|100,-4|-1|-1|32|32|101|118|101,0|0|0|97|116|32|58|61,0|0|0|0|0|0|0|32,33|31|31|8224|8224|8224|25972|28781,1,0,0,7,6,80
1378,0,11,1,0,2,0,0,0,3|3|118|101|110|116|100|97,255|255|58|61|48|59|47|0,2|-2|0|32|32|32|32|32,-1|-1|32|32|32|32|32|32,0|0|109|112|100|97|116|51,0|0|101|118|101|110|116|100,99|99|25888|25974|29806|24932|13940|15674,1,0,0,1,0,112
1379,0,11,2,0,2,0,0,0,3|3|32|32|116|101|109|112,255|255|58|61|116|101|109|112,2|-2|116|59|42|0|0|0,-1|-1|32|32|32|32|32|32,0|0|32|32|32|32|101|110,0|0|121|100|97|116|94|91,99|99|28018|29295|15674|25972|28781|24932,1,0,0,1,0,112
1380,0,11,4,0,4,0,0,0,3|3|2|2|32|32|101|110,255|255|255|255|97|116|94|91,3|-3|4|-4|103|114|97|112,-1|-1|-1|-1|49|93|58|61,0|0|0|0|100|97|116|50,0|0|0|0|0|0|0|32,99|99|99|99|8224|8224|24931|25971,1,0,0,1,0,112
1381,0,11,6,0,6,0,0,0,3|3|2|2|2|2|32|32,255|255|255|255|255|255|32|32,3|-3|4|-4|5|-5|116|101,-1|-1|-2|-2|-3|-3|59|116,0|0|0|0|0|0|32|32,0|0|0|0|0|0|32|32,99|99|99|99|99|99|15152|26,1,0,0,1,0,112
1382,0,11,1,0,2,0,0,0,4|4|58|32|116|101|109|112,255|255|53|48|59|109|26|0,2|-2|0|32|32|32|32|32,-1|-1|32|32|32|32|32|32,0|0|58|32|116|101|109|112,0|0|55|53|59|0|17|0,100|100|8224|8224|8224|8224|8224|8224,1,0,0,1,0,112
1383,0,11,2,0,2,0,0,0,4|4|32|32|32|32|117|110,255|255|117|101|101|110|101|109,2|-2|61|116|114|117|101|59,-1|-1|0|0|0|32|32|32,0|0|32|32|32|32|32|32,0|0|99|114|101|97|116|101,100|100|25974|29806|28261|28005|10361|11312,1,0,0,1,0,112
1384,0,11,3,0,4,0,0,0,4|2|4|2|32|32|32|32,255|255|255|255|117|101|101|110,2|3|-2|-3|61|102|97|108,-1|-4|-1|-4|30|0|0|0,0|0|0|0|32|32|32|32,0|0|0|0|32|32|105|102,100|99|100|99|8302|25954|26983|8302,1,0,0,1,0,112
1385,0,11,4,0,4,0,0,0,4|2|4|2|110|101|109|121,255|255|255|255|108|91|98|93,2|3|-2|-3|125|103|41|0,-1|-4|-1|-4|32|32|32|32,0|0|0|0|32|32|32|32,0|0|0|0|109|121|91|98,100|99|100|99|15674|25972|28781|24932,1,0,0,1,0,112
1386,0,11,2,0,2,0,0,0,8|8|32|32|32|32|123|101,255|255|109|121|91|98|93|46,2|-2|109|111|114|108|101|102,-2|-2|61|116|101|109|112|100,0|0|51|59|125|32|17|0,0|0|0|32|32|32|32|32,98|98|8224|8224|28261|15204|33|0,1,0,0,1,0,112
1387,0,11,4,0,4,0,0,0,8|8|4|4|97|116|32|58,255|255|255|255|112|100|97|116,2|-2|4|-4|0|0|0|32,-2|-2|-4|-4|32|32|32|32,0|0|0|0|101|118|101|110,0|0|0|0|51|58|61|116,98|98|100|100|33|0|8192|8224,1,0,0,1,0,112
1388,0,11,6,0,6,0,0,0,8|8|4|4|2|2|101|109,255|255|255|255|255|255|16|0,2|-2|4|-4|6|-6|32|32,-2|-2|-4|-4|-6|-6|32|101,0|0|0|0|0|0|0|0,0|0|0|0|0|0|0|32,98|98|100|100|99|99|29295|25955,1,0,0,1,0,112
1389,0,11,1,0,2,0,0,0,3|3|57|57|59|42|32|0,255|255|0|32|32|32|32|32,2|-2|53|52|32|58|32|69,-1|-1|110|116|74|117|109|112,0|0|118|101|110|116|100|97,0|0|59|59|46|0|0|0,99|99|8224|8224|13621|14880|25120|26469,1,0,4,1,0,112
1390,0,11,2,0,2,0,0,0,3|3|97|108|32|65|99|99,255|255|82|101|118|32|125|116,2|-2|0|0|0|32|32|32,-1|-1|32|32|32|32|32|32,0|0|105|102|32|101|118|101,0|0|100|97|116|51|62|55,99|99|28261|25888|25974|29806|24932|13428,1,0,4,1,0,112
1391,0,11,4,0,4,0,0,0,3|3|2|2|93|59|34|0,255|255|255|255|32|32|32|32,3|-3|4|-4|32|32|32|32,-1|-1|-1|-1|116|101|109|112,0|0|0|0|116|111|32|49,0|0|0|0|111|32|78|0,99|99|99|99|8224|8224|8224|8224,1,0,4,1,0,112
1392,0,11,6,0,6,0,0,0,3|3|2|2|2|2|32|40,255|255|255|255|255|255|116|101,3|-3|4|-4|5|-5|110|107,-1|-1|-2|-2|-3|-3|101|110,0|0|0|0|0|0|32|116,0|0|0|0|0|0|103|105,99|99|99|99|99|99|8224|8224,1,0,4,1,0,112
1393,0,11,1,0,2,0,0,0,4|4|32|60|62|45|57|57,255|255|116|104|101|110|32|101,2|-2|109|121|91|116|101|109,-1|-1|46|120|97|99|99|101,0|0|61|101|118|101|110|116,0|0|116|59|70|0|0|0,100|100|8224|8224|8224|8224|8224|8224,1,0,5,1,0,112
1394,0,11,2,0,2,0,0,0,4|4|32|32|116|104|101|110,255|255|110|101|109|121|91|116,2|-2|112|93|46|121|97|99,-1|-1|108|58|61|101|118|101,0|0|100|97|116|50|59|0,0|0|0|0|0|32|32|32,100|100|8224|8224|8224|28261|15204|16,1,0,5,1,0,112
1395,0,11,3,0,4,0,0,0,4|2|4|2|36|0|0|0,255|255|255|255|32|32|32|32,2|3|-2|-3|32|98|101|103,-1|-4|-1|-4|32|71|114|111,0|0|0|0|32|66|111|116,0|0|0|0|125|80|41|0,100|99|100|99|8224|8224|8224|8224,1,0,5,1,0,112
1396,0,11,4,0,4,0,0,0,4|2|4|2|32|40|48|44,255|255|255|255|45|0|0|0,2|3|-2|-3|32|32|32|32,-1|-4|-1|-4|32|32|32|105,0|0|0|0|48|32|116|104,0|0|0|0|110|101|109|121,100|99|100|99|8253|14641|15152|16,1,0,5,1,0,112
1397,0,11,2,0,2,0,0,0,8|8|59|119|54|0|0|0,255|255|32|32|32|32|32|32,2|-2|32|58|32|98|101|103,-2|-2|32|32|83|117|112|101,0|0|110|101|109|121|50|53,0|0|117|109|112|32|58|61,98|98|29806|24932|15220|25888|25710|29499,1,0,6,1,0,112
1398,0,11,4,0,4,0,0,0,8|8|4|4|32|58|32|98,255|255|255|255|32|32|32|32,2|-2|4|-4|110|103|101|32,-2|-2|-4|-4|99|104|32|69,0|0|0|0|125|120|34|0,0|0|0|0|32|32|32|32,98|98|100|100|28518|8306|25972|28781,1,0,6,1,0,112
1399,0,11,6,0,6,0,0,0,8|8|4|4|2|2|32|32,255|255|255|255|255|255|32|32,2|-2|4|-4|6|-6|40|101,-2|-2|-4|-4|-6|-6|116|52,0|0|0|0|0|0|114|32,0|0|0|0|0|0|91|116,98|98|100|100|99|99|25917|25974,1,0,6,1,0,112
1400,0,3,1,3,1,0,0,0,149|32|32|32|32|32|32|32,255|32|32|32|32|32|32|32,0|32|32|119|105|116|104|32,6|110|101|109|121|91|116|101,0|112|93|32|100|111|32|98,0|103|105|110|39|0|0|0,7035|8224|8224|8224|8224|8224|8224|8224,0,0,0,1,255,48
1401,0,2,1,3,1,0,0,0,149|101|110|116|100|97|116|59,255|0|0|0|0|32|32|32,0|32|32|32|32|32|32|32,6|32|32|32|32|32|32|101,0|100|59|97|16|0|0|0,0|32|32|32|32|32|32|32,7035|8224|25888|25710|59|0|0|8192,0,0,0,1,255,48
1402,0,4,1,3,1,0,0,0,150|98|101|103|105|110|32|32,98|32|123|32|82|101|112|108,0|99|101|32|69|110|101|109,6|32|125|0|63|0|0|0,0|32|32|32|32|32|32|32,0|32|32|32|32|32|102|111,7035|25972|28781|15674|8241|28532|12576|12336,0,0,0,1,255,48
1403,0,3,1,3,1,0,0,0,150|108|91|116|101|109|112|93,98|62|49|41|32|97|110|100,0|0|0|0|0|32|32|32,6|32|32|32|32|32|32|32,0|32|32|32|32|40|40|101,0|101|109|121|91|116|101|109,7035|27694|28265|28267|28021|25917|25974|29806,0,0,0,1,255,48
1404,0,2,1,3,1,0,0,0,150|116|52|61|48|41|41|105,98|0|0|0|0|32|32|32,0|32|32|32|32|32|32|32,6|32|32|32|116|104|101|110,0|98|101|103|105|110|44|0,0|0|0|32|32|32|32|32,7035|8224|8224|8224|8224|8224|25376|25970,0,0,0,1,255,48
1405,0,5,1,3,1,0,0,0,151|48|44|50|53|41|59|108,98|0|0|0|0|32|32|32,0|32|32|32|32|32|32|32,6|32|32|32|32|32|32|101,0|101|109|121|91|98|93|46,0|120|32|58|61|32|101|110,7035|23417|25972|28781|11869|30821|27707|48,0,0,0,1,255,48
1406,0,5,1,3,1,0,0,0,152|32|32|32|32|101|110|101,98|121|91|98|93|46|101|121,120|58|61|32|101|110|101|109,6|91|116|101|109|112|93|46,0|121|59|0|13|0|0|0,0|32|32|32|32|32|32|32,7035|8224|8224|2430|65535|34|0|8192,0,0,0,1,255,48
1407,0,5,1,3,1,0,0,0,153|101|109|112|58|61|49|32,98|111|32|49|48|48|32|100,120|0|78|0|0|0|0|32,6|32|32|32|32|32|32|32,0|32|32|32|32|32|32|105,0|32|40|101|118|101|110|116,7035|13428|12349|8233|29295|10272|28261|28005,0,0,0,1,255,48
1408,0,5,1,3,1,0,0,0,154|118|101|110|116|100|97|116,98|41|32|116|104|101|110|32,120|101|103|105|110|32|68|0,6|0|0|32|32|32|32|32,0|32|32|32|32|32|32|32,0|32|32|105|102|32|101|118,7035|25716|29793|15392|11582|14649|8224|26740,0,0,0,1,255,48
1409,0,5,2,3,2,0,0,0,152|152|101|118|58|61|101|118,98|98|116|100|97|116|59|50,120|120|0|0|0|32|32|32,6|6|32|32|32|32|32|32,-7|7|32|32|32|105|102|32,0|0|101|110|116|100|97|116,7035|7035|14649|29728|25960|8302|28261|28005,0,0,0,1,255,48
1410,0,5,3,3,3,0,0,0,152|152|153|116|100|97|116|50,98|98|98|0|0|0|0|32,120|120|120|32|32|32|32|32,6|6|6|32|32|32|32|105,-9|9|0|101|118|101|110|116,6|6|0|51|60|62|48|41,7035|7035|7035|30309|28261|25716|29793|15411,0,0,0,1,255,48
1411,0,8,1,0,1,0,0,0,128|32|32|32|32|32|32|32,255|32|32|32|116|104|101|110,0|101|110|101|109|121|91|116,0|109|112|93|46|102|105|108,0|101|114|58|61|40|101|118,0|110|116|100|97|116|51|41,57|17|0|8192|8224|8224|8224|8224,1,0,0,7,6,80
1412,0,6,1,0,1,0,0,0,128|32|32|32|32|32|32|32,255|101|110|100|59|58|32|0,0|0|0|32|32|32|32|32,0|32|50|56|32|58|32|116,0|112|101|110|101|109|121|111,0|101|114|58|61|102|97|108,57|24891|31|0|8192|8224|8224|8224,1,0,0,7,6,80
1413,0,4,1,0,1,0,0,0,128|58|61|116|114|117|101|59,255|0|0|0|0|32|32|32,0|32|32|32|51|48|32|58,0|98|101|103|105|110|28|0,0|0|0|32|32|32|32|32,0|32|32|32|32|32|32|32,57|28769|31025|25956|24940|14969|12605|8251,1,0,0,7,6,80
1414,0,10,2,0,2,0,0,0,128|128|32|109|97|112|49|121,255|255|108|97|121|109|97|120,0|0|49|59|28|0|0|0,-1|-1|32|32|32|32|32|32,9|-9|32|32|32|32|32|109,0|0|50|121|100|101|108|97,57|57|25659|31|0|8192|8224|8224,1,0,0,7,6,80
1415,0,8,2,0,2,0,0,0,128|128|121|109|97|120|58|61,255|255|0|0|0|0|0|121,0|0|0|0|0|32|32|32,0|0|32|32|32|32|32|32,9|-9|32|66|97|99|107|77,0|0|101|58|61|101|118|101,57|57|15220|35|0|8192|8224|8224,1,0,0,7,6,80
1416,0,6,1,0,1,0,0,0,113|50|58|61|101|118|101|110,255|100|97|116|50|59|41|0,0|0|0|32|32|32|32|32,-1|32|32|32|32|32|32|32,0|69|120|112|108|111|100|101,4|111|118|101|58|61|66|97,76|28525|25974|10802|12851|15152|35|0,1,0,0,7,6,80
1417,0,4,1,0,1,0,0,0,113|99|107|109|111|118|101|51,255|61|101|118|101|110|116|100,0|116|51|59|16|0|0|0,-1|32|32|32|32|32|32|32,0|32|32|32|32|101|110|100,4|32|44|0|0|0|0|32,76|8224|8224|12595|14880|25120|26469|28265,1,0,0,7,6,80
1418,0,5,1,0,1,0,0,0,114|79|118|101|114|114|105|100,255|32|125|32|34|0|0|0,0|32|32|32|32|32|32|32,-1|32|32|32|32|32|102|111,0|32|116|101|109|112|58|61,4|32|116|111|32|49|48|48,95|111|73|0|8192|8224|8224|8224,1,0,0,7,6,80
1419,0,6,2,0,2,0,0,0,113|113|100|97|116|52|61|57,255|255|32|111|114|32|40|101,0|0|109|121|91|116|101|109,-1|-1|46|108|105|110|107|110,9|-9|61|101|118|101|110|116,0|0|116|52|41|32|116|104,76|76|0|8192|8224|8224|8224|8224,1,0,0,7,6,80
1420,0,7,2,0,2,0,0,0,114|114|121|91|116|101|109|112,255|255|100|111|32|98|101|103,0|0|35|0|0|0|0|32,-1|-1|32|32|32|32|32|32,9|-9|32|32|32|32|32|102,0|0|113|91|49|93|58|61,95|95|25716|29793|15136|35|0|8192,1,0,0,7,6,80
1421,0,9,4,0,4,0,0,0,114|114|128|128|50|93|58|61,255|255|255|255|116|100|97|116,0|0|0|0|0|0|0|32,-1|-1|-2|-2|32|32|32|32,9|-9|16|-16|32|32|32|102,0|0|0|0|51|93|58|61,95|95|57|57|15155|59|0|8192,1,0,0,7,6,80
1422,0,8,1,0,2,0,0,0,128|128|32|116|101|109|112|50,255|255|61|32|49|32|116|111,-6|6|32|100|111|32|101|115,6|6|116|119|97|105|116|91,0|0|109|112|50|93|58|61,0|0|42|0|0|0|0|32,13|14|8224|8224|8224|8224|8224|26912,0,0,0,7,98,80
1423,0,6,1,0,2,0,0,0,128|128|110|32|98|101|103|105,255|255|39|0|0|0|0|32,-6|6|32|32|32|32|32|32,6|6|32|32|32|32|32|32,0|0|117|110|99|104|102|114,0|0|58|61|101|118|101|110,13|14|15157|31|0|8192|8224|8224,0,0,0,7,98,80
1424,0,8,2,0,2,0,0,0,128|128|119|97|105|116|58|61,255|255|20|0|0|0|0|32,-6|6|32|32|32|32|32|32,6|6|32|32|32|32|32|101,0|0|59|105|22|0|0|0,0|0|32|32|32|32|32|32,13|14|8224|8224|8224|25888|25710|24891,0,0,0,7,98,80
1425,0,7,2,0,4,0,0,0,128|128|128|128|59|102|45|0,255|255|255|255|32|32|32|32,-5|5|-7|7|32|58|32|98,7|7|5|5|32|99|114|101,0|0|0|0|101|119|101|118,0|0|0|0|110|101|109|121,13|14|13|14|52|0|8192|8224,0,0,0,7,98,80
1426,0,8,4,0,4,0,0,0,128|128|128|128|48|32|116|104,255|255|255|255|110|101|109|121,-5|5|-7|7|101|121|58|61,7|7|5|5|32|101|110|100,0|0|0|0|0|0|0|32,0|0|0|0|32|32|51|51,13|14|13|14|8224|8224|8315|28229,0,0,0,7,98,80
1427,0,6,4,0,6,0,0,0,128|128|128|128|128|128|32|125,255|255|255|255|255|255|32|32,-5|5|-7|7|-6|6|32|32,7|7|5|5|6|6|111|116,0|0|0|0|0|0|118|101,0|0|0|0|0|0|53|49,13|14|13|14|13|14|24932|15732,0,0,0,7,98,80
1428,0,7,6,0,6,0,0,0,128|128|128|128|128|128|100|101,255|255|255|255|255|255|101|112,-5|5|-7|7|-6|6|99|116,7|7|5|5|6|6|32|83,0|0|0|0|0|0|114|105,0|0|0|0|0|0|0|0,13|14|13|14|13|14|8224|26740,0,0,0,7,98,80
1429,0,6,4,0,6,0,0,0,128|128|128|128|113|113|32|32,255|255|255|255|255|255|112|101,-5|5|-7|7|-6|6|101|77,7|7|5|5|6|6|116|104,0|0|0|0|0|0|105|110,0|0|0|0|0|0|32|32,13|14|13|14|96|115|25888|25974,0,0,0,7,98,80
1430,0,5,4,0,4,0,0,0,113|113|113|113|100|97|116|58,255|255|255|255|59|0|20|0,-6|6|-7|7|32|32|32|32,6|6|5|5|32|32|32|101,0|0|0|0|108|115|101|97,0|0|0|0|0|32|32|32,96|115|96|115|25120|26469|28265|34,0,0,0,7,98,80
1431,0,6,2,0,2,0,0,0,114|114|32|40|101|118|101|110,255|255|97|116|61|53|51|51,-7|7|97|110|100|0|63|0,7|7|0|32|32|32|32|32,0|0|32|32|32|32|32|32,0|0|40|40|112|111|114|116,15|53|23410|23857|12605|10545|28448|8306,0,0,0,7,98,80
1432,0,5,2,0,8,0,0,0,114|114|114|114|114|114|114|114,255|255|255|255|255|255|255|255,-7|7|-9|9|-8|8|-6|6,7|7|5|5|6|6|8|8,0|0|0|0|0|0|0|0,0|0|0|0|0|0|0|0,15|53|15|53|15|53|15|53,0,0,0,7,98,80
1433,0,2,1,0,2,0,0,0,149|149|58|61|56|50|57|43,255|255|110|100|111|109|40|54,-9|9|51|0|0|0|0|32,0|0|32|32|32|32|32|32,0|0|32|32|105|102|32|40,0|0|101|110|116|100|97|116,256|257|8233|28257|8292|30035|25968|21618,0,0,0,1,255,112
1434,0,3,2,0,2,0,0,0,149|149|32|32|32|32|32|32,255|255|32|32|32|32|101|118,-9|9|116|100|97|116|58|61,0|0|56|43|83|117|112|101,0|0|121|114|105|97|110|83,0|0|99|105|97|108|115|91,256|257|28015|13608|11049|23857|25659|16,0,0,0,1,255,112
1435,0,4,2,0,2,0,0,0,150|150|59|0|0|0|0|0,255|255|34|0|0|0|0|32,-9|9|32|32|32|32|32|32,0|0|32|32|102|111|114|32,0|0|109|112|58|61|49|32,0|0|32|49|48|48|32|100,256|257|0|8192|8224|8224|8224|8224,0,0,0,1,255,112
1436,0,5,3,0,3,0,0,0,150|150|150|109|112|93|46|108,255|255|255|110|117|109|61|101,-9|9|0|116|100|97|116|52,0|0|-9|104|101|110|49|0,0|0|0|32|32|32|32|32,0|0|0|32|32|32|32|32,256|257|209|25966|31085|29787|28005|23920,0,0,0,1,255,112
1437,0,6,4,0,4,0,0,0,150|150|150|150|17|0|0|0,255|255|255|255|32|32|32|32,-9|9|-9|9|32|32|101|110,0|0|0|0|0|0|0|32,0|0|0|0|32|32|32|32,0|0|14|14|110|100|59|48,256|257|256|257|8224|8224|13363|14880,0,0,0,1,255,112
1438,0,6,3,0,3,0,0,0,151|151|150|117|115|105|99|32,255|255|255|101|32|125|42|0,-10|10|0|32|32|32|32|32,0|0|-9|32|32|32|32|32,0|0|0|102|32|102|105|114,0|0|0|97|109|101|111|118,256|257|209|8302|25954|26983|26222|63,0,0,0,1,255,112
1439,0,6,4,0,4,0,0,0,151|151|150|150|115|105|99|102,255|255|255|255|58|61|32|116,-10|10|0|0|32|32|116|101,0|0|-9|9|108|117|109|101,0|0|0|0|114|95|109|117,0|0|0|0|111|108|117|109,256|257|209|208|8224|8224|8224|8224,0,0,0,1,255,112
1440,0,6,4,0,4,0,0,0,152|152|151|151|32|32|32|32,255|255|255|255|110|100|59|117,-12|12|0|0|0|32|32|32,0|0|-11|-11|51|53|32|58,0|0|-6|6|105|110|32|32,0|0|0|0|80|108|97|121,256|257|209|209|8295|15229|42|0,0,0,0,1,255,112
1441,0,6,4,0,4,0,0,0,153|153|151|151|105|114|115|116,255|255|255|255|111|118|101|114,-12|12|0|0|110|32|98|101,0|0|-11|-11|34|0|0|0,0|0|-6|6|32|32|32|32,0|0|0|0|32|32|32|32,256|257|209|209|25896|25974|29806|24932,0,0,0,1,255,112
1442,0,6,5,0,5,0,0,0,151|151|151|151|151|32|32|32,255|255|255|255|255|116|32|109,0|-10|10|-10|10|99|116|105,-11|0|0|0|0|101|110|32,0|0|0|0|0|116|115|111,0|7|7|-7|-7|59|48|0,209|256|257|256|257|8224|8224|8224,0,0,0,1,255,112
1443,0,6,6,0,6,0,0,0,151|151|151|151|151|154|109|101,255|255|255|255|255|255|117|109,0|-10|10|-10|10|0|0|0,-11|0|0|0|0|13|32|32,0|0|0|0|0|0|32|32,0|7|7|-7|-7|0|0|0,209|256|257|256|257|208|8224|8224,0,0,0,1,255,112
1444,0,2,1,9,1,0,0,0,2|101|59|0|16|0|0|0,10|32|32|32|32|32|32|32,0|32|32|32|32|101|110|100,5|49|47|0|0|0|0|32,0|32|32|32|32|32|51|54,0|58|32|98|101|103|105|110,172|24933|31076|28532|28261|27748|30309|27749,0,0,0,0,255,112
1445,0,2,1,0,1,0,0,0,1|0|0|32|32|32|32|32,255|32|51|55|32|58|32|98,0|103|105|110|32|108|101|118,9|108|101|110|101|109|121|102,0|101|113|117|101|110|99|121,0|58|61|32|101|118|101|110,39|29793|8251|28261|15204|35|0|8192,0,0,0,25,255,112
1446,0,2,1,0,1,0,0,0,1|99|117|114|108|111|99|58,255|101|118|101|110|116|100|97,0|59|25|0|0|0|0|32,12|32|32|32|32|32|32|32,0|32|32|32|32|32|116|101,0|112|119|50|58|61|49|59,6|0|8192|8224|8224|8224|8224|8224,0,0,0,13,255,192
1447,0,4,1,5,1,0,0,0,4|116|111|32|109|97|120|101,255|101|110|116|32|100|111|32,0|101|103|105|110|101|59|0,7|0|0|32|32|32|32|32,0|32|32|32|32|32|32|32,0|32|32|32|32|105|102|32,582|28261|29300|25445|29787|28005|30576|11869,0,0,0,26,255,208
1448,0,3,1,0,1,0,0,0,2|32|116|104|101|110|37|0,255|0|0|32|32|32|32|32,0|32|32|32|32|32|32|32,10|32|32|32|32|32|32|32,0|101|109|112|119|50|58|61,0|101|109|112|119|45|49|59,126|0|8192|8224|8224|8224|8224|8224,1,0,0,16,255,208
1449,0,2,1,0,1,0,0,0,1|32|32|32|32|32|32|32,255|32|32|32|101|118|101|110,0|108|111|99|58|61|116|101,14|112|119|50|59|53|16|0,0|0|0|32|32|32|32|32,0|32|32|32|32|32|32|101,99|17467|52|0|8192|8224|8224|8224,0,0,0,20,255,112
1450,0,8,1,0,1,0,0,0,128|110|101|109|121|32|71|108,255|98|97|108|32|76|105|110,-7|110|117|109|32|67|104|97,20|103|101|32|125|0|71|0,0|0|0|32|32|32|32|32,0|32|32|32|32|32|32|32,171|8306|25972|28781|15674|8241|28532|12576,0,0,0,7,98,80
1451,0,3,1,0,1,0,0,0,2|109|112|93|46|108|105|110,255|110|117|109|61|101|118|101,0|116|100|97|116|32|116|104,9|110|47|0|0|0|0|32,0|32|32|32|32|32|32|32,0|32|32|32|32|32|32|101,59|31085|29787|28005|23920|27694|28265|28267,0,0,0,1,255,48
1452,0,4,1,0,1,0,0,0,1|0|0|32|32|32|32|32,255|32|32|32|32|32|32|101,0|100|59|42|47|0|0|0,10|32|32|32|32|32|32|32,0|48|32|58|32|98|101|103,0|110|32|32|32|32|123|32,27|28005|8313|28483|29806|28265|24949|8300,0,0,0,13,255,192
1453,0,4,2,0,2,0,0,0,1|1|32|32|32|32|32|32,255|255|101|110|101|109|121|99,0|0|116|105|110|117|97|108,10|10|109|97|103|101|58|61,-4|4|117|101|59|110|16|0,12|12|0|32|32|32|32|32,20|20|8224|25888|25710|26427|17|0,0,0,0,13,255,112
1454,0,8,1,0,1,0,0,0,5|110|32|0|0|0|0|32,255|32|32|32|32|32|32|32,0|32|32|32|32|105|102|32,11|118|101|110|116|100|97|116,0|48|32|116|104|101|110|32,0|0|0|0|0|32|32|32,262|8224|8224|8224|8224|26144|27753|25452,0,0,0,6,255,208
1455,0,10,1,0,1,0,0,0,8|122|101|111|102|40|101|110,255|109|121|97|118|97|105|108,0|44|49|41|18|0|0|0,11|32|32|32|32|32|32|32,0|32|32|32|32|32|32|101,0|115|101|0|49|0|0|0,263|8224|8224|8224|8224|8224|8224|26144,0,0,0,6,255,208
1456,0,12,1,0,1,0,0,0,10|101|110|101|109|121|97|118,255|105|108|91|120|93|58|61,0|59|16|0|0|0|0|32,11|32|32|32|32|32|32|32,0|32|32|101|110|100|59|111,0|0|0|0|0|32|32|32,264|8224|12852|14880|25120|25441|26475|28530,0,0,0,6,255,208
1457,0,14,1,0,1,0,0,0,15|32|32|32|32|32|32|32,255|51|32|58|32|98|97|99,0|103|114|111|117|110|100|50,11|118|101|114|58|61|101|118,0|110|116|100|97|116|59|101,0|0|0|0|0|32|32|32,265|8224|13364|14880|25120|26469|28265|3,0,0,0,6,255,208
1458,0,3,1,0,1,0,0,0,1|32|32|32|32|32|32|32,255|32|32|32|105|102|32|40,0|118|101|110|116|100|97|116,9|62|55|57|41|32|97|110,0|32|40|101|118|101|110|116,0|97|116|51|60|57|49|41,58|25960|8302|91|0|8192|8224|8224,0,0,0,25,255,112
1459,0,2,1,0,1,0,0,0,4|32|116|101|109|112|50|58,255|49|59|32|32|116|101|109,0|51|58|61|49|48|48|59,9|116|101|109|112|52|58|61,0|59|32|101|118|101|110|116,0|97|116|52|58|61|78|101,59|23372|30309|28261|25716|29793|11571|12344,0,0,0,25,255,112
1460,0,2,1,0,1,0,0,0,8|32|32|32|32|32|32|32,255|32|32|101|108|115|101|0,0|0|0|0|0|32|32|32,9|32|32|32|32|32|32|32,0|32|99|97|115|101|32|101,0|101|110|116|100|97|116|51,60|28262|60|0|8192|8224|8224|8224,0,0,0,25,255,112
1461,0,2,3,0,3,0,0,0,6|5|5|112|50|58|61|49,255|255|255|116|101|109|112|51,0|-2|2|48|48|59|32|116,9|8|8|52|58|61|48|59,0|-2|2|100|59|97|60|0,0|0|0|32|32|32|32|32,59|279|280|8224|8242|8250|25954|26983,0,0,0,25,255,112
1462,0,2,4,0,4,0,0,0,253|253|4|4|50|53|59|32,255|255|255|255|112|52|58|61,0|0|0|0|110|100|59|0,9|9|9|9|0|32|32|32,0|0|-10|10|32|32|32|32,-7|7|9|9|58|32|98|101,600|619|581|581|14898|12861|15158|29728,0,0,0,25,255,208
1463,0,2,6,0,6,0,0,0,253|253|253|253|4|4|110|100,255|255|255|255|255|255|0|32,0|0|0|0|0|0|32|32,9|9|9|9|9|9|58|32,-6|-6|6|6|-14|14|116|101,-7|7|-7|7|9|9|49|59,600|619|600|619|581|581|29728|28005,0,0,0,25,255,208
1464,0,5,1,0,1,0,0,0,2|32|32|32|32|32|32|32,98|32|32|32|32|57|57|32,0|32|98|101|103|105|110|32,0|101|109|112|50|58|61|49,0|32|32|116|101|109|112|51,0|61|49|48|48|59|32|116,66|13424|15674|15153|25888|25710|19515|17,1,0,0,13,255,192
1465,0,3,1,0,1,0,0,0,6|110|100|59|0|0|0|0,98|0|40|0|0|0|0|32,0|32|32|32|32|32|32|32,0|32|32|32|102|111|114|32,0|101|109|112|58|61|116|101,0|112|50|32|116|111|32|116,73|13168|25632|25967|102|0|8192|8224,1,0,0,13,255,192
1466,0,3,1,0,1,0,0,0,12|101|110|101|109|121|97|118,98|105|108|91|116|101|109|112,0|60|62|49|41|32|97|110,0|32|40|40|116|101|109|112,0|61|49|41|32|111|114|32,0|101|110|101|109|121|91|116,123|23920|27694|28265|28267|28021|25917|25974,1,0,0,13,255,192
1467,0,3,2,0,2,0,0,0,10|10|110|46|66|0|0|0,98|98|32|32|32|32|32|32,0|0|32|32|32|32|32|32,0|0|102|32|101|118|101|110,-6|6|97|116|32|60|62|45,0|0|32|116|104|101|110|32,143|144|23417|25972|28781|11869|30821|14947,1,0,0,13,255,192
1468,0,3,3,0,3,0,0,0,10|10|10|32|32|32|32|32,98|98|98|32|32|32|32|32,0|0|0|32|101|118|101|110,0|-1|-1|116|50|60|62|45,0|-12|12|116|104|101|110|32,0|0|0|109|121|91|116|101,73|73|73|14947|25917|25974|29806|24932,1,0,0,13,255,208
1469,0,3,8,0,8,0,0,0,250|252|252|250|251|251|251|251,255|255|255|255|255|255|255|255,0|0|0|0|0|0|0|0,7|7|7|7|7|7|7|7,-18|-6|6|18|-18|-6|6|18,-7|-7|-7|-7|7|7|7|7,767|768|769|770|786|787|788|789,0,0,0,14,255,192
1470,0,4,1,0,1,0,0,0,1|32|32|32|32|32|32|105,255|32|101|118|101|110|116|100,0|116|54|61|45|57|57|32,21|116|104|101|110|32|101|110,0|109|121|91|116|101|109|112,0|46|102|105|120|101|100|109,67|31077|15674|15152|70|0|8192|8224,-1,0,0,20,255,112
1471,0,1,1,0,1,0,0,0,4|118|101|110|116|100|97|116,255|62|48|32|116|104|101|110,0|101|110|101|109|121|91|116,20|109|112|93|46|101|110|101,0|121|99|121|99|108|101|58,0|101|118|101|110|116|100|97,70|27707|72|0|8192|8224|8224|8224,-1,0,0,20,255,112
1472,0,1,1,0,1,0,0,0,8|116|100|97|116|54|62|48,255|116|104|101|110|32|101|110,0|109|121|91|116|101|109|112,20|46|102|105|120|101|100|109,0|118|101|121|58|61|101|118,0|110|116|100|97|116|54|59,219|17|0|8192|8224|8224|8224|8224,-1,0,0,20,255,112
1473,0,1,2,0,2,0,0,0,8|8|32|32|32|32|32|32,255|255|110|100|59|44|43|0,0|0|0|32|32|32|32|32,20|20|50|48|32|58|32|98,-4|4|105|110|32|32|32|32,0|0|69|110|101|109|121|32,218|218|27745|16672|25443|27749|32032|65,-1,0,0,20,255,112
1474,0,1,4,0,4,0,0,0,6|6|6|6|118|101|110|116,255|255|255|255|62|55|57|32,0|0|0|0|32|101|118|101,3|1|3|1|116|52|58|61,-8|-8|8|8|76|91|101|118,0|0|0|0|97|116|51|45,578|578|578|578|8192|8224|8224|8224,1,0,0,20,255,208
1475,0,1,8,0,8,0,0,0,6|6|6|6|6|6|6|6,255|255|255|255|255|255|255|255,0|0|0|0|0|0|0|0,4|2|0|-2|4|2|0|-2,-8|-8|-8|-8|8|8|8|8,0|0|0|0|0|0|0|0,578|578|578|578|578|578|578|578,1,0,0,20,255,208
1476,0,2,1,9,1,0,0,0,3|109|61|101|118|101|110|116,10|97|116|52|41|32|111|114,0|40|101|118|101|110|116|100,5|116|52|61|48|41|41|32,0|0|0|0|0|32|32|32,0|32|32|32|32|32|32|32,172|8224|26740|28261|25120|26469|28265|43,0,0,0,0,255,112
1477,0,2,2,9,2,0,0,0,4|4|32|105|102|32|101|118,10|10|116|100|97|116|60|62,-4|4|57|32|116|104|101|110,5|5|101|103|105|110|44|0,0|0|0|32|32|32|32|32,0|0|32|32|32|32|32|32,172|172|25966|31085|29787|28005|23920|25902,0,0,0,0,255,112
1478,0,2,4,9,4,0,0,0,5|5|5|5|0|32|32|32,10|10|10|10|32|32|32|32,0|0|-1|1|32|101|110|101,5|5|5|5|101|109|112|93,-4|4|-6|6|99|119|58|61,0|0|0|0|101|118|101|110,172|172|172|172|53|0|8192|8224,0,0,0,0,255,112
1479,0,2,5,9,5,0,0,0,6|6|6|6|6|109|112|93,10|10|10|10|10|119|109|97,0|0|0|-1|1|115|40|101,5|5|5|5|5|97|116|32,0|4|-4|-6|6|0|0|32,0|0|0|0|0|32|32|32,172|172|172|172|172|30309|28261|25716,0,0,0,0,255,112
1480,0,2,7,9,7,0,0,0,7|7|7|7|7|7|7|32,10|10|10|10|10|10|10|32,0|0|0|-1|1|-2|2|91,5|5|5|5|5|5|5|120,0|4|-4|-6|6|-8|8|49,0|0|0|0|0|0|0|110,172|172|172|172|172|172|172|25697,0,0,0,0,255,112
1481,0,2,8,9,8,0,0,0,8|8|8|8|8|8|8|8,10|10|10|10|10|10|10|10,0|0|0|-1|1|-2|2|0,6|5|5|5|5|5|5|7,0|4|-4|-6|6|-8|8|0,0|0|0|0|0|0|0|8,172|172|172|172|172|172|172|172,0,0,0,0,255,112
1482,0,4,1,0,1,0,0,0,3|32|32|32|32|32|32|32,107|32|32|32|32|101|110|101,0|121|91|116|101|109|112|93,7|101|121|99|99|58|61|101,0|101|110|116|100|97|116|50,0|59|50|0|0|0|0|32,601|8224|8224|8224|8224|8224|8224|25888,0,0,0,26,255,208
1483,0,2,1,0,1,0,0,0,4|61|97|98|115|40|101|118,105|110|116|100|97|116|50|41,0|115|53|0|0|0|0|32,7|32|32|32|32|32|32|32,0|32|32|32|32|32|32|101,0|101|109|121|91|116|101|109,582|25902|25465|30563|24941|14968|24893|29538,0,0,0,26,255,208
1484,0,2,3,0,3,0,0,0,8|3|3|32|32|32|32|32,105|107|107|32|32|32|32|32,0|-1|1|32|101|118|101|110,7|7|7|116|50|62|48|32,0|-4|4|110|71|0|0|0,0|0|0|32|32|32|32|32,582|601|601|8224|8224|8224|28261|28005,0,0,0,26,255,208
1485,0,2,3,0,3,0,0,0,8|8|8|101|108|115|101|32,105|105|105|109|121|91|116|101,0|0|0|46|101|121|99|99,7|6|6|58|61|45|49|59,0|-9|9|0|0|32|32|32,0|0|0|32|32|32|32|32,582|582|582|25710|59|0|0|8192,0,0,0,26,255,208
1486,0,2,4,0,4,0,0,0,8|8|8|8|32|105|102|32,105|105|105|105|116|100|97|116,0|0|0|0|116|104|101|110,7|7|6|6|109|121|91|116,-4|4|-14|14|46|101|110|101,0|0|0|0|99|108|101|58,582|582|582|582|13684|11579|41|0,0,0,0,26,255,208
1487,0,2,4,7,4,0,0,0,251|251|251|251|101|118|101|110,255|255|255|255|54|62|48|32,0|0|0|0|32|98|101|103,2|2|2|2|0|0|0|32,-6|6|-6|6|32|32|32|32,-7|-7|7|7|32|32|32|32,683|702|721|740|25972|28781|11869|28257,0,0,0,26,255,208
1488,0,3,1,0,1,0,0,0,2|0|0|32|32|32|32|32,255|32|32|32|32|32|32|32,0|32|32|32|32|32|101|110,-4|109|121|91|116|101|109|112,0|46|97|110|105|109|105|110,0|61|101|118|101|110|116|100,126|15157|41|0|8192|8224|8224|8224,1,0,0,16,255,208
1489,0,3,2,0,2,0,0,0,2|2|116|101|109|112|93|46,255|255|105|109|97|120|58|61,0|0|44|0|0|0|0|32,-4|-4|32|32|32|32|32|32,0|0|32|32|32|32|32|32,0|0|101|110|101|109|121|91,126|126|11869|28257|24937|29795|30313|14949,1,0,0,16,255,208
1490,0,3,2,0,2,0,0,0,4|4|32|32|32|32|32|32,255|255|101|110|100|59|17|0,0|0|0|32|32|32|32|32,-4|-4|32|32|32|32|32|32,0|0|100|59|16|0|0|0,0|0|32|32|32|32|32|32,214|214|25888|25710|59|31|0|8192,1,0,0,16,255,208
1491,0,3,4,0,4,0,0,0,5|5|2|2|100|51|111|118,255|255|255|255|49|59|31|0,0|0|0|0|32|32|32|32,-4|-4|-4|-4|32|58|32|98,0|0|-8|8|114|111|117|110,0|0|0|0|101|114|58|61,214|214|126|126|8224|8224|8224|13106,1,0,0,16,255,208
1492,0,3,4,0,4,0,0,0,252|252|252|252|121|32|111|110,255|255|255|255|116|111|109|32,0|0|0|0|0|0|0|32,-3|-3|-3|-3|32|32|32|32,-6|6|-6|6|32|99|114|101,-7|-7|7|7|101|119|101|118,239|240|258|259|10272|11312|12341|15145,1,0,0,16,255,208
1493,0,3,8,0,8,0,0,0,252|252|252|252|252|252|252|252,255|255|255|255|255|255|255|255,-1|-1|-1|-1|1|1|1|1,-3|-3|-3|-3|-3|-3|-3|-3,-6|6|-6|6|-6|6|-6|6,-7|-7|7|7|-7|-7|7|7,239|240|258|259|239|240|258|259,1,0,0,16,255,208
1494,0,8,1,0,1,0,0,0,128|32|32|32|50|52|32|58,255|98|101|103|105|110|32|32,0|32|123|32|69|110|101|109,0|32|71|108|111|98|97|108,0|65|110|105|109|97|116|101,0|125|98|0|0|0|0|32,57|8224|8224|8224|8224|8224|28518|8306,1,0,0,7,6,80
1495,0,9,2,0,2,0,0,0,128|128|105|102|32|101|110|101,255|255|91|116|101|109|112|93,0|0|105|110|107|110|117|109,-1|-1|118|101|110|116|100|97,9|-9|32|116|104|101|110|32,0|0|116|104|32|101|110|101,57|57|28005|23920|25632|8303|25954|26983,1,0,0,7,6,80
1496,0,9,2,0,2,0,0,0,113|113|32|32|32|32|32|97,255|255|97|99|116|105|118|101,0|0|49|59|31|0|0|0,-1|-1|32|32|32|32|32|32,9|-9|32|32|32|32|32|32,0|0|110|105|119|104|101|110,76|76|15674|15152|41|0|8192|8224,1,0,0,7,6,80
1497,0,9,2,0,2,0,0,0,114|114|101|110|116|100|97|116,255|255|48|32|116|104|101|110,0|0|101|103|105|110|61|0,-1|-1|0|32|32|32|32|32,9|-9|32|32|32|32|32|32,0|0|32|32|32|32|101|110,95|95|25465|25964|15674|30309|28261|25716,1,0,0,7,6,80
1498,0,9,4,0,4,0,0,0,114|114|128|128|99|108|101|59,255|255|255|255|0|32|32|32,0|0|0|0|32|32|32|32,-1|-1|-2|-2|32|32|32|32,9|-9|16|-16|101|108|115|101,0|0|0|0|109|121|99|121,95|95|57|57|49|0|8192|8224,1,0,0,7,6,80
1499,0,9,6,0,6,0,0,0,114|114|128|128|128|128|97|116,255|255|255|255|255|255|110|32,0|0|0|0|0|0|118|101,-1|-1|-2|-2|0|0|52|0,9|-9|16|-16|30|-30|32|32,0|0|0|0|0|0|32|32,95|95|57|57|57|57|29793|15667,1,0,0,7,6,80
1500,0,3,1,0,1,0,0,0,149|105|32|101|108|115|101|0,255|0|0|0|0|32|32|32,0|32|32|32|32|32|32|32,6|32|32|32|32|105|102|32,0|118|101|110|116|100|97|116,0|61|50|32|116|104|101|110,241|26469|28265|24864|26990|25441|26996|25974,0,0,0,1,255,48
1501,0,4,1,0,1,0,0,0,150|32|97|110|105|119|104|101,98|102|105|114|101|58|61|50,0|32|101|110|100|59|17|0,6|0|0|32|32|32|32|32,0|32|32|32|32|32|32|32,0|110|100|59|16|0|0|0,241|8224|8224|8224|8224|8224|25888|25710,0,0,0,1,255,48
1502,0,5,1,0,1,0,0,0,152|58|32|98|101|103|105|110,98|32|32|32|123|32|69|110,0|109|121|32|71|108|111|98,6|108|32|68|97|109|97|103,0|32|99|104|97|110|103|101,0|125|34|0|0|0|0|32,241|8224|8224|8224|8224|8224|28518|8306,0,0,0,1,255,48
1503,0,5,1,0,1,0,0,0,153|105|78|0|0|0|0|32,98|32|32|32|32|32|32|32,0|32|32|32|32|32|32|105,6|32|40|101|118|101|110|116,0|97|116|52|61|48|41|32,0|114|32|40|101|110|101|109,241|25972|28781|11869|26988|27502|30062|15725,0,0,0,1,255,48
1504,0,5,2,0,2,0,0,0,152|152|103|105|110|0|48|0,98|98|0|32|32|32|32|32,0|0|32|32|32|32|32|32,6|6|32|101|110|101|109|121,-7|7|101|109|112|93|46|97,0|0|111|114|108|101|102|116,241|241|28261|25716|29793|8251|94|0,0,0,0,1,255,48
1505,0,5,3,0,3,0,0,0,152|152|153|32|103|97|108|97,98|98|98|111|100|101|32|116,0|0|0|32|101|110|101|109,6|6|6|101|109|112|93|46,-9|9|0|111|114|108|101|102,6|6|0|114|111|117|110|100,241|241|241|24932|10868|25640|26217|26982,0,0,0,1,255,48
1506,0,5,1,3,1,0,0,0,2|0|0|0|0|32|32|32,255|32|32|32|32|32|32|32,0|32|32|32|32|101|110|100,8|0|16|0|0|0|0|32,0|32|32|32|32|32|32|32,0|32|32|101|110|100|59|108,153|0|8192|8224|8224|8224|13874|14880,0,0,0,2,255,0
1507,0,5,2,3,2,0,0,0,2|2|58|61|32|98|111|111,255|255|97|110|40|101|118|101,-2|2|100|97|116|41|59|101,8|8|0|0|0|32|32|32,0|0|32|32|50|55|32|58,0|0|101|103|105|110|32|32,153|153|28229|28005|8313|27719|25199|27745,0,0,0,2,255,0
1508,0,4,2,3,4,0,0,0,2|2|2|2|32|32|32|32,255|255|255|255|32|32|105|102,-2|2|-1|1|110|116|100|97,7|7|8|8|57|32|116|104,0|0|0|0|118|101|110|116,0|0|0|0|58|61|78|101,153|153|153|153|25716|29793|11571|12344,0,0,0,2,255,0
1509,0,4,2,3,6,0,0,0,2|2|2|2|2|2|154|6,255|255|255|255|255|255|0|32,-2|2|-4|4|-1|1|32|32,7|7|5|5|8|8|32|32,0|0|0|0|0|0|83|116,0|0|0|0|0|0|103|114,153|153|153|153|153|153|44|0,0,0,0,2,255,0
1510,0,4,3,3,6,0,0,0,2|2|2|2|2|2|58|32,255|255|255|255|255|255|99|107,-2|2|0|-1|1|0|78|117,7|7|9|7|7|9|44|0,0|0|0|0|0|0|32|32,0|0|0|0|0|0|32|32,153|153|153|153|153|153|28783|24898,0,0,0,2,255,0
1511,0,3,2,3,8,0,0,0,2|2|2|2|2|2|2|2,255|255|255|255|255|255|255|255,0|0|1|-1|2|-2|3|-3,9|9|8|8|7|7|6|6,6|-6|6|-6|6|-6|6|-6,0|0|0|0|0|0|0|0,153|153|153|153|153|153|153|153,0,0,0,2,255,0
1512,0,4,4,3,8,0,0,0,2|2|2|2|2|2|2|2,255|255|255|255|255|255|255|255,0|0|1|-1|2|-2|3|-3,9|9|8|8|7|7|6|6,6|-6|6|-6|6|-6|6|-6,0|0|0|0|0|0|0|0,153|153|153|153|153|153|153|153,0,0,0,2,255,0
1513,0,4,6,3,8,0,0,0,2|2|2|2|2|2|2|2,255|255|255|255|255|255|255|255,0|0|1|-1|2|-2|3|-3,9|9|8|8|7|7|6|6,6|-6|6|-6|6|-6|6|-6,0|0|0|0|0|0|0|0,153|153|153|153|153|153|153|153,0,0,0,2,255,0
1514,0,5,8,3,8,0,0,0,2|2|2|2|2|2|2|2,255|255|255|255|255|255|255|255,0|0|1|-1|2|-2|3|-3,9|9|8|8|7|7|6|6,6|-6|6|-6|6|-6|6|-6,0|0|0|0|0|0|0|0,153|153|153|153|153|153|153|153,0,0,0,2,255,0
1515,0,4,8,3,8,0,0,0,2|2|2|2|2|2|2|2,255|255|255|255|255|255|255|255,0|0|1|-1|2|-2|3|-3,9|9|8|8|7|7|6|6,6|-6|6|-6|6|-6|6|-6,0|0|0|0|0|0|0|0,153|153|153|153|153|153|153|153,0,0,0,2,255,0
1516,0,3,8,3,8,0,0,0,2|2|2|2|2|2|2|2,255|255|255|255|255|255|255|255,0|0|1|-1|2|-2|3|-3,9|9|8|8|7|7|6|6,6|-6|6|-6|6|-6|6|-6,0|0|0|0|0|0|0|0,153|153|153|153|153|153|153|153,0,0,0,2,255,0
1517,0,4,2,3,2,0,0,0,2|2|105|110|72|0|0|0,255|255|32|32|32|32|32|32,-6|6|32|32|32|32|32|76,2|2|100|67|111|109|112|83,0|0|112|101|115|40|101|115,0|0|112|101|115|49|44|101,153|153|29541|29489|31337|11365|26707|28769,0,0,0,2,255,0
1518,0,4,2,3,2,0,0,0,2|2|78|0|0|0|0|32,255|255|32|32|32|32|32|32,-5|5|32|32|32|32|32|32,3|3|32|32|32|32|32|32,0|0|32|32|101|115|104|97,0|0|115|49|115|101|103|44,153|153|25968|12659|26223|10611|8251|8224,0,0,0,2,255,0
1519,0,4,2,3,4,0,0,0,2|2|2|2|41|101|44|0,255|255|255|255|32|32|32|32,-7|7|-5|5|32|32|32|32,1|1|3|3|109|121|83|104,0|0|0|0|97|98|108|101,0|0|0|0|58|61|101|118,153|153|153|153|18|0|8192|8224,0,0,0,2,255,0
1520,0,4,2,3,6,0,0,0,2|2|2|2|2|2|32|32,255|255|255|255|255|255|32|32,-7|7|-5|5|-7|7|118|101,1|1|3|3|-1|-1|62|48,0|0|0|0|0|0|98|101,0|0|0|0|0|0|0|0,153|153|153|153|153|153|8224|19488,0,0,0,2,255,0
1521,0,4,2,3,6,0,0,0,2|2|2|2|2|2|44|101,255|255|255|255|255|255|50|115,-7|7|-5|5|-8|8|97|112,1|1|3|3|2|2|101|118,0|0|0|0|0|0|50|93,0|0|0|0|0|0|0|32,153|153|153|153|153|153|8224|8224,0,0,0,2,255,0
1522,0,20,1,3,1,0,0,0,187|101|115|50|115|101|103|44,255|115|104|97|112|101|115|50,0|102|115|41|59|32|32|32,2|32|32|40|42|32|69|110,0|109|121|32|66|97|110|107,0|50|32|42|41|32|45|0,153|8192|8224|8224|8224|8224|8224|8224,0,0,0,2,255,0
1523,0,20,7,3,7,0,0,0,187|2|2|2|2|2|2|118,255|255|255|255|255|255|255|59,0|-7|7|-5|5|-8|8|32,2|1|1|3|3|2|2|32,0|0|0|0|0|0|0|112,0|0|0|0|0|0|0|32,153|153|153|153|153|153|153|25974,0,0,0,2,255,0
1524,0,30,1,3,1,0,0,0,187|105|110|111|72|0|0|0,255|32|32|32|32|32|32|32,0|32|32|32|32|32|32|76,2|97|100|67|111|109|112|83,0|97|112|101|115|40|101|115,0|97|112|101|115|51|44|101,153|28769|29541|29491|31337|11365|26707|28769,0,0,0,2,255,0
1525,0,30,7,3,7,0,0,0,187|2|2|2|2|2|2|32,255|255|255|255|255|255|255|32,0|-7|7|-5|5|-8|8|32,2|1|1|3|3|2|2|32,0|0|0|0|0|0|0|97,0|0|0|0|0|0|0|44,153|153|153|153|153|153|153|8224,0,0,0,2,255,0
1526,0,20,7,3,7,0,0,0,187|2|2|2|2|2|2|0,255|255|255|255|255|255|255|32,0|-7|7|-5|5|-8|8|32,-3|1|1|3|3|2|2|104,0|0|0|0|0|0|0|101,0|0|0|0|0|0|0|118,153|153|153|153|153|153|153|8224,1,0,0,2,255,0
1527,0,15,7,3,7,0,0,0,187|2|2|2|2|2|2|32,255|255|255|255|255|255|255|32,0|-7|7|-5|5|-8|8|101,-1|1|1|3|3|2|2|48,0|0|0|0|0|0|0|101,0|0|0|0|0|0|0|0,153|153|153|153|153|153|153|19488,1,0,0,2,255,0
1528,0,5,1,3,1,0,0,0,2|97|112|101|115|52|44|101,255|104|97|112|101|115|52|115,0|122|101|44|83|104|97|112,8|70|105|108|101|91|101|118,0|110|116|100|97|116|52|93,0|101|78|0|0|0|0|32,153|8224|8224|8224|8224|8224|8224|8224,0,0,0,2,255,0
1529,0,4,3,3,6,0,0,0,2|2|2|2|2|2|103|44,255|255|255|255|255|255|115|52,-2|2|0|-1|1|0|32|32,7|7|9|7|7|9|69|110,0|0|0|0|0|0|110|107,0|0|0|0|0|0|45|0,153|153|153|153|153|153|8224|8224,0,0,0,2,255,0
1530,0,5,8,3,8,0,0,0,2|2|2|2|2|2|2|2,255|255|255|255|255|255|255|255,0|0|1|-1|2|-2|3|-3,9|9|8|8|7|7|6|6,6|-6|6|-6|6|-6|6|-6,0|0|0|0|0|0|0|0,153|153|153|153|153|153|153|153,0,0,0,2,255,0
1531,0,3,8,3,8,0,0,0,2|2|2|2|2|2|2|2,255|255|255|255|255|255|255|255,0|0|1|-1|2|-2|3|-3,9|9|8|8|7|7|6|6,6|-6|6|-6|6|-6|6|-6,0|0|0|0|0|0|0|0,153|153|153|153|153|153|153|153,0,0,0,2,255,0
1532,0,15,1,3,1,0,0,0,187|101|97|116|101|110|101|119,255|118|101|110|116|101|110|101,0|121|32|40|48|44|50|53,-1|59|32|101|110|100|59|32,0|0|0|0|0|32|32|32,0|32|32|32|55|32|58|32,153|28500|8304|28229|28005|8313|8317|29283,1,0,0,2,255,0
1533,0,30,7,3,7,0,0,0,187|2|2|2|2|2|2|41,255|255|255|255|255|255|255|32,0|-7|7|-5|5|-8|8|32,2|1|1|3|3|2|2|99,0|0|0|0|0|0|0|32,0|0|0|0|0|0|0|0,153|153|153|153|153|153|153|29779,0,0,0,2,255,0
1534,0,3,1,3,1,0,0,0,2|97|30|0|0|0|0|32,255|32|32|32|32|32|49|48,0|58|123|32|71|114|111|117,8|100|32|69|110|101|109|121,0|50|32|125|32|32|17|0,0|0|0|32|32|32|32|32,153|8224|8224|25120|26469|28265|44|0,0,0,0,2,255,0
1535,0,10,2,0,2,0,0,0,166|166|101|110|101|119|101|118,255|255|116|101|110|101|109|121,0|0|48|44|55|53|41|59,7|7|110|100|59|122|17|0,0|0|0|32|32|32|32|32,0|0|49|49|32|58|32|98,90|90|98|0|31488|8224|8224|8224,0,0,0,14,6,208
1536,0,3,1,0,1,0,0,0,2|101|114|97|108|105|118|101,255|97|110|100|32|40|110|111,0|32|116|119|111|112|108|97,8|101|114|109|111|100|101|32,0|114|32|110|111|116|32|112,0|97|121|101|114|97|108|105,160|10562|8233|29295|10272|30309|28261|25716,0,0,0,5,255,160
1537,0,2,1,0,1,0,0,0,2|105|50|0|0|0|0|32,255|32|32|32|32|32|32|32,0|32|32|105|102|32|97|108,8|112|108|97|121|101|114|115,0|111|110|101|32|111|114|32,0|101|118|101|110|116|100|97,160|10545|29728|25960|27758|34|0|8192,0,0,0,5,255,160
1538,0,4,2,0,2,0,0,0,2|2|121|101|110|100|108|101,255|255|108|58|61|116|114|117,0|0|16|0|0|0|0|32,8|8|32|32|32|32|32|32,-8|8|32|101|108|115|101|0,0|0|0|0|0|32|32|32,160|160|8224|8224|26912|8294|28526|8308,0,0,0,5,255,160
1539,0,3,2,0,2,0,0,0,2|2|110|101|35|0|0|0,255|255|32|32|32|32|32|32,0|0|32|32|32|114|101|97,8|8|116|111|101|110|100|108,-8|8|101|108|58|61|102|97,0|0|101|59|37|0|0|0,160|160|8224|8224|8224|8224|26144|28277,0,0,0,5,255,160
1540,0,4,3,0,3,0,0,0,2|2|2|117|101|59|41|0,255|255|255|32|32|32|32|32,0|0|0|32|32|32|32|101,8|8|8|101|118|101|108|58,-10|10|0|117|101|59|32|108,5|5|-5|108|101|110|100|58,160|160|160|0|8192|8224|8224|8224,0,0,0,5,255,160
1541,0,3,3,0,3,0,0,0,2|2|2|0|0|32|32|32,255|255|255|32|32|32|32|32,0|0|0|100|59|32|46|0,8|8|8|32|32|32|32|32,-10|10|0|50|32|58|32|98,5|5|-5|110|32|32|123|32,160|160|160|13344|13432|18208|28530|28277,0,0,0,5,255,160
1542,0,4,4,0,4,0,0,0,2|2|2|2|32|32|32|32,255|255|255|255|99|97|115|101,0|0|0|0|110|116|100|97,8|8|8|8|102|0|30|0,-15|15|-8|8|32|32|32|32,5|5|-5|-5|32|32|32|32,160|160|160|160|28781|13431|15674|13618,0,0,0,5,255,160
1543,0,5,5,0,5,0,0,0,2|2|2|2|2|32|32|32,255|255|255|255|255|112|119|52,0|0|0|0|0|32|30|0,8|8|8|8|8|32|32|32,-20|20|-12|12|0|32|32|32,8|8|-2|-2|-6|32|116|101,160|160|160|160|160|30|0|8192,0,0,0,5,255,160
1544,0,5,6,0,6,0,0,0,2|2|2|2|2|2|119|52,255|255|255|255|255|255|17|0,0|0|0|0|0|0|32|32,8|8|8|8|8|8|32|32,-24|24|-18|18|-12|12|0|0,8|8|-2|-2|-6|-6|32|32,160|160|160|160|160|160|29793|14902,0,0,0,5,255,160
1545,0,6,7,0,7,0,0,0,2|2|2|2|2|2|2|54,255|255|255|255|255|255|255|101,0|0|0|0|0|0|0|111,8|8|8|8|8|8|8|0,-24|24|-18|18|-12|12|0|32,8|8|-2|-2|-6|-6|-8|32,160|160|160|160|160|160|160|12845,0,0,0,5,255,160
1546,0,6,8,0,8,0,0,0,2|2|2|2|2|2|2|2,255|255|255|255|255|255|255|255,0|0|0|0|0|0|0|0,8|8|8|8|8|8|8|8,-24|24|-18|18|-12|12|-5|5,8|8|-2|-2|-6|-6|-8|-8,160|160|160|160|160|160|160|160,0,0,0,5,255,160
1547,0,2,1,0,2,0,0,0,2|2|32|32|32|32|99|114,255|255|116|101|110|101|119|101,-6|6|110|116|101|110|101|109,6|6|49|44|116|101|109|112,-6|6|41|59|32|105|110|99,0|0|110|101|109|121|91|98,159|161|12844|10548|30267|64|0|8192,0,0,0,5,255,160
1548,0,3,2,0,2,0,0,0,2|2|110|101|119|101|118|101,255|255|101|110|101|109|121|40,-6|6|116|101|109|112|119|52,6|6|32|100|101|99|40|101,-6|6|109|121|91|98|93|46,0|0|44|50|56|41|59|32,159|161|8192|8224|8224|8224|8224|8224,0,0,0,5,255,160
1549,0,3,2,0,4,0,0,0,2|2|2|2|121|40|51|44,255|255|255|255|119|52|41|59,-6|6|-7|7|40|101|110|101,6|6|5|5|93|46|101|120,-6|6|-6|6|59|32|100|101,0|0|0|0|101|109|121|91,159|161|159|161|15145|15|0|8192,0,0,0,5,255,160
1550,0,3,3,0,3,0,0,0,2|2|2|32|32|32|32|32,255|255|255|51|32|58|32|69,-6|6|0|105|101|115|65|99,6|6|-8|101|58|61|102|97,-6|6|0|59|32|0|0|0,0|0|0|32|32|32|32|32,159|161|160|25966|26989|29541|25409|26996,0,0,0,5,255,160
1551,0,3,4,0,4,0,0,0,2|2|2|2|32|32|49|53,255|255|255|255|101|103|105|110,-6|6|0|0|107|121|32|69,6|6|-8|-8|32|125|63|0,-6|6|-8|8|32|32|32|32,0|0|0|0|32|32|32|105,159|161|160|160|24932|12916|11581|12338,0,0,0,5,255,160
1552,0,4,5,0,5,0,0,0,2|2|2|2|2|110|100|111,255|255|255|255|255|41|43|50,-6|6|6|-6|0|0|0|32,6|6|-6|-6|-8|32|32|32,-6|6|6|-6|0|101|97|116,0|0|0|0|0|118|101|110,159|161|159|161|160|10544|26171|16,0,0,0,5,255,160
1553,0,4,6,0,6,0,0,0,2|2|2|2|2|2|0|0,255|255|255|255|255|255|32|32,-6|6|6|-6|0|0|101|103,6|6|-6|-6|-8|-8|0|32,-6|6|6|-6|-8|8|32|32,0|0|0|0|0|0|114|97,159|161|159|161|160|160|30063|28788,0,0,0,5,255,160
1554,0,4,7,0,7,0,0,0,2|2|2|2|2|2|2|32,255|255|255|255|255|255|255|32,-6|6|6|-6|0|0|0|100,6|6|-6|-6|-8|-8|-8|93,-6|6|6|-6|-12|12|0|119,0|0|0|0|0|0|4|112,159|161|159|161|160|160|160|16,0,0,0,5,255,160
1555,0,5,8,0,8,0,0,0,2|2|2|2|2|2|2|2,255|255|255|255|255|255|255|255,-6|6|6|-6|0|0|0|0,6|6|-6|-6|-8|-8|-8|-8,-6|6|6|-6|-16|16|-10|10,0|0|0|0|0|0|4|4,159|161|159|161|160|160|160|160,0,0,0,5,255,160
1556,0,6,8,0,8,0,0,0,2|2|2|2|2|2|2|2,255|255|255|255|255|255|255|255,-6|6|6|-6|0|0|0|0,6|6|-6|-6|-8|-8|-8|8,-6|6|6|-6|-16|16|0|0,0|0|0|0|0|0|4|-4,159|161|159|161|160|160|160|160,0,0,0,5,255,160
1557,0,6,8,0,8,0,0,0,2|2|2|2|2|2|2|2,255|255|255|255|255|255|255|255,-6|6|6|-6|0|0|-6|6,6|6|-6|-6|-8|-8|8|8,-6|6|6|-6|-16|16|0|0,0|0|0|0|0|0|-4|-4,159|161|159|161|160|160|159|161,0,0,0,5,255,160
1558,0,3,1,0,1,0,0,0,2|32|32|32|32|99|114|101,255|116|101|110|101|119|101|118,0|110|116|101|110|101|109|121,8|40|48|44|48|41|59|32,0|0|0|0|0|32|32|32,0|32|32|32|32|32|32|32,160|26912|8294|15970|8240|26740|28261|25888,0,0,0,5,255,160
1559,0,4,2,0,2,0,0,0,2|2|101|118|101|110|116|100,255|255|53|59|16|0|0|0,0|0|32|32|32|32|32|32,8|8|32|32|32|101|110|100,-8|8|0|0|0|0|0|32,0|0|0|0|0|32|32|32,160|160|14641|14880|25120|26469|28265|8224,0,0,0,5,255,160
1560,0,4,4,0,4,0,0,0,2|2|2|2|101|32|125|32,255|255|255|255|0|32|32|32,0|0|0|0|32|32|-70|4,8|8|8|8|0|0|0|32,-15|15|-8|8|32|32|97|114,5|5|-5|-5|101|102|116|32,160|160|160|160|25915|0|0|28160,0,0,0,5,255,160
1561,0,5,5,0,5,0,0,0,3|3|3|3|3|105|116|101,255|255|255|255|255|108|115|101,0|0|0|0|0|32|101|108,8|8|8|8|8|0|0|32,-20|20|-12|12|0|32|32|98,8|8|-2|-2|-6|65|58|61,160|160|160|160|160|29798|15674|13618,0,0,0,5,255,160
1562,0,6,7,0,7,0,0,0,4|4|4|4|4|4|4|118,255|255|255|255|255|255|255|41,0|0|0|0|0|0|0|99,8|8|8|8|8|8|8|58,-24|24|-18|18|-12|12|0|0,8|8|-2|-2|-6|-6|-8|32,160|160|160|160|160|160|160|8224,0,0,0,5,255,160
1563,0,6,8,0,8,0,0,0,6|6|6|6|6|6|6|6,255|255|255|255|255|255|255|255,0|0|0|0|0|0|0|0,8|8|8|8|8|8|8|8,-24|24|-18|18|-12|12|-5|5,8|8|-2|-2|-6|-6|-8|-8,160|160|160|160|160|160|160|160,0,0,0,5,255,160
1564,0,3,1,1,1,0,0,0,2|109|32|116|104|101|110|32,255|110|99|40|84|111|116|97,0|101|110|101|109|121|41|59,8|32|123|68|101|115|116|114,0|99|116|105|111|110|32|114,0|116|105|111|125|32|7|0,157|8192|8224|28261|15204|0|0|24832,0,0,0,5,255,160
1565,0,2,1,0,1,0,0,0,1|0|0|0|0|32|73|0,255|0|0|112|114|111|99|101,0|117|114|101|32|99|114|101,10|116|101|110|101|119|101|118,0|110|116|101|110|101|109|121,0|40|101|110|101|109|121|116,58|28517|29542|14880|25120|29817|15205|25888,0,0,0,25,255,112
1566,0,3,2,0,2,0,0,0,1|1|41|59|17|0|0|0,255|255|97|98|101|108|32|32,-1|1|110|101|97|118|97|105,9|9|5|0|0|0|0|98,-4|4|105|110|33|0|0|0,0|0|119|105|116|104|32|101,58|58|25970|23395|30309|28261|27764|25455,0,0,0,25,255,112
1567,0,2,2,0,2,0,0,0,1|1|101|109|112|119|58|61,255|255|101|110|116|100|97|116,-1|1|110|101|109|121|116|121,9|9|111|102|115|59|6|0,-4|4|0|32|32|32|97|115,0|0|13|0|0|0|0|32,58|58|27936|30319|25120|12332|15|0,0,0,0,25,255,112
1568,0,3,3,0,3,0,0,0,1|1|1|0|0|32|32|32,255|255|255|109|111|118|32|101,-1|1|0|120|26|0|0|0,9|9|10|32|32|32|32|109,-4|4|0|100|105|44|101|110,0|0|0|97|118|97|105|108,58|58|58|0|8192|8224|8224|24864,0,0,0,25,255,112
1569,0,2,3,0,3,0,0,0,1|1|1|0|0|0|0|103,255|255|255|0|0|32|32|32,-1|1|0|109|111|118|32|99,9|9|10|53|15|0|0|0,-4|4|0|32|32|32|32|109,0|0|0|100|120|44|99|120,58|58|58|14|0|8192|8224|8224,0,0,0,25,255,112
1570,0,2,3,0,3,0,0,0,1|1|2|0|0|32|32|32,255|255|255|114|101|112|110|101,-1|1|0|97|115|98|19|0,9|9|10|32|32|32|32|32,-4|4|0|101|32|110|111|110,0|0|0|97|105|108|0|0,58|58|59|0|8192|8224|8224|29472,0,0,0,25,255,112
1571,0,3,3,0,3,0,0,0,2|2|1|97|100|100|32|100,255|255|255|110|101|109|121|111,-1|1|0|101|116|32|14|0,9|9|10|32|32|32|32|32,-4|4|0|118|32|98|44|100,0|0|0|0|0|0|0|32,59|59|58|0|0|25856|23|0,0,0,0,25,255,112
1572,0,3,3,0,3,0,0,0,2|2|2|91|98|93|41|59,255|255|255|0|0|58|11|0,-1|1|0|105|102|32|98|62,9|9|10|104|101|110|20|0,-4|4|0|32|32|32|101|110,0|0|0|97|118|97|105|108,59|59|59|28219|0|0|28160|31,0,0,0,25,255,112
1573,0,4,5,0,5,0,0,0,2|2|2|1|1|57|57|32,255|255|255|255|255|98|101|103,-2|2|0|-1|1|0|0|32,8|8|10|9|9|99|97|115,-8|8|0|-2|2|109|121|111,0|0|0|0|0|32|111|102,279|280|59|58|58|12320|8224|8224,0,0,0,25,255,112
1574,0,4,5,0,5,0,0,0,2|2|3|1|1|32|58|61,255|255|255|255|255|116|100|97,-2|2|0|-1|1|101|100|40,8|8|10|9|9|42|50|52,-8|8|0|-2|2|0|0|32,0|0|0|0|0|32|32|32,279|280|60|58|58|8224|25956|10339,0,0,0,25,255,112
1575,0,3,7,0,7,0,0,0,2|2|1|1|1|1|1|0,255|255|255|255|255|255|255|32,-2|2|0|-1|1|-1|1|32,8|8|10|9|9|9|9|59,-8|8|0|-1|1|-7|7|32,0|0|0|0|0|0|0|53,279|280|58|58|58|58|58|23417,0,0,0,25,255,112
1576,0,15,1,0,1,0,0,11,112|50|45|112|114|101|100|40,255|97|112|120|41|42|50|52,0|49|50|59|47|0|0|0,-3|32|32|32|32|32|32|32,0|32|32|32|32|32|32|32,0|32|32|32|32|32|100|101,171|28261|28005|23417|23906|25902|11385|24930,0,0,0,26,98,80
1577,0,10,1,0,1,0,0,11,112|32|32|32|32|32|32|32,255|32|32|32|101|110|100|59,0|0|0|0|0|32|32|32,-3|32|32|53|48|32|32|32,0|32|32|32|98|101|103|105,0|32|105|102|32|98|97|99,171|28530|28277|13156|12664|29728|25960|29550,0,0,0,26,98,80
1578,0,10,1,0,1,0,0,10,128|32|32|32|32|32|32|32,255|32|101|110|101|109|121|91,0|93|46|101|120|32|58|61,-3|101|118|101|110|116|100|97,0|50|45|112|114|101|100|40,0|97|112|120|41|42|50|52,171|8242|25|0|8192|8224|8224|8224,0,0,0,26,98,80
1579,0,10,2,0,2,0,0,10,112|112|62|0|0|0|0|32,255|255|32|32|32|32|32|32,0|0|32|32|32|32|32|32,-3|-3|32|32|101|110|101|109,-6|6|98|93|46|101|120|32,0|0|32|101|118|101|110|116,171|171|27949|28769|13176|12842|11572|13362,0,0,0,26,98,80
1580,0,10,2,0,2,0,0,9,128|128|32|32|32|32|32|32,255|255|32|32|32|32|32|32,0|0|99|40|101|110|101|109,-3|-3|98|93|46|101|121|44,-6|6|99|107|109|111|118|101,0|0|59|76|0|0|0|0,171|171|0|8192|8224|8224|8224|8224,0,0,0,26,98,80
1581,0,10,3,0,3,0,0,9,128|128|112|103|114|111|117|110,255|255|255|49|98|32|116|104,-5|5|0|98|101|103|105|110,0|0|-3|0|0|32|32|32,-5|5|0|32|32|32|32|32,0|0|-3|32|32|32|32|32,171|171|171|10339|28261|28005|23417|23906,0,0,0,26,98,80
1582,0,10,4,0,4,0,0,9,128|128|112|112|32|32|32|32,255|255|255|255|32|32|32|32,-5|5|-3|3|100|59|19|0,0|0|-3|-3|32|32|32|32,-5|5|-3|3|32|32|32|32,0|0|-3|-3|100|59|10|0,171|171|171|171|25888|25710|59|25,0,0,0,26,98,80
1583,0,9,4,0,4,0,0,8,128|128|112|112|32|58|61|32,255|255|255|255|69|0|0|0,-5|5|-3|3|32|32|32|105,0|0|-3|-3|99|107|103|114,-5|5|-3|3|51|120|49|98,0|0|-3|-3|32|40|101|110,171|171|171|171|15732|12341|8233|26740,0,0,0,26,98,80
1584,0,9,6,0,6,0,0,8,128|128|112|112|112|112|7|0,255|255|255|255|255|255|101|110,-5|5|-3|3|-3|3|0|32,0|0|-3|-3|3|3|32|32,-5|5|-3|3|-3|3|110|101,0|0|-3|-3|3|3|100|111,171|171|171|171|171|171|24941|27756,0,0,0,26,98,80
1585,0,9,7,0,7,0,0,8,128|128|112|112|112|112|112|41,255|255|255|255|255|255|255|101,-5|5|-3|3|-3|3|0|0,0|0|-3|-3|3|3|-4|100,-5|5|-3|3|-3|3|0|48,0|0|-3|-3|3|3|-4|40,171|171|171|171|171|171|171|0,0,0,0,26,98,80
1586,0,9,8,0,8,0,0,8,128|128|112|112|112|112|112|112,255|255|255|255|255|255|255|255,-5|5|-3|3|-3|3|0|0,0|0|-3|-3|3|3|-4|6,-5|5|-3|3|-3|3|0|0,0|0|-3|-3|3|3|-4|6,171|171|171|171|171|171|171|171,0,0,0,26,98,80
1587,0,20,1,0,1,0,0,11,128|109|32|58|61|32|101|118,255|110|116|100|97|116|52|59,0|0|0|0|0|32|32|32,-3|110|101|109|121|91|98|93,0|102|105|120|101|100|109|111,-3|101|121|32|58|61|32|101,19|29806|24932|13940|8251|0|0|8192,0,0,0,26,98,80
1588,0,20,1,0,2,0,0,11,128|128|5|0|0|0|0|32,255|255|100|59|4|0|0|0,-3|3|110|100|59|116|0|0,-3|-3|0|122|36|0|0|0,-3|3|114|111|99|101|100|117,-3|-3|32|101|118|101|110|116,19|19|10272|27168|28021|8304|8250|28535,0,0,0,26,98,80
1589,0,20,2,0,2,0,0,11,128|128|0|32|32|32|116|101,255|255|119|32|58|32|119|111,-3|3|59|32|5|0|0|0,-3|-3|101|103|105|110|90|0,-3|3|0|32|32|32|105|102,-3|-3|117|109|112|61|54|53,19|19|26740|28261|25376|29301|28524|14947,0,0,0,26,98,80
1590,0,20,2,0,2,0,0,10,116|116|103|105|110|32|114|101,255|255|114|110|108|111|99|58,-3|3|117|114|108|111|99|43,-3|-3|32|99|117|114|108|111,-3|3|61|106|117|109|112|59,-3|-3|110|100|59|101|12|0,19|19|8224|25972|28781|14967|12349|59,0,0,0,26,98,80
1591,0,20,2,0,2,0,0,9,116|116|40|116|101|109|112|119,255|255|117|110|116|105|108|32,-4|4|101|110|116|114|101|99,-1|-1|101|109|112|119|93|46,-4|4|101|110|116|116|105|109,-1|-1|61|99|117|114|108|111,19|19|0|8192|8224|30309|28261|27764,0,0,0,26,98,80
1592,0,20,2,0,2,0,0,8,116|116|110|100|59|32|0|0,255|255|0|102|22|0|0|0,-4|4|114|111|99|101|100|117,0|0|32|101|118|101|110|116,-4|4|115|116|101|109|59|44,0|0|0|0|0|118|97|114,19|19|8192|8224|25972|28781|14946|28514,0,0,0,26,98,80
1593,0,20,2,0,2,0,0,7,113|113|117|110|99|116|105|111,255|255|115|101|97|114|99|104,-4|4|114|32|123|101|110|101,2|2|125|32|40|80|76|84,-4|4|101|32|58|32|98|121,2|2|41|32|58|32|98|111,19|19|15214|3|0|30208|29281|17,0,0,0,26,98,80
1594,0,20,4,0,4,0,0,8,128|128|128|128|14|0|0|0,255|255|255|255|116|101|109|112,-4|4|-2|2|116|101|59|123,-2|-2|-4|-4|0|98|101|103,-4|4|-2|2|0|0|0|32,-2|-2|-4|-4|101|109|112|98,19|19|19|19|53|0|8192|8224,0,0,0,26,98,80
1595,0,20,4,0,4,0,0,7,116|116|128|128|100|111|32|105,255|255|255|255|110|101|109|121,-4|4|-2|2|108|91|116|101,-2|-2|-4|-4|48|41|32|97,-4|4|-2|2|0|0|0|32,-2|-2|-4|-4|32|32|32|32,19|19|19|19|29787|28005|23920|24878,0,0,0,26,98,80
1596,0,15,2,0,4,0,0,7,114|114|114|114|0|32|32|32,255|255|255|255|32|32|32|32,-4|4|-2|2|109|121|91|116,-2|-2|-4|-4|46|108|105|110,-4|4|-2|2|61|80|76|84,-2|-2|-4|-4|32|116|104|101,19|19|19|19|23|0|8192|8224,0,0,0,26,98,80
1597,0,20,4,0,4,0,0,6,114|114|114|114|73|0|0|0,255|255|255|255|32|32|32|32,-4|4|-2|2|105|102|32|71,-2|-2|-4|-4|97|109|111|100,-4|4|-2|2|101|110|32|105,-2|-2|-4|-4|110|101|109|121,19|19|19|19|24950|30060|11365|28261,0,0,0,26,98,80
1598,0,4,2,0,2,0,0,0,1|1|28|0|0|0|0|32,255|255|32|32|32|32|32|32,-10|10|116|101|109|112|98|58,0|0|114|117|101|59|32|101,0|0|59|32|21|0|0|0,0|0|32|32|32|115|101|97,285|285|29295|15674|25972|28781|15202|4,0,0,0,6,255,208
1599,0,4,3,0,3,0,0,0,1|1|1|98|101|103|105|110,255|255|255|0|0|32|119|105,-10|10|0|101|118|101|110|116,0|0|-10|91|101|118|101|110,0|0|0|99|93|32|100|111,0|0|0|0|0|32|32|32,285|285|285|25888|25974|29806|31092|25968,0,0,0,6,255,208
1600,0,5,4,0,4,0,0,0,1|1|1|1|83|116|97|114,255|255|255|255|118|101|110|116,-10|10|-10|10|51|50|48|59,0|0|0|0|0|32|32|32,0|0|0|0|50|32|58|32,3|3|-4|-4|110|0|28|0,285|285|285|285|8224|8224|8224|8224,0,0,0,6,255,208
1601,0,5,4,0,4,0,0,0,1|1|1|1|0|32|32|32,255|255|255|255|32|32|32|32,-10|10|0|0|97|112|49|121,0|0|-10|10|121|109|97|120,0|0|0|0|28|0|0|0,0|0|0|0|32|32|32|32,285|285|285|285|28769|31026|25956|24940,0,0,0,6,255,208
1602,0,5,6,0,6,0,0,0,1|1|1|1|1|1|32|32,255|255|255|255|255|255|100|101,-10|10|-10|10|0|0|58|61,0|0|0|0|-10|10|0|91,0|0|0|0|0|0|32|32,3|3|-4|-4|0|0|32|32,285|285|285|285|285|285|25917|25974,0,0,0,6,255,208
1603,0,5,4,0,8,0,0,0,2|2|1|1|2|2|2|2,255|255|255|255|255|255|255|255,-10|10|0|0|-10|10|-10|10,0|0|-10|10|0|0|0|0,0|0|0|0|0|0|0|0,0|0|0|0|-8|-10|8|8,170|170|285|285|170|170|170|170,0,0,0,6,255,208
1604,0,5,5,0,5,0,0,0,2|2|2|2|1|107|109|111,255|255|255|255|255|50|48|32,-10|10|-10|10|0|0|0|0,0|0|0|0|-10|32|32|32,0|0|0|0|0|32|32|32,-8|-8|8|8|0|108|111|100,170|170|170|170|285|28011|30319|10853,0,0,0,6,255,208
1605,0,5,7,0,7,0,0,0,2|2|2|2|1|1|1|66,255|255|255|255|255|255|255|51,-10|10|-10|10|0|0|0|100,0|0|0|0|10|-10|-10|0,0|0|0|0|0|-3|3|32,-8|-8|8|8|0|0|0|32,170|170|170|170|285|285|285|25974,0,0,0,6,255,208
1606,0,5,8,0,8,0,0,0,2|2|2|2|1|1|1|1,255|255|255|255|255|255|255|255,-10|10|-10|10|0|0|0|0,0|0|0|0|10|10|-10|-10,0|0|0|0|-3|3|-3|3,-8|-8|8|8|0|0|0|0,170|170|170|170|285|285|285|285,0,0,0,6,255,208
1607,0,5,6,0,6,0,0,0,2|2|2|2|2|2|59|0,255|255|255|255|255|255|32|32,-10|10|-10|10|-10|10|32|32,0|0|0|0|0|0|49|121,0|0|0|0|0|0|61|51,-16|-16|0|0|16|16|0|32,170|170|170|170|170|170|27936|28769,0,0,0,6,255,208
1608,0,5,8,0,8,0,0,0,2|2|2|2|2|2|1|1,255|255|255|255|255|255|255|255,-10|10|-10|10|-10|10|0|0,0|0|0|0|0|0|-10|-10,0|0|0|0|0|0|-3|3,-16|-16|0|0|16|16|0|0,170|170|170|170|170|170|285|285,0,0,0,6,255,208
1609,0,8,1,0,1,0,0,11,128|32|32|109|97|112|50|121,255|101|108|97|121|109|97|120,0|61|50|59|27|0|0|0,10|32|32|32|32|32|32|32,0|32|32|32|32|32|32|66,3|99|107|109|111|118|101|51,19|15153|15|0|8192|8224|8224|8224,0,0,0,26,98,80
1610,0,6,1,0,2,0,0,11,128|128|32|32|52|32|58|32,255|255|103|105|110|32|83|116,0|0|66|97|99|107|103|114,10|-2|110|100|115|58|61|116,0|0|101|59|33|0|0|0,3|-3|32|32|32|32|32|32,19|19|8224|8224|8224|24931|25971|25888,0,0,0,26,98,80
1611,0,5,1,0,3,0,0,10,128|128|128|32|32|32|32|32,255|255|255|32|32|32|32|32,0|-3|3|32|58|32|83|116,10|-1|-1|97|99|107|103|114,0|3|3|100|78|117|-114|2,3|-1|-1|0|0|0|0|32,19|19|19|28277|26723|29286|29029|15674,0,0,0,26,98,80
1612,0,6,2,0,2,0,0,10,128|128|32|32|32|32|108|97,255|255|99|104|119|97|105|116,0|0|101|108|97|117|110|99,10|-2|114|101|113|59|0|0,0|0|0|0|33|0|0|0,3|-3|32|32|32|32|105|102,19|19|28005|17529|29793|15699|28229|28005,0,0,0,26,98,80
1613,0,10,3,0,3,0,0,9,128|128|128|32|98|101|103|105,255|255|255|0|0|0|0|32,0|-3|3|32|108|97|117|110,10|0|0|121|112|101|58|61,0|-3|3|117|110|99|104|116,3|0|0|32|109|111|100|32,19|19|19|41|0|8192|8224|8224,0,0,0,26,98,80
1614,0,10,3,0,3,0,0,9,128|112|112|110|99|104|116|121,255|255|255|100|105|118|32|49,0|-3|3|59|19|0|0|0,10|0|0|32|32|32|101|110,0|-3|3|108|115|101|32|98,3|0|0|110|29|0|0|0,19|19|19|24940|28277|26723|31092|25968,0,0,0,26,98,80
1615,0,10,2,0,4,0,0,9,128|128|128|128|32|32|32|32,255|255|255|255|99|104|115|112,-1|1|-3|3|108|58|61|48,10|10|0|0|0|0|0|32,-4|4|-3|3|101|110|100|59,3|3|0|0|0|0|44|0,19|19|19|19|28261|28005|11897|24952,0,0,0,26,98,80
1616,0,8,2,0,4,0,0,8,128|128|112|112|112|119|93|46,255|255|255|255|101|108|59|105,-1|1|-3|3|0|32|32|32,12|12|0|0|101|109|121|46,-4|4|-3|3|101|108|58|61,3|3|0|0|121|100|97|116,19|19|19|19|11869|24953|25443|27749,0,0,0,26,98,80
1617,0,15,5,0,5,0,0,8,128|128|112|112|128|110|98|111,255|255|255|255|255|61|45|49,-1|1|-3|3|0|32|120|109,12|12|0|0|-3|110|99|101,-4|4|-3|3|0|48|48|59,3|3|0|0|-3|98|111|117,19|19|19|19|19|15152|31008|24941,0,0,0,26,98,80
1618,0,15,6,0,6,0,0,7,128|128|112|112|128|128|32|32,255|255|255|255|255|255|32|101,-1|1|-3|3|-2|2|97|119,12|12|0|0|-3|-3|98|101,-4|4|-3|3|-2|2|115|105,3|3|0|0|-3|-3|32|114,19|19|19|19|19|19|61|0,0,0,0,26,98,80
1619,0,15,7,0,7,0,0,7,128|128|112|112|112|128|128|101,255|255|255|255|255|255|255|114,-1|0|1|-3|3|-2|2|101,12|12|12|0|0|-3|-3|91,-4|0|4|-3|3|-2|2|116,3|3|3|0|0|-3|-3|0,19|19|19|19|19|19|19|28261,0,0,0,26,98,80
1620,0,1,1,0,8,0,0,0,4|4|4|4|4|4|4|4,255|255|255|255|255|255|255|255,-2|1|3|-2|4|-1|-3|1,6|8|5|7|5|9|5|7,20|-10|-20|20|-30|10|30|-20,30|40|10|20|10|50|20|30,255|255|255|255|255|255|255|255,0,0,0,10,255,128
1621,0,1,1,20,1,0,0,0,99|32|98|101|103|105|110|32,20|110|101|109|121|99|121|99,0|101|58|61|49|59|32|97,8|105|97|99|116|105|118|101,0|61|48|59|32|97|110|105,0|97|120|58|61|48|59|32,9634|28257|30569|25960|26222|29289|14949|12349,0,0,0,10,255,128
1622,0,0,8,0,8,0,0,0,4|4|4|4|2|2|2|2,8|8|8|8|8|8|8|8,2|-2|2|-2|3|-3|0|0,2|2|-2|-2|0|0|3|-3,2|-2|2|-2|3|-3|0|0,2|2|-2|-2|0|0|3|-3,21|21|21|21|20|20|20|20,0,0,0,12,1,112
1623,0,40,3,1,8,0,0,0,4|4|4|4|4|4|4|4,255|255|255|255|255|255|255|255,-2|1|3|-2|4|-1|-3|1,6|8|5|7|5|9|5|7,80|-40|-80|80|-120|40|120|-80,60|80|20|40|80|100|10|60,109|109|109|109|109|109|109|109,0,0,0,10,255,80
1624,0,40,1,0,4,0,0,0,1|1|1|1|101|110|100|59,255|255|255|255|0|115|23|0,0|0|0|0|32|32|32|32,8|7|9|6|116|97|114|116,0|0|0|0|48|32|116|104,0|0|0|0|0|0|0|32,304|304|304|304|8253|29811|29281|30836,0,0,0,10,255,80
1625,0,4,1,1,1,0,0,0,2|41|45|115|116|97|114|116,255|99|43|49|9|0|0|0,0|32|32|32|32|32|101|108,8|101|20|0|0|0|0|32,0|32|32|32|101|120|32|58,0|32|115|116|97|114|116|120,109|59|0|0|25344|23|0|8192,0,0,0,5,255,80
1626,0,4,2,1,2,0,0,0,2|2|116|104|101|110|45|0,255|255|0|32|32|32|32|32,0|0|32|58|61|32|115|116,8|8|116|121|43|114|97|110,12|-12|109|40|115|116|97|114,14|14|99|42|50|41|45|115,109|109|25465|12587|9|0|8192|8224,0,0,0,5,255,80
1627,0,4,3,1,3,0,0,0,2|2|2|58|61|32|115|116,255|255|255|121|43|49|59|83,1|-1|0|0|0|44|18|0,8|8|8|32|32|32|32|32,12|-12|0|32|58|61|32|120,14|14|0|101|59|41|18|0,109|109|109|8224|31077|8291|15674|31008,0,0,0,5,255,80
1628,0,4,4,1,4,0,0,0,2|2|2|2|32|58|61|32,255|255|255|255|99|101|108|59,1|-1|0|0|0|32|32|32,8|8|8|8|99|99|32|58,26|-26|12|-12|97|99|99|101,14|14|14|14|0|0|0|32,109|109|109|109|8311|15674|24864|29538,0,0,0,5,255,80
1629,0,4,5,1,5,0,0,0,2|2|2|2|2|99|99|119,255|255|255|255|255|0|0|32,2|-2|1|-1|0|121|99|99,8|8|8|8|8|97|98|115,26|-26|12|-12|0|41|59|32,14|14|14|14|0|119|109|97,109|109|109|109|109|48|0|8192,0,0,0,5,255,80
1630,0,4,6,1,6,0,0,0,2|2|2|2|2|2|99|97,255|255|255|255|255|255|101|108,3|-3|2|-2|1|-1|99|97,8|8|8|8|8|8|59|110,40|-40|26|-26|12|-12|32|32,20|20|14|14|14|14|121|99,109|109|109|109|109|109|24931|25700,0,0,0,5,255,80
1631,0,4,7,1,7,0,0,0,2|2|2|2|2|2|2|0,255|255|255|255|255|255|255|0,3|-3|2|-2|1|-1|0|112,8|8|8|8|8|8|8|102,40|-40|26|-26|12|-12|0|0,20|20|14|14|14|14|0|32,109|109|109|109|109|109|109|81,0,0,0,5,255,80
1632,0,4,6,1,6,0,0,0,2|2|2|2|2|2|32|101,255|255|255|255|255|255|61|32,2|-2|1|-1|0|0|115|101,8|8|8|8|8|8|101|118,40|-40|26|-26|12|-12|104|101,20|20|14|14|14|14|118|58,109|109|109|109|109|109|14966|30781,0,0,0,5,255,80
1633,0,4,7,1,7,0,0,0,2|2|2|2|2|2|2|32,255|255|255|255|255|255|255|114,2|-2|1|-1|2|-2|0|48,8|8|8|8|8|8|10|105,40|-40|26|-26|12|-12|0|45,20|20|14|14|14|14|0|32,109|109|109|109|109|109|109|31077,0,0,0,5,255,80
1634,0,4,8,1,8,0,0,0,2|2|2|2|2|2|2|2,255|255|255|255|255|255|255|255,2|-2|1|-1|2|-2|0|0,8|8|8|8|8|8|10|10,40|-40|26|-26|12|-12|-7|7,20|20|14|14|14|14|0|0,109|109|109|109|109|109|109|109,0,0,0,5,255,80
1635,0,4,8,1,8,0,0,0,2|2|2|2|2|2|2|2,255|255|255|255|255|255|255|255,-3|3|1|-1|2|-2|1|-1,8|8|8|8|8|8|10|10,40|-40|26|-26|12|-12|-7|7,20|20|14|14|14|14|0|0,109|109|109|109|109|109|109|109,0,0,0,5,255,80
1636,0,12,1,0,1,0,0,0,171|111|47|0|0|0|0|32,255|32|32|32|32|32|32|105,0|32|116|117|114|91|97|93,0|50|53|50|32|116|104|101,0|32|101|115|104|111|116|119,0|105|116|91|97|93|58|61,103|27749|25971|65|0|8192|8224|8224,1,0,0,10,255,16
1637,0,10,1,0,1,0,0,0,171|101|110|32|101|115|104|111,255|119|97|105|116|91|97|93,0|61|50|48|32|101|108|115,0|32|101|115|104|111|116|119,0|105|116|91|97|93|58|61,0|53|53|59|43|0|0|0,103|8224|8224|28518|8306|14945|12605|29728,1,0,0,10,255,16
1638,0,8,1,0,1,0,0,0,171|103|114|97|112|104|105|99,255|97|93|59|17|0|0|0,0|32|32|32|32|32|115|105,0|101|58|61|101|115|105|122,0|59|16|0|0|0|0|32,0|32|32|32|108|105|110|107,103|14957|12349|23867|56|0|8192|8224,1,0,0,10,255,16
1639,0,8,2,0,2,0,0,0,171|171|100|97|109|97|103|101,255|255|61|116|114|117|101|32,-1|1|115|101|32|101|100|97,0|0|103|101|100|58|61|102,-6|6|115|101|59|114|25|0,0|0|0|32|32|32|32|32,103|103|25721|25961|15674|25957|25966|31085,1,0,0,10,255,16
1640,0,6,2,0,2,0,0,0,171|171|32|32|101|110|101|109,255|255|102|114|101|113|91|49,-1|1|58|61|32|101|110|101,0|0|100|97|116|115|94|91,-6|6|109|112|119|93|46|102,0|0|113|91|49|93|59|0,103|103|8192|8224|8224|28261|28005|11897,1,0,0,10,255,16
1641,0,6,3,0,3,0,0,0,171|171|171|115|94|91|116|101,255|255|255|93|46|102|114|101,-2|2|0|93|59|0|48|0,0|0|0|32|32|32|32|32,-6|6|0|109|121|46|102|114,-1|-1|0|51|93|32|58|61,103|103|103|24932|29556|23390|25972|28781,1,0,0,10,255,16
1642,0,5,2,0,4,0,0,0,171|171|171|171|0|0|0|32,255|255|255|255|101|100|97|110,-2|2|-1|1|58|61|32|100,0|0|0|0|20|0|0|0,-6|6|-4|4|32|32|101|100,-1|-1|0|0|32|32|58|61,103|103|103|103|0|8192|8224|8224,1,0,0,10,255,16
1643,0,7,4,0,4,0,0,0,171|171|171|171|0|0|0|97,255|255|255|255|0|32|32|32,-2|2|-1|1|120|101|100|109,0|0|0|0|32|58|61|32,-6|6|-4|4|0|0|0|116,-1|-1|0|0|0|32|32|32,103|103|103|103|15674|12324|15152|0,1,0,0,10,255,16
1644,0,5,3,0,3,0,0,0,171|171|171|97|108|117|101|62,255|255|255|97|110|100|32|40,-1|1|0|117|101|60|49|48,0|0|0|41|32|116|104|101,-6|6|0|101|103|105|110|49,-1|-1|0|0|0|32|32|32,103|103|103|25632|26217|26982|30051|29804,1,0,0,10,255,16
1645,0,5,4,0,4,0,0,0,171|171|171|171|48|32|58|32,255|255|255|255|119|58|61|114,-2|2|0|0|40|118|97|108,0|0|0|0|46|55|53|41,-10|10|-6|6|0|0|0|32,-4|-4|-2|-2|49|32|58|32,103|103|103|103|27745|25973|8251|8224,1,0,0,10,255,16
1646,0,5,5,0,5,0,0,0,171|171|171|171|171|120|32|49,255|255|255|255|255|0|0|32,-2|2|0|0|0|32|58|32,0|0|0|0|0|58|61|118,-10|10|-6|6|0|32|32|32,-4|-4|-2|-2|0|32|32|32,103|103|103|103|103|31520|30752|12576,1,0,0,10,255,16
1647,0,4,1,0,1,0,0,0,1|101|109|112|119|58|61|118,255|108|117|101|43|118|97|108,0|101|32|115|104|114|32|51,12|32|32|32|32|32|32|32,0|32|32|123|32|120|32|49,0|51|51|51|32|125|53|0,228|8192|8224|8224|8244|8250|25972|28781,0,0,0,6,255,32
1648,0,7,1,0,1,0,0,0,2|114|32|49|59|32|32|32,107|32|32|32|32|32|32|123,0|120|32|49|46|53|32|125,8|0|0|0|0|32|32|32,0|32|53|32|58|32|116|101,0|112|119|58|61|118|97|108,601|29472|27752|12576|8251|8224|8224|8224,0,0,0,6,255,32
1649,0,6,1,0,1,0,0,0,2|0|0|0|0|32|32|32,107|32|54|32|58|32|116|101,0|112|119|58|61|118|97|108,8|101|32|115|104|108|32|49,0|118|97|108|117|101|32|115,0|114|32|49|59|32|32|32,601|30752|13088|32032|52|0|8192|8224,0,0,0,6,255,32
1650,0,6,3,0,3,0,0,0,2|1|1|117|101|32|115|104,107|255|255|59|32|32|32|32,0|-10|10|32|32|32|32|32,8|0|0|32|120|32|52|32,0|0|0|0|0|0|0|32,0|0|0|32|57|44|49|48,601|228|228|30576|15674|24950|30060|8293,0,0,0,6,255,32
1651,0,6,4,0,4,0,0,0,2|1|1|1|32|32|123|32,107|255|255|255|125|93|9|0,0|-9|9|0|32|32|32|32,8|2|2|-10|38|0|0|0,0|0|0|0|32|32|105|102,0|0|0|0|112|119|62|49,601|228|228|228|8302|25972|28781|14967,0,0,0,6,255,32
1652,0,6,5,0,5,0,0,0,2|1|1|1|1|108|117|101,107|255|255|255|255|112|119|59,0|-9|9|-8|8|32|32|32,8|2|2|-3|-3|32|101|108,0|0|0|0|0|0|0|32,0|0|0|0|0|118|97|108,601|228|228|228|228|0|0|25856,0,0,0,6,255,32
1653,0,6,3,0,3,0,0,0,4|1|1|110|26|0|0|0,105|255|255|32|32|32|105|102,0|-10|10|109|111|114|62|48,7|0|0|101|110|32|98|101,0|0|0|32|0|0|0|0,0|0|0|0|0|0|0|32,582|228|228|8294|29281|28525|15474|12862,0,0,0,6,255,32
1654,0,6,5,0,5,0,0,0,4|1|1|1|1|0|0|0,105|255|255|255|255|32|32|32,0|-9|9|-8|8|100|105|102,7|2|2|-3|-3|116|121|108,0|0|0|0|0|111|102|102,0|0|0|0|0|32|32|32,582|228|228|228|228|28781|14967|24893,0,0,0,6,255,32
1655,0,6,6,0,6,0,0,0,4|1|1|1|1|2|32|32,105|255|255|255|255|107|116|101,0|-9|9|-8|8|0|111|117,7|2|2|-3|-3|-8|111|114,0|0|0|0|0|0|43|49,0|0|0|0|0|0|0|32,582|228|228|228|228|601|28781|14967,0,0,0,6,255,32
1656,0,6,5,0,5,0,0,0,4|2|2|2|2|32|58|32,105|107|107|107|107|58|61|114,0|-6|6|-8|8|97|114|109,7|6|6|-3|-3|50|41|59,0|0|0|0|0|32|32|32,0|0|0|0|0|46|50|32,582|601|601|601|601|8224|8224|8244,0,0,0,6,255,32
1657,0,6,7,0,7,0,0,0,4|4|4|2|2|1|1|114,105|105|105|107|107|255|255|32,0|-6|6|-6|6|-10|10|46,7|6|6|-6|-6|0|0|0,0|0|0|0|0|0|0|32,0|0|0|0|0|0|0|112,582|582|582|601|601|228|228|12586,0,0,0,6,255,32
1658,0,2,2,0,2,0,0,0,1|1|56|32|125|0|52|0,255|255|0|32|32|32|32|32,0|0|54|32|58|32|116|101,12|12|119|58|61|97|114|109,-6|6|32|115|104|108|32|49,4|4|32|32|32|32|32|32,108|108|8224|31520|30752|8242|8224|125,0,0,0,20,255,112
1659,0,6,1,0,1,0,0,0,3|101|109|112|119|58|61|97,255|109|111|114|32|115|104|108,0|49|43|97|114|109|111|114,2|32|32|32|32|32|32|32,-10|123|32|120|51|32|32|32,0|105|52|0|0|0|0|32,88|8224|8224|8248|8250|25972|28781|14967,0,0,20,26,255,48
1660,0,5,1,0,1,0,0,0,3|32|32|32|32|32|32|32,255|32|32|123|32|120|52|32,0|32|125|56|52|0|0|0,2|32|32|32|32|32|32|32,-30|44|49|48|32|58|32|116,0|109|112|119|58|61|97|114,88|8306|26739|8300|15155|8224|8224|8224,0,0,30,26,255,48
1661,0,5,2,0,2,0,0,0,3|3|0|32|32|32|32|32,255|255|101|110|100|59|0|0,0|0|0|0|36|0|0|0,2|-2|32|32|32|32|32|32,-30|-30|32|116|101|109|112|119,0|0|53|52|32|116|104|101,88|88|28781|14967|12861|13365|29755|0,0,0,30,26,255,48
1662,0,5,2,0,2,0,0,0,3|3|100|32|101|108|115|101,255|255|101|109|112|119|58|61,0|0|53|59|0|0|0|0,2|2|23|0|0|0|0|32,-30|-20|32|32|32|32|97|114,0|0|114|108|101|102|116|32,88|88|28005|104|65535|17|0|26112,0,0,30,26,255,48
1663,0,5,3,0,3,0,0,0,3|3|3|0|0|105|102|32,255|255|255|115|104|91|49|44,0|0|0|122|32|116|104|101,2|2|-2|101|103|105|110|105,-30|-20|-30|0|0|32|32|32,0|0|0|97|100|97|116|97,88|88|88|25968|23411|23928|29486|14952,0,0,30,26,255,48
1664,0,7,2,0,2,0,0,0,3|3|0|32|32|32|116|101,255|255|119|58|61|120|42|50,0|120|50|56|59|110|30|0,1|120|0|32|32|32|114|101,-17|-7|49|44|120|93|58|61,-35|-5|109|112|119|43|77|101,88|88|20273|29542|26939|7|0|8192,0,0,4,26,255,48
1665,0,7,2,0,2,0,0,0,3|3|42|77|97|116|99|104,255|255|42|41|17|0|0|0,0|120|111|114|32|120|58|61,1|120|116|111|32|55|49|32,-20|-10|26|0|0|0|0|105,-30|0|109|97|112|115|104|91,88|88|31293|29728|25960|8302|25954|26983,0,0,5,26,255,48
1666,0,6,2,0,2,0,0,0,3|3|49|41|32|97|110|100,255|255|111|116|32|115|104|97,0|120|98|108|97|110|107|32,1|120|101|110|32|98|101|103,-26|-13|35|0|0|0|0|32,-30|0|32|109|101|103|97|100,88|88|11870|26739|28769|29541|30811|11869,0,0,6,26,255,48
1667,0,5,2,0,2,0,0,0,3|3|0|0|0|32|32|32,255|255|58|61|49|59|32|102,0|120|32|121|121|58|61|49,1|120|111|32|40|50|52|42,-30|-20|41|32|115|104|114|32,-30|0|100|111|32|105|102|32,88|88|23397|31097|15709|8240|26740|28261,0,0,7,26,255,48
1668,0,6,3,0,3,0,0,0,3|3|3|32|32|109|101|103,255|255|255|116|97|50|94|46,0|120|120|112|101|115|91|120,1|120|120|105|108|108|58|61,-24|-7|-19|0|0|0|0|32,-30|0|0|116|101|109|112|119,88|88|88|13362|12842|11064|10548|8251,0,0,6,26,255,48
1669,0,6,4,0,4,0,0,0,3|3|3|3|101|109|112|119,255|255|255|255|97|83|104|50,1|-1|120|120|52|59|24|0,1|1|120|120|32|32|101|110,-24|-24|-7|-19|115|101|32|114,-30|-30|0|0|44|120|93|58,88|88|88|88|24832|7|0|8192,0,0,6,26,255,48
1670,0,0,1,3,8,0,0,0,3|3|3|3|3|3|3|3,255|255|255|255|255|255|255|255,0|4|6|4|0|-4|-6|-4,6|4|0|-4|-6|-4|0|4,0|4|6|4|0|-4|-6|-4,-6|-4|0|4|6|4|0|-4,126|126|126|126|126|126|126|126,0,0,0,26,255,208
1671,0,2,1,0,1,0,0,0,1|48|41|32|97|110|100|32,255|111|116|32|115|104|97|112,0|98|108|97|110|107|32|116,0|101|110|32|98|101|103|105,0|118|35|0|0|0|0|32,0|32|32|109|101|103|97|100,246|13153|11870|26739|28769|29541|30811|11869,-1,0,0,26,255,32
1672,0,8,4,0,8,0,0,0,4|2|2|1|4|2|2|1,255|255|255|255|255|255|255|255,120|120|120|120|120|120|120|120,7|7|6|6|6|6|5|5,0|0|0|0|0|0|0|0,-14|0|0|14|-14|0|0|14,97|116|116|135|101|120|120|139,1,0,0,14,255,208
1673,0,3,2,0,2,0,0,0,1|1|97|100|97|116|97|51,255|255|115|104|97|112|101|115,0|0|93|46|102|105|108|108,8|8|121|59|24|0|0|0,-16|15|32|32|32|116|101|109,0|0|58|61|120|42|32|40,58|58|11064|10548|25659|33|0|8192,0,0,0,8,255,208
1674,0,3,3,0,3,0,0,0,1|1|1|77|101|103|97|83,255|255|255|102|115|43|52|59,0|0|0|0|0|32|32|32,8|8|8|32|101|108|115|101,-16|15|0|102|91|51|44|120,0|0|-4|48|59|44|0|0,58|58|58|0|8192|8224|28261|15204,0,0,0,8,255,208
1675,0,3,4,0,4,0,0,0,1|1|1|1|0|99|108|111,255|255|255|255|72|80|102|105,0|0|0|0|0|0|0|0,8|8|8|8|0|0|0|32,-19|18|-15|14|107|114|101|97,0|0|-2|-2|108|102|105|108,58|58|58|58|12588|10804|12339|10544,0,0,0,8,255,208
1676,0,3,5,0,5,0,0,0,1|1|1|1|1|32|32|32,255|255|255|255|255|77|65|80,0|0|0|0|0|69|82|32,8|8|8|8|8|0|0|0,-19|18|-15|14|0|99|107|119,0|0|-2|-2|-4|84|69|77,58|58|58|58|58|26229|12588|10804,0,0,0,8,255,208
1677,0,3,7,0,7,0,0,0,1|1|1|1|1|1|1|32,255|255|255|255|255|255|255|102,0|0|0|0|0|0|0|32,8|8|8|8|8|8|8|111,-19|18|-15|14|-11|10|0|0,0|0|-2|-2|-4|-4|-6|109,58|58|58|58|58|58|58|24941,0,0,0,8,255,208
1678,0,3,7,0,7,0,0,0,1|1|1|1|1|1|1|102,255|255|255|255|255|255|255|105,0|0|0|0|0|0|0|111,8|8|8|8|8|8|8|59,-19|18|-15|14|-6|5|0|0,0|0|-2|-2|-4|-4|-6|99,58|58|58|58|58|58|58|24941,0,0,0,8,255,208
1679,0,3,3,0,6,0,0,0,1|1|1|1|1|1|49|59,255|255|255|255|255|255|32|32,0|0|0|0|0|0|40|42,8|8|8|8|8|-8|85|77,-16|15|0|-16|15|0|42|41,0|0|-4|0|0|4|98|108,58|58|134|58|58|77|18000|19529,0,0,0,8,255,208
1680,0,3,4,0,8,0,0,0,1|1|1|1|1|1|1|1,255|255|255|255|255|255|255|255,0|0|0|0|0|0|0|0,8|8|8|8|-8|-8|8|8,-19|18|-15|14|-3|2|-6|5,0|0|-2|-2|4|4|-2|-2,58|58|58|58|58|58|58|58,0,0,0,8,255,208
1681,0,3,3,0,6,0,0,0,1|1|173|1|1|1|102|91,255|255|255|255|255|255|117|102,0|0|0|0|0|0|99|93,8|8|8|8|8|-8|40|98,-16|15|0|-16|15|0|59|32,0|0|-4|0|0|4|0|0,58|58|241|58|58|77|29291|24933,0,0,0,8,255,208
1682,0,3,2,0,8,0,0,0,173|173|1|1|1|1|1|1,255|255|255|255|255|255|255|255,0|0|0|0|0|0|0|0,8|8|8|8|8|8|8|8,-16|15|-5|4|-5|4|-5|4,0|0|0|0|0|0|0|0,241|241|58|58|58|58|58|58,0,0,0,8,255,208
1683,0,3,5,0,5,0,0,0,1|1|1|1|173|49|53|42,255|255|255|255|255|125|43|0,0|0|0|0|0|111|114|32,8|8|8|8|8|116|111|32,-19|18|-15|14|0|111|32|102,0|0|-2|-2|-4|61|49|32,58|58|58|58|241|26469|28265|69,0,0,0,8,255,208
1684,0,3,2,0,2,0,0,0,1|1|109|97|105|110|109|97,255|255|121|44|120|93|58|61,-6|6|102|91|51|44|109|97,6|6|117|102|91|98|117|102,-16|15|99|93|93|59|32|105,0|0|40|98|117|102|108|111,163|164|28261|15204|0|0|26624|16,0,0,0,8,255,208
1685,0,3,3,0,3,0,0,0,1|1|1|119|18|0|0|0,255|255|255|108|111|115|101|40,-6|6|0|80|70|73|76|69,6|6|-8|115|0|0|0|0,-16|15|0|0|0|0|0|123,0|0|4|77|65|80|32|78,163|164|77|8241|10538|25|0|8192,0,0,0,8,255,208
1686,0,3,4,0,4,0,0,0,1|1|1|1|101|103|105|110,255|255|255|255|0|32|102|111,-6|6|-7|7|61|49|32|116,6|6|4|4|32|100|111|32,-16|15|-16|15|110|32|114|101,0|0|0|0|44|107|41|59,163|164|281|282|12641|11870|24941|28265,0,0,0,8,255,208
1687,0,3,6,0,6,0,0,0,1|1|1|1|1|1|41|93,255|255|255|255|255|255|5|0,-6|6|-7|7|-8|8|100|59,6|6|3|3|0|0|18|0,-16|15|-16|15|-16|15|77|65,0|0|0|0|0|0|69|82,163|164|281|282|39|1|28518|8306,0,0,0,8,255,208
1688,0,3,8,0,8,0,0,0,1|1|1|1|1|1|1|1,255|255|255|255|255|255|255|255,-6|6|-7|7|-8|8|-3|3,6|6|3|3|0|0|7|7,-16|15|-16|15|-16|15|-16|15,0|0|0|0|0|0|0|0,163|164|281|282|39|1|201|202,0,0,0,8,255,208
1689,0,3,4,0,4,0,0,0,3|3|1|1|59|32|101|110,255|255|255|255|0|0|0|32,-6|6|-3|3|0|0|0|0,6|6|7|7|0|0|0|101,-16|15|-16|15|0|40|42|32,0|0|0|0|78|85|77|66,121|122|201|202|25|0|8192|28518,0,0,0,8,255,208
1690,0,3,6,0,6,0,0,0,3|3|1|1|1|1|81|0,255|255|255|255|255|255|114|32,-6|6|-3|3|-7|7|111|32,6|6|7|7|3|3|98|101,-16|15|-16|15|-16|15|97|100,0|0|0|0|0|0|32|109,121|122|201|202|281|282|28265|24941,0,0,0,8,255,208
1691,0,3,4,0,4,0,0,0,3|3|3|3|41|93|59|32,255|255|255|255|6|0|0|0,-7|7|-4|4|100|59|125|114,4|4|7|7|0|103|72|0,-16|15|-16|15|42|32|78|111,0|0|0|0|84|104|101|32,98|98|98|98|26912|8307|30049|28532,0,0,0,8,255,208
1692,0,3,6,0,6,0,0,0,3|3|3|3|3|3|105|116,255|255|255|255|255|255|99|111,-7|7|-4|4|-8|8|109|97,4|4|7|7|1|1|0|0,-16|15|-16|15|-16|15|108|117,0|0|0|0|0|0|116|104,98|98|98|98|98|98|29285|26912,0,0,0,8,255,208
1693,0,3,2,0,2,0,0,0,173|173|32|116|104|101|32|102,255|255|109|117|108|97|32|40,-6|6|80|83|72|45|49|41,6|6|54|56|46|110|76|0,-16|15|0|32|32|32|84|104,0|0|44|32|119|101|39|108,241|241|28532|24941|26996|24931|27756|8313,0,0,0,8,255,208
1694,0,3,3,0,3,0,0,0,173|173|173|101|32|101|120|97,255|255|255|111|102|102|115|101,-6|6|0|111|99|97|116|105,6|6|-7|105|110|116|111|105,-16|15|0|0|0|32|32|32,0|0|0|32|115|104|97|112,241|241|241|8549|21536|26984|8307|24941,0,0,0,8,255,208
1695,0,5,1,0,2,0,0,0,174|175|42|41|0|0|0|0,255|255|30|0|0|0|0|123,-6|6|98|117|103|105|110|102,6|6|39|77|97|112|32|102,-16|15|101|32|100|111|110|101,0|0|41|59|125|111|38|0,255|255|8234|28229|8292|26223|26144|28265,0,0,0,8,255,208
1696,0,8,2,0,2,0,0,0,174|175|46|68|65|84|32|42,255|255|20|0|0|0|0|101,-6|6|59|32|123|76|111|97,6|6|101|115|116|114|117|99,-16|15|125|0|0|0|0|0,0|0|4|0|0|0|0|101,255|255|0|0|29696|0|0|27648,0,0,0,8,255,208
1697,0,8,3,0,3,0,0,0,174|175|1|101|110|101|109|121,255|255|255|118|97|114|32|101,-6|6|0|121|32|58|32|115,6|6|-8|108|101|101|110|101,-16|15|0|121|112|101|32|41,0|0|0|0|0|0|0|118,255|255|111|8192|8224|25972|28781|14880,0,0,0,8,255,208
1698,0,8,4,0,4,0,0,0,174|175|1|1|0|32|32|32,255|255|255|255|40|83|117|112,-6|6|-6|6|99|97|100|101,6|6|-6|-6|62|48|41|32,-16|15|-15|14|83|117|112|101,0|0|0|0|105|97|110|41,255|255|111|111|28005|30576|13629|13363,0,0,0,8,255,208
1699,0,8,5,0,5,0,0,0,174|175|1|1|1|0|0|32,255|255|255|255|255|32|32|32,-6|6|-6|6|0|101|109|112,6|6|-6|-6|-8|48|41|32,-16|15|-15|14|0|32|32|32,0|0|0|0|0|98|101|103,255|255|111|111|111|28229|28005|17529,0,0,0,8,255,208
1700,0,8,6,0,6,0,0,0,174|175|1|1|1|1|32|32,255|255|255|255|255|255|115|101,-6|6|-6|6|0|0|45|0,6|6|-6|-6|-8|-8|69|110,-16|15|-15|14|-4|3|83|32,0|0|0|0|0|0|109|121,255|255|111|111|111|111|29757|28005,0,0,0,8,255,208
1701,0,8,7,0,7,0,0,0,174|175|1|1|1|1|1|0,255|255|255|255|255|255|255|32,-6|6|-6|6|-3|3|0|101,6|6|-6|-6|-7|-7|-8|115,-16|15|-15|14|-9|8|0|93,0|0|0|0|0|0|0|104,255|255|111|111|111|111|111|30574,0,0,0,8,255,208
1702,0,8,7,0,7,0,0,0,174|175|1|1|1|1|1|97,255|255|255|255|255|255|255|115,-6|6|-6|6|-3|3|0|59,6|6|-6|-6|-7|-7|8|110,-16|15|-15|14|-9|8|0|32,0|0|0|0|0|0|0|32,255|255|111|111|111|111|111|27746,0,0,0,8,255,208
1703,0,8,5,0,5,0,0,0,174|175|174|175|1|121|101|114,255|255|255|255|255|102|125|114,-6|6|-6|6|0|58|30|0,6|6|6|6|-8|32|32|32,-16|15|-19|18|0|105|113|117,0|0|12|12|0|121|32|116,255|255|255|255|111|47|0|8192,0,0,0,8,255,208
1704,0,8,7,0,7,0,0,0,174|175|174|175|1|1|1|101,255|255|255|255|255|255|255|102,-6|6|-6|6|0|-3|3|110,6|6|6|6|8|-7|-7|0,-16|15|-19|18|0|-9|8|32,0|0|12|12|0|0|0|104,255|255|255|255|111|111|111|21,0,0,0,8,255,208
1705,0,8,8,0,8,0,0,0,174|175|174|175|1|1|1|1,255|255|255|255|255|255|255|255,-6|6|-6|6|0|-6|6|0,6|6|6|6|8|-6|-6|-8,-16|15|-19|18|0|-9|8|0,0|0|12|12|0|0|0|0,255|255|255|255|111|111|111|111,0,0,0,8,255,208
1706,0,1,5,20,5,0,0,0,99|99|99|99|99|32|32|32,20|20|20|20|20|32|32|32,0|-1|1|-2|2|104|97|112,8|7|7|5|5|58|61|32,0|0|0|0|0|101|115|49,0|0|0|0|0|0|0|0,9634|9634|9634|9634|9634|8224|8242|8250,0,0,0,10,255,128
1707,0,11,8,1,8,0,0,0,20|20|20|20|20|20|20|20,255|255|255|255|255|255|255|255,120|120|120|120|120|120|120|120,120|120|120|120|120|120|120|120,14|0|-14|0|9|9|-9|-9,0|14|0|-14|9|-9|-9|9,227|227|227|227|227|227|227|227,0,0,0,26,255,208
1708,70,2,7,0,7,0,0,0,189|189|189|189|189|189|189|97,255|255|255|255|255|255|255|59,0|-1|1|-2|2|-3|3|32,1|0|0|0|0|-1|-1|32,0|0|0|0|0|0|0|112,0|0|0|0|0|0|0|32,238|238|238|238|238|238|238|0,1,0,0,6,255,208
1709,0,9,8,0,8,0,0,8,114|114|114|114|114|114|114|114,255|255|255|255|255|255|255|255,-5|5|-3|3|-3|3|0|0,0|0|-3|-3|3|3|-4|6,-5|5|-3|3|-3|3|0|0,0|0|-3|-3|3|3|-4|6,171|171|171|171|171|171|171|171,0,0,0,26,98,208
1710,10,0,1,3,1,0,0,0,128|101|109|121|100|97|116|115,255|91|116|101|109|112|119|93,0|59|0|0|0|0|0|32,1|0|0|0|0|32|32|32,0|32|109|97|112|111|102|102,0|101|116|58|61|48|59|110,271|0|28160|44|0|8192|8224|8224,0,0,0,8,255,208
1711,0,6,8,0,8,0,0,0,12|12|6|6|6|6|6|6,255|255|255|255|255|255|255|255,0|0|0|0|0|0|0|0,8|8|8|8|8|8|8|8,-24|24|-18|18|-12|12|-5|5,8|8|-2|-2|-6|-6|-8|-8,160|160|160|160|160|160|160|160,0,0,0,5,255,96
1712,0,3,1,0,1,0,0,0,3|110|116|121|112|101|59|32,255|0|0|0|0|32|32|32,0|32|116|101|109|112|52|58,10|101|120|112|108|111|115|105,0|110|116|121|112|101|59|51,0|0|0|0|0|32|32|32,72|28261|28005|26489|28530|28277|14948|29757,0,0,0,13,255,208
1713,0,3,2,0,2,0,0,0,3|3|29|0|0|0|0|32,255|255|32|32|101|120|112|108,0|0|117|109|32|58|61|32,10|10|109|112|52|32|115|104,-6|6|49|59|0|0|0|0,0|0|23|0|0|0|0|32,72|72|24940|28277|26723|29286|29029|15674,0,0,0,13,255,208
1714,0,3,3,0,3,0,0,0,3|3|3|32|32|32|32|32,255|255|255|32|32|32|102|114,0|0|0|99|111|117|110|116,10|10|10|58|61|49|50|59,-6|6|0|0|0|32|32|32,0|0|-4|32|32|32|32|32,72|72|72|15204|8317|0|0|8192,0,0,0,13,255,208
1715,0,3,4,0,4,0,0,0,3|3|3|3|118|97|108|40,255|255|255|255|40|115|44|52,0|0|0|0|116|101|109|112,10|10|10|10|30|0|0|0,-6|6|3|-3|32|32|32|32,0|0|-4|-4|32|32|32|32,72|72|72|72|29736|28005|10608|25915,0,0,0,13,255,208
1716,0,3,3,0,3,0,0,0,3|3|8|32|101|110|100|59,255|255|255|0|0|59|22|0,0|0|0|123|32|32|32|39,10|10|10|58|32|99|97|115,-6|6|0|91|52|93|32|111,0|0|-4|0|0|0|0|32,72|72|12|8224|8224|10016|10049|14880,0,0,0,13,255,208
1717,0,3,4,0,4,0,0,0,3|3|5|5|103|97|59|32,255|255|255|255|47|0|0|0,0|0|0|0|32|32|32|32,10|10|10|10|32|39|66|39,-6|6|4|-4|103|97|50|53,0|0|-4|-4|97|114|40|52,72|72|12|12|12588|14649|12332|15145,0,0,0,13,255,208
1718,0,4,2,0,2,0,0,0,2|2|125|111|0|0|0|0,255|255|27|0|0|0|0|123,0|0|32|39|90|39|32|58,12|12|101|103|105|110|32|116,-8|10|112|119|50|58|61|49,0|0|21|0|0|0|0|32,262|262|8224|8224|8224|8224|8224|25970,0,0,0,5,255,208
1719,0,5,3,0,3,0,0,7,3|3|3|32|32|32|32|32,255|255|255|118|103|97|115|99,0|-4|4|110|50|94|58|61,-8|5|5|115|99|114|101|101,0|0|0|32|30|0|0|0,0|0|0|32|32|32|32|32,166|166|166|8224|8224|26144|24940|25965,0,0,0,26,255,208
1720,0,10,1,0,1,0,0,0,8|32|32|32|32|32|32|32,255|32|32|32|32|32|32|115,0|111|119|118|103|97|59|0,10|0|0|0|0|32|32|32,-20|32|32|32|32|32|32|32,-15|32|32|32|32|32|32|100,60022|29736|28005|30576|10546|26939|30|0,0,0,0,13,255,208
1721,0,5,8,1,8,0,0,0,5|5|4|4|4|4|4|4,255|255|255|255|255|255|255|255,0|0|0|0|0|0|0|0,22|22|22|22|22|22|22|22,0|0|0|0|0|0|0|0,0|-14|-28|-42|-56|-70|-84|-98,192|191|192|191|192|191|192|191,0,0,0,15,255,128
1722,0,5,8,0,8,0,0,0,5|5|4|4|4|4|4|4,255|255|255|255|255|255|255|255,-12|-12|-12|-12|-12|-12|-12|-12,14|14|14|14|14|14|14|14,0|-12|-24|-36|-48|-60|-72|-84,0|-14|-28|-42|-56|-70|-84|-98,194|195|194|195|194|195|194|195,0,0,0,15,255,128
1723,0,5,8,0,8,0,0,0,5|5|4|4|4|4|4|4,255|255|255|255|255|255|255|255,12|12|12|12|12|12|12|12,14|14|14|14|14|14|14|14,0|12|24|36|48|60|72|84,0|-14|-28|-42|-56|-70|-84|-98,196|197|196|197|196|197|196|197,0,0,0,15,255,128
1724,0,5,8,1,8,0,0,0,5|5|4|4|4|4|4|4,255|255|255|255|255|255|255|255,-22|-22|-22|-22|-22|-22|-22|-22,0|0|0|0|0|0|0|0,0|-12|-24|-36|-48|-60|-72|-84,0|0|0|0|0|0|0|0,198|199|198|199|198|199|198|199,0,0,0,15,255,128
1725,0,5,8,1,8,0,0,0,5|5|4|4|4|4|4|4,255|255|255|255|255|255|255|255,22|22|22|22|22|22|22|22,0|0|0|0|0|0|0|0,0|12|24|36|48|60|72|84,0|0|0|0|0|0|0|0,198|199|198|199|198|199|198|199,0,0,0,15,255,128
1726,0,5,1,1,1,0,0,0,2|102|97|108|115|101|59|114,255|0|0|0|0|99|45|0,0|0|0|123|109|97|120|101,10|101|109|105|101|115|58|61,0|57|57|57|59|125|32|98,0|110|117|115|108|101|118|101,50|29301|25970|29806|15674|24934|29548|15205,0,0,0,26,255,208
1727,0,5,2,0,2,0,0,0,1|1|99|111|114|100|70|105,255|255|44|99|104|97|114|40,-7|7|109|112|41|41|59|32,7|7|110|105|116|101|112|105,-5|5|100|101|40|116|101|109,0|0|59|100|54|0|0|0,121|122|29728|28005|14960|12605|29728|8303,0,0,0,5,255,208
1728,0,4,1,0,1,0,0,0,1|70|105|108|101|44|108|101,255|101|108|110|97|109|101|91,0|101|109|112|93|41|59|97,9|0|0|0|0|114|101|97,0|40|82|101|99|111|114|100,0|105|108|101|44|99|104|97,48|30316|26220|27753|28261|28021|10537|8251,0,0,0,13,255,208
1729,0,5,6,0,6,0,0,0,4|4|4|4|4|4|32|100,255|255|255|255|255|255|40|82,-7|7|-10|10|-7|7|105|108,7|7|0|0|-7|-7|40|112,-5|5|-5|5|-5|5|116|101,0|0|0|0|0|0|59|0,121|122|102|104|140|141|12605|29728,0,0,0,5,255,208
1730,0,4,2,0,8,0,0,7,2|2|2|2|2|2|2|2,255|255|255|255|255|255|255|255,-7|7|-5|5|-7|7|-9|9,7|7|9|9|7|7|5|5,-5|5|-5|5|-5|5|-5|5,0|0|0|0|0|0|0|0,247|247|247|247|247|247|247|247,0,0,0,5,255,32
1731,0,3,3,0,3,0,0,0,3|3|8|40|82|101|99|111,255|255|255|105|108|101|44|99,0|0|0|40|116|101|109|112,10|10|10|32|114|101|97|100,-8|8|0|99|111|114|100|70,10|10|-4|44|99|104|97|114,72|72|12|10537|25915|31|0|27648,0,0,0,13,255,208
1732,0,3,5,0,5,0,0,0,3|3|3|3|5|112|44|116,255|255|255|255|255|59|41|0,0|0|0|0|0|97|100|40,10|10|10|10|10|100|70|105,-8|8|-10|10|0|97|114|40,10|10|12|10|-4|101|109|111,72|72|72|72|12|15145|0|0,0,0,0,13,255,208
1733,0,3,3,0,3,0,0,0,3|3|12|116|114|117|101|59,255|255|255|0|0|118|28|0,0|0|0|123|100|101|98|117,10|10|10|102|111|40|39|68,-8|8|0|32|108|111|97|100,10|10|-4|39|41|59|125|32,72|72|11|25710|25888|29548|8293|36,0,0,0,13,255,208
1734,0,3,5,0,5,0,0,0,3|3|3|3|12|44|64|98,255|255|255|255|255|48|44|50,0|0|0|0|0|41|59|118,10|10|10|10|10|0|0|0,-8|8|-10|10|0|0|0|0,10|10|12|10|-4|116|102|105,72|72|72|72|11|19500|30309|27749,0,0,0,13,255,208
1735,0,3,2,0,2,0,0,0,12|12|76|102|105|108|101|44,255|255|108|112|111|115|91|108,0|0|102|105|108|101|110|117,10|10|50|45|49|93|41|59,-6|6|0|0|0|123|97|115,-4|-4|103|110|40|84|101|109,11|11|11365|19751|18753|19790|16705|11866,0,0,0,13,255,208
1736,0,20,2,0,2,0,0,0,10|10|105|116|101|40|84|101,255|255|70|73|76|69|44|49,0|0|125|99|0|0|0|0,10|10|34|0|0|0|0|98,0|0|99|107|114|101|97|100,0|-2|86|76|102|105|108|101,7030|7029|24434|24941|26224|27753|11365|10545,0,0,0,13,255,112
1737,0,30,5,0,5,0,0,7,20|2|2|2|2|105|108|101,255|255|255|255|255|95|115|104,0|-2|2|-3|3|108|101|44,2|2|2|0|0|0|0|0,0|0|0|0|0|107|114|101,0|0|0|0|0|76|102|105,9028|247|247|247|247|15145|27|0,0,0,0,13,255,112
1738,0,2,1,0,1,0,0,0,1|101|44|109|97|112|120|50,255|50|41|59|27|0|0|0,0|98|108|111|99|107|114|101,10|100|40|76|86|76|102|105,0|101|44|109|97|112|120|51,0|50|41|59|0|0|0|0,20|35|0|25088|28524|27491|25970|25697,0,0,0,13,255,112
1739,0,2,2,0,2,0,0,0,1|1|121|109|97|120|44|50,255|255|64|0|0|0|0|102,0|0|32|120|58|61|49|32,10|10|32|108|101|118|101|108,-9|9|101|109|121|109|97|120,12|12|111|32|98|108|111|99,20|20|10340|22092|26188|27753|11365|25964,0,0,0,13,255,112
1740,0,3,2,0,2,0,0,0,1|1|0|0|0|32|30|0,255|255|0|98|108|111|99|107,0|0|97|100|40|76|86|76,10|10|108|101|44|109|97|120,-3|3|101|110|116|44|50|41,0|0|58|0|0|0|0|102,20|20|15674|8241|28532|27936|30817|30309,0,0,0,13,255,112
1741,0,3,3,0,3,0,0,0,1|1|1|76|102|105|108|101,255|255|255|101|110|116|114|101,0|0|0|93|44|49|49|41,10|10|10|0|0|0|0|101,-9|9|0|116|114|101|99|91,12|12|0|93|46|101|118|101,20|20|21|15674|13622|12341|15152|8224,0,0,0,13,255,112
1742,0,3,3,0,3,0,0,0,1|1|1|116|32|105|110|32,255|255|255|101|125|111|0|0,0|0|0|32|29|0|0|0,10|10|10|101|98|117|103|105,-15|15|0|40|39|76|101|118,14|14|0|108|111|97|100|101,20|20|21|0|0|8192|15|0,0,0,0,13,255,112
1743,0,3,4,0,4,0,0,0,1|1|1|1|0|32|18|0,255|255|255|255|42|32|77|65,0|0|0|0|77|66|69|82,10|10|10|10|41|111|78|0,-11|11|-4|4|111|114|32|122,14|14|0|0|116|111|32|49,20|20|21|21|26983|8302|25970|25697,0,0,0,13,255,112
1744,0,3,4,0,4,0,0,0,1|1|1|1|58|61|98|121,255|255|255|255|41|32|115|104,0|0|0|0|98|121|116|101,10|10|10|10|59|101|110|100,-17|17|-4|4|0|0|0|32,14|14|0|0|0|32|102|111,21|21|21|21|8303|12339|8240|28516,0,0,0,13,255,112
1745,0,3,3,0,3,0,0,0,1|1|1|49|32|116|111|32,255|255|255|100|111|32|98|101,0|0|0|32|114|101|97|100,10|10|10|107|41|59|32|109,-18|18|0|100|97|116|97|49,14|14|0|97|105|110|109|97,22|22|21|15674|31074|25972|27432|15145,0,0,0,13,255,112
1746,0,3,4,0,4,0,0,0,1|1|1|1|0|32|0|0,255|255|255|255|18|0|0|0,0|0|0|0|77|65|80|32,10|10|10|10|69|82|32|50,-22|22|-9|9|78|0|0|0,14|14|12|12|32|122|58|61,22|22|20|20|25632|8303|25954|26983,0,0,0,13,255,112
1747,0,3,5,0,5,0,0,0,1|1|1|1|1|91|50|44,255|255|255|255|255|121|116|101,0|0|0|0|0|104|108|32,10|10|10|10|10|101|40|107,-22|22|-16|16|0|100|59|32,14|14|12|12|0|32|25|0,22|22|22|22|20|12605|29728|8303,0,0,0,13,255,112
1748,0,3,6,0,6,0,0,0,1|1|1|1|1|1|120|58,255|255|255|255|255|255|49|52,0|0|0|0|0|0|103|105,10|10|10|10|10|10|40|102,-22|22|-16|16|-9|9|101|103,14|14|12|12|12|12|94|46,22|22|22|22|20|20|15674|31074,0,0,0,13,255,112
1749,0,4,1,0,1,0,0,0,3|32|101|110|100|59|0|0,255|0|0|32|0|0|0|0,120|112|18|0|0|0|0|40,120|32|77|65|80|32|78|85,-24|66|69|82|32|51|32|42,0|0|78|0|0|0|0|102,88|31264|15674|8240|28532|12576|14130|25632,0,0,168,26,255,32
1750,0,3,2,2,6,0,0,0,1|1|1|1|1|1|109|97,255|255|101|101|101|101|122|93,0|0|10|10|-10|-10|40|107,22|22|10|10|10|10|56|43,0|0|0|-12|12|0|50|41,-8|6|0|14|14|0|0|0,191|191|196|196|194|194|8306|14969,0,0,0,15,255,128
1751,0,0,2,0,4,0,0,0,1|1|0|0|0|0|0|32,255|255|255|255|120|58|61|49,101|101|101|101|49|53|32|100,14|14|14|14|103|105|110|32,-9|8|-9|8|40|102|44|107,10|10|10|10|101|103|97|100,286|286|286|286|28265|24941|23408|11385,0,0,0,6,255,208
1752,0,0,4,0,4,0,0,0,1|1|1|1|0|0|0|32,255|255|255|255|1|0|0|0,101|101|101|101|0|0|0|100,14|14|14|14|0|123|100|101,-14|13|-6|5|110|102|111|40,14|14|10|10|100|105|110|103,120|120|116|116|0|0|29696|63,0,0,0,6,255,208
1753,0,0,2,0,2,0,0,0,1|1|79|75|85|80|32|84,255|255|76|69|32|45|32|69,0|0|104|32|109|97|112|32,10|10|32|100|105|114|101|99,-11|11|121|32|97|102|116|101,10|10|108|101|118|101|108|32,49|49|0|25088|28524|27491|25970|25697,0,0,0,6,255,208
1754,0,0,1,0,1,0,0,0,251|122|101|111|102|40|109|97,255|115|104|41|41|59|43|0,101|0|0|123|98|108|111|99,14|119|114|105|116|101|40|84,-1|109|112|70|73|76|69|44,10|97|112|115|104|44|115|105,116|26223|27944|28769|26739|10537|32059|38,0,0,0,6,255,208
1755,0,4,2,0,6,0,0,0,112|112|112|112|112|112|116|101,255|255|255|255|255|255|115|101,0|0|0|0|0|0|104|41,0|0|0|0|0|0|0|97,-17|16|-23|22|-29|28|32|32,10|10|12|12|14|14|32|32,31|31|31|31|31|31|25445|8308,1,0,0,7,0,208
1756,0,3,2,0,2,0,0,0,251|251|111|114|100|101|114|125,98|98|0|0|0|32|32|32,0|0|118|32|100|120|44|100,28|28|0|0|0|0|0|83,-6|6|0|0|0|32|32|32,0|0|118|32|115|105|44|116,143|144|12|0|8192|8224|28525|8310,0,0,0,13,255,208
1757,0,2,2,0,4,0,0,0,251|251|251|251|44|49|50|56,98|98|98|98|0|0|0|104,-8|-8|8|8|0|32|32|32,28|28|28|28|97|120|44|116,-6|6|-6|6|50|0|12|0,0|0|0|0|32|32|109|111,143|144|143|144|12|0|8192|8224,0,0,0,13,255,208
1758,0,3,4,0,4,0,0,0,251|251|251|251|105|102|116|108,98|98|98|98|8|0|0|0,-8|-8|8|8|108|111|100|115,28|28|28|28|0|0|0|32,-6|6|-6|6|104|103|32|97,0|0|0|0|8|0|0|0,143|144|143|144|28023|18|0|8192,0,0,0,13,255,208
1759,0,3,4,0,4,0,0,0,251|251|251|251|0|0|0|0,98|98|98|98|0|32|32|32,0|0|0|0|100|115|44|100,28|28|28|28|0|0|0|101,-18|-6|6|18|0|0|0|0,0|0|0|0|0|0|0|40,748|749|750|751|28769|29541|17454|21569,0,0,0,13,255,208
1760,0,3,4,0,4,0,0,0,251|251|251|251|102|115|40|109,98|98|98|98|97|116|97|49,0|0|0|0|97|112|101|115,28|28|28|28|0|0|0|77,-6|6|-6|6|104|50|79|102,0|0|14|14|102|115|40|109,143|144|143|144|11870|26739|28769|29541,0,0,0,13,255,208
1761,0,2,4,0,6,0,0,0,251|251|251|251|251|251|40|109,98|98|98|98|98|98|97|51,-14|-14|14|14|0|0|101|115,28|28|28|28|28|28|0|32,-6|6|-6|6|-6|6|101|115,0|0|0|0|0|0|40|83,143|144|143|144|143|144|21317|11047,0,0,0,13,255,208
1762,0,3,6,0,6,0,0,0,251|251|251|251|251|251|59|0,98|98|98|98|98|98|24|0,-14|-14|14|14|0|0|32|122,28|28|28|28|28|28|32|54,-6|6|-6|6|-6|6|98|101,0|0|0|0|0|0|0|0,143|144|143|144|143|144|20552|26982,0,0,0,13,255,208
1763,0,3,8,0,8,0,0,0,251|251|251|251|251|251|251|251,98|98|98|98|98|98|98|98,-20|-20|20|20|8|8|-8|-8,28|28|28|28|28|28|28|28,-6|6|-6|6|-6|6|-6|6,0|0|0|0|0|0|0|0,143|144|143|144|143|144|143|144,0,0,0,13,255,208
1764,0,3,8,0,8,0,0,0,251|251|251|251|251|251|251|251,98|98|98|98|98|98|98|98,-20|-20|20|20|4|4|-4|-4,28|28|28|28|28|28|28|28,-6|6|-6|6|-6|6|-6|6,0|0|0|0|0|0|0|0,143|144|143|144|143|144|143|144,0,0,0,13,255,208
1765,0,3,8,0,8,0,0,0,251|251|251|251|251|251|251|251,98|98|98|98|98|98|98|98,-8|-8|8|8|8|8|-8|-8,28|28|28|28|0|0|0|0,-6|6|-6|6|-6|6|-6|6,0|0|0|0|0|0|0|0,143|144|143|144|143|144|143|144,1,0,0,13,255,208
1766,0,3,8,0,8,0,0,0,251|251|251|251|251|251|251|251,98|98|98|98|98|98|98|98,0|0|0|0|6|6|-6|-6,28|28|28|28|0|0|0|0,-18|-6|6|18|-6|6|-6|6,0|0|0|0|0|0|0|0,748|749|750|751|143|144|143|144,1,0,0,13,255,208
1767,0,4,1,0,1,0,0,9,2|57|32|116|104|101|110|32,255|101|103|105|110|32|116|101,0|112|119|58|61|118|103|97,2|99|114|101|101|110|115|101,0|59|32|116|101|109|112|119,0|58|61|48|59|32|101|110,501|0|0|28416|20|0|8192|8224,1,0,0,16,255,208
1768,0,4,2,0,2,0,0,0,1|1|13|0|0|0|0|32,255|255|32|109|111|118|32|100,-1|1|100|115|18|0|0|0,2|2|32|32|32|109|111|118,0|0|115|44|115|101|103|65,0|0|48|32|17|0|0|0,501|501|27936|30319|29472|11369|25972|28781,1,0,0,16,255,208
1769,0,4,3,0,3,0,0,0,1|1|1|101|109|112|119|50,255|255|255|0|0|58|16|0,-2|2|0|32|32|32|32|109,2|2|2|100|115|44|116|101,0|0|0|110|0|0|0|0,0|0|0|0|0|0|0|32,501|501|501|25376|11384|12344|12|0,1,0,0,16,255,208
1770,0,4,4,0,4,0,0,0,1|1|1|1|32|32|32|100,255|255|255|255|48|70|51|100,-4|-3|4|3|0|32|32|32,2|2|2|2|115|119|0|0,0|0|0|0|13|0|0|0,0|0|0|0|32|109|111|118,501|501|501|501|0|8192|8224|8224,1,0,0,16,255,208
1771,0,4,4,0,4,0,0,0,1|1|1|1|0|111|33|0,255|255|255|255|32|32|32|32,-5|-2|5|2|32|32|32|32,2|2|2|2|105|110|99|40,0|0|0|0|119|50|44|51,0|0|0|0|33|0|0|0,501|501|501|501|8224|8224|8224|8224,1,0,0,16,255,208
1772,0,4,5,0,5,0,0,0,1|1|1|1|1|0|0|32,255|255|255|255|255|32|32|32,-5|-2|5|2|0|110|100|59,2|2|2|2|2|109|40|0,0|0|0|0|0|32|32|32,0|0|0|0|0|32|32|32,501|501|501|501|501|27506|24903|25965,1,0,0,16,255,208
1773,0,4,6,0,6,0,0,0,1|1|1|1|1|1|32|32,255|255|255|255|255|255|85|112,0|-5|-2|5|2|0|114|101,2|2|2|2|2|2|0|0,0|0|0|0|0|0|32|32,-12|0|0|0|0|0|105|102,501|501|501|501|501|501|8302|31060,1,0,0,16,255,208
1774,0,4,3,0,3,0,0,0,1|1|2|32|32|32|32|32,255|255|255|32|32|32|101|110,-2|2|0|0|0|0|0|32,2|2|2|32|32|32|32|32,0|0|0|100|59|116|13|0,0|0|0|32|32|32|32|32,501|501|520|15204|0|0|29952|39,1,0,0,16,255,208
1775,0,4,2,0,2,0,0,0,2|2|32|67|111|110|115|116,255|255|116|80|108|97|121|32,-1|1|101|110|32|98|101|103,2|2|24|0|0|0|0|32,0|0|32|32|32|32|32|32,0|0|101|116|78|101|116|66,520|520|10544|8251|34|0|8192|8224,1,0,0,16,255,208
1776,0,4,4,0,4,0,0,0,2|2|1|1|118|103|97|115,255|255|255|255|110|94|59|111,-1|1|-3|3|0|61|35|0,2|2|2|2|32|32|32|32,0|0|0|0|32|118|97|108,0|0|0|0|121|40|115|44,520|520|501|501|30832|31276|15145|31,1,0,0,16,255,208
1777,0,4,3,0,3,0,0,0,2|2|2|99|40|116|101|109,255|255|255|102|97|108|115|101,-2|2|0|0|0|0|0|41,2|2|2|0|0|32|32|32,0|0|0|32|32|32|32|102,0|0|0|122|58|61|48|32,520|520|520|25632|8303|26217|28192|29807,1,0,0,16,255,208
1778,0,0,2,1,4,0,0,0,251|251|251|251|114|101|115|115,255|255|255|255|104|101|110|32,101|101|101|101|110|111|23|0,14|14|14|14|32|32|32|32,-6|6|-6|6|32|32|32|32,10|10|10|10|119|50|58|61,558|561|559|562|8224|8224|8224|8224,0,0,0,6,255,208
1779,0,3,1,18,1,0,0,0,2|0|0|32|32|32|32|32,255|32|32|32|32|32|32|32,0|101|109|112|119|58|61|115,-1|103|40|118|103|97|115|99,0|101|101|110|50|94|41|59,-8|0|0|0|0|102|27|0,598|8192|8224|8224|8224|8224|8224|8224,1,0,0,25,255,208
1780,40,3,4,11,8,0,0,0,250|250|251|251|250|250|250|250,11|11|11|11|11|11|11|11,0|0|0|0|0|0|0|0,11|11|11|11|11|11|11|11,-6|6|-6|6|-6|6|-6|6,-7|-7|7|7|-7|-7|7|7,672|691|710|729|672|691|710|729,-1,0,0,4,255,112
1781,0,7,2,0,2,0,0,0,251|250|32|32|32|32|32|32,255|255|32|32|119|97|105|116,0|0|116|114|97|99|101|59,12|12|0|0|0|32|32|32,0|0|32|32|32|32|32|32,-7|7|102|111|114|32|121|58,185|186|8303|14641|8249|28516|25120|26469,0,0,0,13,255,208
1782,0,6,2,0,2,0,0,0,251|250|32|32|32|32|32|32,255|255|105|102|32|122|61|51,0|0|32|116|104|101|110|32,14|14|103|105|110|32|116|101,0|0|119|58|61|118|103|97,-7|7|114|101|101|110|115|101,189|190|28005|30576|14898|12349|8251|28261,0,0,0,13,255,208
1783,0,6,2,0,4,0,0,0,251|250|251|250|32|32|32|32,255|255|255|255|32|32|32|32,0|0|0|0|18|0|0|0,16|16|16|16|32|109|111|118,-5|-5|5|5|115|101|103|65,-7|7|-7|7|14|0|0|0,185|186|185|186|25120|11384|12338|27952,0,0,0,13,255,208
1784,0,8,4,0,4,0,0,0,251|250|251|250|58|0|17|0,255|255|255|255|32|32|32|109,0|0|0|0|105|44|116|101,16|16|16|16|17|0|0|0,-9|-9|9|9|32|109|111|118,-7|7|-7|7|116|101|109|112,185|186|185|186|17|0|8192|8224,0,0,0,13,255,208
1785,0,7,4,0,4,0,0,0,251|250|251|250|32|32|32|109,255|255|255|255|120|44|100|115,0|0|0|0|0|32|32|32,16|16|16|16|32|100|115|44,-6|-6|6|6|119|0|13|0,-7|7|-7|7|32|32|32|114,185|186|185|186|13|0|8192|8224,0,0,0,13,255,208
1786,0,7,4,0,8,0,0,0,251|250|251|250|251|250|251|250,255|255|255|255|255|255|255|255,0|0|0|0|0|0|0|0,16|16|16|16|16|16|16|16,-6|-6|6|6|-9|-9|9|9,-7|7|-7|7|-7|7|-7|7,185|186|185|186|185|186|185|186,0,0,0,13,255,208
1787,0,7,6,0,6,0,0,0,251|250|251|250|251|250|97|115,255|255|255|255|255|255|101|103,0|0|0|0|0|0|32|32,16|16|16|16|16|16|111|118,-9|-9|9|9|0|0|0|32,-7|7|-7|7|-3|11|32|100,185|186|185|186|185|186|24864|25700,0,0,0,13,255,208
1788,0,7,6,0,6,0,0,0,251|250|251|250|251|251|100|100,255|255|255|255|255|255|51|44,0|0|0|0|0|0|0|0,16|16|16|16|16|16|101|99,-9|-9|9|9|0|0|0|0,-7|7|-7|7|-3|11|110|122,185|186|185|186|189|190|8224|8224,0,0,0,13,255,208
1789,0,7,6,0,6,0,0,0,251|251|251|251|251|250|33|0,255|255|255|255|255|255|32|32,0|0|0|0|0|0|32|32,16|16|16|16|16|16|99|40,-9|-9|9|9|0|0|44|51,-7|7|-7|7|-3|11|0|0,189|190|189|190|185|186|8224|8224,0,0,0,13,255,208
1790,0,7,8,0,8,0,0,0,251|250|251|250|251|250|251|250,255|255|255|255|255|255|255|255,0|0|0|0|0|0|0|0,16|16|16|16|16|16|16|16,-11|-11|11|11|-4|-4|4|4,-7|7|-7|7|-3|11|-3|11,185|186|185|186|185|186|185|186,0,0,0,13,255,208
1791,0,7,8,0,8,0,0,0,251|251|251|251|251|250|251|250,255|255|255|255|255|255|255|255,0|0|0|0|0|0|0|0,16|16|16|16|16|16|16|16,-11|-11|11|11|-4|-4|4|4,-7|7|-7|7|-3|11|-3|11,189|190|189|190|189|190|189|190,0,0,0,13,255,208
1792,0,2,1,0,8,0,0,0,3|3|3|3|3|3|3|3,255|255|255|255|255|255|255|255,-1|1|-1|-2|2|2|0|0,0|2|1|0|0|1|1|-1,0|0|0|0|0|0|0|0,0|0|0|0|0|0|0|0,23|24|25|26|23|24|25|26,0,0,88,13,255,176
1793,160,10,4,8,2,0,0,0,251|251|103|105|110|32|105|102,255|255|111|116|32|73|115|78,0|0|119|111|114|107|71|97,2|2|32|116|104|101|110|32,0|0|100|101|98|108|97|99,0|0|49|48|41|59|32|99,252|271|15158|29472|28520|30327|24935|8251,0,0,0,31,255,176
1794,500,20,5,1,5,0,0,0,251|251|251|251|251|111|108|111,255|255|255|255|255|97|108|101,0|0|0|0|0|91|56|93,0|0|0|0|0|97|116|101,0|6|6|-6|-6|115|102|97,7|7|-7|7|-7|111|108|111,663|661|657|659|655|0|0|23296,1,0,0,31,198,208
1795,100,5,2,0,2,0,0,0,1|1|111|116|32|73|115|78,255|255|119|111|114|107|71|97,0|0|32|116|104|101|110|32,0|0|103|105|110|32|102|97,-2|4|98|108|97|99|107|40,0|0|41|59|32|101|110|100,620|620|0|8192|8224|17959|8231|8250,1,0,0,31,255,128
1796,150,5,3,0,3,0,0,0,1|1|1|32|32|32|32|105,255|255|255|111|116|32|73|115,0|0|0|119|111|114|107|71,0|0|0|32|116|104|101|110,-4|6|1|103|105|110|42|0,0|0|-2|32|32|32|32|32,620|620|620|26144|25697|30565|26984|25972,1,0,0,31,255,128
1797,100,5,2,0,2,0,0,0,2|2|48|41|59|0|16|0,255|255|0|32|32|32|32|32,0|0|32|32|32|32|32|101,0|0|59|110|33|0|0|0,-5|6|32|32|32|32|32|32,0|0|32|32|32|99|108|114,621|621|29472|28520|30327|24935|8251|28261,1,0,0,31,255,128
1798,50,5,1,0,1,0,0,0,3|87|39|32|58|32|105|102,255|110|111|116|32|67|111|110,0|116|97|110|116|80|108|97,0|32|116|104|101|110|32|98,0|103|105|110|35|0|0|0,0|32|32|32|32|32|32|32,622|28192|29807|17696|17235|29264|29541|25971,1,0,0,31,255,128
1799,150,5,3,0,3,0,0,0,3|1|1|32|32|32|32|32,255|255|255|101|107|101|121|59,0|-1|1|0|0|32|32|32,0|0|0|32|119|97|114|110,0|-2|4|99|111|108|58|61,0|0|0|49|54|43|53|59,622|620|620|26478|28515|25452|24936|26478,1,0,0,31,255,128
1800,150,5,3,0,3,0,0,0,3|2|2|101|108|97|121|58,255|255|255|49|39|0|0|0,0|-1|1|32|32|32|32|32,0|0|0|101|108|119|97|114,0|-5|6|103|100|105|115|112,0|0|0|58|61|40|115|91,622|621|621|15145|28|0|8192|8224,1,0,0,31,255,128
1801,100,5,2,0,2,0,0,0,3|3|110|101|115|58|61|48,255|255|40|0|0|0|0|32,0|0|32|32|32|32|118|97,0|0|99|111|112|121|40|115,-5|5|44|50|41|44|102|114,0|0|101|99|111|117|110|116,627|627|10618|28475|22|0|8192|8224,1,0,0,31,255,128
1802,200,5,4,0,4,0,0,0,3|3|1|1|49|0|0|0,255|255|255|255|32|32|32|32,0|0|-1|1|105|110|103|114,0|0|0|0|98|111|111|108,-5|5|-6|8|102|114|97|109,0|0|0|0|110|116|109|97,627|627|621|621|15145|43|0|8192,1,0,0,31,255,128
1803,200,5,4,0,4,0,0,0,3|3|2|2|61|102|114|97,255|255|255|255|117|110|116|109,0|0|0|0|111|100|32|49,0|0|-1|-1|0|0|0|59,-5|5|-13|13|0|32|32|32,0|0|0|0|114|101|112|101,627|627|622|622|8224|8224|8224|8224,1,0,0,31,255,128
1804,300,5,6,0,6,0,0,0,3|3|2|2|1|1|41|59,255|255|255|255|255|255|33|0,0|0|0|0|0|0|32|32,0|0|-1|-1|-1|-1|102|32,-5|5|-13|13|-16|18|39|35,0|0|0|0|0|0|32|98,627|627|622|622|621|621|8224|8224,1,0,0,31,255,128
1805,400,5,8,0,8,0,0,0,3|3|2|2|1|1|1|1,255|255|255|255|255|255|255|255,0|0|0|0|0|0|0|0,0|0|-1|-1|-1|-1|-2|-2,-5|5|-13|13|-16|18|-20|22,0|0|0|0|0|0|0|0,627|627|622|622|621|621|621|621,1,0,0,31,255,128
1806,80,9,1,0,1,0,0,0,3|32|32|32|32|32|32|101,255|100|59|111|22|0|0|0,0|32|32|32|32|32|32|32,7|110|116|105|108|32|115|91,0|93|61|39|35|39|59|101,0|0|0|0|0|40|19|0,522|8192|8224|8224|8224|26948|28787|24940,0,0,0,31,11,128
1807,160,10,2,0,2,0,0,0,3|3|110|101|119|107|101|121,255|255|102|97|108|115|101|59,-4|4|0|0|0|32|32|32,6|6|32|32|101|110|100|59,0|0|0|0|0|32|32|32,0|0|32|32|32|32|101|110,521|523|0|28416|15|0|8192|8224,0,0,0,31,11,128
1808,240,11,3,0,3,0,0,0,3|3|3|32|32|32|32|32,255|255|255|32|32|32|32|32,-4|4|0|105|110|105|116|105,6|6|7|105|102|102|105|99,0|0|0|121|60|51|32|116,0|0|0|32|98|101|103|105,521|523|522|8192|8224|8224|8224|8224,0,0,0,31,11,128
1809,240,12,3,0,3,0,0,0,3|3|5|51|41|44|109|97,255|255|255|101|118|101|108|44,-4|4|0|0|33|0|0|0,6|6|7|32|32|32|32|32,0|0|0|32|32|32|32|32,0|0|0|112|115|101|99|116,521|523|541|30066|15205|19|0|8192,0,0,0,31,11,128
1810,240,13,3,0,3,0,0,0,5|5|3|0|0|0|0|32,255|255|255|32|32|32|32|32,-4|4|0|100|59|39|0|0,6|6|7|98|72|0|0|0,0|0|0|32|32|39|104|39,0|0|0|98|101|103|105|110,540|542|522|29801|24937|25708|26217|26982,0,0,0,31,11,128
1811,240,14,3,0,3,0,0,0,5|5|5|121|112|116|108|110,255|255|255|76|102|105|108|101,-4|4|0|59|32|101|110|100,6|6|7|0|0|0|0|0,0|0|0|0|0|32|32|32,0|0|0|39|32|58|32|98,540|542|541|0|8192|8224|8224|8224,0,0,0,31,11,128
1812,400,15,5,0,5,0,0,0,5|5|5|3|3|97|109|101,255|255|255|255|255|32|82|101,-3|3|0|-5|5|116|83|121,6|6|7|5|5|0|0|0,0|0|0|0|0|32|32|32,0|0|0|0|0|100|59|59,540|542|541|521|523|8192|8224|10016,0,0,0,31,11,128
1813,400,16,5,0,5,0,0,0,5|5|5|5|5|32|32|32,255|255|255|255|255|32|69|83,-3|3|-5|5|0|115|101|100,6|6|5|5|7|115|101|59,0|0|0|0|0|32|32|32,0|0|0|0|0|32|32|101,540|542|540|542|541|15|0|31488,0,0,0,31,11,128
1814,320,17,4,0,4,0,0,0,5|5|251|251|32|32|32|32,255|255|255|255|32|32|32|32,-4|4|0|0|97|100|112|105,6|6|7|7|112|121|40|115,0|0|0|0|57|41|44|102,0|0|-6|8|41|59|31|0,540|542|527|546|8224|8224|8224|8224,0,0,0,31,11,128
1815,480,18,6,0,6,0,0,0,5|5|251|251|3|3|0|32,255|255|255|255|255|255|32|32,-4|4|0|0|-5|5|70|97,6|6|7|7|5|5|114|40,0|0|0|0|0|0|0|0,0|0|-6|8|0|0|32|32,540|542|527|546|521|523|25445|30063,0,0,0,31,11,128
1816,640,19,8,0,8,0,0,0,5|5|251|251|5|5|3|3,255|255|255|255|255|255|255|255,-3|3|0|0|-5|5|-7|7,6|6|7|7|5|5|4|4,0|0|0|0|0|0|0|0,0|0|-6|8|0|0|0|0,540|542|527|546|540|542|521|523,0,0,0,31,11,128
1817,0,0,0,0,0,0,0,0,8|52|44|51|41|44|116|101,255|112|44|122|41|59|67|0,0|0|0|32|32|32|32|32,0|32|32|32|32|32|32|32,0|32|105|102|32|76|101|118,0|108|84|105|109|101|114|32,502|8292|19496|30309|27749|26964|25965|17266,0,0,0,0,255,240
1818,0,0,0,0,0,0,0,0,32|98|101|103|105|110|32|0,0|0|0|32|32|32|32|32,32|32|32|32|32|32|32|32,32|32|32|109|97|105|110|108,101|118|101|108|58|61|116|101,109|112|59|109|34|0|0|0,8192|8224|8224|8224|8224|8224|8224|8224,0,0,0,0,255,240
